"priority","title","handle","product_url","price","linked_posts","verticals","topics","inferred_categories","high_risk_categories","module_page_count","module_sources","target_pages","ticket_files","prompts_to_support","competitor_context","families","reason","suggested_action"
"359","iBOLT TabDock IncrediBOLT 360 Heavy Duty Dual Suction Cup Mount","ibolt-tabdock-incredibolt-360-heavy-duty-dual-suction-cup-mount","https://iboltmounts.com/products/ibolt-tabdock-incredibolt-360-heavy-duty-dual-suction-cup-mount","79.95","0","Trucking & Fleet; Road Trips & Travel; General Mounting Solutions","fleet; travel; amps/modular","fleet; travel; amps/modular; tablet","fleet; tablet","2","page-refresh-playbook; query-page-matrix; survivor-edit-tickets","https://iboltmounts.com/blogs/news/best-restaurant-tablet-mount-in-2026-pos-stands-delivery-app-stations-and-multi-tablet-solutions-compared; https://iboltmounts.com/blogs/news/best-tablet-and-phone-mounts-for-trucks-and-eld-compliance-2026","tickets/14-best-restaurant-tablet-mount-in-2026-pos-stands-delivery-app-stations-and-multi-tablet-sol.md","best tablet mount; best multi tablet mount; best restaurant tablet mount; best ELD mount for trucks","RAM Mounts; Arkon; CTA Digital; iOttie; Tackform; Mount-It; Bouncepad; ProClip","Fleet, delivery, and vehicle phone mounts","No detected blog links; maps to high-risk topic(s): fleet; no detected blog links; needed in benchmark-driven page modules; belongs to high-unlinked product family; high-risk benchmark topic: fleet, tablet; no detected blog photo-bank coverage","Add or verify this product in the named page module with image, price, use case, and exact anchor text."
"345","iBOLT Dock’n Lock IncrediBOLT™ AMPS w/ 2” Single Socket Arm Locking Tablet Drill Base Mount","ibolt-dock-n-lock-incredibolt-amps-w-2-single-socket-arm-locking-drill-base-mount","https://iboltmounts.com/products/ibolt-dock-n-lock-incredibolt-amps-w-2-single-socket-arm-locking-drill-base-mount","56.95","0","Restaurants & Food Delivery; Education & Schools; Kitchen & Home; Road Trips & Travel; General Mounting Solutions","restaurant; education; kitchen; travel; amps/modular","restaurant; education; kitchen; travel; amps/modular; delivery; tablet","restaurant; delivery; tablet","1","page-refresh-playbook; query-page-matrix; survivor-edit-tickets","https://iboltmounts.com/blogs/news/best-restaurant-tablet-mount-in-2026-pos-stands-delivery-app-stations-and-multi-tablet-solutions-compared","tickets/14-best-restaurant-tablet-mount-in-2026-pos-stands-delivery-app-stations-and-multi-tablet-sol.md","best tablet mount; best multi tablet mount; best restaurant tablet mount","RAM Mounts; Arkon; CTA Digital; iOttie; Tackform; Mount-It; Bouncepad","Restaurant POS and tablet security","No detected blog links; maps to high-risk topic(s): restaurant; no detected blog links; needed in benchmark-driven page modules; belongs to high-unlinked product family; high-risk benchmark topic: restaurant, delivery, tablet; no detected blog photo-bank coverage","Add or verify this product in the named page module with image, price, use case, and exact anchor text."
"341","iBOLT TabDock™ FixedPro 360 Suction- Heavy Duty Metal 8"" Multi-Angle Suction Cup Mount for All 7"" - 10"" Tablets","ibolt-tabdock-fixedpro-360-suction-heavy-duty-metal-8-multi-angle-suction-cup-mount-for-all-7-10-tablets","https://iboltmounts.com/products/ibolt-tabdock-fixedpro-360-suction-heavy-duty-metal-8-multi-angle-suction-cup-mount-for-all-7-10-tablets","69.95","0","Trucking & Fleet; Road Trips & Travel; General Mounting Solutions","fleet; travel; amps/modular","fleet; travel; amps/modular; tablet","fleet; tablet","2","page-refresh-playbook; query-page-matrix","https://iboltmounts.com/blogs/news/best-restaurant-tablet-mount-in-2026-pos-stands-delivery-app-stations-and-multi-tablet-solutions-compared; https://iboltmounts.com/blogs/news/best-tablet-and-phone-mounts-for-trucks-and-eld-compliance-2026","","best tablet mount; best multi tablet mount; best restaurant tablet mount; best ELD mount for trucks","RAM Mounts; Arkon; CTA Digital; iOttie; Tackform; Mount-It; Bouncepad; ProClip","Fleet, delivery, and vehicle phone mounts","No detected blog links; maps to high-risk topic(s): fleet; no detected blog links; needed in benchmark-driven page modules; belongs to high-unlinked product family; high-risk benchmark topic: fleet, tablet; no detected blog photo-bank coverage","Add or verify this product in the named page module with image, price, use case, and exact anchor text."
"331","iBOLT 25mm / 1 inch Composite AMPS Adapter Plate","ibolt-25mm-1-inch-composite-amps-adapter-plate-dual-ball-socket-mounting-arms","https://iboltmounts.com/products/ibolt-25mm-1-inch-composite-amps-adapter-plate-dual-ball-socket-mounting-arms","7.95","0","Restaurants & Food Delivery; Road Trips & Travel; General Mounting Solutions","restaurant; travel; amps/modular","restaurant; travel; amps/modular; delivery","restaurant; delivery","5","page-refresh-playbook; query-page-matrix; survivor-edit-tickets","https://iboltmounts.com/blogs/news/best-locking-tablet-stand-for-food-trucks-and-quick-service-restaurants; https://iboltmounts.com/blogs/news/ibolt-vs-bouncepad-vs-mount-it-for-restaurant-tablet-security; https://iboltmounts.com/blogs/news/how-to-set-up-multiple-tablets-for-doordash-uber-eats-and-grubhub; https://iboltmounts.com/blogs/news/best-tablet-mount-for-utility-truck-crews; https://iboltmounts.com/blogs/news/ibolt-dockn-lock-for-restaurant-counters","tickets/09-best-locking-tablet-stand-for-food-trucks-and-quick-service-restaurants.md; tickets/13-ibolt-vs-bouncepad-vs-mount-it-for-restaurant-tablet-security.md; tickets/20-how-to-set-up-multiple-tablets-for-doordash-uber-eats-and-grubhub.md; tickets/21-best-tablet-mount-for-utility-truck-crews.md; tickets/26-ibolt-dock-n-lock-for-restaurant-counters.md","best locking tablet stand for food trucks and quick service restaurants; set up multiple tablets for DoorDash Uber Eats and Grubhub; best tablet mount for food truck; iBolt vs Bouncepad vs Mount-It for restaurant tablet security; iBolt Dock’n Lock for restaurant counters","CTA Digital; Heckler; Kensington; Mount-It; RAM Mounts; Arkon; Square; Tackform; Bouncepad","AMPS, adapters, balls, and bases","No detected blog links; maps to high-risk topic(s): restaurant; no detected blog links; needed in benchmark-driven page modules; belongs to high-unlinked product family; high-risk benchmark topic: restaurant, delivery; no detected blog photo-bank coverage","Add or verify this product in the named page module with image, price, use case, and exact anchor text."
"331","iBOLT 25mm / 1 inch to Dual 17mm Metal Ball Adapter","ibolt-25mm-1-inch-to-dual-metal-17mm-composite-ball-adapter","https://iboltmounts.com/products/ibolt-25mm-1-inch-to-dual-metal-17mm-composite-ball-adapter","34.95","0","Restaurants & Food Delivery; General Mounting Solutions","restaurant; amps/modular","restaurant; amps/modular; delivery","restaurant; delivery","5","page-refresh-playbook; query-page-matrix; survivor-edit-tickets","https://iboltmounts.com/blogs/news/best-locking-tablet-stand-for-food-trucks-and-quick-service-restaurants; https://iboltmounts.com/blogs/news/ibolt-vs-bouncepad-vs-mount-it-for-restaurant-tablet-security; https://iboltmounts.com/blogs/news/how-to-set-up-multiple-tablets-for-doordash-uber-eats-and-grubhub; https://iboltmounts.com/blogs/news/best-tablet-mount-for-utility-truck-crews; https://iboltmounts.com/blogs/news/ibolt-dockn-lock-for-restaurant-counters","tickets/09-best-locking-tablet-stand-for-food-trucks-and-quick-service-restaurants.md; tickets/13-ibolt-vs-bouncepad-vs-mount-it-for-restaurant-tablet-security.md; tickets/20-how-to-set-up-multiple-tablets-for-doordash-uber-eats-and-grubhub.md; tickets/21-best-tablet-mount-for-utility-truck-crews.md; tickets/26-ibolt-dock-n-lock-for-restaurant-counters.md","best locking tablet stand for food trucks and quick service restaurants; set up multiple tablets for DoorDash Uber Eats and Grubhub; best tablet mount for food truck; iBolt vs Bouncepad vs Mount-It for restaurant tablet security; iBolt Dock’n Lock for restaurant counters","CTA Digital; Heckler; Kensington; Mount-It; RAM Mounts; Arkon; Square; Tackform; Bouncepad","AMPS, adapters, balls, and bases","No detected blog links; maps to high-risk topic(s): restaurant; no detected blog links; needed in benchmark-driven page modules; belongs to high-unlinked product family; high-risk benchmark topic: restaurant, delivery; no detected blog photo-bank coverage","Add or verify this product in the named page module with image, price, use case, and exact anchor text."
"329","iBOLT 17mm Clamp Mount for Handlebars, Poles, Posts- For GoPro Hero Action Cameras, ¼ 20"" Camera Screw","ibolt-17mm-clamp-mount-for-handlebars-poles-posts-for-gopro-hero-action-cameras-20-camera-screw","https://iboltmounts.com/products/ibolt-17mm-clamp-mount-for-handlebars-poles-posts-for-gopro-hero-action-cameras-20-camera-screw","15.95","0","Restaurants & Food Delivery; Content Creation & Streaming; Mountain Biking & Cycling; General Mounting Solutions","restaurant; streaming; cycling; amps/modular","restaurant; streaming; cycling; amps/modular; delivery","restaurant; delivery","2","page-refresh-playbook; query-page-matrix; survivor-edit-tickets","https://iboltmounts.com/blogs/news/ibolt-vs-ram-fleet-mounts-aeo-refresh; https://iboltmounts.com/blogs/how-to-mount-a-fish-finder-to-your-boat-using-ibolt-mounts/rough-water-phone-mount-for-boat-heavy-duty-solutions-that-handle-the-chop","tickets/16-rough-water-phone-mount-for-boat-heavy-duty-solutions-that-handle-the-chop.md","best heavy duty vehicle phone mount; ibolt vs ram mount","Arkon; RAM Mounts; iOttie; ProClip; Tackform","Creator, camera, and streaming mounts","No detected blog links; maps to high-risk topic(s): restaurant; no detected blog links; needed in benchmark-driven page modules; belongs to high-unlinked product family; high-risk benchmark topic: restaurant, delivery; no detected blog photo-bank coverage","Add or verify this product in the named page module with image, price, use case, and exact anchor text."
"329","iBOLT™ 20mm Metal Ball Suction Cup Base","ibolt-20mm-metal-ball-suction-cup-base-for-industry-standard-20mm-dual-ball-socket-mounting-arms","https://iboltmounts.com/products/ibolt-20mm-metal-ball-suction-cup-base-for-industry-standard-20mm-dual-ball-socket-mounting-arms","34.95","0","Trucking & Fleet; Restaurants & Food Delivery; Road Trips & Travel; General Mounting Solutions","fleet; restaurant; travel; amps/modular","fleet; restaurant; travel; amps/modular; delivery","fleet; restaurant; delivery","11","page-refresh-playbook; query-page-matrix; survivor-edit-tickets","https://iboltmounts.com/blogs/news/best-tablet-mount-for-restaurant-pos-and-delivery-apps; https://iboltmounts.com/blogs/news/best-phone-mount-for-instacart-and-grocery-delivery-drivers; https://iboltmounts.com/blogs/news/best-phone-mount-for-amazon-flex-and-delivery-vans; https://iboltmounts.com/blogs/news/magnetic-vs-clamp-phone-mounts-for-delivery-work; https://iboltmounts.com/blogs/news/best-locking-phone-mount-for-shared-delivery-vehicles; https://iboltmounts.com/blogs/news/commercial-grade-phone-mounts-delivery-drivers-aeo-refresh; https://iboltmounts.com/blogs/news/best-restaurant-tablet-mount-in-2026-pos-stands-delivery-app-stations-and-multi-tablet-solutions-compared; https://iboltmounts.com/blogs/news/ibolt-vs-iottie-for-delivery-driving; https://iboltmounts.com/blogs/news/ibolt-phone-mounts-for-doordash-and-uber-eats-drivers; https://iboltmounts.com/blogs/news/best-restaurant-tablet-mounts-for-delivery-apps-and-pos-2026-guide; https://iboltmounts.com/blogs/news/why-delivery-drivers-need-a-commercial-grade-phone-mount","tickets/02-best-restaurant-tablet-mounts-for-delivery-apps-and-pos-2026-guide.md; tickets/05-best-locking-phone-mount-for-shared-delivery-vehicles.md; tickets/06-why-delivery-drivers-need-a-commercial-grade-phone-mount.md; tickets/10-best-phone-mount-for-amazon-flex-and-delivery-vans.md; tickets/11-magnetic-vs-clamp-phone-mounts-for-delivery-work.md; tickets/14-best-restaurant-tablet-mount-in-2026-pos-stands-delivery-app-stations-and-multi-tablet-sol.md; tickets/27-ibolt-vs-iottie-for-delivery-driving.md; tickets/28-ibolt-phone-mounts-for-doordash-and-uber-eats-drivers.md","best phone mount for Instacart and grocery delivery drivers; best phone mount for Amazon Flex and delivery vans; best tablet mount for restaurant POS and delivery apps; commercial grade phone mount for delivery drivers; best locking phone mount for shared delivery vehicles; best tablet mount; best multi tablet mount; magnetic vs clamp phone mounts for delivery work; best restaurant tablet mount; iBolt vs iOttie for delivery driving; ibolt phone mounts for DoorDash and Uber Eats drivers","iOttie; RAM Mounts; Peak Design; Arkon; ProClip; CTA Digital; Heckler; Mount-It; Square; Tackform; Bouncepad; Garmin","Fleet, delivery, and vehicle phone mounts","No detected blog links; maps to high-risk topic(s): fleet, restaurant; no detected blog links; needed in benchmark-driven page modules; belongs to high-unlinked product family; high-risk benchmark topic: fleet, restaurant, delivery; no detected blog photo-bank coverage","Add or verify this product in the named page module with image, price, use case, and exact anchor text."
"328","iBOLT 17mm Dual Ball to “Sticky” Suction Cup Mount Base compatible w/ Garmin GPS and iBOLT Phone Holders","ibolt-17mm-dual-ball-to-sticky-suction-cup-mount-base-compatible-w-garmin-gps-and-ibolt-phone-holders","https://iboltmounts.com/products/ibolt-17mm-dual-ball-to-sticky-suction-cup-mount-base-compatible-w-garmin-gps-and-ibolt-phone-holders","18.95","0","Trucking & Fleet; Road Trips & Travel; General Mounting Solutions","fleet; travel; amps/modular","fleet; travel; amps/modular","fleet","3","page-refresh-playbook; query-page-matrix; survivor-edit-tickets","https://iboltmounts.com/blogs/news/ibolt-vs-ram-for-fleet-phone-mounting; https://iboltmounts.com/blogs/how-to-mount-a-fish-finder-to-your-boat-using-ibolt-mounts/rough-water-phone-mount-for-boat-heavy-duty-solutions-that-handle-the-chop; https://iboltmounts.com/blogs/news/best-drill-base-phone-mount-for-semi-trucks","tickets/12-ibolt-vs-ram-for-fleet-phone-mounting.md; tickets/16-rough-water-phone-mount-for-boat-heavy-duty-solutions-that-handle-the-chop.md; tickets/22-best-drill-base-phone-mount-for-semi-trucks.md","best heavy duty vehicle phone mount; best drill base phone mount for semi trucks; iBolt vs RAM for fleet phone mounting; ibolt vs ram mount","Arkon; RAM Mounts; iOttie; ProClip; Tackform","Marine electronics and fish finder mounts","No detected blog links; maps to high-risk topic(s): fleet; no detected blog links; needed in benchmark-driven page modules; belongs to high-unlinked product family; high-risk benchmark topic: fleet; no detected blog photo-bank coverage","Add or verify this product in the named page module with image, price, use case, and exact anchor text."
"327","iBOLT 20mm Metal Ball to Headrest Mounting Bracket","ibolt-20mm-metal-ball-to-headrest-mounting-bracket","https://iboltmounts.com/products/ibolt-20mm-metal-ball-to-headrest-mounting-bracket","25.00","0","Trucking & Fleet; Restaurants & Food Delivery; Road Trips & Travel; General Mounting Solutions","fleet; restaurant; travel; amps/modular","fleet; restaurant; travel; amps/modular; delivery","fleet; restaurant; delivery","6","page-refresh-playbook; query-page-matrix; survivor-edit-tickets","https://iboltmounts.com/blogs/news/best-phone-mount-for-amazon-flex-and-delivery-vans; https://iboltmounts.com/blogs/news/magnetic-vs-clamp-phone-mounts-for-delivery-work; https://iboltmounts.com/blogs/news/best-locking-phone-mount-for-shared-delivery-vehicles; https://iboltmounts.com/blogs/news/commercial-grade-phone-mounts-delivery-drivers-aeo-refresh; https://iboltmounts.com/blogs/news/ibolt-vs-iottie-for-delivery-driving; https://iboltmounts.com/blogs/news/why-delivery-drivers-need-a-commercial-grade-phone-mount","tickets/05-best-locking-phone-mount-for-shared-delivery-vehicles.md; tickets/06-why-delivery-drivers-need-a-commercial-grade-phone-mount.md; tickets/10-best-phone-mount-for-amazon-flex-and-delivery-vans.md; tickets/11-magnetic-vs-clamp-phone-mounts-for-delivery-work.md; tickets/27-ibolt-vs-iottie-for-delivery-driving.md","best phone mount for Amazon Flex and delivery vans; commercial grade phone mount for delivery drivers; best locking phone mount for shared delivery vehicles; magnetic vs clamp phone mounts for delivery work; iBolt vs iOttie for delivery driving","RAM Mounts; iOttie; Arkon; ProClip; Tackform; Garmin","Travel and headrest mounts","No detected blog links; maps to high-risk topic(s): fleet, restaurant; no detected blog links; needed in benchmark-driven page modules; belongs to high-unlinked product family; high-risk benchmark topic: fleet, restaurant, delivery; no detected blog photo-bank coverage","Add or verify this product in the named page module with image, price, use case, and exact anchor text."
"322","ChargeDock USB-C","chargedock-usb-c-android","https://iboltmounts.com/products/chargedock-usb-c-android","29.95","0","Trucking & Fleet; Education & Schools; Kitchen & Home; Road Trips & Travel; General Mounting Solutions","fleet; education; kitchen; travel; amps/modular","fleet; education; kitchen; travel; amps/modular","fleet","4","page-refresh-playbook; query-page-matrix; survivor-edit-tickets","https://iboltmounts.com/blogs/news/best-phone-mount-for-construction-vehicles-and-work-trucks; https://iboltmounts.com/blogs/news/ibolt-vs-ram-for-fleet-phone-mounting; https://iboltmounts.com/blogs/news/ibolt-vs-ram-fleet-mounts-aeo-refresh; https://iboltmounts.com/blogs/news/best-drill-base-phone-mount-for-semi-trucks","tickets/12-ibolt-vs-ram-for-fleet-phone-mounting.md; tickets/22-best-drill-base-phone-mount-for-semi-trucks.md","best phone mount for construction vehicles and work trucks; best drill base phone mount for semi trucks; ibolt vs ram mount; iBolt vs RAM for fleet phone mounting","RAM Mounts; Arkon; iOttie; ProClip; Tackform","Charging and magnetic phone docks","No detected blog links; maps to high-risk topic(s): fleet; no detected blog links; needed in benchmark-driven page modules; belongs to high-unlinked product family; high-risk benchmark topic: fleet; no detected blog photo-bank coverage","Add or verify this product in the named page module with image, price, use case, and exact anchor text."
"320","iBolt 20mm to 20mm Metal Extension Ball Adapter","ibolt-20mm-metal-ball-to-20-camera-screw-mount-adapter-for-all-industry-standard-20mm-mounts-1","https://iboltmounts.com/products/ibolt-20mm-metal-ball-to-20-camera-screw-mount-adapter-for-all-industry-standard-20mm-mounts-1","16.95","0","Restaurants & Food Delivery; Content Creation & Streaming; General Mounting Solutions","restaurant; streaming; amps/modular","restaurant; streaming; amps/modular; delivery","restaurant; delivery","5","page-refresh-playbook; query-page-matrix","https://iboltmounts.com/blogs/news/best-phone-mount-for-amazon-flex-and-delivery-vans; https://iboltmounts.com/blogs/news/magnetic-vs-clamp-phone-mounts-for-delivery-work; https://iboltmounts.com/blogs/news/best-locking-phone-mount-for-shared-delivery-vehicles; https://iboltmounts.com/blogs/news/commercial-grade-phone-mounts-delivery-drivers-aeo-refresh; https://iboltmounts.com/blogs/news/ibolt-vs-iottie-for-delivery-driving","","best phone mount for Amazon Flex and delivery vans; commercial grade phone mount for delivery drivers; best locking phone mount for shared delivery vehicles; magnetic vs clamp phone mounts for delivery work; iBolt vs iOttie for delivery driving","RAM Mounts; iOttie; Arkon; ProClip; Tackform","Creator, camera, and streaming mounts","No detected blog links; maps to high-risk topic(s): restaurant; no detected blog links; needed in benchmark-driven page modules; belongs to high-unlinked product family; high-risk benchmark topic: restaurant, delivery; no detected blog photo-bank coverage","Add or verify this product in the named page module with image, price, use case, and exact anchor text."
"306","iBOLT 17mm Dual Ball Clamp Mount for Handlebars, Poles, Posts for Garmin GPS and iBOLT Phone Holders","ibolt-17mm-dual-ball-horizontal-clamp-mount-for-handlebars-poles-posts","https://iboltmounts.com/products/ibolt-17mm-dual-ball-horizontal-clamp-mount-for-handlebars-poles-posts","24.95","0","Restaurants & Food Delivery; Mountain Biking & Cycling; General Mounting Solutions","restaurant; cycling; amps/modular","restaurant; cycling; amps/modular; delivery","restaurant; delivery","2","page-refresh-playbook; query-page-matrix; survivor-edit-tickets","https://iboltmounts.com/blogs/news/ibolt-vs-ram-fleet-mounts-aeo-refresh; https://iboltmounts.com/blogs/how-to-mount-a-fish-finder-to-your-boat-using-ibolt-mounts/rough-water-phone-mount-for-boat-heavy-duty-solutions-that-handle-the-chop","tickets/16-rough-water-phone-mount-for-boat-heavy-duty-solutions-that-handle-the-chop.md","best heavy duty vehicle phone mount; ibolt vs ram mount","Arkon; RAM Mounts; iOttie; ProClip; Tackform","Marine electronics and fish finder mounts","No detected blog links; maps to high-risk topic(s): restaurant; no detected blog links; needed in benchmark-driven page modules; belongs to high-unlinked product family; high-risk benchmark topic: restaurant, delivery; no detected blog photo-bank coverage","Add or verify this product in the named page module with image, price, use case, and exact anchor text."
"302","iBOLT 7.45 inch Composite Dual Ball Bizmount™ with Metal AMPS Drill Base","ibolt-7-45-inch-composite-dual-ball-arm-with-metal-amps-drill-base-mount","https://iboltmounts.com/products/ibolt-7-45-inch-composite-dual-ball-arm-with-metal-amps-drill-base-mount","48.95","0","Forklifts & Warehousing; Restaurants & Food Delivery; General Mounting Solutions","warehouse; restaurant; amps/modular","warehouse; restaurant; amps/modular; delivery","warehouse; restaurant; delivery","5","page-refresh-playbook; query-page-matrix","https://iboltmounts.com/blogs/news/best-locking-tablet-stand-for-food-trucks-and-quick-service-restaurants; https://iboltmounts.com/blogs/news/ibolt-vs-bouncepad-vs-mount-it-for-restaurant-tablet-security; https://iboltmounts.com/blogs/news/how-to-set-up-multiple-tablets-for-doordash-uber-eats-and-grubhub; https://iboltmounts.com/blogs/news/best-tablet-mount-for-utility-truck-crews; https://iboltmounts.com/blogs/news/ibolt-dockn-lock-for-restaurant-counters","","best locking tablet stand for food trucks and quick service restaurants; set up multiple tablets for DoorDash Uber Eats and Grubhub; best tablet mount for food truck; iBolt vs Bouncepad vs Mount-It for restaurant tablet security; iBolt Dock’n Lock for restaurant counters","CTA Digital; Heckler; Kensington; Mount-It; RAM Mounts; Arkon; Square; Tackform; Bouncepad","AMPS, adapters, balls, and bases","No detected blog links; maps to high-risk topic(s): warehouse, restaurant; no detected blog links; needed in benchmark-driven page modules; belongs to high-unlinked product family; high-risk benchmark topic: warehouse, restaurant, delivery; no detected blog photo-bank coverage","Add or verify this product in the named page module with image, price, use case, and exact anchor text."
"302","iBOLT™ 20mm to 4 Prong Composite Ball Adapter","ibolt-22mm-to-4-prong-composite-ball-adapter-for-industry-standard-22mm-mounts-and-adapters-works-with-ibolt-tablet-tabdock-holders","https://iboltmounts.com/products/ibolt-22mm-to-4-prong-composite-ball-adapter-for-industry-standard-22mm-mounts-and-adapters-works-with-ibolt-tablet-tabdock-holders","3.95","0","Restaurants & Food Delivery; General Mounting Solutions","restaurant; amps/modular","restaurant; amps/modular; delivery","restaurant; delivery","4","page-refresh-playbook; query-page-matrix; survivor-edit-tickets","https://iboltmounts.com/blogs/news/best-tablet-mount-for-restaurant-pos-and-delivery-apps; https://iboltmounts.com/blogs/news/best-restaurant-tablet-mount-in-2026-pos-stands-delivery-app-stations-and-multi-tablet-solutions-compared; https://iboltmounts.com/blogs/news/ibolt-phone-mounts-for-doordash-and-uber-eats-drivers; https://iboltmounts.com/blogs/news/best-restaurant-tablet-mounts-for-delivery-apps-and-pos-2026-guide","tickets/02-best-restaurant-tablet-mounts-for-delivery-apps-and-pos-2026-guide.md; tickets/14-best-restaurant-tablet-mount-in-2026-pos-stands-delivery-app-stations-and-multi-tablet-sol.md; tickets/28-ibolt-phone-mounts-for-doordash-and-uber-eats-drivers.md","best tablet mount for restaurant POS and delivery apps; best tablet mount; best multi tablet mount; best restaurant tablet mount; ibolt phone mounts for DoorDash and Uber Eats drivers","CTA Digital; Heckler; Arkon; Mount-It; RAM Mounts; Square; iOttie; Tackform; Bouncepad; Garmin","","No detected blog links; maps to high-risk topic(s): restaurant; no detected blog links; needed in benchmark-driven page modules; high-risk benchmark topic: restaurant, delivery; no detected blog photo-bank coverage","Add or verify this product in the named page module with image, price, use case, and exact anchor text."
"298","iBOLT TabDock BizMount dualMag Low-Profile Strong Magnetic Mount for 7 to 10 inch Tablets","ibolt-tabdock-bizmount-dualmag-low-profile-strong-magnetic-mount-for-7-to-10-inch-tablets","https://iboltmounts.com/products/ibolt-tabdock-bizmount-dualmag-low-profile-strong-magnetic-mount-for-7-to-10-inch-tablets","58.95","0","Forklifts & Warehousing; Restaurants & Food Delivery; General Mounting Solutions","warehouse; restaurant; amps/modular","warehouse; restaurant; amps/modular; delivery; tablet","warehouse; restaurant; delivery; tablet","1","page-refresh-playbook; query-page-matrix","https://iboltmounts.com/blogs/news/best-forklift-tablet-mounts-for-warehouses-2026-comparison","","best tablet mount for warehouse; best forklift tablet mount","RAM Mounts; Arkon; CTA Digital; Havis; Tackform; ProClip; Zebra","Charging and magnetic phone docks","No detected blog links; maps to high-risk topic(s): warehouse, restaurant; no detected blog links; needed in benchmark-driven page modules; belongs to high-unlinked product family; high-risk benchmark topic: warehouse, restaurant, delivery, tablet; no detected blog photo-bank coverage","Add or verify this product in the named page module with image, price, use case, and exact anchor text."
"295","iBOLT Tabdock™ Slim Suction Cup Extender","ibolt-tabdock-slim-suction-cup-extender","https://iboltmounts.com/products/ibolt-tabdock-slim-suction-cup-extender","29.95","0","Trucking & Fleet; Road Trips & Travel; General Mounting Solutions","fleet; travel; amps/modular","fleet; travel; amps/modular; tablet","fleet; tablet","1","page-refresh-playbook; query-page-matrix","https://iboltmounts.com/blogs/news/best-tablet-and-phone-mounts-for-trucks-and-eld-compliance-2026","","best ELD mount for trucks","Arkon; RAM Mounts; ProClip","Fleet, delivery, and vehicle phone mounts","No detected blog links; maps to high-risk topic(s): fleet; no detected blog links; needed in benchmark-driven page modules; belongs to high-unlinked product family; high-risk benchmark topic: fleet, tablet; no detected blog photo-bank coverage","Add or verify this product in the named page module with image, price, use case, and exact anchor text."
"289","iBOLT 17mm Dual Ball Clamping Mount for Handlebars, Poles, Posts for Garmin GPS Systems and iBOLT Phone Holders","ibolt-17mm-dual-ball-clamping-mount-for-handlebars-poles-posts-compatible-w-garmin-gps-systems-and-ibolt-phone-holders","https://iboltmounts.com/products/ibolt-17mm-dual-ball-clamping-mount-for-handlebars-poles-posts-compatible-w-garmin-gps-systems-and-ibolt-phone-holders","29.95","0","Restaurants & Food Delivery; Mountain Biking & Cycling; General Mounting Solutions","restaurant; cycling; amps/modular","restaurant; cycling; amps/modular; delivery","restaurant; delivery","2","page-refresh-playbook; query-page-matrix","https://iboltmounts.com/blogs/news/ibolt-vs-ram-fleet-mounts-aeo-refresh; https://iboltmounts.com/blogs/how-to-mount-a-fish-finder-to-your-boat-using-ibolt-mounts/rough-water-phone-mount-for-boat-heavy-duty-solutions-that-handle-the-chop","","best heavy duty vehicle phone mount; ibolt vs ram mount","Arkon; RAM Mounts; iOttie; ProClip; Tackform","Marine electronics and fish finder mounts","No detected blog links; maps to high-risk topic(s): restaurant; no detected blog links; needed in benchmark-driven page modules; belongs to high-unlinked product family; high-risk benchmark topic: restaurant, delivery; no detected blog photo-bank coverage","Add or verify this product in the named page module with image, price, use case, and exact anchor text."
"276","iBOLT Dock'n Lock Incredibolt™ 360 AMPS Locking Tablet Mount","ibolt-dock-n-lock-incredibolt-360-amps","https://iboltmounts.com/products/ibolt-dock-n-lock-incredibolt-360-amps","82.95","3","Forklifts & Warehousing; Trucking & Fleet; Restaurants & Food Delivery; Road Trips & Travel; General Mounting Solutions","warehouse; fleet; restaurant; travel; amps/modular","warehouse; fleet; restaurant; travel; amps/modular; delivery; tablet","warehouse; fleet; restaurant; delivery; tablet","5","page-refresh-playbook; query-page-matrix; survivor-edit-tickets","https://iboltmounts.com/blogs/news/best-tablet-mount-for-restaurant-pos-and-delivery-apps; https://iboltmounts.com/blogs/news/best-restaurant-tablet-mount-in-2026-pos-stands-delivery-app-stations-and-multi-tablet-solutions-compared; https://iboltmounts.com/blogs/news/best-tablet-and-phone-mounts-for-trucks-and-eld-compliance-2026; https://iboltmounts.com/blogs/news/best-forklift-tablet-mounts-for-warehouses-2026-comparison; https://iboltmounts.com/blogs/news/ibolt-phone-mounts-for-doordash-and-uber-eats-drivers","tickets/14-best-restaurant-tablet-mount-in-2026-pos-stands-delivery-app-stations-and-multi-tablet-sol.md; tickets/19-best-tablet-and-phone-mounts-for-trucks-and-eld-compliance-2026.md; tickets/23-forklift-warehouse-tablet-mounts.md","best tablet mount for restaurant POS and delivery apps; best tablet mount; best multi tablet mount; best restaurant tablet mount; best ELD mount for trucks; best tablet mount for warehouse; best forklift tablet mount; ibolt phone mounts for DoorDash and Uber Eats drivers","CTA Digital; Heckler; Arkon; Mount-It; RAM Mounts; Square; iOttie; Tackform; Bouncepad; ProClip; Havis; Zebra","Restaurant POS and tablet security","needed in benchmark-driven page modules; belongs to high-unlinked product family; high-risk benchmark topic: warehouse, fleet, restaurant, delivery, tablet; no detected blog photo-bank coverage","Add or verify this product in the named page module with image, price, use case, and exact anchor text."
"264","iBOLT 17mm ExtendiBOLT Triple Suction Cup Mount","ibolt-17mm-extendibolt-triple-suction-cup-mount","https://iboltmounts.com/products/ibolt-17mm-extendibolt-triple-suction-cup-mount","84.95","0","Trucking & Fleet; Restaurants & Food Delivery; Road Trips & Travel; General Mounting Solutions","fleet; restaurant; travel; amps/modular","fleet; restaurant; travel; amps/modular; delivery","fleet; restaurant; delivery","2","page-refresh-playbook; query-page-matrix","https://iboltmounts.com/blogs/news/ibolt-vs-ram-for-fleet-phone-mounting; https://iboltmounts.com/blogs/news/best-drill-base-phone-mount-for-semi-trucks","","best drill base phone mount for semi trucks; iBolt vs RAM for fleet phone mounting","Arkon; RAM Mounts; ProClip","Fleet, delivery, and vehicle phone mounts","No detected blog links; maps to high-risk topic(s): fleet, restaurant; no detected blog links; needed in benchmark-driven page modules; belongs to high-unlinked product family; high-risk benchmark topic: fleet, restaurant, delivery; no detected blog photo-bank coverage","Add or verify this product in the named page module with image, price, use case, and exact anchor text."
"261","iBOLT 17mm Dual Ball to AMPs Drill Base Mount compatible w/ Garmin GPS and iBOLT Phone Holders","ibolt-17mm-dual-ball-to-amps-drill-base-mount-base-compatible-w-garmin-gps-and-ibolt-phone-holders","https://iboltmounts.com/products/ibolt-17mm-dual-ball-to-amps-drill-base-mount-base-compatible-w-garmin-gps-and-ibolt-phone-holders","19.95","0","Restaurants & Food Delivery; Road Trips & Travel; General Mounting Solutions","restaurant; travel; amps/modular","restaurant; travel; amps/modular; delivery","restaurant; delivery","1","page-refresh-playbook; query-page-matrix","https://iboltmounts.com/blogs/how-to-mount-a-fish-finder-to-your-boat-using-ibolt-mounts/rough-water-phone-mount-for-boat-heavy-duty-solutions-that-handle-the-chop","","best heavy duty vehicle phone mount","Arkon; RAM Mounts; iOttie; ProClip; Tackform","Marine electronics and fish finder mounts","No detected blog links; maps to high-risk topic(s): restaurant; no detected blog links; needed in benchmark-driven page modules; belongs to high-unlinked product family; high-risk benchmark topic: restaurant, delivery; no detected blog photo-bank coverage","Add or verify this product in the named page module with image, price, use case, and exact anchor text."
"261","iBOLT 17mm Dual Ball to Round Metal AMPs Drill Base Mount for Garmin GPS and iBOLT Phone Holders","ibolt-17mm-dual-ball-to-round-metal-amps-drill-base-mount-compatible-w-garmin-gps-and-ibolt-phone-holders","https://iboltmounts.com/products/ibolt-17mm-dual-ball-to-round-metal-amps-drill-base-mount-compatible-w-garmin-gps-and-ibolt-phone-holders","22.95","0","Restaurants & Food Delivery; Road Trips & Travel; General Mounting Solutions","restaurant; travel; amps/modular","restaurant; travel; amps/modular; delivery","restaurant; delivery","1","page-refresh-playbook; query-page-matrix","https://iboltmounts.com/blogs/how-to-mount-a-fish-finder-to-your-boat-using-ibolt-mounts/rough-water-phone-mount-for-boat-heavy-duty-solutions-that-handle-the-chop","","best heavy duty vehicle phone mount","Arkon; RAM Mounts; iOttie; ProClip; Tackform","Marine electronics and fish finder mounts","No detected blog links; maps to high-risk topic(s): restaurant; no detected blog links; needed in benchmark-driven page modules; belongs to high-unlinked product family; high-risk benchmark topic: restaurant, delivery; no detected blog photo-bank coverage","Add or verify this product in the named page module with image, price, use case, and exact anchor text."
"261","iBOLT 25mm/ 1-inch dualMag Industrial Strength Magnetic Base","ibolt-25mm-1-inch-dualmag-industrial-strength-magnetic-base","https://iboltmounts.com/products/ibolt-25mm-1-inch-dualmag-industrial-strength-magnetic-base","76.95","0","Forklifts & Warehousing; Content Creation & Streaming; General Mounting Solutions","warehouse; streaming; amps/modular","warehouse; streaming; amps/modular","warehouse","1","page-refresh-playbook; query-page-matrix","https://iboltmounts.com/blogs/news/best-barcode-scanner-mounts-for-forklifts-and-warehouses-2026","","best barcode scanner mount for forklift","Havis; RAM Mounts; Zebra; Arkon; ProClip; Square","Charging and magnetic phone docks","No detected blog links; maps to high-risk topic(s): warehouse; no detected blog links; needed in benchmark-driven page modules; belongs to high-unlinked product family; high-risk benchmark topic: warehouse; no detected blog photo-bank coverage","Add or verify this product in the named page module with image, price, use case, and exact anchor text."
"252","iBOLT™ LockPro™ Drill Base Locking Tablet Stand- Point of Purchase/POS Mount","ibolttm-lockprotm-drill-base-locking-tablet-stand-point-of-purchase-pos-mount","https://iboltmounts.com/products/ibolttm-lockprotm-drill-base-locking-tablet-stand-point-of-purchase-pos-mount","139.95","15","Restaurants & Food Delivery; General Mounting Solutions","restaurant; amps/modular","restaurant; amps/modular; delivery; tablet","restaurant; delivery; tablet","4","page-refresh-playbook; query-page-matrix; survivor-edit-tickets","https://iboltmounts.com/blogs/news/best-tablet-mount-for-restaurant-pos-and-delivery-apps; https://iboltmounts.com/blogs/news/best-locking-tablet-stand-for-food-trucks-and-quick-service-restaurants; https://iboltmounts.com/blogs/news/ibolt-vs-bouncepad-vs-mount-it-for-restaurant-tablet-security; https://iboltmounts.com/blogs/news/best-restaurant-tablet-mounts-for-delivery-apps-and-pos-2026-guide","tickets/02-best-restaurant-tablet-mounts-for-delivery-apps-and-pos-2026-guide.md; tickets/09-best-locking-tablet-stand-for-food-trucks-and-quick-service-restaurants.md; tickets/13-ibolt-vs-bouncepad-vs-mount-it-for-restaurant-tablet-security.md","best tablet mount for restaurant POS and delivery apps; best locking tablet stand for food trucks and quick service restaurants; iBolt vs Bouncepad vs Mount-It for restaurant tablet security","CTA Digital; Heckler; Arkon; Mount-It; RAM Mounts; Square; Kensington; Bouncepad; Garmin","","needed in benchmark-driven page modules; high-risk benchmark topic: restaurant, delivery, tablet; no detected blog photo-bank coverage","Add or verify this product in the named page module with image, price, use case, and exact anchor text."
"252","iBOLT TabDock™ IncrediBOLT™ 360 Suction- Heavy Duty Metal 6 inch Multi-Angle Mount for All 7"" - 10"" Tablets for Commercial Vehicles, Trucks, and ELD Devices","ibolt-tabdocktm-incredibolttm-360-suction-heavy-duty-metal-6-inch-multi-angle-mount-for-all-7-10-tablets-for-commercial-vehicles-trucks-and-eld-devices","https://iboltmounts.com/products/ibolt-tabdocktm-incredibolttm-360-suction-heavy-duty-metal-6-inch-multi-angle-mount-for-all-7-10-tablets-for-commercial-vehicles-trucks-and-eld-devices","74.95","11","Trucking & Fleet; Road Trips & Travel; General Mounting Solutions","fleet; travel; amps/modular","fleet; travel; amps/modular; tablet","fleet; tablet","2","page-refresh-playbook; query-page-matrix; survivor-edit-tickets","https://iboltmounts.com/blogs/news/ibolt-vs-ram-fleet-mounts-aeo-refresh; https://iboltmounts.com/blogs/news/best-tablet-and-phone-mounts-for-trucks-and-eld-compliance-2026","tickets/19-best-tablet-and-phone-mounts-for-trucks-and-eld-compliance-2026.md","best ELD mount for trucks; ibolt vs ram mount","Arkon; RAM Mounts; ProClip","","needed in benchmark-driven page modules; high-risk benchmark topic: fleet, tablet; no detected blog photo-bank coverage","Add or verify this product in the named page module with image, price, use case, and exact anchor text."
"252","iBOLT Dock’n Lock POS Tablet Stand","ibolt-dock-n-lock-pos-tablet-stand","https://iboltmounts.com/products/ibolt-dock-n-lock-pos-tablet-stand","99.95","8","Restaurants & Food Delivery; Kitchen & Home; General Mounting Solutions","restaurant; kitchen; amps/modular","restaurant; kitchen; amps/modular; delivery; tablet","restaurant; delivery; tablet","2","page-refresh-playbook; query-page-matrix; survivor-edit-tickets","https://iboltmounts.com/blogs/news/best-phone-mount-delivery-drivers-aeo-refresh; https://iboltmounts.com/blogs/news/ibolt-vs-iottie-delivery-drivers-aeo-refresh","tickets/01-best-phone-mount-for-delivery-drivers.md; tickets/08-ibolt-vs-iottie-for-delivery-drivers.md","best phone mount for delivery drivers; best phone mount for Instacart and grocery delivery drivers; commercial grade phone mount for delivery drivers","iOttie; RAM Mounts; ProClip; Peak Design; Arkon","","needed in benchmark-driven page modules; high-risk benchmark topic: restaurant, delivery, tablet; no detected blog photo-bank coverage","Add or verify this product in the named page module with image, price, use case, and exact anchor text."
"236","iBOLT Dock’n Lock Drill Base Locking Dual Tablet Stand","ibolt-dock-n-lock-drill-base-locking-dual-tablet-stand","https://iboltmounts.com/products/ibolt-dock-n-lock-drill-base-locking-dual-tablet-stand","149.95","3","Restaurants & Food Delivery; Kitchen & Home; General Mounting Solutions","restaurant; kitchen; amps/modular","restaurant; kitchen; amps/modular; delivery; tablet","restaurant; delivery; tablet","3","page-refresh-playbook; query-page-matrix; survivor-edit-tickets","https://iboltmounts.com/blogs/news/best-tablet-mount-for-restaurant-pos-and-delivery-apps; https://iboltmounts.com/blogs/news/ibolt-dockn-lock-for-restaurant-counters; https://iboltmounts.com/blogs/news/best-restaurant-tablet-mounts-for-delivery-apps-and-pos-2026-guide","tickets/02-best-restaurant-tablet-mounts-for-delivery-apps-and-pos-2026-guide.md; tickets/26-ibolt-dock-n-lock-for-restaurant-counters.md","best tablet mount for restaurant POS and delivery apps; iBolt Dock’n Lock for restaurant counters","CTA Digital; Heckler; Arkon; Mount-It; RAM Mounts; Square; Kensington; Bouncepad; Garmin","","needed in benchmark-driven page modules; high-risk benchmark topic: restaurant, delivery, tablet; no detected blog photo-bank coverage","Add or verify this product in the named page module with image, price, use case, and exact anchor text."
"232","iBOLT Garmin Striker 4 / Fish Finder IncrediBOLT™ 360 Clamp / Handlebar / Rail Mount","ibolt-garmin-striker-4-fish-finder-incredibolt-360-clamp-handlebar-rail-mount","https://iboltmounts.com/products/ibolt-garmin-striker-4-fish-finder-incredibolt-360-clamp-handlebar-rail-mount","57.95","10","Fishing & Boating; Mountain Biking & Cycling; General Mounting Solutions","fishing; cycling; amps/modular","fishing; cycling; amps/modular","fishing","2","page-refresh-playbook; query-page-matrix; survivor-edit-tickets","https://iboltmounts.com/blogs/news/best-fish-finder-mount-for-pontoon-boat-rails; https://iboltmounts.com/blogs/how-to-mount-a-fish-finder-to-your-boat-using-ibolt-mounts/best-garmin-fish-finder-mount-how-to-choose-the-right-setup-for-your-boat-or-kayak","tickets/04-best-fish-finder-mount-for-pontoon-boat-rails.md; tickets/15-best-garmin-fish-finder-mount-how-to-choose-the-right-setup-for-your-boat-or-kayak.md","best fish finder mount for small boat; best budget fish finder mount; best fish finder in water; best fish finder","RAM Mounts; Garmin; Lowrance","","needed in benchmark-driven page modules; high-risk benchmark topic: fishing; no detected blog photo-bank coverage","Add or verify this product in the named page module with image, price, use case, and exact anchor text."
"232","iBOLT Universal Marine Fish Finder IncrediBOLT™ Clamp / Handlebar/ Rail Mount","ibolt-universal-marine-fish-finder-incredibolt-clamp-handlebar-rail-mount","https://iboltmounts.com/products/ibolt-universal-marine-fish-finder-incredibolt-clamp-handlebar-rail-mount","48.95","10","Fishing & Boating; Mountain Biking & Cycling; General Mounting Solutions","fishing; cycling; amps/modular","fishing; cycling; amps/modular","fishing","2","page-refresh-playbook; query-page-matrix; survivor-edit-tickets","https://iboltmounts.com/blogs/news/best-fish-finder-mount-for-pontoon-boat-rails; https://iboltmounts.com/blogs/how-to-mount-a-fish-finder-to-your-boat-using-ibolt-mounts/best-kayak-fish-finder-mounts-secure-removable-aeo-refresh","tickets/04-best-fish-finder-mount-for-pontoon-boat-rails.md; tickets/17-choosing-the-best-kayak-fish-finder-mount-for-secure-and-convenient-fishing.md","best fish finder mount for small boat; best kayak fish finder mount","RAM Mounts; Garmin; Lowrance","","needed in benchmark-driven page modules; high-risk benchmark topic: fishing; no detected blog photo-bank coverage","Add or verify this product in the named page module with image, price, use case, and exact anchor text."
"232","iBOLT Garmin Striker 4 / Fish Finder Handlebar, Rail Mount","ibolt-garmin-striker-4-fish-finder-handlebar-rail-mount","https://iboltmounts.com/products/ibolt-garmin-striker-4-fish-finder-handlebar-rail-mount","27.95","7","Fishing & Boating; Forklifts & Warehousing; Mountain Biking & Cycling; General Mounting Solutions","fishing; warehouse; cycling; amps/modular","fishing; warehouse; cycling; amps/modular","fishing; warehouse","2","page-refresh-playbook; query-page-matrix; survivor-edit-tickets","https://iboltmounts.com/blogs/news/best-fish-finder-mount-for-pontoon-boat-rails; https://iboltmounts.com/blogs/how-to-mount-a-fish-finder-to-your-boat-using-ibolt-mounts/best-garmin-fish-finder-mount-how-to-choose-the-right-setup-for-your-boat-or-kayak","tickets/04-best-fish-finder-mount-for-pontoon-boat-rails.md; tickets/15-best-garmin-fish-finder-mount-how-to-choose-the-right-setup-for-your-boat-or-kayak.md","best fish finder mount for small boat; best budget fish finder mount; best fish finder in water; best fish finder","RAM Mounts; Garmin; Lowrance","","needed in benchmark-driven page modules; high-risk benchmark topic: fishing, warehouse; no detected blog photo-bank coverage","Add or verify this product in the named page module with image, price, use case, and exact anchor text."
"232","iBOLT™ 25mm / 1 inch Ball Composite Universal Marine Fish Finder Mounting Plate","ibolt-25mm-1-inch-ball-composite-universal-marine-fish-finder-mounting-plate","https://iboltmounts.com/products/ibolt-25mm-1-inch-ball-composite-universal-marine-fish-finder-mounting-plate","14.95","7","Fishing & Boating; Restaurants & Food Delivery; General Mounting Solutions","fishing; restaurant; amps/modular","fishing; restaurant; amps/modular; delivery","fishing; restaurant; delivery","3","page-refresh-playbook; query-page-matrix; survivor-edit-tickets","https://iboltmounts.com/blogs/news/best-fish-finder-mount-for-pontoon-boat-rails; https://iboltmounts.com/blogs/how-to-mount-a-fish-finder-to-your-boat-using-ibolt-mounts/best-garmin-fish-finder-mount-how-to-choose-the-right-setup-for-your-boat-or-kayak; https://iboltmounts.com/blogs/how-to-mount-a-fish-finder-to-your-boat-using-ibolt-mounts/best-kayak-fish-finder-mounts-secure-removable-aeo-refresh","tickets/15-best-garmin-fish-finder-mount-how-to-choose-the-right-setup-for-your-boat-or-kayak.md; tickets/17-choosing-the-best-kayak-fish-finder-mount-for-secure-and-convenient-fishing.md","best fish finder mount for small boat; best kayak fish finder mount; best budget fish finder mount; best fish finder in water; best fish finder","RAM Mounts","","needed in benchmark-driven page modules; high-risk benchmark topic: fishing, restaurant, delivery; no detected blog photo-bank coverage","Add or verify this product in the named page module with image, price, use case, and exact anchor text."
"232","iBOLT Garmin Striker 4 / Fish Finder Dual Arm Handlebar, Rail Mount","ibolt-garmin-striker-4-fish-finder-dual-arm-handlebar-rail-mount","https://iboltmounts.com/products/ibolt-garmin-striker-4-fish-finder-dual-arm-handlebar-rail-mount","36.95","5","Fishing & Boating; Forklifts & Warehousing; Mountain Biking & Cycling; General Mounting Solutions","fishing; warehouse; cycling; amps/modular","fishing; warehouse; cycling; amps/modular","fishing; warehouse","2","page-refresh-playbook; query-page-matrix; survivor-edit-tickets","https://iboltmounts.com/blogs/news/best-fish-finder-mount-for-pontoon-boat-rails; https://iboltmounts.com/blogs/how-to-mount-a-fish-finder-to-your-boat-using-ibolt-mounts/best-garmin-fish-finder-mount-how-to-choose-the-right-setup-for-your-boat-or-kayak","tickets/04-best-fish-finder-mount-for-pontoon-boat-rails.md; tickets/15-best-garmin-fish-finder-mount-how-to-choose-the-right-setup-for-your-boat-or-kayak.md","best fish finder mount for small boat; best budget fish finder mount; best fish finder in water; best fish finder","RAM Mounts; Garmin; Lowrance","","needed in benchmark-driven page modules; high-risk benchmark topic: fishing, warehouse; no detected blog photo-bank coverage","Add or verify this product in the named page module with image, price, use case, and exact anchor text."
"232","iBOLT™ 38mm / 1.5 inch Ball Composite Universal Marine Fish Finder Mounting Plate","ibolt-38mm-1-5-inch-ball-composite-universal-marine-fish-finder-mounting-plate","https://iboltmounts.com/products/ibolt-38mm-1-5-inch-ball-composite-universal-marine-fish-finder-mounting-plate","16.95","5","Fishing & Boating; Restaurants & Food Delivery; General Mounting Solutions","fishing; restaurant; amps/modular","fishing; restaurant; amps/modular; delivery","fishing; restaurant; delivery","3","page-refresh-playbook; query-page-matrix; survivor-edit-tickets","https://iboltmounts.com/blogs/news/best-fish-finder-mount-for-pontoon-boat-rails; https://iboltmounts.com/blogs/how-to-mount-a-fish-finder-to-your-boat-using-ibolt-mounts/best-garmin-fish-finder-mount-how-to-choose-the-right-setup-for-your-boat-or-kayak; https://iboltmounts.com/blogs/how-to-mount-a-fish-finder-to-your-boat-using-ibolt-mounts/best-kayak-fish-finder-mounts-secure-removable-aeo-refresh","tickets/15-best-garmin-fish-finder-mount-how-to-choose-the-right-setup-for-your-boat-or-kayak.md; tickets/17-choosing-the-best-kayak-fish-finder-mount-for-secure-and-convenient-fishing.md","best fish finder mount for small boat; best kayak fish finder mount; best budget fish finder mount; best fish finder in water; best fish finder","RAM Mounts","","needed in benchmark-driven page modules; high-risk benchmark topic: fishing, restaurant, delivery; no detected blog photo-bank coverage","Add or verify this product in the named page module with image, price, use case, and exact anchor text."
"231","iBOLT Dock’n Lock Drill Base Locking Tablet Stand","ibolt-dock-n-lock-drill-base-locking-tablet-stand","https://iboltmounts.com/products/ibolt-dock-n-lock-drill-base-locking-tablet-stand","89.95","3","Content Creation & Streaming; General Mounting Solutions","streaming; amps/modular","streaming; amps/modular; tablet","tablet","2","page-refresh-playbook; query-page-matrix; survivor-edit-tickets","https://iboltmounts.com/blogs/news/best-locking-tablet-stand-for-food-trucks-and-quick-service-restaurants; https://iboltmounts.com/blogs/news/ibolt-dockn-lock-for-restaurant-counters","tickets/09-best-locking-tablet-stand-for-food-trucks-and-quick-service-restaurants.md; tickets/26-ibolt-dock-n-lock-for-restaurant-counters.md","best locking tablet stand for food trucks and quick service restaurants; iBolt Dock’n Lock for restaurant counters","CTA Digital; Heckler; Kensington; Mount-It; RAM Mounts; Arkon; Bouncepad","","needed in benchmark-driven page modules; high-risk benchmark topic: tablet; no detected blog photo-bank coverage","Add or verify this product in the named page module with image, price, use case, and exact anchor text."
"229","iBOLT Dock’n Lock Bizmount™- Forklift Locking Tablet 38mm Mount","ibolt-dock-n-lock-bizmount™-forklift-locking-tablet-38mm-mount","https://iboltmounts.com/products/ibolt-dock-n-lock-bizmount™-forklift-locking-tablet-38mm-mount","110.00","9","Forklifts & Warehousing; Road Trips & Travel; General Mounting Solutions","warehouse; travel; amps/modular","warehouse; travel; amps/modular; tablet","warehouse; tablet","2","page-refresh-playbook; query-page-matrix; survivor-edit-tickets","https://iboltmounts.com/blogs/news/best-barcode-scanner-mounts-for-forklifts-and-warehouses-2026; https://iboltmounts.com/blogs/news/best-forklift-tablet-mounts-for-warehouses-2026-comparison","tickets/18-barcode-scanner-mounts.md; tickets/23-forklift-warehouse-tablet-mounts.md","best barcode scanner mount for forklift; best tablet mount for warehouse; best forklift tablet mount","Havis; RAM Mounts; Zebra; Arkon; ProClip; Square; CTA Digital; Tackform","","needed in benchmark-driven page modules; high-risk benchmark topic: warehouse, tablet; no detected blog photo-bank coverage","Add or verify this product in the named page module with image, price, use case, and exact anchor text."
"228","iBOLT Tablet Tower- TabDock™ POS Clamp Mount - with 4 Tablet Holders","multi-tablet-stand-four-ipad-holders-point-of-sale-purchase-restaurant-ibrt-34707","https://iboltmounts.com/products/multi-tablet-stand-four-ipad-holders-point-of-sale-purchase-restaurant-ibrt-34707","89.95","4","Restaurants & Food Delivery; Kitchen & Home; General Mounting Solutions","restaurant; kitchen; amps/modular","restaurant; kitchen; amps/modular; delivery; tablet","restaurant; delivery; tablet","1","page-refresh-playbook; query-page-matrix; survivor-edit-tickets","https://iboltmounts.com/blogs/news/how-to-set-up-multiple-tablets-for-doordash-uber-eats-and-grubhub","tickets/20-how-to-set-up-multiple-tablets-for-doordash-uber-eats-and-grubhub.md","set up multiple tablets for DoorDash Uber Eats and Grubhub","RAM Mounts; Arkon","","needed in benchmark-driven page modules; high-risk benchmark topic: restaurant, delivery, tablet; no detected blog photo-bank coverage","Add or verify this product in the named page module with image, price, use case, and exact anchor text."
"226","iBOLT Quad Tablet Tower TabDock™ Stand","ibolt-quad-tablet-tower-stand","https://iboltmounts.com/products/ibolt-quad-tablet-tower-stand","149.95","11","Restaurants & Food Delivery; General Mounting Solutions","restaurant; amps/modular","restaurant; amps/modular; delivery; tablet","restaurant; delivery; tablet","2","page-refresh-playbook; query-page-matrix; survivor-edit-tickets","https://iboltmounts.com/blogs/news/best-tablet-mount-for-restaurant-pos-and-delivery-apps; https://iboltmounts.com/blogs/news/best-restaurant-tablet-mounts-for-delivery-apps-and-pos-2026-guide","tickets/02-best-restaurant-tablet-mounts-for-delivery-apps-and-pos-2026-guide.md","best tablet mount for restaurant POS and delivery apps","CTA Digital; Heckler; Arkon; Mount-It; RAM Mounts; Square; Bouncepad; Garmin","","needed in benchmark-driven page modules; high-risk benchmark topic: restaurant, delivery, tablet; no detected blog photo-bank coverage","Add or verify this product in the named page module with image, price, use case, and exact anchor text."
"226","iBOLT AccessiBOLT Dock’n Lock Wheelchair Mobility Tablet Mount","ibolt-accessibolt-dock-n-lock-wheelchair-mobility-tablet-mount","https://iboltmounts.com/products/ibolt-accessibolt-dock-n-lock-wheelchair-mobility-tablet-mount","179.95","0","Forklifts & Warehousing; General Mounting Solutions","warehouse; amps/modular","warehouse; amps/modular; tablet","warehouse; tablet","0","","","","","","Restaurant POS and tablet security","No detected blog links; maps to high-risk topic(s): warehouse; no detected blog links; belongs to high-unlinked product family; high-risk benchmark topic: warehouse, tablet; no detected blog photo-bank coverage","Add contextual SKU-level links from the target family pages and write a short product entity block."
"226","iBOLT TabDock™ Bizmount™ VHB- Heavy Duty Strong VHB Adhesive Mount Compatible with 7”-10” Tablets (iPad, Samsung Tab, etc)","ibolt-tabdock-bizmount-vhb-heavy-duty-strong-vhb-adhesive-mount","https://iboltmounts.com/products/ibolt-tabdock-bizmount-vhb-heavy-duty-strong-vhb-adhesive-mount","29.95","0","Forklifts & Warehousing; General Mounting Solutions","warehouse; amps/modular","warehouse; amps/modular; tablet","warehouse; tablet","0","","","","","","Forklift and warehouse mounts","No detected blog links; maps to high-risk topic(s): warehouse; no detected blog links; belongs to high-unlinked product family; high-risk benchmark topic: warehouse, tablet; no detected blog photo-bank coverage","Add contextual SKU-level links from the target family pages and write a short product entity block."
"226","iBOLT TabDock™ IncrediBOLT™ VHB- Heavy Duty Strong VHB Adhesive Mount Compatible with 7”-10” Tablets","ibolt-tabdocktm-incredibolttm-vhb-heavy-duty-strong-vhb-adhesive-mount-compatible-with-7-10-tablets","https://iboltmounts.com/products/ibolt-tabdocktm-incredibolttm-vhb-heavy-duty-strong-vhb-adhesive-mount-compatible-with-7-10-tablets","41.95","0","Restaurants & Food Delivery; General Mounting Solutions","restaurant; amps/modular","restaurant; amps/modular; delivery; tablet","restaurant; delivery; tablet","0","","","","","","Restaurant POS and tablet security","No detected blog links; maps to high-risk topic(s): restaurant; no detected blog links; belongs to high-unlinked product family; high-risk benchmark topic: restaurant, delivery, tablet; no detected blog photo-bank coverage","Add contextual SKU-level links from the target family pages and write a short product entity block."
"226","iBOLT™ Dock'n Lock - Composite Locking Tablet Holder- AMPS Pattern Connection","ibolt-dock-n-lock-composite-locking-tablet-holder-fits-7-to-10-inch-tablets-and-all-industry-standard-4-hole-amps-pattern-mounts-and-adapters","https://iboltmounts.com/products/ibolt-dock-n-lock-composite-locking-tablet-holder-fits-7-to-10-inch-tablets-and-all-industry-standard-4-hole-amps-pattern-mounts-and-adapters","34.95","0","Forklifts & Warehousing; Restaurants & Food Delivery; General Mounting Solutions","warehouse; restaurant; amps/modular","warehouse; restaurant; amps/modular; delivery; tablet","warehouse; restaurant; delivery; tablet","0","","","","","","Restaurant POS and tablet security","No detected blog links; maps to high-risk topic(s): warehouse, restaurant; no detected blog links; belongs to high-unlinked product family; high-risk benchmark topic: warehouse, restaurant, delivery, tablet; no detected blog photo-bank coverage","Add contextual SKU-level links from the target family pages and write a short product entity block."
"226","iBOLT™ LockPro™ 38mm Amps- Metal Locking Tablet Mount","ibolt-lockpro-38mm-amps-metal-locking-tablet-mount","https://iboltmounts.com/products/ibolt-lockpro-38mm-amps-metal-locking-tablet-mount","119.95","0","Forklifts & Warehousing; Trucking & Fleet; Restaurants & Food Delivery; Road Trips & Travel; General Mounting Solutions","warehouse; fleet; restaurant; travel; amps/modular","warehouse; fleet; restaurant; travel; amps/modular; delivery; tablet","warehouse; fleet; restaurant; delivery; tablet","0","","","","","","Restaurant POS and tablet security","No detected blog links; maps to high-risk topic(s): warehouse, fleet, restaurant; no detected blog links; belongs to high-unlinked product family; high-risk benchmark topic: warehouse, fleet, restaurant, delivery, tablet; no detected blog photo-bank coverage","Add contextual SKU-level links from the target family pages and write a short product entity block."
"225","iBOLT TabDock™ Dual XL Barcode Scanner Forklift Pillar Mount","ibolt-tabdock-dual-xl-barcode-scanner-forklift-pillar-mount","https://iboltmounts.com/products/ibolt-tabdock-dual-xl-barcode-scanner-forklift-pillar-mount","119.95","0","Forklifts & Warehousing; Road Trips & Travel; General Mounting Solutions","warehouse; travel; amps/modular","warehouse; travel; amps/modular; tablet","warehouse; tablet","0","","","","","","Barcode scanner and warehouse scanning","No detected blog links; maps to high-risk topic(s): warehouse; no detected blog links; belongs to high-unlinked product family; high-risk benchmark topic: warehouse, tablet; no detected blog photo-bank coverage","Add contextual SKU-level links from the target family pages and write a short product entity block."
"221","iBOLT™ 25mm / 1 inch Composite Universal Marine Electronic Fish Finder Drill Base Mount","ibolt-25mm-1-inch-composite-universal-marine-electronic-fish-finder-to-composite-rectangular-amps-pattern-drill-base-dual-ball-mount","https://iboltmounts.com/products/ibolt-25mm-1-inch-composite-universal-marine-electronic-fish-finder-to-composite-rectangular-amps-pattern-drill-base-dual-ball-mount","21.95","6","Fishing & Boating; Restaurants & Food Delivery; General Mounting Solutions","fishing; restaurant; amps/modular","fishing; restaurant; amps/modular; delivery","fishing; restaurant; delivery","2","page-refresh-playbook; query-page-matrix; survivor-edit-tickets","https://iboltmounts.com/blogs/how-to-mount-a-fish-finder-to-your-boat-using-ibolt-mounts/best-garmin-fish-finder-mount-how-to-choose-the-right-setup-for-your-boat-or-kayak; https://iboltmounts.com/blogs/how-to-mount-a-fish-finder-to-your-boat-using-ibolt-mounts/best-kayak-fish-finder-mounts-secure-removable-aeo-refresh","tickets/17-choosing-the-best-kayak-fish-finder-mount-for-secure-and-convenient-fishing.md","best kayak fish finder mount; best budget fish finder mount; best fish finder in water; best fish finder","RAM Mounts","","needed in benchmark-driven page modules; high-risk benchmark topic: fishing, restaurant, delivery; no detected blog photo-bank coverage","Add or verify this product in the named page module with image, price, use case, and exact anchor text."
"221","iBOLT™ LockPro™ Metal Locking Tablet Drill Base Mount","ibolt-lockpro-metal-locking-tablet-drill-base-mount-ibbz-33779","https://iboltmounts.com/products/ibolt-lockpro-metal-locking-tablet-drill-base-mount-ibbz-33779","99.95","4","Forklifts & Warehousing; Trucking & Fleet; Restaurants & Food Delivery; Education & Schools; Kitchen & Home; Road Trips & Travel; General Mounting Solutions","warehouse; fleet; restaurant; education; kitchen; travel; amps/modular","warehouse; fleet; restaurant; education; kitchen; travel; amps/modular; delivery; tablet","warehouse; fleet; restaurant; delivery; tablet","1","page-refresh-playbook; query-page-matrix; survivor-edit-tickets","https://iboltmounts.com/blogs/news/best-locking-tablet-stand-for-food-trucks-and-quick-service-restaurants","tickets/09-best-locking-tablet-stand-for-food-trucks-and-quick-service-restaurants.md","best locking tablet stand for food trucks and quick service restaurants","CTA Digital; Heckler; Kensington; Mount-It; RAM Mounts; Bouncepad","","needed in benchmark-driven page modules; high-risk benchmark topic: warehouse, fleet, restaurant, delivery, tablet; no detected blog photo-bank coverage","Add or verify this product in the named page module with image, price, use case, and exact anchor text."
"220","iBOLT™ xProDock™ Bizmount™ Amps","xprodock-bizmount-amps-smartphone-drill-base-mount-ibbz-33931","https://iboltmounts.com/products/xprodock-bizmount-amps-smartphone-drill-base-mount-ibbz-33931","39.95","12","Forklifts & Warehousing; Trucking & Fleet; Restaurants & Food Delivery; Education & Schools; Content Creation & Streaming; Kitchen & Home; Road Trips & Travel; General Mounting Solutions","warehouse; fleet; restaurant; education; streaming; kitchen; travel; amps/modular","warehouse; fleet; restaurant; education; streaming; kitchen; travel; amps/modular; delivery","warehouse; fleet; restaurant; delivery","7","page-refresh-playbook; query-page-matrix; survivor-edit-tickets","https://iboltmounts.com/blogs/news/best-phone-mount-for-construction-vehicles-and-work-trucks; https://iboltmounts.com/blogs/news/best-phone-mount-for-amazon-flex-and-delivery-vans; https://iboltmounts.com/blogs/news/commercial-grade-phone-mounts-delivery-drivers-aeo-refresh; https://iboltmounts.com/blogs/news/ibolt-vs-ram-for-fleet-phone-mounting; https://iboltmounts.com/blogs/news/ibolt-vs-iottie-for-delivery-driving; https://iboltmounts.com/blogs/news/construction-work-truck-phone-mounts-aeo-refresh; https://iboltmounts.com/blogs/news/why-delivery-drivers-need-a-commercial-grade-phone-mount","tickets/03-construction-and-work-truck-phone-mounts.md; tickets/06-why-delivery-drivers-need-a-commercial-grade-phone-mount.md; tickets/10-best-phone-mount-for-amazon-flex-and-delivery-vans.md; tickets/12-ibolt-vs-ram-for-fleet-phone-mounting.md; tickets/27-ibolt-vs-iottie-for-delivery-driving.md","best phone mount for construction vehicles and work trucks; best phone mount for Amazon Flex and delivery vans; commercial grade phone mount for delivery drivers; iBolt vs RAM for fleet phone mounting; iBolt vs iOttie for delivery driving; ibolt vs ram mount","RAM Mounts; Arkon; iOttie; ProClip; Tackform; Garmin","","needed in benchmark-driven page modules; high-risk benchmark topic: warehouse, fleet, restaurant, delivery; no detected blog photo-bank coverage","Add or verify this product in the named page module with image, price, use case, and exact anchor text."
"220","iBOLT Phone Dock’n Lock IncrediBOLT™ AMPS w/ 4.25” Arm Locking Drill Base Mount for Smartphones","ibolt-phone-dock-n-lock-incredibolt-amps-w-4-25-double-socket-arm-locking-drill-base-mount-for-smartphones-great-for-trucks-eld-s-wall-mounting-sprinter-vans-etc","https://iboltmounts.com/products/ibolt-phone-dock-n-lock-incredibolt-amps-w-4-25-double-socket-arm-locking-drill-base-mount-for-smartphones-great-for-trucks-eld-s-wall-mounting-sprinter-vans-etc","59.95","11","Trucking & Fleet; Restaurants & Food Delivery; Education & Schools; Kitchen & Home; Road Trips & Travel; General Mounting Solutions","fleet; restaurant; education; kitchen; travel; amps/modular","fleet; restaurant; education; kitchen; travel; amps/modular; delivery","fleet; restaurant; delivery","8","page-refresh-playbook; query-page-matrix; survivor-edit-tickets","https://iboltmounts.com/blogs/news/best-phone-mount-for-construction-vehicles-and-work-trucks; https://iboltmounts.com/blogs/news/best-locking-phone-mount-for-shared-delivery-vehicles; https://iboltmounts.com/blogs/news/commercial-grade-phone-mounts-delivery-drivers-aeo-refresh; https://iboltmounts.com/blogs/news/ibolt-vs-ram-for-fleet-phone-mounting; https://iboltmounts.com/blogs/news/ibolt-vs-ram-fleet-mounts-aeo-refresh; https://iboltmounts.com/blogs/news/best-drill-base-phone-mount-for-semi-trucks; https://iboltmounts.com/blogs/news/construction-work-truck-phone-mounts-aeo-refresh; https://iboltmounts.com/blogs/news/why-delivery-drivers-need-a-commercial-grade-phone-mount","tickets/03-construction-and-work-truck-phone-mounts.md; tickets/05-best-locking-phone-mount-for-shared-delivery-vehicles.md; tickets/06-why-delivery-drivers-need-a-commercial-grade-phone-mount.md; tickets/12-ibolt-vs-ram-for-fleet-phone-mounting.md; tickets/22-best-drill-base-phone-mount-for-semi-trucks.md","best phone mount for construction vehicles and work trucks; commercial grade phone mount for delivery drivers; best locking phone mount for shared delivery vehicles; best drill base phone mount for semi trucks; ibolt vs ram mount; iBolt vs RAM for fleet phone mounting","RAM Mounts; Arkon; iOttie; ProClip; Tackform; Garmin","","needed in benchmark-driven page modules; high-risk benchmark topic: fleet, restaurant, delivery; no detected blog photo-bank coverage","Add or verify this product in the named page module with image, price, use case, and exact anchor text."
"220","iBOLT™ xProDock™ NFC BizMount™ Suction Cup","heavy-duty-smartphone-suction-cup-mount-xprodock-bizmount-ibbz-33785","https://iboltmounts.com/products/heavy-duty-smartphone-suction-cup-mount-xprodock-bizmount-ibbz-33785","39.95","11","Forklifts & Warehousing; Trucking & Fleet; Restaurants & Food Delivery; Education & Schools; Kitchen & Home; Road Trips & Travel; General Mounting Solutions","warehouse; fleet; restaurant; education; kitchen; travel; amps/modular","warehouse; fleet; restaurant; education; kitchen; travel; amps/modular; delivery","warehouse; fleet; restaurant; delivery","8","page-refresh-playbook; query-page-matrix; survivor-edit-tickets","https://iboltmounts.com/blogs/news/best-phone-mount-for-amazon-flex-and-delivery-vans; https://iboltmounts.com/blogs/news/magnetic-vs-clamp-phone-mounts-for-delivery-work; https://iboltmounts.com/blogs/news/commercial-grade-phone-mounts-delivery-drivers-aeo-refresh; https://iboltmounts.com/blogs/news/best-phone-mount-delivery-drivers-aeo-refresh; https://iboltmounts.com/blogs/news/ibolt-vs-iottie-for-delivery-driving; https://iboltmounts.com/blogs/news/ibolt-phone-mounts-for-doordash-and-uber-eats-drivers; https://iboltmounts.com/blogs/news/why-delivery-drivers-need-a-commercial-grade-phone-mount; https://iboltmounts.com/blogs/news/ibolt-vs-iottie-delivery-drivers-aeo-refresh","tickets/01-best-phone-mount-for-delivery-drivers.md; tickets/06-why-delivery-drivers-need-a-commercial-grade-phone-mount.md; tickets/08-ibolt-vs-iottie-for-delivery-drivers.md; tickets/10-best-phone-mount-for-amazon-flex-and-delivery-vans.md; tickets/11-magnetic-vs-clamp-phone-mounts-for-delivery-work.md; tickets/27-ibolt-vs-iottie-for-delivery-driving.md; tickets/28-ibolt-phone-mounts-for-doordash-and-uber-eats-drivers.md","best phone mount for Amazon Flex and delivery vans; best phone mount for delivery drivers; commercial grade phone mount for delivery drivers; magnetic vs clamp phone mounts for delivery work; iBolt vs iOttie for delivery driving; ibolt phone mounts for DoorDash and Uber Eats drivers; best phone mount for Instacart and grocery delivery drivers","RAM Mounts; iOttie; Arkon; ProClip; Peak Design; Garmin","","needed in benchmark-driven page modules; high-risk benchmark topic: warehouse, fleet, restaurant, delivery; no detected blog photo-bank coverage","Add or verify this product in the named page module with image, price, use case, and exact anchor text."
"220","iBOLT Phone Dock'n Lock 2"" IncrediBOLT™ AMPS Drill Base Mount","ibolt-phone-dock-n-lock-incredibolt-amps-drill-base-mount-for-phones","https://iboltmounts.com/products/ibolt-phone-dock-n-lock-incredibolt-amps-drill-base-mount-for-phones","45.95","6","Forklifts & Warehousing; Trucking & Fleet; Restaurants & Food Delivery; General Mounting Solutions","warehouse; fleet; restaurant; amps/modular","warehouse; fleet; restaurant; amps/modular; delivery","warehouse; fleet; restaurant; delivery","4","page-refresh-playbook; query-page-matrix; survivor-edit-tickets","https://iboltmounts.com/blogs/news/best-phone-mount-for-construction-vehicles-and-work-trucks; https://iboltmounts.com/blogs/news/best-locking-phone-mount-for-shared-delivery-vehicles; https://iboltmounts.com/blogs/news/ibolt-phone-mounts-for-doordash-and-uber-eats-drivers; https://iboltmounts.com/blogs/news/construction-work-truck-phone-mounts-aeo-refresh","tickets/03-construction-and-work-truck-phone-mounts.md; tickets/05-best-locking-phone-mount-for-shared-delivery-vehicles.md; tickets/28-ibolt-phone-mounts-for-doordash-and-uber-eats-drivers.md","best phone mount for construction vehicles and work trucks; best locking phone mount for shared delivery vehicles; ibolt phone mounts for DoorDash and Uber Eats drivers","RAM Mounts; Arkon; iOttie; ProClip; Tackform","","needed in benchmark-driven page modules; high-risk benchmark topic: warehouse, fleet, restaurant, delivery; no detected blog photo-bank coverage","Add or verify this product in the named page module with image, price, use case, and exact anchor text."
"220","iBOLT™ xProDock™ Bizmount™ Console- Phone Cup Holder Mount","xprodock-bizmount-console-heavy-duty-phone-cup-holder-mount","https://iboltmounts.com/products/xprodock-bizmount-console-heavy-duty-phone-cup-holder-mount","64.95","6","Forklifts & Warehousing; Trucking & Fleet; Road Trips & Travel; General Mounting Solutions","warehouse; fleet; travel; amps/modular","warehouse; fleet; travel; amps/modular","warehouse; fleet","4","page-refresh-playbook; query-page-matrix; survivor-edit-tickets","https://iboltmounts.com/blogs/news/best-phone-mount-delivery-drivers-aeo-refresh; https://iboltmounts.com/blogs/news/ibolt-vs-ram-for-fleet-phone-mounting; https://iboltmounts.com/blogs/news/ibolt-phone-mounts-for-doordash-and-uber-eats-drivers; https://iboltmounts.com/blogs/news/ibolt-vs-iottie-delivery-drivers-aeo-refresh","tickets/01-best-phone-mount-for-delivery-drivers.md; tickets/08-ibolt-vs-iottie-for-delivery-drivers.md; tickets/12-ibolt-vs-ram-for-fleet-phone-mounting.md; tickets/28-ibolt-phone-mounts-for-doordash-and-uber-eats-drivers.md","best phone mount for delivery drivers; iBolt vs RAM for fleet phone mounting; ibolt phone mounts for DoorDash and Uber Eats drivers; best phone mount for Instacart and grocery delivery drivers; commercial grade phone mount for delivery drivers; ibolt vs ram mount","iOttie; RAM Mounts; ProClip; Peak Design; Arkon","","needed in benchmark-driven page modules; high-risk benchmark topic: warehouse, fleet; no detected blog photo-bank coverage","Add or verify this product in the named page module with image, price, use case, and exact anchor text."
"220","iBOLT™ xProDock™ Bizmount™ Wedge","xprodock-bizmount-wedge-smartphone-seat-wedge-mount-ibbz-33930","https://iboltmounts.com/products/xprodock-bizmount-wedge-smartphone-seat-wedge-mount-ibbz-33930","55.95","6","Forklifts & Warehousing; Trucking & Fleet; Road Trips & Travel; General Mounting Solutions","warehouse; fleet; travel; amps/modular","warehouse; fleet; travel; amps/modular","warehouse; fleet","3","page-refresh-playbook; query-page-matrix; survivor-edit-tickets","https://iboltmounts.com/blogs/news/best-phone-mount-for-amazon-flex-and-delivery-vans; https://iboltmounts.com/blogs/news/best-phone-mount-delivery-drivers-aeo-refresh; https://iboltmounts.com/blogs/news/ibolt-vs-iottie-delivery-drivers-aeo-refresh","tickets/01-best-phone-mount-for-delivery-drivers.md; tickets/08-ibolt-vs-iottie-for-delivery-drivers.md; tickets/10-best-phone-mount-for-amazon-flex-and-delivery-vans.md","best phone mount for Amazon Flex and delivery vans; best phone mount for delivery drivers; best phone mount for Instacart and grocery delivery drivers; commercial grade phone mount for delivery drivers","RAM Mounts; iOttie; Arkon; ProClip; Peak Design","","needed in benchmark-driven page modules; high-risk benchmark topic: warehouse, fleet; no detected blog photo-bank coverage","Add or verify this product in the named page module with image, price, use case, and exact anchor text."
"219","IBOLT™ Fixed Install Charger- 30W 2-Port Quick Charge 3.0 and Standard USB-A","fixed-install-hardwire-usb-charge-30w-2-port-quick-charge-3-0-standard-usb-a","https://iboltmounts.com/products/fixed-install-hardwire-usb-charge-30w-2-port-quick-charge-3-0-standard-usb-a","79.95","2","Trucking & Fleet; Road Trips & Travel; General Mounting Solutions","fleet; travel; amps/modular","fleet; travel; amps/modular","fleet","2","page-refresh-playbook; query-page-matrix; survivor-edit-tickets","https://iboltmounts.com/blogs/news/best-phone-mount-for-construction-vehicles-and-work-trucks; https://iboltmounts.com/blogs/news/construction-work-truck-phone-mounts-aeo-refresh","tickets/03-construction-and-work-truck-phone-mounts.md","best phone mount for construction vehicles and work trucks","RAM Mounts; Arkon; iOttie; ProClip; Tackform","","thin internal linking; needed in benchmark-driven page modules; high-risk benchmark topic: fleet; no detected blog photo-bank coverage","Add or verify this product in the named page module with image, price, use case, and exact anchor text."
"218","iBOLT Phone Dock'n Lock IncrediBOLT™ 360- Locking Phone Multi-Angle Drill Base Mount","ibolt-phone-dock-n-lock-incredibolt-360-heavy-duty-industrial-composite-locking-multi-angle-drill-base-mount-for-smartphones","https://iboltmounts.com/products/ibolt-phone-dock-n-lock-incredibolt-360-heavy-duty-industrial-composite-locking-multi-angle-drill-base-mount-for-smartphones","69.95","7","Forklifts & Warehousing; Restaurants & Food Delivery; Education & Schools; Kitchen & Home; Road Trips & Travel; General Mounting Solutions","warehouse; restaurant; education; kitchen; travel; amps/modular","warehouse; restaurant; education; kitchen; travel; amps/modular; delivery","warehouse; restaurant; delivery","4","page-refresh-playbook; query-page-matrix; survivor-edit-tickets","https://iboltmounts.com/blogs/news/magnetic-vs-clamp-phone-mounts-for-delivery-work; https://iboltmounts.com/blogs/news/best-locking-phone-mount-for-shared-delivery-vehicles; https://iboltmounts.com/blogs/news/best-drill-base-phone-mount-for-semi-trucks; https://iboltmounts.com/blogs/news/ibolt-vs-iottie-for-delivery-driving","tickets/05-best-locking-phone-mount-for-shared-delivery-vehicles.md; tickets/11-magnetic-vs-clamp-phone-mounts-for-delivery-work.md; tickets/22-best-drill-base-phone-mount-for-semi-trucks.md; tickets/27-ibolt-vs-iottie-for-delivery-driving.md","best locking phone mount for shared delivery vehicles; magnetic vs clamp phone mounts for delivery work; best drill base phone mount for semi trucks; iBolt vs iOttie for delivery driving","Arkon; RAM Mounts; iOttie; ProClip; Tackform","","needed in benchmark-driven page modules; high-risk benchmark topic: warehouse, restaurant, delivery; no detected blog photo-bank coverage","Add or verify this product in the named page module with image, price, use case, and exact anchor text."
"218","iBOLT TabDock™ IncrediBOLT™ 360 AMPS Tablet Mount","ibolt-tabdock-dynamount-360-amps-tablet-mount","https://iboltmounts.com/products/ibolt-tabdock-dynamount-360-amps-tablet-mount","64.95","2","Trucking & Fleet; General Mounting Solutions","fleet; amps/modular","fleet; amps/modular; tablet","fleet; tablet","1","page-refresh-playbook; query-page-matrix; survivor-edit-tickets","https://iboltmounts.com/blogs/news/best-tablet-mount-for-utility-truck-crews","tickets/21-best-tablet-mount-for-utility-truck-crews.md","best tablet mount for food truck","Arkon; RAM Mounts; CTA Digital; Square; Tackform","","thin internal linking; needed in benchmark-driven page modules; high-risk benchmark topic: fleet, tablet; no detected blog photo-bank coverage","Add or verify this product in the named page module with image, price, use case, and exact anchor text."
"218","iBOLT 22mm ExtendiBOLT Triple Suction Cup Mount","ibolt-22mm-extendibolt-triple-suction-cup-mount-heavy-duty-triple-suction-cup-mount","https://iboltmounts.com/products/ibolt-22mm-extendibolt-triple-suction-cup-mount-heavy-duty-triple-suction-cup-mount","84.95","1","Trucking & Fleet; Restaurants & Food Delivery; Road Trips & Travel; General Mounting Solutions","fleet; restaurant; travel; amps/modular","fleet; restaurant; travel; amps/modular; delivery","fleet; restaurant; delivery","2","page-refresh-playbook; query-page-matrix; survivor-edit-tickets","https://iboltmounts.com/blogs/news/best-phone-mount-for-instacart-and-grocery-delivery-drivers; https://iboltmounts.com/blogs/news/best-phone-mount-instacart-grocery-delivery-aeo-refresh","tickets/07-best-phone-mount-for-instacart-and-grocery-delivery-drivers.md","best phone mount for Instacart and grocery delivery drivers","iOttie; RAM Mounts; Peak Design","","thin internal linking; needed in benchmark-driven page modules; high-risk benchmark topic: fleet, restaurant, delivery; no detected blog photo-bank coverage","Add or verify this product in the named page module with image, price, use case, and exact anchor text."
"217","iBOLT Dock’n Lock POS Phone Stand","ibolt-dock-n-lock-pos-phone-stand","https://iboltmounts.com/products/ibolt-dock-n-lock-pos-phone-stand","89.95","6","Restaurants & Food Delivery; Kitchen & Home; General Mounting Solutions","restaurant; kitchen; amps/modular","restaurant; kitchen; amps/modular; delivery","restaurant; delivery","2","page-refresh-playbook; query-page-matrix; survivor-edit-tickets","https://iboltmounts.com/blogs/news/best-phone-mount-delivery-drivers-aeo-refresh; https://iboltmounts.com/blogs/news/ibolt-vs-iottie-delivery-drivers-aeo-refresh","tickets/01-best-phone-mount-for-delivery-drivers.md; tickets/08-ibolt-vs-iottie-for-delivery-drivers.md","best phone mount for delivery drivers; best phone mount for Instacart and grocery delivery drivers; commercial grade phone mount for delivery drivers","iOttie; RAM Mounts; ProClip; Peak Design; Arkon","","needed in benchmark-driven page modules; high-risk benchmark topic: restaurant, delivery; no detected blog photo-bank coverage","Add or verify this product in the named page module with image, price, use case, and exact anchor text."
"210","iBOLT ChargeDock USB-C AMPS Ultimate Magnetic Vehicle Dock/Mount/Holder w/ 2m USB Certified Type C to USB-A Charging Cable","ibolt-chargedock-usb-c-amps-ultimate-magnetic-vehicle-dock-mount-holder-w-2m-usb-certified-type-c-to-usb-a-charging-cable","https://iboltmounts.com/products/ibolt-chargedock-usb-c-amps-ultimate-magnetic-vehicle-dock-mount-holder-w-2m-usb-certified-type-c-to-usb-a-charging-cable","29.95","1","Kitchen & Home; Road Trips & Travel; General Mounting Solutions","kitchen; travel; amps/modular","kitchen; travel; amps/modular; fleet","fleet","1","page-refresh-playbook; query-page-matrix; survivor-edit-tickets","https://iboltmounts.com/blogs/news/magnetic-vs-clamp-phone-mounts-for-delivery-work","tickets/11-magnetic-vs-clamp-phone-mounts-for-delivery-work.md","magnetic vs clamp phone mounts for delivery work","iOttie; RAM Mounts","","thin internal linking; needed in benchmark-driven page modules; high-risk benchmark topic: fleet; no detected blog photo-bank coverage","Add or verify this product in the named page module with image, price, use case, and exact anchor text."
"206","iBOLT Composite 2.5"" Open Socket AMPS Drill Base Mount for 1-inch/ 25mm Ball Joints","ibolt-composite-2-5-open-socket-amps-drill-base-mount-for-1-inch-25mm-ball-joints","https://iboltmounts.com/products/ibolt-composite-2-5-open-socket-amps-drill-base-mount-for-1-inch-25mm-ball-joints","13.95","0","Restaurants & Food Delivery; General Mounting Solutions","restaurant; amps/modular","restaurant; amps/modular; delivery","restaurant; delivery","0","","","","","","AMPS, adapters, balls, and bases","No detected blog links; maps to high-risk topic(s): restaurant; no detected blog links; belongs to high-unlinked product family; high-risk benchmark topic: restaurant, delivery; no detected blog photo-bank coverage","Add contextual SKU-level links from the target family pages and write a short product entity block."
"206","iBOLT™ 38mm / 1.5 inch to VESA 75 x 75 Ball Adapter for monitors, displays, or tv’s","ibolt-38mm-1-5-inch-to-vesa-75-x-75-ball-adapter-for-monitors-displays-or-tv-s","https://iboltmounts.com/products/ibolt-38mm-1-5-inch-to-vesa-75-x-75-ball-adapter-for-monitors-displays-or-tv-s","34.95","0","Fishing & Boating; General Mounting Solutions","fishing; amps/modular","fishing; amps/modular; warehouse","fishing; warehouse","0","","","","","","Forklift and warehouse mounts","No detected blog links; maps to high-risk topic(s): fishing; no detected blog links; belongs to high-unlinked product family; high-risk benchmark topic: fishing, warehouse; no detected blog photo-bank coverage","Add contextual SKU-level links from the target family pages and write a short product entity block."
"205","iBOLT Moto-Vise™ IncrediBOLT™ 360 Heavy Duty Phone Clamp / Handlebar / Rail Mount","ibolt-moto-vise-incredibolt-360-heavy-duty-phone-clamp-handlebar-rail-mount","https://iboltmounts.com/products/ibolt-moto-vise-incredibolt-360-heavy-duty-phone-clamp-handlebar-rail-mount","72.95","10","Fishing & Boating; Off-Roading & Jeep; Mountain Biking & Cycling; General Mounting Solutions","fishing; offroad; cycling; amps/modular","fishing; offroad; cycling; amps/modular","fishing","2","page-refresh-playbook; query-page-matrix; survivor-edit-tickets","https://iboltmounts.com/blogs/news/best-phone-mount-for-instacart-and-grocery-delivery-drivers; https://iboltmounts.com/blogs/news/best-phone-mount-instacart-grocery-delivery-aeo-refresh","tickets/07-best-phone-mount-for-instacart-and-grocery-delivery-drivers.md","best phone mount for Instacart and grocery delivery drivers","iOttie; RAM Mounts; Peak Design","","needed in benchmark-driven page modules; high-risk benchmark topic: fishing; no detected blog photo-bank coverage","Add or verify this product in the named page module with image, price, use case, and exact anchor text."
"205","iBOLT Moto-Vise™ IncrediBOLT™ Heavy Duty Phone Clamp / Handlebar / Rail Mount","ibolt-moto-vise-incredibolt-heavy-duty-phone-clamp-handlebar-rail-mount","https://iboltmounts.com/products/ibolt-moto-vise-incredibolt-heavy-duty-phone-clamp-handlebar-rail-mount","64.95","5","Fishing & Boating; Off-Roading & Jeep; Mountain Biking & Cycling; General Mounting Solutions","fishing; offroad; cycling; amps/modular","fishing; offroad; cycling; amps/modular","fishing","2","page-refresh-playbook; query-page-matrix; survivor-edit-tickets","https://iboltmounts.com/blogs/news/best-phone-mount-for-instacart-and-grocery-delivery-drivers; https://iboltmounts.com/blogs/news/best-phone-mount-instacart-grocery-delivery-aeo-refresh","tickets/07-best-phone-mount-for-instacart-and-grocery-delivery-drivers.md","best phone mount for Instacart and grocery delivery drivers","iOttie; RAM Mounts; Peak Design","","needed in benchmark-driven page modules; high-risk benchmark topic: fishing; no detected blog photo-bank coverage","Add or verify this product in the named page module with image, price, use case, and exact anchor text."
"205","iBOLT Moto-Vise™ Heavy Duty Phone Handlebar / Rail Mount","ibolt-moto-vise-heavy-duty-phone-handlebar-rail-mount","https://iboltmounts.com/products/ibolt-moto-vise-heavy-duty-phone-handlebar-rail-mount","42.95","4","Fishing & Boating; Forklifts & Warehousing; Off-Roading & Jeep; Mountain Biking & Cycling; General Mounting Solutions","fishing; warehouse; offroad; cycling; amps/modular","fishing; warehouse; offroad; cycling; amps/modular","fishing; warehouse","2","page-refresh-playbook; query-page-matrix; survivor-edit-tickets","https://iboltmounts.com/blogs/news/best-phone-mount-for-instacart-and-grocery-delivery-drivers; https://iboltmounts.com/blogs/news/best-phone-mount-instacart-grocery-delivery-aeo-refresh","tickets/07-best-phone-mount-for-instacart-and-grocery-delivery-drivers.md","best phone mount for Instacart and grocery delivery drivers","iOttie; RAM Mounts; Peak Design","","needed in benchmark-driven page modules; high-risk benchmark topic: fishing, warehouse; no detected blog photo-bank coverage","Add or verify this product in the named page module with image, price, use case, and exact anchor text."
"205","iBOLT Moto-Vise™ Heavy Duty Phone Dual Arm Handlebar / Rail Mount","ibolt-moto-vise-heavy-duty-phone-dual-arm-handlebar-rail-mount","https://iboltmounts.com/products/ibolt-moto-vise-heavy-duty-phone-dual-arm-handlebar-rail-mount","52.95","3","Fishing & Boating; Forklifts & Warehousing; Off-Roading & Jeep; Mountain Biking & Cycling; General Mounting Solutions","fishing; warehouse; offroad; cycling; amps/modular","fishing; warehouse; offroad; cycling; amps/modular","fishing; warehouse","2","page-refresh-playbook; query-page-matrix; survivor-edit-tickets","https://iboltmounts.com/blogs/news/best-phone-mount-for-instacart-and-grocery-delivery-drivers; https://iboltmounts.com/blogs/news/best-phone-mount-instacart-grocery-delivery-aeo-refresh","tickets/07-best-phone-mount-for-instacart-and-grocery-delivery-drivers.md","best phone mount for Instacart and grocery delivery drivers","iOttie; RAM Mounts; Peak Design","","needed in benchmark-driven page modules; high-risk benchmark topic: fishing, warehouse; no detected blog photo-bank coverage","Add or verify this product in the named page module with image, price, use case, and exact anchor text."
"202","iBOLT TabDock IncrediBOLT 360 Heavy Duty Triple Suction Cup Mount","ibolt-tabdock-incredibolt-360-heavy-duty-triple-suction-cup-mount","https://iboltmounts.com/products/ibolt-tabdock-incredibolt-360-heavy-duty-triple-suction-cup-mount","89.95","5","Trucking & Fleet; Road Trips & Travel; General Mounting Solutions","fleet; travel; amps/modular","fleet; travel; amps/modular; tablet","fleet; tablet","1","page-refresh-playbook; query-page-matrix; survivor-edit-tickets","https://iboltmounts.com/blogs/news/best-tablet-and-phone-mounts-for-trucks-and-eld-compliance-2026","tickets/19-best-tablet-and-phone-mounts-for-trucks-and-eld-compliance-2026.md","best ELD mount for trucks","Arkon; RAM Mounts; ProClip","","needed in benchmark-driven page modules; high-risk benchmark topic: fleet, tablet; no detected blog photo-bank coverage","Add or verify this product in the named page module with image, price, use case, and exact anchor text."
"202","iBOLT Dock'n Lock IncrediBOLT™ 360 AMPS Locking Tablet Mount","ibolt-dock-n-lock-incredibolt-360-amps-locking-tablet-mount","https://iboltmounts.com/products/ibolt-dock-n-lock-incredibolt-360-amps-locking-tablet-mount","72.95","0","Forklifts & Warehousing; Trucking & Fleet; Restaurants & Food Delivery; Road Trips & Travel; General Mounting Solutions","warehouse; fleet; restaurant; travel; amps/modular","warehouse; fleet; restaurant; travel; amps/modular; delivery; tablet","warehouse; fleet; restaurant; delivery; tablet","0","","","","","","","No detected blog links; maps to high-risk topic(s): warehouse, fleet, restaurant; no detected blog links; high-risk benchmark topic: warehouse, fleet, restaurant, delivery, tablet; no detected blog photo-bank coverage","Add contextual SKU-level links from the target family pages and write a short product entity block."
"202","iBOLT TabDock AccessiBOLT Universal Wheelchair Mobility Tablet Mount","ibolt-tabdock-accessibolt-universal-wheelchair-mobility-tablet-mount","https://iboltmounts.com/products/ibolt-tabdock-accessibolt-universal-wheelchair-mobility-tablet-mount","160.00","0","General Mounting Solutions","amps/modular","amps/modular; tablet","tablet","0","","","","","","","no detected blog links; high-risk benchmark topic: tablet; no detected blog photo-bank coverage","Add contextual SKU-level links from the target family pages and write a short product entity block."
"202","iBOLT TabDock miniBall VHB Adhesive Mount","ibolt-tabdock-miniball-vhb-adhesive-mount","https://iboltmounts.com/products/ibolt-tabdock-miniball-vhb-adhesive-mount","19.95","0","General Mounting Solutions","amps/modular","amps/modular; tablet","tablet","0","","","","","","","no detected blog links; high-risk benchmark topic: tablet; no detected blog photo-bank coverage","Add contextual SKU-level links from the target family pages and write a short product entity block."
"202","iBOLT TabDock™ Bizmount™ Flexpro - Heavy Duty Seat Rail Mount","tabdock-bizmount-flexpro-heavy-duty-tablet-metal-seat-rail-mount-1-inch-ball-ibbz-33957","https://iboltmounts.com/products/tabdock-bizmount-flexpro-heavy-duty-tablet-metal-seat-rail-mount-1-inch-ball-ibbz-33957","34.95","0","Forklifts & Warehousing; Restaurants & Food Delivery; General Mounting Solutions","warehouse; restaurant; amps/modular","warehouse; restaurant; amps/modular; delivery; tablet","warehouse; restaurant; delivery; tablet","0","","","","","","","No detected blog links; maps to high-risk topic(s): warehouse, restaurant; no detected blog links; high-risk benchmark topic: warehouse, restaurant, delivery, tablet; no detected blog photo-bank coverage","Add contextual SKU-level links from the target family pages and write a short product entity block."
"202","iBOLT TabDock™ Bizmount™ Metal AMPs","ibolt-tabdock-bizmount-metal-amps","https://iboltmounts.com/products/ibolt-tabdock-bizmount-metal-amps","39.95","0","Forklifts & Warehousing; Trucking & Fleet; Road Trips & Travel; General Mounting Solutions","warehouse; fleet; travel; amps/modular","warehouse; fleet; travel; amps/modular; tablet","warehouse; fleet; tablet","0","","","","","","","No detected blog links; maps to high-risk topic(s): warehouse, fleet; no detected blog links; high-risk benchmark topic: warehouse, fleet, tablet; no detected blog photo-bank coverage","Add contextual SKU-level links from the target family pages and write a short product entity block."
"202","iBOLT TabDock™ IncrediBOLT™ AMPS w/ 2” Single Socket Arm Drill Base","ibolt-tabdock-dynamount-amps-w-2-single-socket-arm-drill-base","https://iboltmounts.com/products/ibolt-tabdock-dynamount-amps-w-2-single-socket-arm-drill-base","37.95","0","Trucking & Fleet; Road Trips & Travel; General Mounting Solutions","fleet; travel; amps/modular","fleet; travel; amps/modular; tablet","fleet; tablet","0","","","","","","","No detected blog links; maps to high-risk topic(s): fleet; no detected blog links; high-risk benchmark topic: fleet, tablet; no detected blog photo-bank coverage","Add contextual SKU-level links from the target family pages and write a short product entity block."
"202","iBOLT TabDock™ IncrediBOLT™ AMPS w/ 4.25” Dual Socket Arm Drill Base","ibolt-tabdock-dynamount-amps-w-4-25-dual-socket-arm-drill-base","https://iboltmounts.com/products/ibolt-tabdock-dynamount-amps-w-4-25-dual-socket-arm-drill-base","54.95","0","Trucking & Fleet; General Mounting Solutions","fleet; amps/modular","fleet; amps/modular; tablet","fleet; tablet","0","","","","","","","No detected blog links; maps to high-risk topic(s): fleet; no detected blog links; high-risk benchmark topic: fleet, tablet; no detected blog photo-bank coverage","Add contextual SKU-level links from the target family pages and write a short product entity block."
"202","iBOLT TabDock™ Tablet Holder","tabdock-universal-tablet-holder-21110","https://iboltmounts.com/products/tabdock-universal-tablet-holder-21110","15.00","0","General Mounting Solutions","amps/modular","amps/modular; tablet","tablet","0","","","","","","","no detected blog links; high-risk benchmark topic: tablet; no detected blog photo-bank coverage","Add contextual SKU-level links from the target family pages and write a short product entity block."
"202","iBOLT TabDock™ Tablet Holder with 4-Hole AMPS pattern Connection","ibolt-tabdock-tablet-holder-with-4-hole-amps-pattern-connection","https://iboltmounts.com/products/ibolt-tabdock-tablet-holder-with-4-hole-amps-pattern-connection","18.00","0","General Mounting Solutions","amps/modular","amps/modular; tablet","tablet","0","","","","","","","no detected blog links; high-risk benchmark topic: tablet; no detected blog photo-bank coverage","Add contextual SKU-level links from the target family pages and write a short product entity block."
"202","iBOLT™ TabDock™ AccessiBOLT™Mount for Wheelchairs/Exercise Equipment","ibolt-tabdock-accessibility-post-pole-rail-handlebar-mount-for-wheelchairs-exercise-equipment","https://iboltmounts.com/products/ibolt-tabdock-accessibility-post-pole-rail-handlebar-mount-for-wheelchairs-exercise-equipment","79.95","0","Restaurants & Food Delivery; Content Creation & Streaming; Agriculture & Farming; Mountain Biking & Cycling; General Mounting Solutions","restaurant; streaming; agriculture; cycling; amps/modular","restaurant; streaming; agriculture; cycling; amps/modular; delivery; tablet","restaurant; delivery; tablet","0","","","","","","","no detected blog links; high-risk benchmark topic: restaurant, delivery, tablet; no detected blog photo-bank coverage","Add contextual SKU-level links from the target family pages and write a short product entity block."
"202","iBOLT™ TabDock™ AMPs","tabdock-amps-heavy-duty-drill-base-tablet-mount-ibbz-33791","https://iboltmounts.com/products/tabdock-amps-heavy-duty-drill-base-tablet-mount-ibbz-33791","29.95","0","Kitchen & Home; Road Trips & Travel; General Mounting Solutions","kitchen; travel; amps/modular","kitchen; travel; amps/modular; tablet","tablet","0","","","","","","","no detected blog links; high-risk benchmark topic: tablet; no detected blog photo-bank coverage","Add contextual SKU-level links from the target family pages and write a short product entity block."
"202","iBOLT™ TabDock™ Bizmount™ Clamp Heavy Duty Post/Pole Mount","ibolt-tabdock-bizmount-clamp-heavy-duty-post-pole-mount","https://iboltmounts.com/products/ibolt-tabdock-bizmount-clamp-heavy-duty-post-pole-mount","52.95","0","Forklifts & Warehousing; Trucking & Fleet; Restaurants & Food Delivery; Road Trips & Travel; General Mounting Solutions","warehouse; fleet; restaurant; travel; amps/modular","warehouse; fleet; restaurant; travel; amps/modular; delivery; tablet","warehouse; fleet; restaurant; delivery; tablet","0","","","","","","","no detected blog links; high-risk benchmark topic: warehouse, fleet, restaurant, delivery, tablet; no detected blog photo-bank coverage","Add contextual SKU-level links from the target family pages and write a short product entity block."
"202","iBOLT™ Tabdock™ Clamp","tabdock-tablet-clamp-mount-ibbz-33764","https://iboltmounts.com/products/tabdock-tablet-clamp-mount-ibbz-33764","29.95","0","Restaurants & Food Delivery; Education & Schools; Kitchen & Home; General Mounting Solutions","restaurant; education; kitchen; amps/modular","restaurant; education; kitchen; amps/modular; delivery; tablet","restaurant; delivery; tablet","0","","","","","","","no detected blog links; high-risk benchmark topic: restaurant, delivery, tablet; no detected blog photo-bank coverage","Add contextual SKU-level links from the target family pages and write a short product entity block."
"202","TabDock™ 2 Drive","tabdock-2-drive-suction-cup-drill-base-tablet-mount-ibt-33501","https://iboltmounts.com/products/tabdock-2-drive-suction-cup-drill-base-tablet-mount-ibt-33501","39.95","0","Trucking & Fleet; Road Trips & Travel; General Mounting Solutions","fleet; travel; amps/modular","fleet; travel; amps/modular; tablet","fleet; tablet","0","","","","","","","no detected blog links; high-risk benchmark topic: fleet, tablet; no detected blog photo-bank coverage","Add contextual SKU-level links from the target family pages and write a short product entity block."
"202","Tablet Configurator","tablet-configurator-1","https://iboltmounts.com/products/tablet-configurator-1","105.00","0","General Mounting Solutions","amps/modular","amps/modular; tablet","tablet","0","","","","","","","no detected blog links; high-risk benchmark topic: tablet; no detected blog photo-bank coverage","Add contextual SKU-level links from the target family pages and write a short product entity block."
"200","iBOLT Tablet Tower- TabDock™ POS Wall Mount - with 3 Tablet Holders","ibolt-tablet-tower-tabdock-point-of-purchase-pos-wall-mount-with-3-tablet-holders","https://iboltmounts.com/products/ibolt-tablet-tower-tabdock-point-of-purchase-pos-wall-mount-with-3-tablet-holders","119.95","8","Restaurants & Food Delivery; Kitchen & Home; General Mounting Solutions","restaurant; kitchen; amps/modular","restaurant; kitchen; amps/modular; delivery; tablet","restaurant; delivery; tablet","1","page-refresh-playbook; query-page-matrix; survivor-edit-tickets","https://iboltmounts.com/blogs/news/how-to-set-up-multiple-tablets-for-doordash-uber-eats-and-grubhub","tickets/20-how-to-set-up-multiple-tablets-for-doordash-uber-eats-and-grubhub.md","set up multiple tablets for DoorDash Uber Eats and Grubhub","RAM Mounts; Arkon","","needed in benchmark-driven page modules; high-risk benchmark topic: restaurant, delivery, tablet; no detected blog photo-bank coverage","Add or verify this product in the named page module with image, price, use case, and exact anchor text."
"199","iBOLT LockPro FlexPro Heavy Duty Locking Tablet Seat Rail Mount","ibolt-lockpro-flexpro-heavy-duty-locking-tablet-seat-rail-mount","https://iboltmounts.com/products/ibolt-lockpro-flexpro-heavy-duty-locking-tablet-seat-rail-mount","159.95","7","Trucking & Fleet; Restaurants & Food Delivery; Road Trips & Travel; General Mounting Solutions","fleet; restaurant; travel; amps/modular","fleet; restaurant; travel; amps/modular; delivery; tablet","fleet; restaurant; delivery; tablet","1","page-refresh-playbook; query-page-matrix; survivor-edit-tickets","https://iboltmounts.com/blogs/news/best-forklift-tablet-mounts-for-warehouses-2026-comparison","tickets/23-forklift-warehouse-tablet-mounts.md","best tablet mount for warehouse; best forklift tablet mount","RAM Mounts; Arkon; CTA Digital; Havis; Tackform; ProClip; Zebra","","needed in benchmark-driven page modules; high-risk benchmark topic: fleet, restaurant, delivery, tablet; no detected blog photo-bank coverage","Add or verify this product in the named page module with image, price, use case, and exact anchor text."
"199","iBOLT TabDock MagDock 360 Magnetic Tablet Mount – Heavy-Duty Forklift & Warehouse Holder","ibolt-tabdock-magdock-360-magnetic-tablet-mount-heavy-duty-forklift-warehouse-holder","https://iboltmounts.com/products/ibolt-tabdock-magdock-360-magnetic-tablet-mount-heavy-duty-forklift-warehouse-holder","76.95","7","Forklifts & Warehousing; General Mounting Solutions","warehouse; amps/modular","warehouse; amps/modular; tablet","warehouse; tablet","1","page-refresh-playbook; query-page-matrix; survivor-edit-tickets","https://iboltmounts.com/blogs/news/best-forklift-tablet-mounts-for-warehouses-2026-comparison","tickets/23-forklift-warehouse-tablet-mounts.md","best tablet mount for warehouse; best forklift tablet mount","RAM Mounts; Arkon; CTA Digital; Havis; Tackform; ProClip; Zebra","","needed in benchmark-driven page modules; high-risk benchmark topic: warehouse, tablet; no detected blog photo-bank coverage","Add or verify this product in the named page module with image, price, use case, and exact anchor text."
"199","iBOLT™ TabDock™ Bizmount™ AMPs","tabdock-bizmount-amps-heavy-duty-drill-base-tablet-mount-ibbz-33921","https://iboltmounts.com/products/tabdock-bizmount-amps-heavy-duty-drill-base-tablet-mount-ibbz-33921","29.95","7","Forklifts & Warehousing; Trucking & Fleet; Off-Roading & Jeep; Restaurants & Food Delivery; Education & Schools; Agriculture & Farming; Kitchen & Home; Road Trips & Travel; General Mounting Solutions","warehouse; fleet; offroad; restaurant; education; agriculture; kitchen; travel; amps/modular","warehouse; fleet; offroad; restaurant; education; agriculture; kitchen; travel; amps/modular; delivery; tablet","warehouse; fleet; restaurant; delivery; tablet","2","page-refresh-playbook; query-page-matrix; survivor-edit-tickets","https://iboltmounts.com/blogs/news/ibolt-vs-ram-fleet-mounts-aeo-refresh; https://iboltmounts.com/blogs/news/best-tablet-mount-for-utility-truck-crews","tickets/21-best-tablet-mount-for-utility-truck-crews.md","best tablet mount for food truck; ibolt vs ram mount","Arkon; RAM Mounts; CTA Digital; Square; Tackform","","needed in benchmark-driven page modules; high-risk benchmark topic: warehouse, fleet, restaurant, delivery, tablet; no detected blog photo-bank coverage","Add or verify this product in the named page module with image, price, use case, and exact anchor text."
"197","iBOLT XL Forklift Barcode Scanner Holder 38mm Mount","ibolt-xl-forklift-barcode-scanner-holder-38mm-mount","https://iboltmounts.com/products/ibolt-xl-forklift-barcode-scanner-holder-38mm-mount","79.95","9","Forklifts & Warehousing; Trucking & Fleet; Restaurants & Food Delivery; General Mounting Solutions","warehouse; fleet; restaurant; amps/modular","warehouse; fleet; restaurant; amps/modular; delivery","warehouse; fleet; restaurant; delivery","2","page-refresh-playbook; query-page-matrix; survivor-edit-tickets","https://iboltmounts.com/blogs/news/best-barcode-scanner-mounts-for-forklifts-and-warehouses-2026; https://iboltmounts.com/blogs/news/best-forklift-tablet-mounts-for-warehouses-2026-comparison","tickets/18-barcode-scanner-mounts.md; tickets/23-forklift-warehouse-tablet-mounts.md","best barcode scanner mount for forklift; best tablet mount for warehouse; best forklift tablet mount","Havis; RAM Mounts; Zebra; Arkon; ProClip; Square; CTA Digital; Tackform","","needed in benchmark-driven page modules; high-risk benchmark topic: warehouse, fleet, restaurant, delivery; no detected blog photo-bank coverage","Add or verify this product in the named page module with image, price, use case, and exact anchor text."
"197","iBOLT Tablet Tower- Dock’n Lock POS Locking Drill Base Mount - with 3 Tablet Holders","tablet-tower-multi-tablet-locking-stand-three-ipad-holders-point-of-sale-purchase-restaurant-ibrt-34701","https://iboltmounts.com/products/tablet-tower-multi-tablet-locking-stand-three-ipad-holders-point-of-sale-purchase-restaurant-ibrt-34701","199.95","5","Restaurants & Food Delivery; Content Creation & Streaming; General Mounting Solutions","restaurant; streaming; amps/modular","restaurant; streaming; amps/modular; delivery; tablet","restaurant; delivery; tablet","1","page-refresh-playbook; query-page-matrix; survivor-edit-tickets","https://iboltmounts.com/blogs/news/ibolt-vs-bouncepad-vs-mount-it-for-restaurant-tablet-security","tickets/13-ibolt-vs-bouncepad-vs-mount-it-for-restaurant-tablet-security.md","iBolt vs Bouncepad vs Mount-It for restaurant tablet security","Bouncepad; Mount-It; RAM Mounts","","needed in benchmark-driven page modules; high-risk benchmark topic: restaurant, delivery, tablet; no detected blog photo-bank coverage","Add or verify this product in the named page module with image, price, use case, and exact anchor text."
"197","iBOLT ¼” 20 Camera Screw Bizmount™ Suction Cup Mount - for Industry Standard ¼” 20 Accessories","ibolt-20-camera-screw-bizmount-suction-cup-mount-for-industry-standard-20-accessories-cameras-dash-cams-camera-flashes-etc","https://iboltmounts.com/products/ibolt-20-camera-screw-bizmount-suction-cup-mount-for-industry-standard-20-accessories-cameras-dash-cams-camera-flashes-etc","19.95","0","Forklifts & Warehousing; Trucking & Fleet; Restaurants & Food Delivery; Content Creation & Streaming; Road Trips & Travel; General Mounting Solutions","warehouse; fleet; restaurant; streaming; travel; amps/modular","warehouse; fleet; restaurant; streaming; travel; amps/modular; delivery","warehouse; fleet; restaurant; delivery","0","","","","","","Creator, camera, and streaming mounts","No detected blog links; maps to high-risk topic(s): warehouse, fleet, restaurant; no detected blog links; belongs to high-unlinked product family; high-risk benchmark topic: warehouse, fleet, restaurant, delivery; no detected blog photo-bank coverage","Add contextual SKU-level links from the target family pages and write a short product entity block."
"197","iBOLT Action Camera IncrediBOLT 360 Heavy Duty Dual/Double Suction Cup Mount","ibolt-action-camera-incredibolt-360-heavy-duty-dual-double-suction-cup-mount","https://iboltmounts.com/products/ibolt-action-camera-incredibolt-360-heavy-duty-dual-double-suction-cup-mount","49.95","0","Trucking & Fleet; Restaurants & Food Delivery; Content Creation & Streaming; Road Trips & Travel; General Mounting Solutions","fleet; restaurant; streaming; travel; amps/modular","fleet; restaurant; streaming; travel; amps/modular; delivery","fleet; restaurant; delivery","0","","","","","","Creator, camera, and streaming mounts","No detected blog links; maps to high-risk topic(s): fleet, restaurant; no detected blog links; belongs to high-unlinked product family; high-risk benchmark topic: fleet, restaurant, delivery; no detected blog photo-bank coverage","Add contextual SKU-level links from the target family pages and write a short product entity block."
"196","iBOLT 25mm / 1 inch to Dual 22mm Ball Adapter","ibolt-25mm-1-inch-to-dual-17mm-metal-ball-adapter-copy","https://iboltmounts.com/products/ibolt-25mm-1-inch-to-dual-17mm-metal-ball-adapter-copy","29.95","0","Restaurants & Food Delivery; General Mounting Solutions","restaurant; amps/modular","restaurant; amps/modular; delivery","restaurant; delivery","0","","","","","","AMPS, adapters, balls, and bases","No detected blog links; maps to high-risk topic(s): restaurant; no detected blog links; belongs to high-unlinked product family; high-risk benchmark topic: restaurant, delivery; no detected blog photo-bank coverage","Add contextual SKU-level links from the target family pages and write a short product entity block."
"196","iBOLT AccessiBOLT ArmTrack- for Wheelchairs, Rehab Chairs, and Mobility Devices with a Track System","ibolt-armtrack-for-wheelchairs-rehab-chairs-and-mobility-devices-with-a-track-system","https://iboltmounts.com/products/ibolt-armtrack-for-wheelchairs-rehab-chairs-and-mobility-devices-with-a-track-system","94.95","0","Restaurants & Food Delivery; Road Trips & Travel; General Mounting Solutions","restaurant; travel; amps/modular","restaurant; travel; amps/modular; delivery","restaurant; delivery","0","","","","","","AMPS, adapters, balls, and bases","No detected blog links; maps to high-risk topic(s): restaurant; no detected blog links; belongs to high-unlinked product family; high-risk benchmark topic: restaurant, delivery; no detected blog photo-bank coverage","Add contextual SKU-level links from the target family pages and write a short product entity block."
"196","iBOLT miniProXL AccessiBOLT ArmTrack- for Wheelchairs, Rehab Chairs, and Mobility Devices with a Track System","ibolt-miniproxl-accessibolt-armtrack-for-wheelchairs-rehab-chairs-and-mobility-devices-with-a-track-system","https://iboltmounts.com/products/ibolt-miniproxl-accessibolt-armtrack-for-wheelchairs-rehab-chairs-and-mobility-devices-with-a-track-system","94.95","0","Restaurants & Food Delivery; Road Trips & Travel; General Mounting Solutions","restaurant; travel; amps/modular","restaurant; travel; amps/modular; delivery","restaurant; delivery","0","","","","","","AMPS, adapters, balls, and bases","No detected blog links; maps to high-risk topic(s): restaurant; no detected blog links; belongs to high-unlinked product family; high-risk benchmark topic: restaurant, delivery; no detected blog photo-bank coverage","Add contextual SKU-level links from the target family pages and write a short product entity block."
"195","iBOLT 88mm Diameter Magnetic Mount w/ 1 / 4 20 Camera Screw and GoPro Adapter","ibolt-88mm-diameter-magnetic-mount-base-w-1-4-20-camera-screw-gopro-adapter","https://iboltmounts.com/products/ibolt-88mm-diameter-magnetic-mount-base-w-1-4-20-camera-screw-gopro-adapter","24.95","0","Forklifts & Warehousing; Off-Roading & Jeep; Content Creation & Streaming; General Mounting Solutions","warehouse; offroad; streaming; amps/modular","warehouse; offroad; streaming; amps/modular","warehouse","0","","","","","","Creator, camera, and streaming mounts","No detected blog links; maps to high-risk topic(s): warehouse; no detected blog links; belongs to high-unlinked product family; high-risk benchmark topic: warehouse; no detected blog photo-bank coverage","Add contextual SKU-level links from the target family pages and write a short product entity block."
"194","iBOLT Moto-Vise™ XL Holder w/ 25mm / 1-inch Ball","ibolt-moto-vise-xl-smartphone-holder-25mm-1-inch-ball-ibpb-33893","https://iboltmounts.com/products/ibolt-moto-vise-xl-smartphone-holder-25mm-1-inch-ball-ibpb-33893","39.95","5","Trucking & Fleet; Off-Roading & Jeep; Road Trips & Travel; Mountain Biking & Cycling; General Mounting Solutions","fleet; offroad; travel; cycling; amps/modular","fleet; offroad; travel; cycling; amps/modular","fleet","2","page-refresh-playbook; query-page-matrix; survivor-edit-tickets","https://iboltmounts.com/blogs/news/best-phone-mount-for-construction-vehicles-and-work-trucks; https://iboltmounts.com/blogs/news/construction-work-truck-phone-mounts-aeo-refresh","tickets/03-construction-and-work-truck-phone-mounts.md","best phone mount for construction vehicles and work trucks","RAM Mounts; Arkon; iOttie; ProClip; Tackform","","needed in benchmark-driven page modules; high-risk benchmark topic: fleet; no detected blog photo-bank coverage","Add or verify this product in the named page module with image, price, use case, and exact anchor text."
"194","iBOLT ¼ 20” Camera Screw IncrediBOLT™ AMPS w/ 2” Single Socket Arm Drill Base Mount","ibolt-20-camera-screw-incredibolt-amps-w-2-single-socket-arm-drill-base-mount","https://iboltmounts.com/products/ibolt-20-camera-screw-incredibolt-amps-w-2-single-socket-arm-drill-base-mount","24.95","0","Restaurants & Food Delivery; Content Creation & Streaming; General Mounting Solutions","restaurant; streaming; amps/modular","restaurant; streaming; amps/modular; delivery","restaurant; delivery","0","","","","","","Creator, camera, and streaming mounts","No detected blog links; maps to high-risk topic(s): restaurant; no detected blog links; belongs to high-unlinked product family; high-risk benchmark topic: restaurant, delivery; no detected blog photo-bank coverage","Add contextual SKU-level links from the target family pages and write a short product entity block."
"194","iBOLT ¼ 20” Camera Screw IncrediBOLT™ AMPS w/ 4.25” Double Socket Arm- Drill Base Mount","ibolt-20-camera-screw-incredibolt-amps-w-4-25-double-socket-arm-drill-base-mount","https://iboltmounts.com/products/ibolt-20-camera-screw-incredibolt-amps-w-4-25-double-socket-arm-drill-base-mount","39.95","0","Restaurants & Food Delivery; Content Creation & Streaming; General Mounting Solutions","restaurant; streaming; amps/modular","restaurant; streaming; amps/modular; delivery","restaurant; delivery","0","","","","","","Creator, camera, and streaming mounts","No detected blog links; maps to high-risk topic(s): restaurant; no detected blog links; belongs to high-unlinked product family; high-risk benchmark topic: restaurant, delivery; no detected blog photo-bank coverage","Add contextual SKU-level links from the target family pages and write a short product entity block."
"194","iBOLT 20mm Metal Ball to ¼ 20 Camera Screw Mount Adapter - for All Industry Standard 20mm mounts","ibolt-20mm-metal-ball-to-20-camera-screw-mount-adapter-for-all-industry-standard-20mm-mounts","https://iboltmounts.com/products/ibolt-20mm-metal-ball-to-20-camera-screw-mount-adapter-for-all-industry-standard-20mm-mounts","9.95","0","Restaurants & Food Delivery; Content Creation & Streaming; Agriculture & Farming; General Mounting Solutions","restaurant; streaming; agriculture; amps/modular","restaurant; streaming; agriculture; amps/modular; delivery","restaurant; delivery","0","","","","","","Creator, camera, and streaming mounts","No detected blog links; maps to high-risk topic(s): restaurant; no detected blog links; belongs to high-unlinked product family; high-risk benchmark topic: restaurant, delivery; no detected blog photo-bank coverage","Add contextual SKU-level links from the target family pages and write a short product entity block."
"194","iBOLT Dual Suction Cup Base with Universal 4- Hole AMPS Pattern","ibolt-dual-suction-cup-base-with-universal-4-hole-amps-pattern","https://iboltmounts.com/products/ibolt-dual-suction-cup-base-with-universal-4-hole-amps-pattern","24.95","0","Trucking & Fleet; Road Trips & Travel; General Mounting Solutions","fleet; travel; amps/modular","fleet; travel; amps/modular","fleet","0","","","","","","Fleet, delivery, and vehicle phone mounts","No detected blog links; maps to high-risk topic(s): fleet; no detected blog links; belongs to high-unlinked product family; high-risk benchmark topic: fleet; no detected blog photo-bank coverage","Add contextual SKU-level links from the target family pages and write a short product entity block."
"194","iBOLT Metal 17mm ExtendiBOLT Triple Suction Cup Mount","ibolt-17mm-metal-extendibolt-triple-suction-cup-mount","https://iboltmounts.com/products/ibolt-17mm-metal-extendibolt-triple-suction-cup-mount","92.95","0","Trucking & Fleet; Restaurants & Food Delivery; Road Trips & Travel; General Mounting Solutions","fleet; restaurant; travel; amps/modular","fleet; restaurant; travel; amps/modular; delivery","fleet; restaurant; delivery","0","","","","","","Fleet, delivery, and vehicle phone mounts","No detected blog links; maps to high-risk topic(s): fleet, restaurant; no detected blog links; belongs to high-unlinked product family; high-risk benchmark topic: fleet, restaurant, delivery; no detected blog photo-bank coverage","Add contextual SKU-level links from the target family pages and write a short product entity block."
"194","iBOLT SafeMag Suction Cup Mount- Compatible with Qi, MagSafe and Wireless charging pucks","ibolt-safemag-suction-cup-mount-compatible-with-qi-magsafe-and-wireless-charging-pucks","https://iboltmounts.com/products/ibolt-safemag-suction-cup-mount-compatible-with-qi-magsafe-and-wireless-charging-pucks","32.95","0","Trucking & Fleet; Road Trips & Travel; General Mounting Solutions","fleet; travel; amps/modular","fleet; travel; amps/modular","fleet","0","","","","","","Charging and magnetic phone docks","No detected blog links; maps to high-risk topic(s): fleet; no detected blog links; belongs to high-unlinked product family; high-risk benchmark topic: fleet; no detected blog photo-bank coverage","Add contextual SKU-level links from the target family pages and write a short product entity block."
"194","iBOLT Triple Suction Cup Base with Universal 4- Hole AMPS Pattern","ibolt-triple-suction-cup-base-with-universal-4-hole-amps-pattern","https://iboltmounts.com/products/ibolt-triple-suction-cup-base-with-universal-4-hole-amps-pattern","29.95","0","Trucking & Fleet; Road Trips & Travel; General Mounting Solutions","fleet; travel; amps/modular","fleet; travel; amps/modular","fleet","0","","","","","","Fleet, delivery, and vehicle phone mounts","No detected blog links; maps to high-risk topic(s): fleet; no detected blog links; belongs to high-unlinked product family; high-risk benchmark topic: fleet; no detected blog photo-bank coverage","Add contextual SKU-level links from the target family pages and write a short product entity block."
"193","iBOLT TabDock™ IncrediBOLT™ 360 Wedge - Heavy Duty Vehicle Console Seat Gap Mount for All 7"" - 10"" Tablets","ibolt-tabdocktm-incredibolttm-360-wedge-heavy-duty-vehicle-console-seat-gap-mount-for-all-7-10-tablets","https://iboltmounts.com/products/ibolt-tabdocktm-incredibolttm-360-wedge-heavy-duty-vehicle-console-seat-gap-mount-for-all-7-10-tablets","56.00","4","Road Trips & Travel; General Mounting Solutions","travel; amps/modular","travel; amps/modular; fleet; tablet","fleet; tablet","1","page-refresh-playbook; query-page-matrix; survivor-edit-tickets","https://iboltmounts.com/blogs/news/best-tablet-mount-for-utility-truck-crews","tickets/21-best-tablet-mount-for-utility-truck-crews.md","best tablet mount for food truck","Arkon; RAM Mounts; CTA Digital; Square; Tackform","","needed in benchmark-driven page modules; high-risk benchmark topic: fleet, tablet; no detected blog photo-bank coverage","Add or verify this product in the named page module with image, price, use case, and exact anchor text."
"192","iBOLT™ 25mm / 1 inch Composite Diamond 2-Hole AMPS Adapter Plate","ibolt-25mm-1-inch-composite-diamond-2-hole-amps-adapter-plate-for-industry-standard-dual-ball-socket-mounting-arms","https://iboltmounts.com/products/ibolt-25mm-1-inch-composite-diamond-2-hole-amps-adapter-plate-for-industry-standard-dual-ball-socket-mounting-arms","6.95","1","Fishing & Boating; Restaurants & Food Delivery; General Mounting Solutions","fishing; restaurant; amps/modular","fishing; restaurant; amps/modular; delivery","fishing; restaurant; delivery","1","page-refresh-playbook; query-page-matrix","https://iboltmounts.com/blogs/how-to-mount-a-fish-finder-to-your-boat-using-ibolt-mounts/best-kayak-fish-finder-mounts-secure-removable-aeo-refresh","","best kayak fish finder mount","RAM Mounts","","thin internal linking; needed in benchmark-driven page modules; high-risk benchmark topic: fishing, restaurant, delivery; no detected blog photo-bank coverage","Add or verify this product in the named page module with image, price, use case, and exact anchor text."
"192","iBOLT 38mm / 1.5-inch DualMag Industrial Strength Magnetic Base","ibolt-38mm-1-5-inch-dualmag-industrial-strength-magnetic-base","https://iboltmounts.com/products/ibolt-38mm-1-5-inch-dualmag-industrial-strength-magnetic-base","79.95","0","Forklifts & Warehousing; Content Creation & Streaming; General Mounting Solutions","warehouse; streaming; amps/modular","warehouse; streaming; amps/modular","warehouse","0","","","","","","Charging and magnetic phone docks","No detected blog links; maps to high-risk topic(s): warehouse; no detected blog links; belongs to high-unlinked product family; high-risk benchmark topic: warehouse; no detected blog photo-bank coverage","Add contextual SKU-level links from the target family pages and write a short product entity block."
"192","iBOLT AMPS Forklift Pillar Mount with 57mm (2.25-inch) Ball Joint and 5.25"" Metal Arm","ibolt-amps-monitor-pillar-mount-with-57mm-2-25-inch-ball-joint","https://iboltmounts.com/products/ibolt-amps-monitor-pillar-mount-with-57mm-2-25-inch-ball-joint","179.95","0","Forklifts & Warehousing; Road Trips & Travel; General Mounting Solutions","warehouse; travel; amps/modular","warehouse; travel; amps/modular","warehouse","0","","","","","","Forklift and warehouse mounts","No detected blog links; maps to high-risk topic(s): warehouse; no detected blog links; belongs to high-unlinked product family; high-risk benchmark topic: warehouse; no detected blog photo-bank coverage","Add contextual SKU-level links from the target family pages and write a short product entity block."
"192","iBOLT VESA 75x75 mm/ 100x100 mm IncrediBOLT™ Forklift Mount","ibolt-vesa-75x75-mm-100x100-mm-incredibolt-forklift-mount","https://iboltmounts.com/products/ibolt-vesa-75x75-mm-100x100-mm-incredibolt-forklift-mount","87.95","0","Forklifts & Warehousing; Road Trips & Travel; General Mounting Solutions","warehouse; travel; amps/modular","warehouse; travel; amps/modular","warehouse","0","","","","","","Forklift and warehouse mounts","No detected blog links; maps to high-risk topic(s): warehouse; no detected blog links; belongs to high-unlinked product family; high-risk benchmark topic: warehouse; no detected blog photo-bank coverage","Add contextual SKU-level links from the target family pages and write a short product entity block."
"192","iBOLT VESA 75x75 mm/ 100x100 mm Monitor Pillar Mount","ibolt-vesa-75x75-mm-100x100-mm-monitor-pillar-mount","https://iboltmounts.com/products/ibolt-vesa-75x75-mm-100x100-mm-monitor-pillar-mount","69.95","0","Forklifts & Warehousing; Road Trips & Travel; General Mounting Solutions","warehouse; travel; amps/modular","warehouse; travel; amps/modular","warehouse","0","","","","","","Forklift and warehouse mounts","No detected blog links; maps to high-risk topic(s): warehouse; no detected blog links; belongs to high-unlinked product family; high-risk benchmark topic: warehouse; no detected blog photo-bank coverage","Add contextual SKU-level links from the target family pages and write a short product entity block."
"192","iBOLT™ 38mm / 1.5 inch Metal AMPS to VESA 75 x 75 / VESA 100 x 100 Mount for Monitors, displays, or tv’s","ibamps-34269-ibolt-38mm-1-5-inch-metal-circular-amps-pattern-to-vesa-75-x-75-vesa-100-x-100-dual-ball-mount-for-monitors-displays-or-tv-s","https://iboltmounts.com/products/ibamps-34269-ibolt-38mm-1-5-inch-metal-circular-amps-pattern-to-vesa-75-x-75-vesa-100-x-100-dual-ball-mount-for-monitors-displays-or-tv-s","89.95","0","General Mounting Solutions","amps/modular","amps/modular; warehouse","warehouse","0","","","","","","Forklift and warehouse mounts","no detected blog links; belongs to high-unlinked product family; high-risk benchmark topic: warehouse; no detected blog photo-bank coverage","Add contextual SKU-level links from the target family pages and write a short product entity block."
"192","iBOLT™ 38mm / 1.5 inch Metal AMPS to VESA 75 x 75 Mount for Monitors, displays, or tv’s","ibamps-34233-ibolt-38mm-1-5-inch-metal-rectangular-amps-pattern-to-vesa-75-x-75-dual-ball-mount-for-monitors-displays-or-tv-s","https://iboltmounts.com/products/ibamps-34233-ibolt-38mm-1-5-inch-metal-rectangular-amps-pattern-to-vesa-75-x-75-dual-ball-mount-for-monitors-displays-or-tv-s","61.95","0","Restaurants & Food Delivery; General Mounting Solutions","restaurant; amps/modular","restaurant; amps/modular; delivery; warehouse","restaurant; delivery; warehouse","0","","","","","","Forklift and warehouse mounts","No detected blog links; maps to high-risk topic(s): restaurant; no detected blog links; belongs to high-unlinked product family; high-risk benchmark topic: restaurant, delivery, warehouse; no detected blog photo-bank coverage","Add contextual SKU-level links from the target family pages and write a short product entity block."
"192","iBOLT™ 38mm / 1.5 inch Metal Rectangular AMPS to VESA 75 x 75 / VESA 100 x 100 Mount","ibolt-38mm-1-5-inch-metal-rectangular-amps-pattern-to-vesa-75-x-75-vesa-100-x-100-5-75-inch-dual-ball-mount","https://iboltmounts.com/products/ibolt-38mm-1-5-inch-metal-rectangular-amps-pattern-to-vesa-75-x-75-vesa-100-x-100-5-75-inch-dual-ball-mount","69.95","0","Restaurants & Food Delivery; General Mounting Solutions","restaurant; amps/modular","restaurant; amps/modular; delivery; warehouse","restaurant; delivery; warehouse","0","","","","","","Forklift and warehouse mounts","No detected blog links; maps to high-risk topic(s): restaurant; no detected blog links; belongs to high-unlinked product family; high-risk benchmark topic: restaurant, delivery, warehouse; no detected blog photo-bank coverage","Add contextual SKU-level links from the target family pages and write a short product entity block."
"191","iBOLT Barcode Scanner Holder w/Industry Standard 1 inch / 25 mm Ball Connection","ibolt-barcode-scanner-holder-1-inch-25-mm-ball-amps-pattern-ibfl-34502","https://iboltmounts.com/products/ibolt-barcode-scanner-holder-1-inch-25-mm-ball-amps-pattern-ibfl-34502","27.00","0","Forklifts & Warehousing; General Mounting Solutions","warehouse; amps/modular","warehouse; amps/modular","warehouse","0","","","","","","Barcode scanner and warehouse scanning","No detected blog links; maps to high-risk topic(s): warehouse; no detected blog links; belongs to high-unlinked product family; high-risk benchmark topic: warehouse; no detected blog photo-bank coverage","Add contextual SKU-level links from the target family pages and write a short product entity block."
"191","iBOLT miniProXL AccessiBOLT Seat Track- for 2.2""-3.7"" screen phones- Great for Wheelchairs, Rehab Chairs, and Mobility Devices with a Track System","ibolt-miniproxl-accessibolt-seat-track-for-2-2-3-7-screen-phones-great-for-wheelchairs-rehab-chairs-and-mobility-devices-with-a-track-system","https://iboltmounts.com/products/ibolt-miniproxl-accessibolt-seat-track-for-2-2-3-7-screen-phones-great-for-wheelchairs-rehab-chairs-and-mobility-devices-with-a-track-system","115.00","0","Restaurants & Food Delivery; Road Trips & Travel; General Mounting Solutions","restaurant; travel; amps/modular","restaurant; travel; amps/modular; delivery","restaurant; delivery","0","","","","","","Restaurant POS and tablet security","No detected blog links; maps to high-risk topic(s): restaurant; no detected blog links; belongs to high-unlinked product family; high-risk benchmark topic: restaurant, delivery; no detected blog photo-bank coverage","Add contextual SKU-level links from the target family pages and write a short product entity block."
"191","iBOLT Moto-Vise™ Bizmount™ Heavy Duty 11mm Bolt mount","ibolt-moto-vise-bizmount-heavy-duty-11mm-bolt-mount","https://iboltmounts.com/products/ibolt-moto-vise-bizmount-heavy-duty-11mm-bolt-mount","39.95","0","Forklifts & Warehousing; Mountain Biking & Cycling; General Mounting Solutions","warehouse; cycling; amps/modular","warehouse; cycling; amps/modular","warehouse","0","","","","","","Cycling, motorcycle, and powersports","No detected blog links; maps to high-risk topic(s): warehouse; no detected blog links; belongs to high-unlinked product family; high-risk benchmark topic: warehouse; no detected blog photo-bank coverage","Add contextual SKU-level links from the target family pages and write a short product entity block."
"191","iBOLT Moto-Vise™ Bizmount™ Heavy Duty 9mm Bolt mount for Motorcycles mirror frames","ibolt-moto-vise-phone-mount-9mm-bolt-mount-for-motorcycles-mirror-frames-ibmc-34722","https://iboltmounts.com/products/ibolt-moto-vise-phone-mount-9mm-bolt-mount-for-motorcycles-mirror-frames-ibmc-34722","39.95","0","Forklifts & Warehousing; Mountain Biking & Cycling; General Mounting Solutions","warehouse; cycling; amps/modular","warehouse; cycling; amps/modular","warehouse","0","","","","","","Cycling, motorcycle, and powersports","No detected blog links; maps to high-risk topic(s): warehouse; no detected blog links; belongs to high-unlinked product family; high-risk benchmark topic: warehouse; no detected blog photo-bank coverage","Add contextual SKU-level links from the target family pages and write a short product entity block."
"191","iBOLT Moto-Vise™ Forklift BizMount™ Pillar Mount","ibolt-motovise-forklift-bizmount-pillar-mount","https://iboltmounts.com/products/ibolt-motovise-forklift-bizmount-pillar-mount","79.95","0","Forklifts & Warehousing; General Mounting Solutions","warehouse; amps/modular","warehouse; amps/modular","warehouse","0","","","","","","Cycling, motorcycle, and powersports","No detected blog links; maps to high-risk topic(s): warehouse; no detected blog links; belongs to high-unlinked product family; high-risk benchmark topic: warehouse; no detected blog photo-bank coverage","Add contextual SKU-level links from the target family pages and write a short product entity block."
"191","iBOLT VESA 75x75 mm/ 100x100 mm Dual XL Barcode Scanner Forklift Pillar Mount","ibolt-vesa-75x75-mm-100x100-mm-dual-xl-barcode-scanner-forklift-pillar-mount","https://iboltmounts.com/products/ibolt-vesa-75x75-mm-100x100-mm-dual-xl-barcode-scanner-forklift-pillar-mount","139.95","0","Forklifts & Warehousing; Road Trips & Travel; General Mounting Solutions","warehouse; travel; amps/modular","warehouse; travel; amps/modular","warehouse","0","","","","","","Barcode scanner and warehouse scanning","No detected blog links; maps to high-risk topic(s): warehouse; no detected blog links; belongs to high-unlinked product family; high-risk benchmark topic: warehouse; no detected blog photo-bank coverage","Add contextual SKU-level links from the target family pages and write a short product entity block."
"191","iBOLT XL Barcode Scanner Forklift Pillar Mount for Warehouse Vehicles, Inventory Management, and Material Handling","ibolt-xl-barcode-scanner-forklift-pillar-mount-for-warehouse-vehicles-inventory-management-and-material-handling","https://iboltmounts.com/products/ibolt-xl-barcode-scanner-forklift-pillar-mount-for-warehouse-vehicles-inventory-management-and-material-handling","72.00","0","Forklifts & Warehousing; Road Trips & Travel; General Mounting Solutions","warehouse; travel; amps/modular","warehouse; travel; amps/modular","warehouse","0","","","","","","Barcode scanner and warehouse scanning","No detected blog links; maps to high-risk topic(s): warehouse; no detected blog links; belongs to high-unlinked product family; high-risk benchmark topic: warehouse; no detected blog photo-bank coverage","Add contextual SKU-level links from the target family pages and write a short product entity block."
"191","iBOLT XL Barcode Scanner IncrediBOLT™ 360 Forklift Pillar Mount","ibolt-xl-barcode-scanner-incredibolt-360-forklift-pillar-mount","https://iboltmounts.com/products/ibolt-xl-barcode-scanner-incredibolt-360-forklift-pillar-mount","91.95","0","Forklifts & Warehousing; General Mounting Solutions","warehouse; amps/modular","warehouse; amps/modular","warehouse","0","","","","","","Barcode scanner and warehouse scanning","No detected blog links; maps to high-risk topic(s): warehouse; no detected blog links; belongs to high-unlinked product family; high-risk benchmark topic: warehouse; no detected blog photo-bank coverage","Add contextual SKU-level links from the target family pages and write a short product entity block."
"191","iBOLT XL Barcode Scanner Magnetic Forklift Mount","ibolt-xl-barcode-scanner-magnetic-forklift-mount","https://iboltmounts.com/products/ibolt-xl-barcode-scanner-magnetic-forklift-mount","139.95","0","Forklifts & Warehousing; General Mounting Solutions","warehouse; amps/modular","warehouse; amps/modular","warehouse","0","","","","","","Barcode scanner and warehouse scanning","No detected blog links; maps to high-risk topic(s): warehouse; no detected blog links; belongs to high-unlinked product family; high-risk benchmark topic: warehouse; no detected blog photo-bank coverage","Add contextual SKU-level links from the target family pages and write a short product entity block."
"191","iBOLT XL Barcode Scanner Magnetic Mount – Heavy-Duty 88mm Magnetic Base for Warehouse Vehicles, Inventory Management & Material Handling","ibolt-xl-barcode-scanner-magnetic-mount-heavy-duty-88mm-magnetic-base-for-warehouse-vehicles-inventory-management-material-handling","https://iboltmounts.com/products/ibolt-xl-barcode-scanner-magnetic-mount-heavy-duty-88mm-magnetic-base-for-warehouse-vehicles-inventory-management-material-handling","67.95","0","Forklifts & Warehousing; Restaurants & Food Delivery; Road Trips & Travel; General Mounting Solutions","warehouse; restaurant; travel; amps/modular","warehouse; restaurant; travel; amps/modular; delivery","warehouse; restaurant; delivery","0","","","","","","Barcode scanner and warehouse scanning","No detected blog links; maps to high-risk topic(s): warehouse, restaurant; no detected blog links; belongs to high-unlinked product family; high-risk benchmark topic: warehouse, restaurant, delivery; no detected blog photo-bank coverage","Add contextual SKU-level links from the target family pages and write a short product entity block."
"191","iBOLT™ Barcode Scanner Holder w/ Industry Standard AMPS Connection","forklift-barcode-scanner-holder-amps-pattern-21290","https://iboltmounts.com/products/forklift-barcode-scanner-holder-amps-pattern-21290","24.00","0","Forklifts & Warehousing; General Mounting Solutions","warehouse; amps/modular","warehouse; amps/modular","warehouse","0","","","","","","Barcode scanner and warehouse scanning","No detected blog links; maps to high-risk topic(s): warehouse; no detected blog links; belongs to high-unlinked product family; high-risk benchmark topic: warehouse; no detected blog photo-bank coverage","Add contextual SKU-level links from the target family pages and write a short product entity block."
"190","iBOLT 17mm Dual Ball Vertical Clamp Mount for Handlebars, Poles, Posts for Garmin GPS Systems and iBOLT Phone Holders","ibolt-17mm-dual-ball-vertical-clamp-mount-for-handlebars-poles-posts-compatible-w-garmin-gps-systems","https://iboltmounts.com/products/ibolt-17mm-dual-ball-vertical-clamp-mount-for-handlebars-poles-posts-compatible-w-garmin-gps-systems","24.95","0","Restaurants & Food Delivery; Mountain Biking & Cycling; General Mounting Solutions","restaurant; cycling; amps/modular","restaurant; cycling; amps/modular; delivery","restaurant; delivery","0","","","","","","Marine electronics and fish finder mounts","No detected blog links; maps to high-risk topic(s): restaurant; no detected blog links; belongs to high-unlinked product family; high-risk benchmark topic: restaurant, delivery; no detected blog photo-bank coverage","Add contextual SKU-level links from the target family pages and write a short product entity block."
"190","iBOLT™ 1 inch / 25mm Aluminum Motorcycle / Bicycle Handlebar, Pole, Post mount","ibolt-1-inch-25mm-aluminum-motorcycle-bicycle-handlebar-pole-post-mount","https://iboltmounts.com/products/ibolt-1-inch-25mm-aluminum-motorcycle-bicycle-handlebar-pole-post-mount","29.95","0","Restaurants & Food Delivery; Mountain Biking & Cycling; General Mounting Solutions","restaurant; cycling; amps/modular","restaurant; cycling; amps/modular; delivery","restaurant; delivery","0","","","","","","Cycling, motorcycle, and powersports","No detected blog links; maps to high-risk topic(s): restaurant; no detected blog links; belongs to high-unlinked product family; high-risk benchmark topic: restaurant, delivery; no detected blog photo-bank coverage","Add contextual SKU-level links from the target family pages and write a short product entity block."
"190","iBOLT™ 1 inch / 25mm Composite Motorcycle / Bicycle Handlebar, Pole, Post mount","ibolt-1-inch-25mm-composite-motorcycle-bicycle-handlebar-pole-post-mount","https://iboltmounts.com/products/ibolt-1-inch-25mm-composite-motorcycle-bicycle-handlebar-pole-post-mount","14.00","0","Restaurants & Food Delivery; Mountain Biking & Cycling; General Mounting Solutions","restaurant; cycling; amps/modular","restaurant; cycling; amps/modular; delivery","restaurant; delivery","0","","","","","","Cycling, motorcycle, and powersports","No detected blog links; maps to high-risk topic(s): restaurant; no detected blog links; belongs to high-unlinked product family; high-risk benchmark topic: restaurant, delivery; no detected blog photo-bank coverage","Add contextual SKU-level links from the target family pages and write a short product entity block."
"190","iBOLT™ 17mm Clamp Mount for Handlebars, Poles, Posts","ibolt-17mm-clamp-mount-for-handlebars-poles-posts-compatible-with-garmin-gps-systems-and-ibolt-smartphone-holders","https://iboltmounts.com/products/ibolt-17mm-clamp-mount-for-handlebars-poles-posts-compatible-with-garmin-gps-systems-and-ibolt-smartphone-holders","14.95","0","Restaurants & Food Delivery; Mountain Biking & Cycling; General Mounting Solutions","restaurant; cycling; amps/modular","restaurant; cycling; amps/modular; delivery","restaurant; delivery","0","","","","","","Marine electronics and fish finder mounts","No detected blog links; maps to high-risk topic(s): restaurant; no detected blog links; belongs to high-unlinked product family; high-risk benchmark topic: restaurant, delivery; no detected blog photo-bank coverage","Add contextual SKU-level links from the target family pages and write a short product entity block."
"190","iBOLT™ 22mm Clamp Mount for Handlebars, poles, posts","ibolt-22mm-clamp-mount-for-handlebars-poles-posts-and-industry-standard-22mm-ball-mounts","https://iboltmounts.com/products/ibolt-22mm-clamp-mount-for-handlebars-poles-posts-and-industry-standard-22mm-ball-mounts","11.95","0","Restaurants & Food Delivery; Content Creation & Streaming; Mountain Biking & Cycling; General Mounting Solutions","restaurant; streaming; cycling; amps/modular","restaurant; streaming; cycling; amps/modular; delivery","restaurant; delivery","0","","","","","","Cycling, motorcycle, and powersports","No detected blog links; maps to high-risk topic(s): restaurant; no detected blog links; belongs to high-unlinked product family; high-risk benchmark topic: restaurant, delivery; no detected blog photo-bank coverage","Add contextual SKU-level links from the target family pages and write a short product entity block."
"190","iBOLT™ 25mm / 1 inch Ball to Clamp Post / Pole / Handlebar Mount","ibolt-25mm-1-inch-ball-to-clamp-post-pole-handlebar-mount-base-adapter","https://iboltmounts.com/products/ibolt-25mm-1-inch-ball-to-clamp-post-pole-handlebar-mount-base-adapter","19.95","0","Restaurants & Food Delivery; Road Trips & Travel; Mountain Biking & Cycling; General Mounting Solutions","restaurant; travel; cycling; amps/modular","restaurant; travel; cycling; amps/modular; delivery","restaurant; delivery","0","","","","","","Cycling, motorcycle, and powersports","No detected blog links; maps to high-risk topic(s): restaurant; no detected blog links; belongs to high-unlinked product family; high-risk benchmark topic: restaurant, delivery; no detected blog photo-bank coverage","Add contextual SKU-level links from the target family pages and write a short product entity block."
"190","iBOLT™ 38mm / 1.5 inch Ball to Clamp Post / Pole / Handlebar Mount","ibolt™-38mm-1-5-inch-ball-to-clamp-post-pole-handlebar-mount","https://iboltmounts.com/products/ibolt™-38mm-1-5-inch-ball-to-clamp-post-pole-handlebar-mount","32.95","0","Restaurants & Food Delivery; Road Trips & Travel; Mountain Biking & Cycling; General Mounting Solutions","restaurant; travel; cycling; amps/modular","restaurant; travel; cycling; amps/modular; delivery","restaurant; delivery","0","","","","","","Cycling, motorcycle, and powersports","No detected blog links; maps to high-risk topic(s): restaurant; no detected blog links; belongs to high-unlinked product family; high-risk benchmark topic: restaurant, delivery; no detected blog photo-bank coverage","Add contextual SKU-level links from the target family pages and write a short product entity block."
"189","iBOLT TabDock POS Tablet Stand","ibolt-tabdock-pos-tablet-stand","https://iboltmounts.com/products/ibolt-tabdock-pos-tablet-stand","79.95","6","Restaurants & Food Delivery; Kitchen & Home; General Mounting Solutions","restaurant; kitchen; amps/modular","restaurant; kitchen; amps/modular; delivery; tablet","restaurant; delivery; tablet","1","page-refresh-playbook; query-page-matrix","https://iboltmounts.com/blogs/news/best-phone-mount-delivery-drivers-aeo-refresh","","best phone mount for delivery drivers","iOttie; RAM Mounts; ProClip","","needed in benchmark-driven page modules; high-risk benchmark topic: restaurant, delivery, tablet; no detected blog photo-bank coverage","Add or verify this product in the named page module with image, price, use case, and exact anchor text."
"182","iBOLT Universal Marine & Electronics Mounting Plate","ibolt-universal-marine-electronics-mounting-plate","https://iboltmounts.com/products/ibolt-universal-marine-electronics-mounting-plate","12.95","14","Fishing & Boating; Restaurants & Food Delivery; General Mounting Solutions","fishing; restaurant; amps/modular","fishing; restaurant; amps/modular; delivery","fishing; restaurant; delivery","1","page-refresh-playbook; query-page-matrix; survivor-edit-tickets","https://iboltmounts.com/blogs/how-to-mount-a-fish-finder-to-your-boat-using-ibolt-mounts/best-kayak-fish-finder-mounts-secure-removable-aeo-refresh","tickets/17-choosing-the-best-kayak-fish-finder-mount-for-secure-and-convenient-fishing.md","best kayak fish finder mount","RAM Mounts","","needed in benchmark-driven page modules; high-risk benchmark topic: fishing, restaurant, delivery; no detected blog photo-bank coverage","Add or verify this product in the named page module with image, price, use case, and exact anchor text."
"182","iBOLT™ 38mm / 1.5 inch Metal AMPS Round Adapter Plate","ibolt-38mm-1-5-inch-metal-amps-round-adapter-plate-for-industry-standard-dual-ball-socket-mounting-arms","https://iboltmounts.com/products/ibolt-38mm-1-5-inch-metal-amps-round-adapter-plate-for-industry-standard-dual-ball-socket-mounting-arms","13.95","0","Fishing & Boating; General Mounting Solutions","fishing; amps/modular","fishing; amps/modular","fishing","0","","","","","","","No detected blog links; maps to high-risk topic(s): fishing; no detected blog links; high-risk benchmark topic: fishing; no detected blog photo-bank coverage","Add contextual SKU-level links from the target family pages and write a short product entity block."
"175","iBOLT™ Dock'n Lock Bizmount™ AMPS- Heavy Duty Industrial Composite Locking drill base Mount for all 7"" - 10"" tablets","ibolt-dock-n-lock-bizmount-heavy-duty-industrial-composite-locking-drill-base-mount","https://iboltmounts.com/products/ibolt-dock-n-lock-bizmount-heavy-duty-industrial-composite-locking-drill-base-mount","49.95","4","Forklifts & Warehousing; Trucking & Fleet; Off-Roading & Jeep; Restaurants & Food Delivery; Education & Schools; Agriculture & Farming; Kitchen & Home; Road Trips & Travel; Mountain Biking & Cycling; General Mounting Solutions","warehouse; fleet; offroad; restaurant; education; agriculture; kitchen; travel; cycling; amps/modular","warehouse; fleet; offroad; restaurant; education; agriculture; kitchen; travel; cycling; amps/modular; delivery","warehouse; fleet; restaurant; delivery","2","page-refresh-playbook; query-page-matrix; survivor-edit-tickets","https://iboltmounts.com/blogs/news/ibolt-vs-bouncepad-vs-mount-it-for-restaurant-tablet-security; https://iboltmounts.com/blogs/news/ibolt-dockn-lock-for-restaurant-counters","tickets/13-ibolt-vs-bouncepad-vs-mount-it-for-restaurant-tablet-security.md; tickets/26-ibolt-dock-n-lock-for-restaurant-counters.md","iBolt vs Bouncepad vs Mount-It for restaurant tablet security; iBolt Dock’n Lock for restaurant counters","Bouncepad; Mount-It; RAM Mounts; Arkon; CTA Digital; Kensington","","needed in benchmark-driven page modules; high-risk benchmark topic: warehouse, fleet, restaurant, delivery; no detected blog photo-bank coverage","Add or verify this product in the named page module with image, price, use case, and exact anchor text."
"170","iBOLT Action Camera IncrediBOLT 360 Heavy Duty Triple Suction Cup Mount","ibolt-action-camera-incredibolt-360-heavy-duty-triple-suction-cup-mount","https://iboltmounts.com/products/ibolt-action-camera-incredibolt-360-heavy-duty-triple-suction-cup-mount","55.95","0","Trucking & Fleet; Restaurants & Food Delivery; Content Creation & Streaming; Road Trips & Travel; General Mounting Solutions","fleet; restaurant; streaming; travel; amps/modular","fleet; restaurant; streaming; travel; amps/modular; delivery","fleet; restaurant; delivery","0","","","","","","","No detected blog links; maps to high-risk topic(s): fleet, restaurant; no detected blog links; high-risk benchmark topic: fleet, restaurant, delivery; no detected blog photo-bank coverage","Add contextual SKU-level links from the target family pages and write a short product entity block."
"170","iBOLT™ 25mm / 1 inch Heavy Duty Metal Ball Suction Cup Base","ibolt-25mm-1-inch-heavy-duty-metal-ball-suction-cup-base","https://iboltmounts.com/products/ibolt-25mm-1-inch-heavy-duty-metal-ball-suction-cup-base","29.95","0","Forklifts & Warehousing; Trucking & Fleet; Restaurants & Food Delivery; Road Trips & Travel; General Mounting Solutions","warehouse; fleet; restaurant; travel; amps/modular","warehouse; fleet; restaurant; travel; amps/modular; delivery","warehouse; fleet; restaurant; delivery","0","","","","","","","No detected blog links; maps to high-risk topic(s): warehouse, fleet, restaurant; no detected blog links; high-risk benchmark topic: warehouse, fleet, restaurant, delivery; no detected blog photo-bank coverage","Add contextual SKU-level links from the target family pages and write a short product entity block."
"170","iBOLT™ 80mm Suction Cup Adhesive Dash Discs","adhesive-dash-discs-suction-cup-phone-mounts-holder","https://iboltmounts.com/products/adhesive-dash-discs-suction-cup-phone-mounts-holder","7.99","0","Trucking & Fleet; Road Trips & Travel; General Mounting Solutions","fleet; travel; amps/modular","fleet; travel; amps/modular","fleet","0","","","","","","","No detected blog links; maps to high-risk topic(s): fleet; no detected blog links; high-risk benchmark topic: fleet; no detected blog photo-bank coverage","Add contextual SKU-level links from the target family pages and write a short product entity block."
"170","iBOLT™ ROK 3 Suction Mount","17mm-rok-3-suction-mount-car-docks-phone-mounts-holder-22112","https://iboltmounts.com/products/17mm-rok-3-suction-mount-car-docks-phone-mounts-holder-22112","14.99","0","Trucking & Fleet; Road Trips & Travel; General Mounting Solutions","fleet; travel; amps/modular","fleet; travel; amps/modular","fleet","0","","","","","","","No detected blog links; maps to high-risk topic(s): fleet; no detected blog links; high-risk benchmark topic: fleet; no detected blog photo-bank coverage","Add contextual SKU-level links from the target family pages and write a short product entity block."
"168","iBOLT XL Barcode Scanner BizMount Magnetic Mount","ibolt-xl-barcode-scanner-bizmount-magnetic-mount-heavy-duty-88mm-magnetic-base-for-warehouse-vehicles-inventory-management-material-handling","https://iboltmounts.com/products/ibolt-xl-barcode-scanner-bizmount-magnetic-mount-heavy-duty-88mm-magnetic-base-for-warehouse-vehicles-inventory-management-material-handling","80.00","3","Forklifts & Warehousing; Restaurants & Food Delivery; Road Trips & Travel; General Mounting Solutions","warehouse; restaurant; travel; amps/modular","warehouse; restaurant; travel; amps/modular; delivery","warehouse; restaurant; delivery","1","page-refresh-playbook; query-page-matrix; survivor-edit-tickets","https://iboltmounts.com/blogs/news/best-barcode-scanner-mounts-for-forklifts-and-warehouses-2026","tickets/18-barcode-scanner-mounts.md","best barcode scanner mount for forklift","Havis; RAM Mounts; Zebra; Arkon; ProClip; Square","","needed in benchmark-driven page modules; high-risk benchmark topic: warehouse, restaurant, delivery; no detected blog photo-bank coverage","Add or verify this product in the named page module with image, price, use case, and exact anchor text."
"168","iBOLT XL Barcode Scanner IncrediBOLT 360 Magnetic Mount","ibolt-xl-barcode-scanner-incredibolt-360-magnetic-mount-heavy-duty-88mm-magnetic-base-for-warehouse-vehicles-inventory-management-material-handling","https://iboltmounts.com/products/ibolt-xl-barcode-scanner-incredibolt-360-magnetic-mount-heavy-duty-88mm-magnetic-base-for-warehouse-vehicles-inventory-management-material-handling","83.95","3","Forklifts & Warehousing; Restaurants & Food Delivery; Road Trips & Travel; General Mounting Solutions","warehouse; restaurant; travel; amps/modular","warehouse; restaurant; travel; amps/modular; delivery","warehouse; restaurant; delivery","1","page-refresh-playbook; query-page-matrix; survivor-edit-tickets","https://iboltmounts.com/blogs/news/best-barcode-scanner-mounts-for-forklifts-and-warehouses-2026","tickets/18-barcode-scanner-mounts.md","best barcode scanner mount for forklift","Havis; RAM Mounts; Zebra; Arkon; ProClip; Square","","needed in benchmark-driven page modules; high-risk benchmark topic: warehouse, restaurant, delivery; no detected blog photo-bank coverage","Add or verify this product in the named page module with image, price, use case, and exact anchor text."
"168","iBOLT XL Barcode Scanner triMag Low-Profile Strong Magnetic Mount","ibolt-xl-barcode-scanner-dualmag-low-profile-strong-magnetic-mount","https://iboltmounts.com/products/ibolt-xl-barcode-scanner-dualmag-low-profile-strong-magnetic-mount","67.95","3","Forklifts & Warehousing; Restaurants & Food Delivery; General Mounting Solutions","warehouse; restaurant; amps/modular","warehouse; restaurant; amps/modular; delivery","warehouse; restaurant; delivery","1","page-refresh-playbook; query-page-matrix; survivor-edit-tickets","https://iboltmounts.com/blogs/news/best-barcode-scanner-mounts-for-forklifts-and-warehouses-2026","tickets/18-barcode-scanner-mounts.md","best barcode scanner mount for forklift","Havis; RAM Mounts; Zebra; Arkon; ProClip; Square","","needed in benchmark-driven page modules; high-risk benchmark topic: warehouse, restaurant, delivery; no detected blog photo-bank coverage","Add or verify this product in the named page module with image, price, use case, and exact anchor text."
"168","iBOLT Moto-Vise™ Bizmount™ 88mm Diameter Magnetic Mount Bizmount™ w/ 1 / 4 20 Camera Screw","ibolt-moto-vise-bizmount-88mm-diameter-magnetic-mount-bizmount-w-1-4-20-camera-screw","https://iboltmounts.com/products/ibolt-moto-vise-bizmount-88mm-diameter-magnetic-mount-bizmount-w-1-4-20-camera-screw","44.95","0","Forklifts & Warehousing; Content Creation & Streaming; Kitchen & Home; General Mounting Solutions","warehouse; streaming; kitchen; amps/modular","warehouse; streaming; kitchen; amps/modular","warehouse","0","","","","","","","No detected blog links; maps to high-risk topic(s): warehouse; no detected blog links; high-risk benchmark topic: warehouse; no detected blog photo-bank coverage","Add contextual SKU-level links from the target family pages and write a short product entity block."
"168","iBOLT™ 20mm ball to Metal VESA 75 / 100 adapter","20mm-ball-vesa75-100-metal-vesa-mount-23510","https://iboltmounts.com/products/20mm-ball-vesa75-100-metal-vesa-mount-23510","17.95","0","General Mounting Solutions","amps/modular","amps/modular; warehouse","warehouse","0","","","","","","","no detected blog links; high-risk benchmark topic: warehouse; no detected blog photo-bank coverage","Add contextual SKU-level links from the target family pages and write a short product entity block."
"168","iBOLT™ 25mm/ 1 inch/ B Size Adjustable Cupholder Mount","25mm-1-inch-ball-b-size-adjustable-cupholder-mount-22159","https://iboltmounts.com/products/25mm-1-inch-ball-b-size-adjustable-cupholder-mount-22159","37.00","0","Forklifts & Warehousing; Road Trips & Travel; General Mounting Solutions","warehouse; travel; amps/modular","warehouse; travel; amps/modular","warehouse","0","","","","","","","No detected blog links; maps to high-risk topic(s): warehouse; no detected blog links; high-risk benchmark topic: warehouse; no detected blog photo-bank coverage","Add contextual SKU-level links from the target family pages and write a short product entity block."
"168","iBOLT™ 25MM/ 1 INCH/ B SIZE Metal C-Clamp Mount","25mm-1-inch-ball-b-size-adjustable-clamp-mount-22174","https://iboltmounts.com/products/25mm-1-inch-ball-b-size-adjustable-clamp-mount-22174","15.95","0","Forklifts & Warehousing; Education & Schools; Kitchen & Home; Road Trips & Travel; General Mounting Solutions","warehouse; education; kitchen; travel; amps/modular","warehouse; education; kitchen; travel; amps/modular","warehouse","0","","","","","","","No detected blog links; maps to high-risk topic(s): warehouse; no detected blog links; high-risk benchmark topic: warehouse; no detected blog photo-bank coverage","Add contextual SKU-level links from the target family pages and write a short product entity block."
"168","iBOLT™ 38mm / 1.5 inch Composite AMPS to ¼ 20” Metal Camera Screw Mount","ibolt-38mm-1-5-inch-composite-rectangular-amps-pattern-to-20-metal-camera-screw-dual-ball-mount-featuring-a-8-5-inch-aluminum-38mm-bizmount-arm","https://iboltmounts.com/products/ibolt-38mm-1-5-inch-composite-rectangular-amps-pattern-to-20-metal-camera-screw-dual-ball-mount-featuring-a-8-5-inch-aluminum-38mm-bizmount-arm","62.95","0","Forklifts & Warehousing; Restaurants & Food Delivery; Content Creation & Streaming; General Mounting Solutions","warehouse; restaurant; streaming; amps/modular","warehouse; restaurant; streaming; amps/modular; delivery","warehouse; restaurant; delivery","0","","","","","","","No detected blog links; maps to high-risk topic(s): warehouse, restaurant; no detected blog links; high-risk benchmark topic: warehouse, restaurant, delivery; no detected blog photo-bank coverage","Add contextual SKU-level links from the target family pages and write a short product entity block."
"168","iBOLT™ 38mm / 1.5 inch Composite Diamond AMPS to ¼ 20” Camera Screw Mount","ibolt-38mm-1-5-inch-composite-diamond-amps-pattern-to-20-composite-camera-screw-dual-ball-mount-featuring-a-5-75-inch-composite-38mm-bizmount-arm","https://iboltmounts.com/products/ibolt-38mm-1-5-inch-composite-diamond-amps-pattern-to-20-composite-camera-screw-dual-ball-mount-featuring-a-5-75-inch-composite-38mm-bizmount-arm","32.95","0","Forklifts & Warehousing; Restaurants & Food Delivery; Content Creation & Streaming; General Mounting Solutions","warehouse; restaurant; streaming; amps/modular","warehouse; restaurant; streaming; amps/modular; delivery","warehouse; restaurant; delivery","0","","","","","","","No detected blog links; maps to high-risk topic(s): warehouse, restaurant; no detected blog links; high-risk benchmark topic: warehouse, restaurant, delivery; no detected blog photo-bank coverage","Add contextual SKU-level links from the target family pages and write a short product entity block."
"168","iBOLT™ 38mm / 1.5 inch Composite Diamond AMPS to ¼ 20” Composite Camera Screw Mount","ibolt-38mm-1-5-inch-composite-diamond-amps-pattern-to-20-composite-camera-screw-dual-ball-mount-featuring-a-3-5-inch-composite-38mm-bizmount-arm","https://iboltmounts.com/products/ibolt-38mm-1-5-inch-composite-diamond-amps-pattern-to-20-composite-camera-screw-dual-ball-mount-featuring-a-3-5-inch-composite-38mm-bizmount-arm","24.95","0","Forklifts & Warehousing; Restaurants & Food Delivery; Content Creation & Streaming; General Mounting Solutions","warehouse; restaurant; streaming; amps/modular","warehouse; restaurant; streaming; amps/modular; delivery","warehouse; restaurant; delivery","0","","","","","","","No detected blog links; maps to high-risk topic(s): warehouse, restaurant; no detected blog links; high-risk benchmark topic: warehouse, restaurant, delivery; no detected blog photo-bank coverage","Add contextual SKU-level links from the target family pages and write a short product entity block."
"168","iBOLT™ 38mm / 1.5 inch Composite Rectangular AMPS to ¼ 20” Composite Camera Screw Mount","ibolt-38mm-1-5-inch-composite-rectangular-amps-pattern-to-20-composite-camera-screw-dual-ball-mount-featuring-a-3-5-inch-composite-38mm-bizmount-arm","https://iboltmounts.com/products/ibolt-38mm-1-5-inch-composite-rectangular-amps-pattern-to-20-composite-camera-screw-dual-ball-mount-featuring-a-3-5-inch-composite-38mm-bizmount-arm","23.95","0","Forklifts & Warehousing; Restaurants & Food Delivery; Content Creation & Streaming; General Mounting Solutions","warehouse; restaurant; streaming; amps/modular","warehouse; restaurant; streaming; amps/modular; delivery","warehouse; restaurant; delivery","0","","","","","","","No detected blog links; maps to high-risk topic(s): warehouse, restaurant; no detected blog links; high-risk benchmark topic: warehouse, restaurant, delivery; no detected blog photo-bank coverage","Add contextual SKU-level links from the target family pages and write a short product entity block."
"168","iBOLT™ 38mm / 1.5 inch Composite Rectangular AMPS to AMPS Mount","ibolt-38mm-1-5-inch-composite-rectangular-amps-pattern-to-amps-pattern-drill-base-dual-ball-mount-featuring-a-5-75-inch-composite-38mm-bizmount-arm","https://iboltmounts.com/products/ibolt-38mm-1-5-inch-composite-rectangular-amps-pattern-to-amps-pattern-drill-base-dual-ball-mount-featuring-a-5-75-inch-composite-38mm-bizmount-arm","29.95","0","Forklifts & Warehousing; Restaurants & Food Delivery; General Mounting Solutions","warehouse; restaurant; amps/modular","warehouse; restaurant; amps/modular; delivery","warehouse; restaurant; delivery","0","","","","","","","No detected blog links; maps to high-risk topic(s): warehouse, restaurant; no detected blog links; high-risk benchmark topic: warehouse, restaurant, delivery; no detected blog photo-bank coverage","Add contextual SKU-level links from the target family pages and write a short product entity block."
"168","iBOLT™ 38mm / 1.5 inch Metal AMPS Pattern to VESA 75 x 75 Mount for Monitors, displays, or tv’s","ibamps-34211-ibolt-38mm-1-5-inch-metal-rectangular-amps-pattern-to-vesa-75-x-75-dual-ball-mount-for-monitors-displays-or-tv-s","https://iboltmounts.com/products/ibamps-34211-ibolt-38mm-1-5-inch-metal-rectangular-amps-pattern-to-vesa-75-x-75-dual-ball-mount-for-monitors-displays-or-tv-s","52.95","0","General Mounting Solutions","amps/modular","amps/modular; warehouse","warehouse","0","","","","","","","no detected blog links; high-risk benchmark topic: warehouse; no detected blog photo-bank coverage","Add contextual SKU-level links from the target family pages and write a short product entity block."
"168","iBOLT™ 38mm / 1.5 inch Metal AMPS to ¼ 20” Camera Screw Mount","ibolt-38mm-1-5-inch-metal-rectangular-amps-pattern-to-20-composite-camera-screw-dual-ball-mount-featuring-a-3-5-inch-composite-38mm-bizmount-arm","https://iboltmounts.com/products/ibolt-38mm-1-5-inch-metal-rectangular-amps-pattern-to-20-composite-camera-screw-dual-ball-mount-featuring-a-3-5-inch-composite-38mm-bizmount-arm","29.95","0","Forklifts & Warehousing; Restaurants & Food Delivery; Content Creation & Streaming; General Mounting Solutions","warehouse; restaurant; streaming; amps/modular","warehouse; restaurant; streaming; amps/modular; delivery","warehouse; restaurant; delivery","0","","","","","","","No detected blog links; maps to high-risk topic(s): warehouse, restaurant; no detected blog links; high-risk benchmark topic: warehouse, restaurant, delivery; no detected blog photo-bank coverage","Add contextual SKU-level links from the target family pages and write a short product entity block."
"168","iBOLT™ 38mm / 1.5 inch Metal AMPS to ¼ 20” Composite Camera Screw Mount","ibolt-38mm-1-5-inch-metal-rectangular-amps-pattern-to-20-composite-camera-screw-dual-ball-mount-featuring-a-8-5-inch-aluminum-38mm-bizmount-arm","https://iboltmounts.com/products/ibolt-38mm-1-5-inch-metal-rectangular-amps-pattern-to-20-composite-camera-screw-dual-ball-mount-featuring-a-8-5-inch-aluminum-38mm-bizmount-arm","57.95","0","Forklifts & Warehousing; Restaurants & Food Delivery; Content Creation & Streaming; General Mounting Solutions","warehouse; restaurant; streaming; amps/modular","warehouse; restaurant; streaming; amps/modular; delivery","warehouse; restaurant; delivery","0","","","","","","","No detected blog links; maps to high-risk topic(s): warehouse, restaurant; no detected blog links; high-risk benchmark topic: warehouse, restaurant, delivery; no detected blog photo-bank coverage","Add contextual SKU-level links from the target family pages and write a short product entity block."
"168","iBOLT™ 38mm / 1.5 inch Metal AMPS to VESA 75 x 75 / VESA 100 x 100 Mount","ibolt-38mm-1-5-inch-metal-rectangular-amps-to-vesa-75-x-75-vesa-100-x-100-8-5-inch-dual-ball-mount","https://iboltmounts.com/products/ibolt-38mm-1-5-inch-metal-rectangular-amps-to-vesa-75-x-75-vesa-100-x-100-8-5-inch-dual-ball-mount","88.95","0","General Mounting Solutions","amps/modular","amps/modular; warehouse","warehouse","0","","","","","","","no detected blog links; high-risk benchmark topic: warehouse; no detected blog photo-bank coverage","Add contextual SKU-level links from the target family pages and write a short product entity block."
"168","iBOLT™ 38mm / 1.5 inch Metal AMPS to VESA 75 x 75 / VESA 100 x 100 Mount","ibolt-38mm-1-5-inch-metal-amps-to-vesa-75-x-75-vesa-100-x-100-5-inch-dual-ball-mount","https://iboltmounts.com/products/ibolt-38mm-1-5-inch-metal-amps-to-vesa-75-x-75-vesa-100-x-100-5-inch-dual-ball-mount","76.95","0","General Mounting Solutions","amps/modular","amps/modular; warehouse","warehouse","0","","","","","","","no detected blog links; high-risk benchmark topic: warehouse; no detected blog photo-bank coverage","Add contextual SKU-level links from the target family pages and write a short product entity block."
"168","iBOLT™ 38mm / 1.5 inch Metal AMPS to VESA 75 x 75 / VESA 100 x 100 Mount for Monitors, displays, or tv’s","ibolt-38mm-1-5-inch-metal-circular-amps-pattern-to-vesa-75-x-75-vesa-100-x-100-dual-ball-mount-for-monitors-displays-or-tv-s","https://iboltmounts.com/products/ibolt-38mm-1-5-inch-metal-circular-amps-pattern-to-vesa-75-x-75-vesa-100-x-100-dual-ball-mount-for-monitors-displays-or-tv-s","70.00","0","Restaurants & Food Delivery; General Mounting Solutions","restaurant; amps/modular","restaurant; amps/modular; delivery; warehouse","restaurant; delivery; warehouse","0","","","","","","","No detected blog links; maps to high-risk topic(s): restaurant; no detected blog links; high-risk benchmark topic: restaurant, delivery, warehouse; no detected blog photo-bank coverage","Add contextual SKU-level links from the target family pages and write a short product entity block."
"168","iBOLT™ 38mm / 1.5 inch Metal AMPS to VESA 75 x 75 Dual Ball Mount for Monitors, displays, or tv’s","ibolt-38mm-1-5-inch-metal-rectangular-amps-pattern-to-vesa-75-x-75-dual-ball-mount-for-monitors-displays-or-tv-s","https://iboltmounts.com/products/ibolt-38mm-1-5-inch-metal-rectangular-amps-pattern-to-vesa-75-x-75-dual-ball-mount-for-monitors-displays-or-tv-s","67.95","0","General Mounting Solutions","amps/modular","amps/modular; warehouse","warehouse","0","","","","","","","no detected blog links; high-risk benchmark topic: warehouse; no detected blog photo-bank coverage","Add contextual SKU-level links from the target family pages and write a short product entity block."
"168","iBOLT™ 38mm / 1.5 inch Metal Circular AMPS Pattern to ¼ 20” Camera Screw Mount","ibolt-38mm-1-5-inch-metal-circular-amps-pattern-to-20-composite-camera-screw-dual-ball-mount-featuring-a-5-inch-metal-38mm-bizmount-arm","https://iboltmounts.com/products/ibolt-38mm-1-5-inch-metal-circular-amps-pattern-to-20-composite-camera-screw-dual-ball-mount-featuring-a-5-inch-metal-38mm-bizmount-arm","46.95","0","Forklifts & Warehousing; Restaurants & Food Delivery; Content Creation & Streaming; General Mounting Solutions","warehouse; restaurant; streaming; amps/modular","warehouse; restaurant; streaming; amps/modular; delivery","warehouse; restaurant; delivery","0","","","","","","","No detected blog links; maps to high-risk topic(s): warehouse, restaurant; no detected blog links; high-risk benchmark topic: warehouse, restaurant, delivery; no detected blog photo-bank coverage","Add contextual SKU-level links from the target family pages and write a short product entity block."
"168","iBOLT™ 38mm / 1.5 inch Metal Circular AMPS to ¼ 20” Composite Camera Screw Mount","ibolt-38mm-1-5-inch-metal-circular-amps-pattern-to-20-composite-camera-screw-dual-ball-mount-featuring-a-5-75-inch-composite-38mm-bizmount-arm","https://iboltmounts.com/products/ibolt-38mm-1-5-inch-metal-circular-amps-pattern-to-20-composite-camera-screw-dual-ball-mount-featuring-a-5-75-inch-composite-38mm-bizmount-arm","31.95","0","Forklifts & Warehousing; Restaurants & Food Delivery; Content Creation & Streaming; General Mounting Solutions","warehouse; restaurant; streaming; amps/modular","warehouse; restaurant; streaming; amps/modular; delivery","warehouse; restaurant; delivery","0","","","","","","","No detected blog links; maps to high-risk topic(s): warehouse, restaurant; no detected blog links; high-risk benchmark topic: warehouse, restaurant, delivery; no detected blog photo-bank coverage","Add contextual SKU-level links from the target family pages and write a short product entity block."
"168","iBOLT™ 38mm / 1.5 inch Metal Circular AMPS to VESA 75 x 75 / VESA 100 x 100 Mount","ibolt-38mm-1-5-inch-metal-circular-amps-pattern-to-vesa-75-x-75-vesa-100-x-100-dual-ball-mount","https://iboltmounts.com/products/ibolt-38mm-1-5-inch-metal-circular-amps-pattern-to-vesa-75-x-75-vesa-100-x-100-dual-ball-mount","77.95","0","General Mounting Solutions","amps/modular","amps/modular; warehouse","warehouse","0","","","","","","","no detected blog links; high-risk benchmark topic: warehouse; no detected blog photo-bank coverage","Add contextual SKU-level links from the target family pages and write a short product entity block."
"168","iBOLT™ 5 inch Metal Dual Ball Socket Arm for 38 mm / 1.5 inch Ball Joint","5-inch-metal-dual-ball-socket-arm-for-38-mm-1-5-inch-c-size-ball-mount-22184","https://iboltmounts.com/products/5-inch-metal-dual-ball-socket-arm-for-38-mm-1-5-inch-c-size-ball-mount-22184","24.95","0","Forklifts & Warehousing; General Mounting Solutions","warehouse; amps/modular","warehouse; amps/modular","warehouse","0","","","","","","","No detected blog links; maps to high-risk topic(s): warehouse; no detected blog links; high-risk benchmark topic: warehouse; no detected blog photo-bank coverage","Add contextual SKU-level links from the target family pages and write a short product entity block."
"168","iBOLT™ Aluminum 3.75 inch Double Socket Arm for 1-inch / 25mm / B Size Ball","aluminum-3-75-inch-double-socket-arm-industry-standard-1-inch-25mm-b-size-ball-mount-22193","https://iboltmounts.com/products/aluminum-3-75-inch-double-socket-arm-industry-standard-1-inch-25mm-b-size-ball-mount-22193","12.95","0","Forklifts & Warehousing; General Mounting Solutions","warehouse; amps/modular","warehouse; amps/modular","warehouse","0","","","","","","","No detected blog links; maps to high-risk topic(s): warehouse; no detected blog links; high-risk benchmark topic: warehouse; no detected blog photo-bank coverage","Add contextual SKU-level links from the target family pages and write a short product entity block."
"168","iBOLT™ Aluminum 6 inch Arm for 1-inch / 25mm / B Size Ball adapters","ibolt-aluminum-6-inch-double-socket-arm-industry-standard-1-inch-25mm-b-size-ball-adapters-mounts-22112","https://iboltmounts.com/products/ibolt-aluminum-6-inch-double-socket-arm-industry-standard-1-inch-25mm-b-size-ball-adapters-mounts-22112","19.95","0","Forklifts & Warehousing; General Mounting Solutions","warehouse; amps/modular","warehouse; amps/modular","warehouse","0","","","","","","","No detected blog links; maps to high-risk topic(s): warehouse; no detected blog links; high-risk benchmark topic: warehouse; no detected blog photo-bank coverage","Add contextual SKU-level links from the target family pages and write a short product entity block."
"168","iBOLT™ Composite 2.75 inch Bizmount™ Double Socket Arm for 1-inch / 25mm / B Size Ball","composite-2-75-inch-double-socket-arm-for-all-industry-standard-1-inch-25mm-b-size-ball-22156","https://iboltmounts.com/products/composite-2-75-inch-double-socket-arm-for-all-industry-standard-1-inch-25mm-b-size-ball-22156","7.95","0","Forklifts & Warehousing; Restaurants & Food Delivery; General Mounting Solutions","warehouse; restaurant; amps/modular","warehouse; restaurant; amps/modular; delivery","warehouse; restaurant; delivery","0","","","","","","","No detected blog links; maps to high-risk topic(s): warehouse, restaurant; no detected blog links; high-risk benchmark topic: warehouse, restaurant, delivery; no detected blog photo-bank coverage","Add contextual SKU-level links from the target family pages and write a short product entity block."
"168","iBOLT™ Mounts- 3.5 inch Composite Arm for 38 mm / 1.5 inch Ball Joint","ibolt-mounts-3-5-inch-composite-dual-ball-socket-arm-for-38-mm-1-5-inch-ball-joint-adapters-and-bases","https://iboltmounts.com/products/ibolt-mounts-3-5-inch-composite-dual-ball-socket-arm-for-38-mm-1-5-inch-ball-joint-adapters-and-bases","12.95","0","Forklifts & Warehousing; Restaurants & Food Delivery; General Mounting Solutions","warehouse; restaurant; amps/modular","warehouse; restaurant; amps/modular; delivery","warehouse; restaurant; delivery","0","","","","","","","No detected blog links; maps to high-risk topic(s): warehouse, restaurant; no detected blog links; high-risk benchmark topic: warehouse, restaurant, delivery; no detected blog photo-bank coverage","Add contextual SKU-level links from the target family pages and write a short product entity block."
"168","iBOLT™ Mounts- 8.5 inch Metal Arm for 38 mm / 1.5 inch Ball Joint","ibolt-mounts-8-5-inch-metal-dual-ball-socket-arm-for-38-mm-1-5-inch-ball-joint-adapters-and-bases","https://iboltmounts.com/products/ibolt-mounts-8-5-inch-metal-dual-ball-socket-arm-for-38-mm-1-5-inch-ball-joint-adapters-and-bases","39.95","0","Forklifts & Warehousing; General Mounting Solutions","warehouse; amps/modular","warehouse; amps/modular","warehouse","0","","","","","","","No detected blog links; maps to high-risk topic(s): warehouse; no detected blog links; high-risk benchmark topic: warehouse; no detected blog photo-bank coverage","Add contextual SKU-level links from the target family pages and write a short product entity block."
"168","Security Hardware for 25mm Bizmount Set of 3 Bolts, 1 Hex Key","security-hardware-for-25mm-bizmount-set-of-3-bolts-1-hex-key","https://iboltmounts.com/products/security-hardware-for-25mm-bizmount-set-of-3-bolts-1-hex-key","5.95","0","Forklifts & Warehousing; General Mounting Solutions","warehouse; amps/modular","warehouse; amps/modular","warehouse","0","","","","","","","no detected blog links; high-risk benchmark topic: warehouse; no detected blog photo-bank coverage","Add contextual SKU-level links from the target family pages and write a short product entity block."
"167","iBOLT Action Camera IncrediBOLT Heavy Duty Handlebar/Post/Pole/Rail Mount","ibolt-action-camera-incredibolt-heavy-duty-handlebar-post-pole-rail-mount","https://iboltmounts.com/products/ibolt-action-camera-incredibolt-heavy-duty-handlebar-post-pole-rail-mount","35.95","0","Restaurants & Food Delivery; Content Creation & Streaming; Mountain Biking & Cycling; General Mounting Solutions","restaurant; streaming; cycling; amps/modular","restaurant; streaming; cycling; amps/modular; delivery","restaurant; delivery","0","","","","","","","No detected blog links; maps to high-risk topic(s): restaurant; no detected blog links; high-risk benchmark topic: restaurant, delivery; no detected blog photo-bank coverage","Add contextual SKU-level links from the target family pages and write a short product entity block."
"167","iBOLT Composite 2.5"" Open Socket AMPS Drill Base Mount for 1-inch/ 25mm Ball Joints","ibolt-composite-2-5-open-socket-round-amps-drill-base-mount-for-1-inch-25mm-ball-joints","https://iboltmounts.com/products/ibolt-composite-2-5-open-socket-round-amps-drill-base-mount-for-1-inch-25mm-ball-joints","13.95","0","Restaurants & Food Delivery; General Mounting Solutions","restaurant; amps/modular","restaurant; amps/modular; delivery","restaurant; delivery","0","","","","","","","No detected blog links; maps to high-risk topic(s): restaurant; no detected blog links; high-risk benchmark topic: restaurant, delivery; no detected blog photo-bank coverage","Add contextual SKU-level links from the target family pages and write a short product entity block."
"167","iBOLT™ (10 inch) 25mm / 1 inch to 25mm / 1 inch Flexible Extension Ball Adapter","ibolt-10-inch-25mm-1-inch-to-25mm-1-inch-flexible-extension-ball-adapter","https://iboltmounts.com/products/ibolt-10-inch-25mm-1-inch-to-25mm-1-inch-flexible-extension-ball-adapter","14.95","0","Restaurants & Food Delivery; General Mounting Solutions","restaurant; amps/modular","restaurant; amps/modular; delivery","restaurant; delivery","0","","","","","","","No detected blog links; maps to high-risk topic(s): restaurant; no detected blog links; high-risk benchmark topic: restaurant, delivery; no detected blog photo-bank coverage","Add contextual SKU-level links from the target family pages and write a short product entity block."
"167","iBOLT™ (15 inch) 25mm / 1 inch to 25mm / 1 inch Flexible Extension Ball Adapter","ibolt-15-inch-25mm-1-inch-to-25mm-1-inch-flexible-extension-ball-adapter-for-industry-standard-dual-ball-socket","https://iboltmounts.com/products/ibolt-15-inch-25mm-1-inch-to-25mm-1-inch-flexible-extension-ball-adapter-for-industry-standard-dual-ball-socket","17.95","0","Restaurants & Food Delivery; General Mounting Solutions","restaurant; amps/modular","restaurant; amps/modular; delivery","restaurant; delivery","0","","","","","","","No detected blog links; maps to high-risk topic(s): restaurant; no detected blog links; high-risk benchmark topic: restaurant, delivery; no detected blog photo-bank coverage","Add contextual SKU-level links from the target family pages and write a short product entity block."
"167","iBOLT™ 22mm Composite AMPS Pattern Drill base Plate","ibolt-22mm-composite-amps-pattern-drill-base-plate","https://iboltmounts.com/products/ibolt-22mm-composite-amps-pattern-drill-base-plate","4.99","0","Restaurants & Food Delivery; General Mounting Solutions","restaurant; amps/modular","restaurant; amps/modular; delivery","restaurant; delivery","0","","","","","","","No detected blog links; maps to high-risk topic(s): restaurant; no detected blog links; high-risk benchmark topic: restaurant, delivery; no detected blog photo-bank coverage","Add contextual SKU-level links from the target family pages and write a short product entity block."
"167","iBOLT™ 25mm / 1 inch / B Size to 38mm / 1.5 inch / C Size Composite Extension Ball Adapter","ibolt-25mm-1-inch-b-size-to-38mm-1-5-inch-c-size-composite-extension-ball-adapter","https://iboltmounts.com/products/ibolt-25mm-1-inch-b-size-to-38mm-1-5-inch-c-size-composite-extension-ball-adapter","12.95","0","Restaurants & Food Delivery; General Mounting Solutions","restaurant; amps/modular","restaurant; amps/modular; delivery","restaurant; delivery","0","","","","","","","No detected blog links; maps to high-risk topic(s): restaurant; no detected blog links; high-risk benchmark topic: restaurant, delivery; no detected blog photo-bank coverage","Add contextual SKU-level links from the target family pages and write a short product entity block."
"167","iBOLT™ 25mm / 1 inch Composite AMPS Round Adapter Plate","25mm-1-inch-round-composite-amps-plate-23528","https://iboltmounts.com/products/25mm-1-inch-round-composite-amps-plate-23528","7.95","0","Restaurants & Food Delivery; Road Trips & Travel; General Mounting Solutions","restaurant; travel; amps/modular","restaurant; travel; amps/modular; delivery","restaurant; delivery","0","","","","","","","No detected blog links; maps to high-risk topic(s): restaurant; no detected blog links; high-risk benchmark topic: restaurant, delivery; no detected blog photo-bank coverage","Add contextual SKU-level links from the target family pages and write a short product entity block."
"167","iBOLT™ 25mm / 1 inch to 17mm Composite Ball Adapter","ibolt-25mm-1-inch-to-17mm-composite-ball-adapter-for-industry-standard-dual-ball-socket","https://iboltmounts.com/products/ibolt-25mm-1-inch-to-17mm-composite-ball-adapter-for-industry-standard-dual-ball-socket","6.99","0","Restaurants & Food Delivery; General Mounting Solutions","restaurant; amps/modular","restaurant; amps/modular; delivery","restaurant; delivery","0","","","","","","","No detected blog links; maps to high-risk topic(s): restaurant; no detected blog links; high-risk benchmark topic: restaurant, delivery; no detected blog photo-bank coverage","Add contextual SKU-level links from the target family pages and write a short product entity block."
"167","iBOLT™ 25mm / 1 inch/B Size to 4 Prong Composite Ball Adapter","ibolt-25mm-1-inch-b-size-to-4-prong-composite-ball-adapter-21226","https://iboltmounts.com/products/ibolt-25mm-1-inch-b-size-to-4-prong-composite-ball-adapter-21226","6.95","0","Restaurants & Food Delivery; General Mounting Solutions","restaurant; amps/modular","restaurant; amps/modular; delivery","restaurant; delivery","0","","","","","","","No detected blog links; maps to high-risk topic(s): restaurant; no detected blog links; high-risk benchmark topic: restaurant, delivery; no detected blog photo-bank coverage","Add contextual SKU-level links from the target family pages and write a short product entity block."
"167","iBOLT™ 38mm / 1.5 inch Composite AMPS Adapter Plate","ibolt-38mm-1-5-inch-composite-amps-adapter-plate-for-industry-standard-dual-ball-socket-mounting-arms","https://iboltmounts.com/products/ibolt-38mm-1-5-inch-composite-amps-adapter-plate-for-industry-standard-dual-ball-socket-mounting-arms","7.95","0","Restaurants & Food Delivery; General Mounting Solutions","restaurant; amps/modular","restaurant; amps/modular; delivery","restaurant; delivery","0","","","","","","","No detected blog links; maps to high-risk topic(s): restaurant; no detected blog links; high-risk benchmark topic: restaurant, delivery; no detected blog photo-bank coverage","Add contextual SKU-level links from the target family pages and write a short product entity block."
"167","iBOLT™ 38mm / 1.5 inch Composite AMPS Pattern to ¼ 20” Metal Camera Screw Mount","ibamps-34214-ibolt-38mm-1-5-inch-composite-rectangular-amps-pattern-to-20-metal-camera-screw-dual-ball-mount","https://iboltmounts.com/products/ibamps-34214-ibolt-38mm-1-5-inch-composite-rectangular-amps-pattern-to-20-metal-camera-screw-dual-ball-mount","34.95","0","Restaurants & Food Delivery; Content Creation & Streaming; General Mounting Solutions","restaurant; streaming; amps/modular","restaurant; streaming; amps/modular; delivery","restaurant; delivery","0","","","","","","","No detected blog links; maps to high-risk topic(s): restaurant; no detected blog links; high-risk benchmark topic: restaurant, delivery; no detected blog photo-bank coverage","Add contextual SKU-level links from the target family pages and write a short product entity block."
"167","iBOLT™ 38mm / 1.5 inch Composite AMPS Round Adapter Plate","ibolt-38mm-1-5-inch-composite-amps-round-adapter-plate","https://iboltmounts.com/products/ibolt-38mm-1-5-inch-composite-amps-round-adapter-plate","7.95","0","Restaurants & Food Delivery; Road Trips & Travel; General Mounting Solutions","restaurant; travel; amps/modular","restaurant; travel; amps/modular; delivery","restaurant; delivery","0","","","","","","","No detected blog links; maps to high-risk topic(s): restaurant; no detected blog links; high-risk benchmark topic: restaurant, delivery; no detected blog photo-bank coverage","Add contextual SKU-level links from the target family pages and write a short product entity block."
"167","iBOLT™ 38mm / 1.5 inch Composite AMPS to ¼ 20” Camera Screw Mount","ibolt-38mm-1-5-inch-composite-amps-to-20-composite-camera-screw-5-inch-dual-ball-mount","https://iboltmounts.com/products/ibolt-38mm-1-5-inch-composite-amps-to-20-composite-camera-screw-5-inch-dual-ball-mount","37.95","0","Restaurants & Food Delivery; Content Creation & Streaming; General Mounting Solutions","restaurant; streaming; amps/modular","restaurant; streaming; amps/modular; delivery","restaurant; delivery","0","","","","","","","No detected blog links; maps to high-risk topic(s): restaurant; no detected blog links; high-risk benchmark topic: restaurant, delivery; no detected blog photo-bank coverage","Add contextual SKU-level links from the target family pages and write a short product entity block."
"167","iBOLT™ 38mm / 1.5 inch Composite AMPS to ¼ 20” Composite Camera Screw Dual Ball Mount","ibolt-38mm-1-5-inch-composite-amps-to-20-composite-camera-screw-dual-ball-mount","https://iboltmounts.com/products/ibolt-38mm-1-5-inch-composite-amps-to-20-composite-camera-screw-dual-ball-mount","49.95","0","Restaurants & Food Delivery; Content Creation & Streaming; General Mounting Solutions","restaurant; streaming; amps/modular","restaurant; streaming; amps/modular; delivery","restaurant; delivery","0","","","","","","","No detected blog links; maps to high-risk topic(s): restaurant; no detected blog links; high-risk benchmark topic: restaurant, delivery; no detected blog photo-bank coverage","Add contextual SKU-level links from the target family pages and write a short product entity block."
"167","iBOLT™ 38mm / 1.5 inch Composite AMPS to ¼ 20” Metal Camera Screw Mount","ibolt-38mm-1-5-inch-composite-rectangular-amps-pattern-to-20-metal-camera-screw-dual-ball-mount","https://iboltmounts.com/products/ibolt-38mm-1-5-inch-composite-rectangular-amps-pattern-to-20-metal-camera-screw-dual-ball-mount","49.95","0","Restaurants & Food Delivery; Content Creation & Streaming; General Mounting Solutions","restaurant; streaming; amps/modular","restaurant; streaming; amps/modular; delivery","restaurant; delivery","0","","","","","","","No detected blog links; maps to high-risk topic(s): restaurant; no detected blog links; high-risk benchmark topic: restaurant, delivery; no detected blog photo-bank coverage","Add contextual SKU-level links from the target family pages and write a short product entity block."
"167","iBOLT™ 38mm / 1.5 inch Composite Rectangular AMPS Pattern Drill Base Mount","ibolt-38mm-1-5-inch-composite-rectangular-amps-pattern-to-amps-pattern-drill-base-dual-ball-mount","https://iboltmounts.com/products/ibolt-38mm-1-5-inch-composite-rectangular-amps-pattern-to-amps-pattern-drill-base-dual-ball-mount","36.95","0","Restaurants & Food Delivery; General Mounting Solutions","restaurant; amps/modular","restaurant; amps/modular; delivery","restaurant; delivery","0","","","","","","","No detected blog links; maps to high-risk topic(s): restaurant; no detected blog links; high-risk benchmark topic: restaurant, delivery; no detected blog photo-bank coverage","Add contextual SKU-level links from the target family pages and write a short product entity block."
"167","iBOLT™ 38mm / 1.5 inch Composite Rectangular AMPS to AMPS Drill Base Mount","ibamps-34212-ibolt-38mm-1-5-inch-composite-rectangular-amps-pattern-to-amps-pattern-drill-base-dual-ball-mount","https://iboltmounts.com/products/ibamps-34212-ibolt-38mm-1-5-inch-composite-rectangular-amps-pattern-to-amps-pattern-drill-base-dual-ball-mount","21.95","0","Restaurants & Food Delivery; General Mounting Solutions","restaurant; amps/modular","restaurant; amps/modular; delivery","restaurant; delivery","0","","","","","","","No detected blog links; maps to high-risk topic(s): restaurant; no detected blog links; high-risk benchmark topic: restaurant, delivery; no detected blog photo-bank coverage","Add contextual SKU-level links from the target family pages and write a short product entity block."
"167","iBOLT™ 38mm / 1.5 inch Metal AMPS to ¼ 20” Composite Camera Screw Mount","ibolt-38mm-1-5-inch-metal-amps-to-20-composite-camera-screw-dual-ball-mount","https://iboltmounts.com/products/ibolt-38mm-1-5-inch-metal-amps-to-20-composite-camera-screw-dual-ball-mount","39.95","0","Restaurants & Food Delivery; Content Creation & Streaming; General Mounting Solutions","restaurant; streaming; amps/modular","restaurant; streaming; amps/modular; delivery","restaurant; delivery","0","","","","","","","No detected blog links; maps to high-risk topic(s): restaurant; no detected blog links; high-risk benchmark topic: restaurant, delivery; no detected blog photo-bank coverage","Add contextual SKU-level links from the target family pages and write a short product entity block."
"167","iBOLT™ 38mm / 1.5 inch Metal AMPS to Composite Diamond AMPS Drill Base Mount","ibolt-38mm-1-5-inch-metal-rectangular-amps-pattern-to-composite-diamond-amps-pattern-drill-base-dual-ball-mount","https://iboltmounts.com/products/ibolt-38mm-1-5-inch-metal-rectangular-amps-pattern-to-composite-diamond-amps-pattern-drill-base-dual-ball-mount","45.95","0","Restaurants & Food Delivery; General Mounting Solutions","restaurant; amps/modular","restaurant; amps/modular; delivery","restaurant; delivery","0","","","","","","","No detected blog links; maps to high-risk topic(s): restaurant; no detected blog links; high-risk benchmark topic: restaurant, delivery; no detected blog photo-bank coverage","Add contextual SKU-level links from the target family pages and write a short product entity block."
"167","iBOLT™ 38mm / 1.5 inch Metal Circular AMPS to ¼ 20” Metal Camera Screw Mount","ibamps-34232-ibolt-38mm-1-5-inch-metal-circular-amps-pattern-to-20-metal-camera-screw-dual-ball-mount","https://iboltmounts.com/products/ibamps-34232-ibolt-38mm-1-5-inch-metal-circular-amps-pattern-to-20-metal-camera-screw-dual-ball-mount","52.00","0","Restaurants & Food Delivery; Content Creation & Streaming; General Mounting Solutions","restaurant; streaming; amps/modular","restaurant; streaming; amps/modular; delivery","restaurant; delivery","0","","","","","","","No detected blog links; maps to high-risk topic(s): restaurant; no detected blog links; high-risk benchmark topic: restaurant, delivery; no detected blog photo-bank coverage","Add contextual SKU-level links from the target family pages and write a short product entity block."
"167","iBOLT™ Composite 4.25 inch Arm for 1-inch / 25mm / B Size Ball adapters","ibolt-composite-4-25-inch-double-socket-arm-for-all-industry-standard-1-inch-25mm-b-size-ball-adapters","https://iboltmounts.com/products/ibolt-composite-4-25-inch-double-socket-arm-for-all-industry-standard-1-inch-25mm-b-size-ball-adapters","18.95","0","Restaurants & Food Delivery; General Mounting Solutions","restaurant; amps/modular","restaurant; amps/modular; delivery","restaurant; delivery","0","","","","","","","No detected blog links; maps to high-risk topic(s): restaurant; no detected blog links; high-risk benchmark topic: restaurant, delivery; no detected blog photo-bank coverage","Add contextual SKU-level links from the target family pages and write a short product entity block."
"167","iBOLT™ Composite 6 inch Arm for 1-inch / 25mm / B Size Ball adapters","ibolt-composite-6-inch-double-socket-arm-for-all-industry-standard-1-inch-25mm-b-size-ball-adapters","https://iboltmounts.com/products/ibolt-composite-6-inch-double-socket-arm-for-all-industry-standard-1-inch-25mm-b-size-ball-adapters","26.00","0","Restaurants & Food Delivery; General Mounting Solutions","restaurant; amps/modular","restaurant; amps/modular; delivery","restaurant; delivery","0","","","","","","","No detected blog links; maps to high-risk topic(s): restaurant; no detected blog links; high-risk benchmark topic: restaurant, delivery; no detected blog photo-bank coverage","Add contextual SKU-level links from the target family pages and write a short product entity block."
"167","iBOLT™ Heavy Duty Strength 88mm Diameter Magnetic Mount 4.25 inch IncrediBOLT™ w/ ¼ inch 20 Camera Screw","ibolttm-heavy-duty-strength-88mm-diameter-magnetic-mount-4-25-inch-incredibolttm-w-inch-20-camera-screw","https://iboltmounts.com/products/ibolttm-heavy-duty-strength-88mm-diameter-magnetic-mount-4-25-inch-incredibolttm-w-inch-20-camera-screw","32.95","0","Restaurants & Food Delivery; Content Creation & Streaming; General Mounting Solutions","restaurant; streaming; amps/modular","restaurant; streaming; amps/modular; delivery","restaurant; delivery","0","","","","","","","No detected blog links; maps to high-risk topic(s): restaurant; no detected blog links; high-risk benchmark topic: restaurant, delivery; no detected blog photo-bank coverage","Add contextual SKU-level links from the target family pages and write a short product entity block."
"167","iBOLT™ IncrediBOLT™ Flexpro Heavy Duty Seat Rail Mount w/ 4.25 inch arm & AMPS Plate Adapter","ibolttm-incredibolttm-flexpro-heavy-duty-seat-rail-mount-w-4-25-inch-arm-amps-plate-adapter","https://iboltmounts.com/products/ibolttm-incredibolttm-flexpro-heavy-duty-seat-rail-mount-w-4-25-inch-arm-amps-plate-adapter","49.95","0","Restaurants & Food Delivery; General Mounting Solutions","restaurant; amps/modular","restaurant; amps/modular; delivery","restaurant; delivery","0","","","","","","","No detected blog links; maps to high-risk topic(s): restaurant; no detected blog links; high-risk benchmark topic: restaurant, delivery; no detected blog photo-bank coverage","Add contextual SKU-level links from the target family pages and write a short product entity block."
"167","iBOLT™ Mounts- 6 inch Composite Arm for 38 mm / 1.5 inch Ball Joint","ibolt-mounts-6-inch-composite-dual-ball-socket-arm-for-38-mm-1-5-inch-ball-joint-adapters-and-bases","https://iboltmounts.com/products/ibolt-mounts-6-inch-composite-dual-ball-socket-arm-for-38-mm-1-5-inch-ball-joint-adapters-and-bases","17.95","0","Restaurants & Food Delivery; Content Creation & Streaming; General Mounting Solutions","restaurant; streaming; amps/modular","restaurant; streaming; amps/modular; delivery","restaurant; delivery","0","","","","","","","No detected blog links; maps to high-risk topic(s): restaurant; no detected blog links; high-risk benchmark topic: restaurant, delivery; no detected blog photo-bank coverage","Add contextual SKU-level links from the target family pages and write a short product entity block."
"167","iBOLT™ sPro2™ Accessibility Clamp Mount for Wheelchairs / Exercise Equipment","ibolt-spro2-phone-tablet-accessibility-post-pole-rail-handlebar-clamp-mount-for-wheelchairs-exercise-equipment-ibac-34702","https://iboltmounts.com/products/ibolt-spro2-phone-tablet-accessibility-post-pole-rail-handlebar-clamp-mount-for-wheelchairs-exercise-equipment-ibac-34702","49.95","0","Restaurants & Food Delivery; Mountain Biking & Cycling; General Mounting Solutions","restaurant; cycling; amps/modular","restaurant; cycling; amps/modular; delivery","restaurant; delivery","0","","","","","","","no detected blog links; high-risk benchmark topic: restaurant, delivery; no detected blog photo-bank coverage","Add contextual SKU-level links from the target family pages and write a short product entity block."
"167","iBOLT™ sPro2™ AccessiBOLT™ Post/Pole/Rail/Handlebar Mount for Wheelchairs/Exercise Equipment","ibolt-spro2-accessibility-post-pole-rail-handlebar-mount-for-wheelchairs-exercise-equipment","https://iboltmounts.com/products/ibolt-spro2-accessibility-post-pole-rail-handlebar-mount-for-wheelchairs-exercise-equipment","79.95","0","Restaurants & Food Delivery; Mountain Biking & Cycling; General Mounting Solutions","restaurant; cycling; amps/modular","restaurant; cycling; amps/modular; delivery","restaurant; delivery","0","","","","","","","no detected blog links; high-risk benchmark topic: restaurant, delivery; no detected blog photo-bank coverage","Add contextual SKU-level links from the target family pages and write a short product entity block."
"167","iBOLT™ TabStand Pro","tabstand-pro-weighted-base-tablet-stand-ibbz-33769","https://iboltmounts.com/products/tabstand-pro-weighted-base-tablet-stand-ibbz-33769","59.95","0","Restaurants & Food Delivery; Education & Schools; Kitchen & Home; General Mounting Solutions","restaurant; education; kitchen; amps/modular","restaurant; education; kitchen; amps/modular; delivery","restaurant; delivery","0","","","","","","","no detected blog links; high-risk benchmark topic: restaurant, delivery; no detected blog photo-bank coverage","Add contextual SKU-level links from the target family pages and write a short product entity block."
"167","iBOLT™25mm / 1 inch Ball to Clamp Post / Pole / Handlebar Mount","ibolt™25mm-1-inch-ball-to-clamp-post-pole-handlebar-mount","https://iboltmounts.com/products/ibolt™25mm-1-inch-ball-to-clamp-post-pole-handlebar-mount","17.95","0","Restaurants & Food Delivery; Road Trips & Travel; Mountain Biking & Cycling; General Mounting Solutions","restaurant; travel; cycling; amps/modular","restaurant; travel; cycling; amps/modular; delivery","restaurant; delivery","0","","","","","","","no detected blog links; high-risk benchmark topic: restaurant, delivery; no detected blog photo-bank coverage","Add contextual SKU-level links from the target family pages and write a short product entity block."
"142","iBOLT LockPro™ IncrediBOLT™ 360 Pillar Mount- Heavy Duty Forklift Tablet Mount for Warehouse Vehicles and 7-10 inch Tablets","ibolt-lockprotm-incredibolttm-360-pillar-mount-heavy-duty-forklift-tablet-mount-for-warehouse-vehicles-and-7-10-inch-tablets","https://iboltmounts.com/products/ibolt-lockprotm-incredibolttm-360-pillar-mount-heavy-duty-forklift-tablet-mount-for-warehouse-vehicles-and-7-10-inch-tablets","169.95","2","Forklifts & Warehousing; Road Trips & Travel; General Mounting Solutions","warehouse; travel; amps/modular","warehouse; travel; amps/modular; restaurant; tablet","warehouse; restaurant; tablet","0","","","","","","","thin internal linking; high-risk benchmark topic: warehouse, restaurant, tablet; no detected blog photo-bank coverage","Strengthen existing mentions with specs, compatibility, image alt text, and Product/Offer support."
"142","iBOLT sPro2™ AMPS- drill base phone and tablet mounting solution","ibolt-spro2-amps-drill-base-phone-and-tablet-mounting-solution","https://iboltmounts.com/products/ibolt-spro2-amps-drill-base-phone-and-tablet-mounting-solution","19.95","2","Fishing & Boating; Kitchen & Home; Road Trips & Travel; General Mounting Solutions","fishing; kitchen; travel; amps/modular","fishing; kitchen; travel; amps/modular; tablet","fishing; tablet","0","","","","","","","thin internal linking; high-risk benchmark topic: fishing, tablet; no detected blog photo-bank coverage","Strengthen existing mentions with specs, compatibility, image alt text, and Product/Offer support."
"142","iBOLT Stream-Cast Dual Phone and Tablet Stand","ibolt-stream-cast-dual-phone-and-tablet-holder-stand-ibsc-34612","https://iboltmounts.com/products/ibolt-stream-cast-dual-phone-and-tablet-holder-stand-ibsc-34612","99.95","2","Restaurants & Food Delivery; Education & Schools; Content Creation & Streaming; Kitchen & Home; General Mounting Solutions","restaurant; education; streaming; kitchen; amps/modular","restaurant; education; streaming; kitchen; amps/modular; delivery; tablet","restaurant; delivery; tablet","0","","","","","","","thin internal linking; high-risk benchmark topic: restaurant, delivery, tablet; no detected blog photo-bank coverage","Strengthen existing mentions with specs, compatibility, image alt text, and Product/Offer support."
"142","iBOLT TabDock™ MagDock- Heavy Duty Magnetic Mount for All 7”-10” Tablets- Great for fridges, Restaurants, Automotive, Workout Equipment","ibolt-tabdock-magdock-heavy-duty-magnetic-mount-for-fridges-restaurants-automotive-workout-equipment","https://iboltmounts.com/products/ibolt-tabdock-magdock-heavy-duty-magnetic-mount-for-fridges-restaurants-automotive-workout-equipment","39.95","2","Forklifts & Warehousing; Restaurants & Food Delivery; General Mounting Solutions","warehouse; restaurant; amps/modular","warehouse; restaurant; amps/modular; delivery; tablet","warehouse; restaurant; delivery; tablet","0","","","","","","","thin internal linking; high-risk benchmark topic: warehouse, restaurant, delivery, tablet; no detected blog photo-bank coverage","Strengthen existing mentions with specs, compatibility, image alt text, and Product/Offer support."
"142","iBOLTÖ Tablet Tower- TabDock™ POS Wall Mount - with 5 Tablet Holders","ibolt-tabdock-point-of-purchase-pos-wall-mount-with-5-tablet-holders","https://iboltmounts.com/products/ibolt-tabdock-point-of-purchase-pos-wall-mount-with-5-tablet-holders","149.95","2","Restaurants & Food Delivery; Kitchen & Home; General Mounting Solutions","restaurant; kitchen; amps/modular","restaurant; kitchen; amps/modular; delivery; tablet","restaurant; delivery; tablet","0","","","","","","","thin internal linking; high-risk benchmark topic: restaurant, delivery, tablet; no detected blog photo-bank coverage","Strengthen existing mentions with specs, compatibility, image alt text, and Product/Offer support."
"142","iBOLT™ LockPro™ IncrediBOLT™ Headrest Heavy Duty Security Tablet Mount","ibolttm-lockprotm-incredibolttm-headrest-heavy-duty-security-tablet-mount","https://iboltmounts.com/products/ibolttm-lockprotm-incredibolttm-headrest-heavy-duty-security-tablet-mount","139.95","2","Road Trips & Travel; General Mounting Solutions","travel; amps/modular","travel; amps/modular; restaurant; tablet","restaurant; tablet","0","","","","","","","thin internal linking; high-risk benchmark topic: restaurant, tablet; no detected blog photo-bank coverage","Strengthen existing mentions with specs, compatibility, image alt text, and Product/Offer support."
"142","iBOLT™ TabDock™ Bizmount™ Suction Cup Mount","tabdock-bizmount-heavy-duty-tablet-suction-cup-mount-ibbz-33754","https://iboltmounts.com/products/tabdock-bizmount-heavy-duty-tablet-suction-cup-mount-ibbz-33754","29.95","2","Forklifts & Warehousing; Trucking & Fleet; Restaurants & Food Delivery; Road Trips & Travel; General Mounting Solutions","warehouse; fleet; restaurant; travel; amps/modular","warehouse; fleet; restaurant; travel; amps/modular; delivery; tablet","warehouse; fleet; restaurant; delivery; tablet","0","","","","","","","thin internal linking; high-risk benchmark topic: warehouse, fleet, restaurant, delivery, tablet; no detected blog photo-bank coverage","Strengthen existing mentions with specs, compatibility, image alt text, and Product/Offer support."
"142","iBOLT™ Tablet Tower- TabDock™ POS Clamp Mount - with 5 Tablet Holders","multi-tablet-stand-five-holders-restaurant-point-of-sale-purchase-ipad-ibrt-34706","https://iboltmounts.com/products/multi-tablet-stand-five-holders-restaurant-point-of-sale-purchase-ipad-ibrt-34706","99.95","2","Restaurants & Food Delivery; Kitchen & Home; General Mounting Solutions","restaurant; kitchen; amps/modular","restaurant; kitchen; amps/modular; delivery; tablet","restaurant; delivery; tablet","0","","","","","","","thin internal linking; high-risk benchmark topic: restaurant, delivery, tablet; no detected blog photo-bank coverage","Strengthen existing mentions with specs, compatibility, image alt text, and Product/Offer support."
"142","TabDock™ FixedPro 360","tabdock-fixedpro-360-heavy-duty-metal-drill-base-tablet-mount-ibbz-33768","https://iboltmounts.com/products/tabdock-fixedpro-360-heavy-duty-metal-drill-base-tablet-mount-ibbz-33768","43.25","2","Trucking & Fleet; Education & Schools; Kitchen & Home; General Mounting Solutions","fleet; education; kitchen; amps/modular","fleet; education; kitchen; amps/modular; tablet","fleet; tablet","0","","","","","","","thin internal linking; high-risk benchmark topic: fleet, tablet; no detected blog photo-bank coverage","Strengthen existing mentions with specs, compatibility, image alt text, and Product/Offer support."
"142","3 Camera Slide Bar with Tablet Holder - 10 inch","three-1-4-20-camera-screw-slider-bar-tripod-attachment-ibcm-34601","https://iboltmounts.com/products/three-1-4-20-camera-screw-slider-bar-tripod-attachment-ibcm-34601","29.95","1","Content Creation & Streaming; General Mounting Solutions","streaming; amps/modular","streaming; amps/modular; tablet","tablet","0","","","","","","","thin internal linking; high-risk benchmark topic: tablet; no detected blog photo-bank coverage","Strengthen existing mentions with specs, compatibility, image alt text, and Product/Offer support."
"142","iBOLT AccessiBOLT Dock’n Lock Wheelchair Multi-Angle Mobility Tablet Mount","ibolt-accessibolt-dock-n-lock-wheelchair-multi-angle-mobility-tablet-mount","https://iboltmounts.com/products/ibolt-accessibolt-dock-n-lock-wheelchair-multi-angle-mobility-tablet-mount","165.95","1","General Mounting Solutions","amps/modular","amps/modular; tablet","tablet","0","","","","","","","thin internal linking; high-risk benchmark topic: tablet; no detected blog photo-bank coverage","Strengthen existing mentions with specs, compatibility, image alt text, and Product/Offer support."
"142","iBOLT Dock’n Lock Bizmount™- Forklift Locking Tablet Mount","ibolt-dock-n-lock-bizmount-forklift-locking-tablet-mount","https://iboltmounts.com/products/ibolt-dock-n-lock-bizmount-forklift-locking-tablet-mount","93.95","1","Forklifts & Warehousing; Road Trips & Travel; General Mounting Solutions","warehouse; travel; amps/modular","warehouse; travel; amps/modular; tablet","warehouse; tablet","0","","","","","","","thin internal linking; high-risk benchmark topic: warehouse, tablet; no detected blog photo-bank coverage","Strengthen existing mentions with specs, compatibility, image alt text, and Product/Offer support."
"142","iBOLT Stream-Cast TabDock™ Tablet Stand","ibolt-stream-cast-tabdock-tablet-livestreaming-social-media-stand-ibsc-34614","https://iboltmounts.com/products/ibolt-stream-cast-tabdock-tablet-livestreaming-social-media-stand-ibsc-34614","59.95","1","Restaurants & Food Delivery; Education & Schools; Content Creation & Streaming; Kitchen & Home; General Mounting Solutions","restaurant; education; streaming; kitchen; amps/modular","restaurant; education; streaming; kitchen; amps/modular; delivery; tablet","restaurant; delivery; tablet","0","","","","","","","thin internal linking; high-risk benchmark topic: restaurant, delivery, tablet; no detected blog photo-bank coverage","Strengthen existing mentions with specs, compatibility, image alt text, and Product/Offer support."
"142","iBOLT TabDock AccessiBOLT Universal Wheelchair Multi-Arm Mobility Tablet Mount","ibolt-tabdock-accessibolt-universal-wheelchair-multi-arm-mobility-tablet-mount","https://iboltmounts.com/products/ibolt-tabdock-accessibolt-universal-wheelchair-multi-arm-mobility-tablet-mount","149.95","1","General Mounting Solutions","amps/modular","amps/modular; tablet","tablet","0","","","","","","","thin internal linking; high-risk benchmark topic: tablet; no detected blog photo-bank coverage","Strengthen existing mentions with specs, compatibility, image alt text, and Product/Offer support."
"142","iBOLT TabDock Bizmount Pillar Mount- Heavy Duty Forklift Tablet Mount for Warehouse Vehicles and 7-10 inch Tablets","ibolt-tabdock-bizmount-pillar-mount-heavy-duty-forklift-tablet-mount-for-warehouse-vehicles-and-7-10-inch-tablets","https://iboltmounts.com/products/ibolt-tabdock-bizmount-pillar-mount-heavy-duty-forklift-tablet-mount-for-warehouse-vehicles-and-7-10-inch-tablets","74.95","1","Forklifts & Warehousing; Road Trips & Travel; General Mounting Solutions","warehouse; travel; amps/modular","warehouse; travel; amps/modular; tablet","warehouse; tablet","0","","","","","","","thin internal linking; high-risk benchmark topic: warehouse, tablet; no detected blog photo-bank coverage","Strengthen existing mentions with specs, compatibility, image alt text, and Product/Offer support."
"142","iBOLT TabDock ExtendiBOLT Triple Suction Cup Mount","ibolt-tabdock-extendibolt-triple-suction-cup-mount","https://iboltmounts.com/products/ibolt-tabdock-extendibolt-triple-suction-cup-mount","79.95","1","Trucking & Fleet; Road Trips & Travel; General Mounting Solutions","fleet; travel; amps/modular","fleet; travel; amps/modular; tablet","fleet; tablet","0","","","","","","","thin internal linking; high-risk benchmark topic: fleet, tablet; no detected blog photo-bank coverage","Strengthen existing mentions with specs, compatibility, image alt text, and Product/Offer support."
"142","iBOLT TabDock IncrediBOLT™ 360 Forklift Tablet Mount","ibolt-tabdock-incredibolt-360-forklift-tablet-mount","https://iboltmounts.com/products/ibolt-tabdock-incredibolt-360-forklift-tablet-mount","91.95","1","Forklifts & Warehousing; General Mounting Solutions","warehouse; amps/modular","warehouse; amps/modular; tablet","warehouse; tablet","0","","","","","","","thin internal linking; high-risk benchmark topic: warehouse, tablet; no detected blog photo-bank coverage","Strengthen existing mentions with specs, compatibility, image alt text, and Product/Offer support."
"142","iBOLT TabDock™ Grip- Post/Pole Mount","ibolt-tabdock-grip-post-pole-mount-fits-7-10-inch-tablets-and-posts-18mm-35mm-in-diameter","https://iboltmounts.com/products/ibolt-tabdock-grip-post-pole-mount-fits-7-10-inch-tablets-and-posts-18mm-35mm-in-diameter","29.95","1","Restaurants & Food Delivery; Road Trips & Travel; Mountain Biking & Cycling; General Mounting Solutions","restaurant; travel; cycling; amps/modular","restaurant; travel; cycling; amps/modular; delivery; tablet","restaurant; delivery; tablet","0","","","","","","","thin internal linking; high-risk benchmark topic: restaurant, delivery, tablet; no detected blog photo-bank coverage","Strengthen existing mentions with specs, compatibility, image alt text, and Product/Offer support."
"142","iBOLT™ Dock'n Lock Bizmount™ AMPS 38mm Locking Tablet Mount","heavy-duty-composite-locking-tablet-cradle-dock-n-lock-ibbz-33935","https://iboltmounts.com/products/heavy-duty-composite-locking-tablet-cradle-dock-n-lock-ibbz-33935","92.95","1","Forklifts & Warehousing; Trucking & Fleet; Restaurants & Food Delivery; Road Trips & Travel; General Mounting Solutions","warehouse; fleet; restaurant; travel; amps/modular","warehouse; fleet; restaurant; travel; amps/modular; delivery; tablet","warehouse; fleet; restaurant; delivery; tablet","0","","","","","","","thin internal linking; high-risk benchmark topic: warehouse, fleet, restaurant, delivery, tablet; no detected blog photo-bank coverage","Strengthen existing mentions with specs, compatibility, image alt text, and Product/Offer support."
"142","iBOLT™ TabDock™ Bizmount™ Wedge","tabdock-bizmount-seat-wedge-tablet-mount-ibbz-33795","https://iboltmounts.com/products/tabdock-bizmount-seat-wedge-tablet-mount-ibbz-33795","59.95","1","Forklifts & Warehousing; Trucking & Fleet; Road Trips & Travel; General Mounting Solutions","warehouse; fleet; travel; amps/modular","warehouse; fleet; travel; amps/modular; tablet","warehouse; fleet; tablet","0","","","","","","","thin internal linking; high-risk benchmark topic: warehouse, fleet, tablet; no detected blog photo-bank coverage","Strengthen existing mentions with specs, compatibility, image alt text, and Product/Offer support."
"142","iBOLT™ TabDock™ Flexpro - Heavy Duty Floor Mount for All 7"" - 10"" Tablets","ibolt-tabdock-flexpro-heavy-duty-seat-rail-gooseneck-tablet-eld-floor-mount-ibbz-33762","https://iboltmounts.com/products/ibolt-tabdock-flexpro-heavy-duty-seat-rail-gooseneck-tablet-eld-floor-mount-ibbz-33762","34.95","1","Trucking & Fleet; Restaurants & Food Delivery; Road Trips & Travel; General Mounting Solutions","fleet; restaurant; travel; amps/modular","fleet; restaurant; travel; amps/modular; delivery; tablet","fleet; restaurant; delivery; tablet","0","","","","","","","thin internal linking; high-risk benchmark topic: fleet, restaurant, delivery, tablet; no detected blog photo-bank coverage","Strengthen existing mentions with specs, compatibility, image alt text, and Product/Offer support."
"142","iBOLT™ TabDock™ Suction Cup Extender -Holder /Mount for Your Windshield , Dashboard , or Desk","ibolt-tabdock-suction-cup-extender-holder-mount-for-your-windshield-dashboard-or-desk","https://iboltmounts.com/products/ibolt-tabdock-suction-cup-extender-holder-mount-for-your-windshield-dashboard-or-desk","29.95","1","Trucking & Fleet; Education & Schools; Kitchen & Home; Road Trips & Travel; General Mounting Solutions","fleet; education; kitchen; travel; amps/modular","fleet; education; kitchen; travel; amps/modular; tablet","fleet; tablet","0","","","","","","","thin internal linking; high-risk benchmark topic: fleet, tablet; no detected blog photo-bank coverage","Strengthen existing mentions with specs, compatibility, image alt text, and Product/Offer support."
"142","TabDock™ FlexPro Clamp","tabdock-flexpro-tablet-gooseneck-clamp-ibbz-33763","https://iboltmounts.com/products/tabdock-flexpro-tablet-gooseneck-clamp-ibbz-33763","39.95","1","Restaurants & Food Delivery; Education & Schools; Kitchen & Home; Road Trips & Travel; General Mounting Solutions","restaurant; education; kitchen; travel; amps/modular","restaurant; education; kitchen; travel; amps/modular; delivery; tablet","restaurant; delivery; tablet","0","","","","","","","thin internal linking; high-risk benchmark topic: restaurant, delivery, tablet; no detected blog photo-bank coverage","Strengthen existing mentions with specs, compatibility, image alt text, and Product/Offer support."
"122","iBOLT Action Camera / ¼ inch 20 BizMount Cup Holder Mount","ibolt-action-camera-inch-20-bizmount-cup-holder-mount","https://iboltmounts.com/products/ibolt-action-camera-inch-20-bizmount-cup-holder-mount","44.95","2","Fishing & Boating; Forklifts & Warehousing; Content Creation & Streaming; Road Trips & Travel; General Mounting Solutions","fishing; warehouse; streaming; travel; amps/modular","fishing; warehouse; streaming; travel; amps/modular","fishing; warehouse","0","","","","","","","thin internal linking; high-risk benchmark topic: fishing, warehouse; no detected blog photo-bank coverage","Strengthen existing mentions with specs, compatibility, image alt text, and Product/Offer support."
"122","iBOLT Action Camera / ¼ inch 20 Dual BizMount Cup Holder Mount","ibolt-action-camera-inch-20-dual-bizmount-cup-holder-mount","https://iboltmounts.com/products/ibolt-action-camera-inch-20-dual-bizmount-cup-holder-mount","49.95","2","Fishing & Boating; Forklifts & Warehousing; Content Creation & Streaming; Road Trips & Travel; General Mounting Solutions","fishing; warehouse; streaming; travel; amps/modular","fishing; warehouse; streaming; travel; amps/modular","fishing; warehouse","0","","","","","","","thin internal linking; high-risk benchmark topic: fishing, warehouse; no detected blog photo-bank coverage","Strengthen existing mentions with specs, compatibility, image alt text, and Product/Offer support."
"122","iBOLT™ 25mm / 1 inch Universal Marine Electronic Fish Finder to AMPS Mount","ibolt-25mm-1-inch-composite-universal-marine-electronic-fish-finder-to-composite-rectangular-amps-pattern-drill-base-dual-ball-mount-featuring-a-2-75-inch-composite-25mm-1-inch-bizmount-arm","https://iboltmounts.com/products/ibolt-25mm-1-inch-composite-universal-marine-electronic-fish-finder-to-composite-rectangular-amps-pattern-drill-base-dual-ball-mount-featuring-a-2-75-inch-composite-25mm-1-inch-bizmount-arm","19.95","2","Fishing & Boating; Forklifts & Warehousing; Restaurants & Food Delivery; General Mounting Solutions","fishing; warehouse; restaurant; amps/modular","fishing; warehouse; restaurant; amps/modular; delivery","fishing; warehouse; restaurant; delivery","0","","","","","","","thin internal linking; high-risk benchmark topic: fishing, warehouse, restaurant, delivery; no detected blog photo-bank coverage","Strengthen existing mentions with specs, compatibility, image alt text, and Product/Offer support."
"122","iBOLT GoPro/ Action Camera Selfie Pole Clamp, Handlebar, Rail Mount","ibolt-gopro-action-camera-selfie-pole-clamp-handlebar-rail-mount","https://iboltmounts.com/products/ibolt-gopro-action-camera-selfie-pole-clamp-handlebar-rail-mount","54.95","1","Fishing & Boating; Content Creation & Streaming; Mountain Biking & Cycling; General Mounting Solutions","fishing; streaming; cycling; amps/modular","fishing; streaming; cycling; amps/modular","fishing","0","","","","","","","thin internal linking; high-risk benchmark topic: fishing; no detected blog photo-bank coverage","Strengthen existing mentions with specs, compatibility, image alt text, and Product/Offer support."
"122","iBOLT™ 25mm / 1 inch Composite Universal Marine Fish Finder to Metal AMPS 2.75 Dual Ball Mount","ibolt-25mm-1-inch-composite-universal-marine-fish-finder-to-metal-amps2-75-inch-dual-ball-mount","https://iboltmounts.com/products/ibolt-25mm-1-inch-composite-universal-marine-fish-finder-to-metal-amps2-75-inch-dual-ball-mount","29.95","1","Fishing & Boating; Restaurants & Food Delivery; General Mounting Solutions","fishing; restaurant; amps/modular","fishing; restaurant; amps/modular; delivery","fishing; restaurant; delivery","0","","","","","","","thin internal linking; high-risk benchmark topic: fishing, restaurant, delivery; no detected blog photo-bank coverage","Strengthen existing mentions with specs, compatibility, image alt text, and Product/Offer support."
"122","iBOLT™ 38mm / 1.5 inch Composite Universal Marine Fish Finder to Composite AMPs Mount","ibolt-38mm-1-5-inch-composite-universal-marine-fish-finder-to-composite-amps-drill-base-mount","https://iboltmounts.com/products/ibolt-38mm-1-5-inch-composite-universal-marine-fish-finder-to-composite-amps-drill-base-mount","39.95","1","Fishing & Boating; Restaurants & Food Delivery; General Mounting Solutions","fishing; restaurant; amps/modular","fishing; restaurant; amps/modular; delivery","fishing; restaurant; delivery","0","","","","","","","thin internal linking; high-risk benchmark topic: fishing, restaurant, delivery; no detected blog photo-bank coverage","Strengthen existing mentions with specs, compatibility, image alt text, and Product/Offer support."
"122","iBOLT™ 38mm / 1.5 inch Composite Universal Marine Fish Finder to Metal AMPS Mount","ibolt-38mm-1-5-inch-composite-universal-marine-fish-finder-to-metal-amps-drill-base-mount","https://iboltmounts.com/products/ibolt-38mm-1-5-inch-composite-universal-marine-fish-finder-to-metal-amps-drill-base-mount","65.95","1","Fishing & Boating; Restaurants & Food Delivery; General Mounting Solutions","fishing; restaurant; amps/modular","fishing; restaurant; amps/modular; delivery","fishing; restaurant; delivery","0","","","","","","","thin internal linking; high-risk benchmark topic: fishing, restaurant, delivery; no detected blog photo-bank coverage","Strengthen existing mentions with specs, compatibility, image alt text, and Product/Offer support."
"122","iBOLT™ 38mm / 1.5 inch Universal Marine Electronic Fish Finder to Composite AMPS Mount","ibolt-38mm-1-5-inch-composite-universal-marine-electronic-fish-finder-to-composite-rectangular-amps-pattern-drill-base-dual-ball-mount-featuring-a-8-5-inch-aluminum-38mm-bizmount-arm","https://iboltmounts.com/products/ibolt-38mm-1-5-inch-composite-universal-marine-electronic-fish-finder-to-composite-rectangular-amps-pattern-drill-base-dual-ball-mount-featuring-a-8-5-inch-aluminum-38mm-bizmount-arm","59.95","1","Fishing & Boating; Forklifts & Warehousing; Restaurants & Food Delivery; General Mounting Solutions","fishing; warehouse; restaurant; amps/modular","fishing; warehouse; restaurant; amps/modular; delivery","fishing; warehouse; restaurant; delivery","0","","","","","","","thin internal linking; high-risk benchmark topic: fishing, warehouse, restaurant, delivery; no detected blog photo-bank coverage","Strengthen existing mentions with specs, compatibility, image alt text, and Product/Offer support."
"117","3 Camera Phone & Tablet Slide Bar - 10 inch","phone-tablet-slide-bar-camera-screw-tripod-attachment-ibcm-34603","https://iboltmounts.com/products/phone-tablet-slide-bar-camera-screw-tripod-attachment-ibcm-34603","34.95","4","Content Creation & Streaming; General Mounting Solutions","streaming; amps/modular","streaming; amps/modular; tablet","tablet","0","","","","","","","high-risk benchmark topic: tablet; no detected blog photo-bank coverage","Strengthen existing mentions with specs, compatibility, image alt text, and Product/Offer support."
"117","iBOLT Dual Tablet- Tripod Slider Bar","ibolt-dual-tablet-tripod-slider-bar","https://iboltmounts.com/products/ibolt-dual-tablet-tripod-slider-bar","59.95","4","Restaurants & Food Delivery; Content Creation & Streaming; Kitchen & Home; General Mounting Solutions","restaurant; streaming; kitchen; amps/modular","restaurant; streaming; kitchen; amps/modular; delivery; tablet","restaurant; delivery; tablet","0","","","","","","","high-risk benchmark topic: restaurant, delivery, tablet; no detected blog photo-bank coverage","Strengthen existing mentions with specs, compatibility, image alt text, and Product/Offer support."
"117","iBOLT Tablet Tower- TabDock™ POS Wall Mount - with 4 Tablet Holders","ibolt-tabdock-point-of-purchase-pos-wall-mount-with-4-tablet-holders","https://iboltmounts.com/products/ibolt-tabdock-point-of-purchase-pos-wall-mount-with-4-tablet-holders","134.95","4","Restaurants & Food Delivery; Kitchen & Home; General Mounting Solutions","restaurant; kitchen; amps/modular","restaurant; kitchen; amps/modular; delivery; tablet","restaurant; delivery; tablet","0","","","","","","","high-risk benchmark topic: restaurant, delivery, tablet; no detected blog photo-bank coverage","Strengthen existing mentions with specs, compatibility, image alt text, and Product/Offer support."
"117","iBOLT™ Tablet Tower- TabDock™ POS Clamp Mount - with 3 Tablet Holders","tablet-tower-multi-tablet-stand-ipad-point-of-sale-purchase-restaurant-triple-ibrt-34700","https://iboltmounts.com/products/tablet-tower-multi-tablet-stand-ipad-point-of-sale-purchase-restaurant-triple-ibrt-34700","79.95","4","Restaurants & Food Delivery; Kitchen & Home; General Mounting Solutions","restaurant; kitchen; amps/modular","restaurant; kitchen; amps/modular; delivery; tablet","restaurant; delivery; tablet","0","","","","","","","high-risk benchmark topic: restaurant, delivery, tablet; no detected blog photo-bank coverage","Strengthen existing mentions with specs, compatibility, image alt text, and Product/Offer support."
"117","iBOLT TabDock ExtendiBOLT Dual Suction Cup Mount","ibolt-tabdock-extendibolt-dual-suction-cup-mount","https://iboltmounts.com/products/ibolt-tabdock-extendibolt-dual-suction-cup-mount","69.95","3","Trucking & Fleet; Road Trips & Travel; General Mounting Solutions","fleet; travel; amps/modular","fleet; travel; amps/modular; tablet","fleet; tablet","0","","","","","","","high-risk benchmark topic: fleet, tablet; no detected blog photo-bank coverage","Strengthen existing mentions with specs, compatibility, image alt text, and Product/Offer support."
"117","iBOLT™ TabDock™ Bizmount™ Clamp","tabdock-bizmount-heavy-duty-tablet-clamp-mount-ibbz-33910","https://iboltmounts.com/products/tabdock-bizmount-heavy-duty-tablet-clamp-mount-ibbz-33910","39.95","3","Fishing & Boating; Forklifts & Warehousing; Agriculture & Farming; Road Trips & Travel; Mountain Biking & Cycling; General Mounting Solutions","fishing; warehouse; agriculture; travel; cycling; amps/modular","fishing; warehouse; agriculture; travel; cycling; amps/modular; tablet","fishing; warehouse; tablet","0","","","","","","","high-risk benchmark topic: fishing, warehouse, tablet; no detected blog photo-bank coverage","Strengthen existing mentions with specs, compatibility, image alt text, and Product/Offer support."
"117","TabDock™ Bizmount™ Console- Heavy Duty Cup Holder Mount for Tablets","tabdock-bizmount-console-heavy-duty-cup-holder-mount-ibbz-33784","https://iboltmounts.com/products/tabdock-bizmount-console-heavy-duty-cup-holder-mount-ibbz-33784","55.95","3","Forklifts & Warehousing; Trucking & Fleet; Restaurants & Food Delivery; Road Trips & Travel; General Mounting Solutions","warehouse; fleet; restaurant; travel; amps/modular","warehouse; fleet; restaurant; travel; amps/modular; delivery; tablet","warehouse; fleet; restaurant; delivery; tablet","0","","","","","","","high-risk benchmark topic: warehouse, fleet, restaurant, delivery, tablet; no detected blog photo-bank coverage","Strengthen existing mentions with specs, compatibility, image alt text, and Product/Offer support."
"110","iBOLT Moto-Vise™ Holder w/ 25mm / 1-inch Ball","heavy-duty-smartphone-motorcycle-moto-vise-holder-25mm-1-inch-ball-ibpb-33892","https://iboltmounts.com/products/heavy-duty-smartphone-motorcycle-moto-vise-holder-25mm-1-inch-ball-ibpb-33892","25.00","2","Trucking & Fleet; Off-Roading & Jeep; Road Trips & Travel; Mountain Biking & Cycling; General Mounting Solutions","fleet; offroad; travel; cycling; amps/modular","fleet; offroad; travel; cycling; amps/modular","fleet","0","","","","","","","thin internal linking; high-risk benchmark topic: fleet; no detected blog photo-bank coverage","Strengthen existing mentions with specs, compatibility, image alt text, and Product/Offer support."
"110","iBOLT VESA 75x75 / 100x100 Monitor Pillar Mount with 57mm (2.25-inch) Ball Joint","ibolt-vesa-75x75-100x100-monitor-pillar-mount-with-57mm-2-5-inch-ball-joint","https://iboltmounts.com/products/ibolt-vesa-75x75-100x100-monitor-pillar-mount-with-57mm-2-5-inch-ball-joint","189.95","2","Forklifts & Warehousing; Trucking & Fleet; Road Trips & Travel; General Mounting Solutions","warehouse; fleet; travel; amps/modular","warehouse; fleet; travel; amps/modular","warehouse; fleet","0","","","","","","","thin internal linking; high-risk benchmark topic: warehouse, fleet; no detected blog photo-bank coverage","Strengthen existing mentions with specs, compatibility, image alt text, and Product/Offer support."
"110","iBOLT™ iPro2 for iPhone 14 pro","iphone-charging-phone-holder-dock-iba-33450","https://iboltmounts.com/products/iphone-charging-phone-holder-dock-iba-33450","39.95","2","Trucking & Fleet; Education & Schools; Content Creation & Streaming; Kitchen & Home; Road Trips & Travel; General Mounting Solutions","fleet; education; streaming; kitchen; travel; amps/modular","fleet; education; streaming; kitchen; travel; amps/modular","fleet","0","","","","","","","thin internal linking; high-risk benchmark topic: fleet; no detected blog photo-bank coverage","Strengthen existing mentions with specs, compatibility, image alt text, and Product/Offer support."
"110","iBOLT Forklift and Warehouse Vehicle Pillar Bracket/Mount w/Barcode Scanner Holder","forklift-and-warehouse-vehicle-pillar-bracket-mount-barcode-scanner-holder-ibfl-34503","https://iboltmounts.com/products/forklift-and-warehouse-vehicle-pillar-bracket-mount-barcode-scanner-holder-ibfl-34503","70.00","1","Forklifts & Warehousing; Road Trips & Travel; General Mounting Solutions","warehouse; travel; amps/modular","warehouse; travel; amps/modular; fleet","warehouse; fleet","0","","","","","","","thin internal linking; high-risk benchmark topic: warehouse, fleet; no detected blog photo-bank coverage","Strengthen existing mentions with specs, compatibility, image alt text, and Product/Offer support."
"110","iBOLT™ 25mm / 1 inch Ball to Strong VHB Adhesive Mount","ibolt-25mm-1-inch-ball-to-strong-vhb-adhesive-mount-base-adapter","https://iboltmounts.com/products/ibolt-25mm-1-inch-ball-to-strong-vhb-adhesive-mount-base-adapter","8.95","1","Trucking & Fleet; Restaurants & Food Delivery; General Mounting Solutions","fleet; restaurant; amps/modular","fleet; restaurant; amps/modular; delivery","fleet; restaurant; delivery","0","","","","","","","thin internal linking; high-risk benchmark topic: fleet, restaurant, delivery; no detected blog photo-bank coverage","Strengthen existing mentions with specs, compatibility, image alt text, and Product/Offer support."
"110","sPro2™ Windshield Dash and Vent Combo Kit","spro2-phone-holder-ibu-33415","https://iboltmounts.com/products/spro2-phone-holder-ibu-33415","29.95","1","Trucking & Fleet; Road Trips & Travel; General Mounting Solutions","fleet; travel; amps/modular","fleet; travel; amps/modular","fleet","0","","","","","","","thin internal linking; high-risk benchmark topic: fleet; no detected blog photo-bank coverage","Strengthen existing mentions with specs, compatibility, image alt text, and Product/Offer support."
"108","iBOLT Moto-Vise™ Bizmount™ Clamp- Heavy Duty Smartphone clamp/claw mount","ibolt-moto-vise-bizmount-clamp-heavy-duty-phone-claw-clamp-motorcycle-excercise-equipment-ibmc-34700","https://iboltmounts.com/products/ibolt-moto-vise-bizmount-clamp-heavy-duty-phone-claw-clamp-motorcycle-excercise-equipment-ibmc-34700","49.95","2","Forklifts & Warehousing; Off-Roading & Jeep; Mountain Biking & Cycling; General Mounting Solutions","warehouse; offroad; cycling; amps/modular","warehouse; offroad; cycling; amps/modular","warehouse","0","","","","","","","thin internal linking; high-risk benchmark topic: warehouse; no detected blog photo-bank coverage","Strengthen existing mentions with specs, compatibility, image alt text, and Product/Offer support."
"108","iBolt Moto-Vise™ Bizmount™ Metal Handlebar Phone mount","ibolt-moto-vise-bizmount-metal-handlebar-phone-motorcycle-pole-post-handlebar-mount-ibmc-34701","https://iboltmounts.com/products/ibolt-moto-vise-bizmount-metal-handlebar-phone-motorcycle-pole-post-handlebar-mount-ibmc-34701","49.95","2","Forklifts & Warehousing; Off-Roading & Jeep; Restaurants & Food Delivery; Mountain Biking & Cycling; General Mounting Solutions","warehouse; offroad; restaurant; cycling; amps/modular","warehouse; offroad; restaurant; cycling; amps/modular; delivery","warehouse; restaurant; delivery","0","","","","","","","thin internal linking; high-risk benchmark topic: warehouse, restaurant, delivery; no detected blog photo-bank coverage","Strengthen existing mentions with specs, compatibility, image alt text, and Product/Offer support."
"108","iBOLT VESA 75x75 / 100x100 Monitor Pillar Mount with 38mm (1.5-inch) Ball Joint","ibolt-vesa-75x75-100x100-monitor-pillar-mount-with-38mm-1-5-inch-ball-joint-copy","https://iboltmounts.com/products/ibolt-vesa-75x75-100x100-monitor-pillar-mount-with-38mm-1-5-inch-ball-joint-copy","104.95","2","Forklifts & Warehousing; Restaurants & Food Delivery; Road Trips & Travel; General Mounting Solutions","warehouse; restaurant; travel; amps/modular","warehouse; restaurant; travel; amps/modular; delivery","warehouse; restaurant; delivery","0","","","","","","","thin internal linking; high-risk benchmark topic: warehouse, restaurant, delivery; no detected blog photo-bank coverage","Strengthen existing mentions with specs, compatibility, image alt text, and Product/Offer support."
"108","iBOLT™ 38mm / 1.5 inch Metal Rectangular AMPS to ¼ 20” Metal Camera Screw Mount","ibolt-38mm-1-5-inch-metal-rectangular-amps-pattern-to-20-metal-camera-screw-dual-ball-mount-featuring-a-3-5-inch-composite-38mm-bizmount-arm","https://iboltmounts.com/products/ibolt-38mm-1-5-inch-metal-rectangular-amps-pattern-to-20-metal-camera-screw-dual-ball-mount-featuring-a-3-5-inch-composite-38mm-bizmount-arm","29.95","2","Forklifts & Warehousing; Restaurants & Food Delivery; Content Creation & Streaming; General Mounting Solutions","warehouse; restaurant; streaming; amps/modular","warehouse; restaurant; streaming; amps/modular; delivery","warehouse; restaurant; delivery","0","","","","","","","thin internal linking; high-risk benchmark topic: warehouse, restaurant, delivery; no detected blog photo-bank coverage","Strengthen existing mentions with specs, compatibility, image alt text, and Product/Offer support."
"108","Metal Forklift Pillar Bracket/Mount","heavy-duty-metal-forklift-pillar-bracket-amps-pattern-ibfl-34500","https://iboltmounts.com/products/heavy-duty-metal-forklift-pillar-bracket-amps-pattern-ibfl-34500","39.95","2","Forklifts & Warehousing; General Mounting Solutions","warehouse; amps/modular","warehouse; amps/modular","warehouse","0","","","","","","","thin internal linking; high-risk benchmark topic: warehouse; no detected blog photo-bank coverage","Strengthen existing mentions with specs, compatibility, image alt text, and Product/Offer support."
"108","Build your own Mount","cpb-order-6d2d60da-0af8-4f5c-88d9-c8ce13b6a2e7","https://iboltmounts.com/products/cpb-order-6d2d60da-0af8-4f5c-88d9-c8ce13b6a2e7","29.50","1","Forklifts & Warehousing; Restaurants & Food Delivery; General Mounting Solutions","warehouse; restaurant; amps/modular","warehouse; restaurant; amps/modular; delivery","warehouse; restaurant; delivery","0","","","","","","","thin internal linking; high-risk benchmark topic: warehouse, restaurant, delivery; no detected blog photo-bank coverage","Strengthen existing mentions with specs, compatibility, image alt text, and Product/Offer support."
"108","Build your own Mount","cpb-order-4067267b-fbbc-4bc5-a403-40ad9a780dad","https://iboltmounts.com/products/cpb-order-4067267b-fbbc-4bc5-a403-40ad9a780dad","34.00","1","Forklifts & Warehousing; General Mounting Solutions","warehouse; amps/modular","warehouse; amps/modular","warehouse","0","","","","","","","thin internal linking; high-risk benchmark topic: warehouse; no detected blog photo-bank coverage","Strengthen existing mentions with specs, compatibility, image alt text, and Product/Offer support."
"108","Build your own Mount","build-your-own-mount-1","https://iboltmounts.com/products/build-your-own-mount-1","11.95","1","Forklifts & Warehousing; General Mounting Solutions","warehouse; amps/modular","warehouse; amps/modular","warehouse","0","","","","","","","thin internal linking; high-risk benchmark topic: warehouse; no detected blog photo-bank coverage","Strengthen existing mentions with specs, compatibility, image alt text, and Product/Offer support."
"108","iBOLT 17mm Dual Ball to Cup Holder Mount Base compatible w/ Garmin GPS and iBOLT Phone Holders","ibolt-17mm-dual-ball-to-cup-holder-mount-base-compatible-w-garmin-gps-and-ibolt-phone-holders","https://iboltmounts.com/products/ibolt-17mm-dual-ball-to-cup-holder-mount-base-compatible-w-garmin-gps-and-ibolt-phone-holders","42.95","1","Forklifts & Warehousing; Restaurants & Food Delivery; Road Trips & Travel; General Mounting Solutions","warehouse; restaurant; travel; amps/modular","warehouse; restaurant; travel; amps/modular; delivery","warehouse; restaurant; delivery","0","","","","","","","thin internal linking; high-risk benchmark topic: warehouse, restaurant, delivery; no detected blog photo-bank coverage","Strengthen existing mentions with specs, compatibility, image alt text, and Product/Offer support."
"108","iBOLT™ Aluminum 2.75 inch Double Socket Arm for 1-inch / 25mm / B Size Ball adapters","aluminum-2-75-inch-double-socket-arm-industry-standard-1-inch-25mm-b-size-ball-adapters-mounts-22202","https://iboltmounts.com/products/aluminum-2-75-inch-double-socket-arm-industry-standard-1-inch-25mm-b-size-ball-adapters-mounts-22202","14.95","1","Forklifts & Warehousing; General Mounting Solutions","warehouse; amps/modular","warehouse; amps/modular","warehouse","0","","","","","","","thin internal linking; high-risk benchmark topic: warehouse; no detected blog photo-bank coverage","Strengthen existing mentions with specs, compatibility, image alt text, and Product/Offer support."
"108","iBOLT™ Composite 3.75 inch BizMount™ Double Socket Arm for 1-inch / 25mm/ B Size","composite-3-75-inch-double-socket-arm-for-all-industry-standard-1-inch-25mm-b-size-ball-22158","https://iboltmounts.com/products/composite-3-75-inch-double-socket-arm-for-all-industry-standard-1-inch-25mm-b-size-ball-22158","7.95","1","Forklifts & Warehousing; Restaurants & Food Delivery; General Mounting Solutions","warehouse; restaurant; amps/modular","warehouse; restaurant; amps/modular; delivery","warehouse; restaurant; delivery","0","","","","","","","thin internal linking; high-risk benchmark topic: warehouse, restaurant, delivery; no detected blog photo-bank coverage","Strengthen existing mentions with specs, compatibility, image alt text, and Product/Offer support."
"108","iBOLT™ Metal VESA 75 / VESA 100 to 25mm Ball / 1-inch Adapter","ibolt-metal-vesa-75-vesa-100-to-25mm-ball-1-inch-adapter-mounts-vesa","https://iboltmounts.com/products/ibolt-metal-vesa-75-vesa-100-to-25mm-ball-1-inch-adapter-mounts-vesa","15.95","1","General Mounting Solutions","amps/modular","amps/modular; warehouse","warehouse","0","","","","","","","thin internal linking; high-risk benchmark topic: warehouse; no detected blog photo-bank coverage","Strengthen existing mentions with specs, compatibility, image alt text, and Product/Offer support."
"108","iBOLT™ Security Hardware or 1 inch / 25mm Bizmount™ Arms","ibolt-security-hardware-or-1-inch-25mm-bizmount-arms","https://iboltmounts.com/products/ibolt-security-hardware-or-1-inch-25mm-bizmount-arms","4.99","1","Forklifts & Warehousing; General Mounting Solutions","warehouse; amps/modular","warehouse; amps/modular","warehouse","0","","","","","","","thin internal linking; high-risk benchmark topic: warehouse; no detected blog photo-bank coverage","Strengthen existing mentions with specs, compatibility, image alt text, and Product/Offer support."
"108","Overhead Guard Metal Forklift Bracket","heavy-duty-forklift-overhead-cage-bracket-amps-pattern-metal-plates-ibfl-34501","https://iboltmounts.com/products/heavy-duty-forklift-overhead-cage-bracket-amps-pattern-metal-plates-ibfl-34501","59.95","1","Forklifts & Warehousing; General Mounting Solutions","warehouse; amps/modular","warehouse; amps/modular","warehouse","0","","","","","","","thin internal linking; high-risk benchmark topic: warehouse; no detected blog photo-bank coverage","Strengthen existing mentions with specs, compatibility, image alt text, and Product/Offer support."
"107","iBOLT Clamp Base for 4-Hole AMPS Mounts","ibolt-clamp-base-for-4-hole-amps-mounts","https://iboltmounts.com/products/ibolt-clamp-base-for-4-hole-amps-mounts","24.95","2","Restaurants & Food Delivery; Education & Schools; Agriculture & Farming; Kitchen & Home; General Mounting Solutions","restaurant; education; agriculture; kitchen; amps/modular","restaurant; education; agriculture; kitchen; amps/modular; delivery","restaurant; delivery","0","","","","","","","thin internal linking; high-risk benchmark topic: restaurant, delivery; no detected blog photo-bank coverage","Strengthen existing mentions with specs, compatibility, image alt text, and Product/Offer support."
"107","iBOLT ¼ 20” Camera Screw IncrediBOLT™ 360 AMPS w/ 6” Multi-Angle Arm","ibolt-20-camera-screw-incredibolt-360-amps-w-6-multi-angle-arm-drill-drill-base-mount","https://iboltmounts.com/products/ibolt-20-camera-screw-incredibolt-360-amps-w-6-multi-angle-arm-drill-drill-base-mount","49.95","1","Restaurants & Food Delivery; Content Creation & Streaming; General Mounting Solutions","restaurant; streaming; amps/modular","restaurant; streaming; amps/modular; delivery","restaurant; delivery","0","","","","","","","thin internal linking; high-risk benchmark topic: restaurant, delivery; no detected blog photo-bank coverage","Strengthen existing mentions with specs, compatibility, image alt text, and Product/Offer support."
"107","iBOLT sPro2™ Headrest Viewer","ibolt-spro2-headrest-viewer","https://iboltmounts.com/products/ibolt-spro2-headrest-viewer","25.00","1","Restaurants & Food Delivery; Road Trips & Travel; General Mounting Solutions","restaurant; travel; amps/modular","restaurant; travel; amps/modular; delivery","restaurant; delivery","0","","","","","","","thin internal linking; high-risk benchmark topic: restaurant, delivery; no detected blog photo-bank coverage","Strengthen existing mentions with specs, compatibility, image alt text, and Product/Offer support."
"107","iBOLT™ 17mm to 17mm Composite Ball Adapter","ibolt-17mm-to-17mm-composite-ball-adapter-for-industry-standard-dual-ball-socket-mounting-arms","https://iboltmounts.com/products/ibolt-17mm-to-17mm-composite-ball-adapter-for-industry-standard-dual-ball-socket-mounting-arms","7.95","1","Restaurants & Food Delivery; General Mounting Solutions","restaurant; amps/modular","restaurant; amps/modular; delivery","restaurant; delivery","0","","","","","","","thin internal linking; high-risk benchmark topic: restaurant, delivery; no detected blog photo-bank coverage","Strengthen existing mentions with specs, compatibility, image alt text, and Product/Offer support."
"107","iBOLT™ 25mm / 1 inch Composite Extension Ball Adapter","ibolt-25mm-1-inch-composite-extension-ball-adapter-23520","https://iboltmounts.com/products/ibolt-25mm-1-inch-composite-extension-ball-adapter-23520","9.95","1","Restaurants & Food Delivery; General Mounting Solutions","restaurant; amps/modular","restaurant; amps/modular; delivery","restaurant; delivery","0","","","","","","","thin internal linking; high-risk benchmark topic: restaurant, delivery; no detected blog photo-bank coverage","Strengthen existing mentions with specs, compatibility, image alt text, and Product/Offer support."
"107","iBOLT™ 25mm / 1 inch to 25mm / 1 inch Metal Extension Ball Adapter","ibolt-25mm-1-inch-to-25mm-1-inch-metal-extension-ball-adapter","https://iboltmounts.com/products/ibolt-25mm-1-inch-to-25mm-1-inch-metal-extension-ball-adapter","12.95","1","Restaurants & Food Delivery; General Mounting Solutions","restaurant; amps/modular","restaurant; amps/modular; delivery","restaurant; delivery","0","","","","","","","thin internal linking; high-risk benchmark topic: restaurant, delivery; no detected blog photo-bank coverage","Strengthen existing mentions with specs, compatibility, image alt text, and Product/Offer support."
"107","iBOLT™ 4 Hole AMPS Pattern Metal Backing Plate","industry-standard-amps-packing-plate","https://iboltmounts.com/products/industry-standard-amps-packing-plate","7.95","1","Restaurants & Food Delivery; General Mounting Solutions","restaurant; amps/modular","restaurant; amps/modular; delivery","restaurant; delivery","0","","","","","","","thin internal linking; high-risk benchmark topic: restaurant, delivery; no detected blog photo-bank coverage","Strengthen existing mentions with specs, compatibility, image alt text, and Product/Offer support."
"97","iBOLT Universal Marine Fish Finder Handlebar/ Rail Mount","ibolt-universal-marine-fish-finder-handlebar-rail-mount","https://iboltmounts.com/products/ibolt-universal-marine-fish-finder-handlebar-rail-mount","25.95","7","Fishing & Boating; Forklifts & Warehousing; Mountain Biking & Cycling; General Mounting Solutions","fishing; warehouse; cycling; amps/modular","fishing; warehouse; cycling; amps/modular","fishing; warehouse","0","","","","","","","high-risk benchmark topic: fishing, warehouse; no detected blog photo-bank coverage","Strengthen existing mentions with specs, compatibility, image alt text, and Product/Offer support."
"97","iBOLT™ 38mm / 1.5 inch Composite Universal Marine Fish Finder to Aluminum AMPS Mount","ibolt-38mm-1-5-inch-composite-universal-marine-fish-finder-to-aluminum-amps-drill-base-mount","https://iboltmounts.com/products/ibolt-38mm-1-5-inch-composite-universal-marine-fish-finder-to-aluminum-amps-drill-base-mount","39.95","5","Fishing & Boating; Restaurants & Food Delivery; General Mounting Solutions","fishing; restaurant; amps/modular","fishing; restaurant; amps/modular; delivery","fishing; restaurant; delivery","0","","","","","","","high-risk benchmark topic: fishing, restaurant, delivery; no detected blog photo-bank coverage","Strengthen existing mentions with specs, compatibility, image alt text, and Product/Offer support."
"97","iBOLT Universal Marine Fish Finder Dual Arm Handlebar/ Rail Mount","ibolt-universal-marine-fish-finder-handlebar-rail-mount-1","https://iboltmounts.com/products/ibolt-universal-marine-fish-finder-handlebar-rail-mount-1","34.95","4","Fishing & Boating; Forklifts & Warehousing; Mountain Biking & Cycling; General Mounting Solutions","fishing; warehouse; cycling; amps/modular","fishing; warehouse; cycling; amps/modular","fishing; warehouse","0","","","","","","","high-risk benchmark topic: fishing, warehouse; no detected blog photo-bank coverage","Strengthen existing mentions with specs, compatibility, image alt text, and Product/Offer support."
"97","iBOLT™ 25mm / 1 inch Metal AMPS Round Adapter Plate","ibolt-25mm-1-inch-metal-amps-round-adapter-plate-for-industry-standard-dual-ball-socket","https://iboltmounts.com/products/ibolt-25mm-1-inch-metal-amps-round-adapter-plate-for-industry-standard-dual-ball-socket","12.95","4","Fishing & Boating; General Mounting Solutions","fishing; amps/modular","fishing; amps/modular","fishing","0","","","","","","","high-risk benchmark topic: fishing; no detected blog photo-bank coverage","Strengthen existing mentions with specs, compatibility, image alt text, and Product/Offer support."
"93","17mm miniBall mount and Vent mount","17mm-adhesive-mini-ball-vent-mount-holder","https://iboltmounts.com/products/17mm-adhesive-mini-ball-vent-mount-holder","9.95","0","General Mounting Solutions","amps/modular","amps/modular","","0","","","","","","","no detected blog links; no detected blog photo-bank coverage","Add contextual SKU-level links from the target family pages and write a short product entity block."
"93","2 meter Charge'n Sync Lightning Cable (Apple Approved)","iphone-lightning-cable-iba-41400","https://iboltmounts.com/products/iphone-lightning-cable-iba-41400","19.95","0","General Mounting Solutions","amps/modular","amps/modular","","0","","","","","","","no detected blog links; no detected blog photo-bank coverage","Add contextual SKU-level links from the target family pages and write a short product entity block."
"93","Build your own Mount","cpb-order-99736722-c05e-45a6-bcfd-651354f1e991","https://iboltmounts.com/products/cpb-order-99736722-c05e-45a6-bcfd-651354f1e991","59.50","0","","","","","0","","","","","","","no detected blog links; no detected blog photo-bank coverage","Add contextual SKU-level links from the target family pages and write a short product entity block."
"93","Build your own Mount","cpb-order-971f329f-ce12-4616-a30b-d8db032aa75d","https://iboltmounts.com/products/cpb-order-971f329f-ce12-4616-a30b-d8db032aa75d","64.00","0","","","","","0","","","","","","","no detected blog links; no detected blog photo-bank coverage","Add contextual SKU-level links from the target family pages and write a short product entity block."
"93","cPro Holder with Integrated USB-C Cable","cpro-holder-with-integrated-usb-c-cable","https://iboltmounts.com/products/cpro-holder-with-integrated-usb-c-cable","20.00","0","Road Trips & Travel; General Mounting Solutions","travel; amps/modular","travel; amps/modular","","0","","","","","","","no detected blog links; no detected blog photo-bank coverage","Add contextual SKU-level links from the target family pages and write a short product entity block."
"93","iBOLT 17mm Dual Ball to Strong VHB Adhesive Mount Base compatible w/ Garmin GPS and iBOLT Phone Holders","ibolt-17mm-dual-ball-to-strong-vhb-adhesive-mount-base-compatible-w-garmin-gps-and-ibolt-phone-holders","https://iboltmounts.com/products/ibolt-17mm-dual-ball-to-strong-vhb-adhesive-mount-base-compatible-w-garmin-gps-and-ibolt-phone-holders","17.95","0","Road Trips & Travel; General Mounting Solutions","travel; amps/modular","travel; amps/modular","","0","","","","","","","no detected blog links; no detected blog photo-bank coverage","Add contextual SKU-level links from the target family pages and write a short product entity block."
"93","iBOLT 22mm Ball Socket to 4 Prong adapter with Tightening Ring","ibolt-22mm-ball-socket-to-4-prong-adapter-with-tightening-ring","https://iboltmounts.com/products/ibolt-22mm-ball-socket-to-4-prong-adapter-with-tightening-ring","4.50","0","General Mounting Solutions","amps/modular","amps/modular","","0","","","","","","","no detected blog links; no detected blog photo-bank coverage","Add contextual SKU-level links from the target family pages and write a short product entity block."
"93","iBOLT 22mm Ball Socket to 4-Hole AMPs Pattern adapter with Tightening Ring","ibolt-22mm-ball-socket-to-4-hole-amps-pattern-adapter-with-tightening-ring","https://iboltmounts.com/products/ibolt-22mm-ball-socket-to-4-hole-amps-pattern-adapter-with-tightening-ring","3.95","0","General Mounting Solutions","amps/modular","amps/modular","","0","","","","","","","no detected blog links; no detected blog photo-bank coverage","Add contextual SKU-level links from the target family pages and write a short product entity block."
"93","iBOLT 25mm / 1 inch Metal AMPS Adapter Plate","25mm-1-inch-b-size-metal-amps-pattern-adapter-plate-ibpb-33890","https://iboltmounts.com/products/25mm-1-inch-b-size-metal-amps-pattern-adapter-plate-ibpb-33890","12.95","0","Road Trips & Travel; General Mounting Solutions","travel; amps/modular","travel; amps/modular","","0","","","","","","","no detected blog links; no detected blog photo-bank coverage","Add contextual SKU-level links from the target family pages and write a short product entity block."
"93","iBOLT 6ft USB-C to USB-C Charging Cable- iPor 2 Holder Upgrade","ibolt-6ft-usb-c-to-usb-c-charging-cable-ipor-2-holder-upgrade","https://iboltmounts.com/products/ibolt-6ft-usb-c-to-usb-c-charging-cable-ipor-2-holder-upgrade","13.95","0","General Mounting Solutions","amps/modular","amps/modular","","0","","","","","","","no detected blog links; no detected blog photo-bank coverage","Add contextual SKU-level links from the target family pages and write a short product entity block."
"93","iBOLT Action Camera / ¼ inch 20 to 25mm / 1 inch/B Size Ball Adapter","ibolt-action-camera-inch-20-to-25mm-1-inch-b-size-ball-adapter","https://iboltmounts.com/products/ibolt-action-camera-inch-20-to-25mm-1-inch-b-size-ball-adapter","8.95","0","Content Creation & Streaming; Mountain Biking & Cycling; General Mounting Solutions","streaming; cycling; amps/modular","streaming; cycling; amps/modular","","0","","","","","","","no detected blog links; no detected blog photo-bank coverage","Add contextual SKU-level links from the target family pages and write a short product entity block."
"93","iBOLT GoPro / Action Camera Dual Arm Handlebar / Rail Mount","ibolt-gopro-action-camera-dual-arm-handlebar-rail-mount","https://iboltmounts.com/products/ibolt-gopro-action-camera-dual-arm-handlebar-rail-mount","23.95","0","Content Creation & Streaming; Mountain Biking & Cycling; General Mounting Solutions","streaming; cycling; amps/modular","streaming; cycling; amps/modular","","0","","","","","","","no detected blog links; no detected blog photo-bank coverage","Add contextual SKU-level links from the target family pages and write a short product entity block."
"93","iBOLT GoPro / Action Camera Handlebar / Rail Mount","ibolt-gopro-action-camera-handlebar-rail-mount","https://iboltmounts.com/products/ibolt-gopro-action-camera-handlebar-rail-mount","21.00","0","Content Creation & Streaming; Mountain Biking & Cycling; General Mounting Solutions","streaming; cycling; amps/modular","streaming; cycling; amps/modular","","0","","","","","","","no detected blog links; no detected blog photo-bank coverage","Add contextual SKU-level links from the target family pages and write a short product entity block."
"93","iBOLT IncrediBOLT™ AMPS- 3.2 inch Dual Ball Drill Base Mount","ibolt-incredibolt-amps-3-2-inch-dual-ball-drill-base-mount","https://iboltmounts.com/products/ibolt-incredibolt-amps-3-2-inch-dual-ball-drill-base-mount","22.95","0","General Mounting Solutions","amps/modular","amps/modular","","0","","","","","","","no detected blog links; no detected blog photo-bank coverage","Add contextual SKU-level links from the target family pages and write a short product entity block."
"93","iBOLT IncrediBOLT™ AMPS- 5.7 inch Dual Ball Drill Base Mount","ibolt-incredibolt-amps-5-7-inch-dual-ball-drill-base-mount","https://iboltmounts.com/products/ibolt-incredibolt-amps-5-7-inch-dual-ball-drill-base-mount","37.95","0","General Mounting Solutions","amps/modular","amps/modular","","0","","","","","","","no detected blog links; no detected blog photo-bank coverage","Add contextual SKU-level links from the target family pages and write a short product entity block."
"93","iBOLT miniProXL AMPS Car Mount- Low Profile Phone Holder with 4-Hole AMPS Drill or Adhesive Base- Comes with Multiple mounting Options","minipro-amps-drill-base-phone-holder-ibu-33427","https://iboltmounts.com/products/minipro-amps-drill-base-phone-holder-ibu-33427","15.95","0","Road Trips & Travel; General Mounting Solutions","travel; amps/modular","travel; amps/modular","","0","","","","","","","no detected blog links; no detected blog photo-bank coverage","Add contextual SKU-level links from the target family pages and write a short product entity block."
"93","iBOLT sPro2 Grip - Compact Clamp Mount","ibolt-spro2-grip-compact-clamp-mount","https://iboltmounts.com/products/ibolt-spro2-grip-compact-clamp-mount","21.95","0","General Mounting Solutions","amps/modular","amps/modular","","0","","","","","","","no detected blog links; no detected blog photo-bank coverage","Add contextual SKU-level links from the target family pages and write a short product entity block."
"93","iBOLT Tripod miniPro XL Flexible 3-in-1 :11 inch Tripod for Smartphones, Cameras, and GoPros","minipro-xl-flexilble-smartphone-gopro-camera-tripod-ibcm-3410","https://iboltmounts.com/products/minipro-xl-flexilble-smartphone-gopro-camera-tripod-ibcm-3410","29.95","0","Content Creation & Streaming; General Mounting Solutions","streaming; amps/modular","streaming; amps/modular","","0","","","","","","","no detected blog links; no detected blog photo-bank coverage","Add contextual SKU-level links from the target family pages and write a short product entity block."
"93","iBOLT™ 1 inch / 25mm to 11mm Bolt adapter for Motorcycle Mirror frames, Handlebar Pinch Bolts and more","ibolt-1-inch-25mm-to-11mm-bolt-adapter-for-motorcycle-mirror-frames-handlebar-pinch-bolts-and-more","https://iboltmounts.com/products/ibolt-1-inch-25mm-to-11mm-bolt-adapter-for-motorcycle-mirror-frames-handlebar-pinch-bolts-and-more","14.95","0","Mountain Biking & Cycling; General Mounting Solutions","cycling; amps/modular","cycling; amps/modular","","0","","","","","","","no detected blog links; no detected blog photo-bank coverage","Add contextual SKU-level links from the target family pages and write a short product entity block."
"93","iBOLT™ 1 inch / 25mm to 9mm Angled Bolt adapter for Motorcycle Mirror frames, Handlebar Pinch Bolts and more","ibolt-1-inch-25mm-to-9mm-angled-bolt-adapter-for-motorcycle-mirror-frames-handlebar-pinch-bolts-and-more","https://iboltmounts.com/products/ibolt-1-inch-25mm-to-9mm-angled-bolt-adapter-for-motorcycle-mirror-frames-handlebar-pinch-bolts-and-more","14.95","0","Mountain Biking & Cycling; General Mounting Solutions","cycling; amps/modular","cycling; amps/modular","","0","","","","","","","no detected blog links; no detected blog photo-bank coverage","Add contextual SKU-level links from the target family pages and write a short product entity block."
"93","iBOLT™ ¼ 20 Camera Screw to 25mm / 1 inch Ball Mount Adapter","ibolt-20-camera-screw-to-25mm-1-inch-ball-mount-adapter-for-all-industry-standard-1-inch-25-mm-mounts","https://iboltmounts.com/products/ibolt-20-camera-screw-to-25mm-1-inch-ball-mount-adapter-for-all-industry-standard-1-inch-25-mm-mounts","8.95","0","Content Creation & Streaming; General Mounting Solutions","streaming; amps/modular","streaming; amps/modular","","0","","","","","","","no detected blog links; no detected blog photo-bank coverage","Add contextual SKU-level links from the target family pages and write a short product entity block."
"93","iBOLT™ ¼ 20 Camera Screw to 38mm / 1.5 inch Ball Mount Adapter","ibolt-20-camera-screw-to-38mm-1-5-inch-ball-mount-adapter-for-all-industry-standard-1-5-inch-38-mm-mounts","https://iboltmounts.com/products/ibolt-20-camera-screw-to-38mm-1-5-inch-ball-mount-adapter-for-all-industry-standard-1-5-inch-38-mm-mounts","9.95","0","Content Creation & Streaming; General Mounting Solutions","streaming; amps/modular","streaming; amps/modular","","0","","","","","","","no detected blog links; no detected blog photo-bank coverage","Add contextual SKU-level links from the target family pages and write a short product entity block."
"93","iBOLT™ 17mm Tightening Ring","17mm-ibolt-tightening-ring-car-docks-phone-mounts-holders","https://iboltmounts.com/products/17mm-ibolt-tightening-ring-car-docks-phone-mounts-holders","5.00","0","Road Trips & Travel; General Mounting Solutions","travel; amps/modular","travel; amps/modular","","0","","","","","","","no detected blog links; no detected blog photo-bank coverage","Add contextual SKU-level links from the target family pages and write a short product entity block."
"93","iBOLT™ 17mm Vent Mount for Phone Holders and Garmin Devices","17mm-vent-mount-for-garmin-smartphone-holders","https://iboltmounts.com/products/17mm-vent-mount-for-garmin-smartphone-holders","5.98","0","Road Trips & Travel; General Mounting Solutions","travel; amps/modular","travel; amps/modular","","0","","","","","","","no detected blog links; no detected blog photo-bank coverage","Add contextual SKU-level links from the target family pages and write a short product entity block."
"93","iBOLT™ 20mm Adjustable Aluminum Ball Cup Holder Mount","ibolt-20mm-adjustable-aluminum-ball-cup-holder-mount","https://iboltmounts.com/products/ibolt-20mm-adjustable-aluminum-ball-cup-holder-mount","39.95","0","Road Trips & Travel; General Mounting Solutions","travel; amps/modular","travel; amps/modular","","0","","","","","","","no detected blog links; no detected blog photo-bank coverage","Add contextual SKU-level links from the target family pages and write a short product entity block."
"93","iBOLT™ 20mm to 25mm / 1 inch Aluminum Extension Ball Adapter","ibolt-20mm-to-25mm-1-inch-aluminum-extension-ball-adapter-for-industry-standard-dual-ball-socket-mounting-arms","https://iboltmounts.com/products/ibolt-20mm-to-25mm-1-inch-aluminum-extension-ball-adapter-for-industry-standard-dual-ball-socket-mounting-arms","17.95","0","General Mounting Solutions","amps/modular","amps/modular","","0","","","","","","","no detected blog links; no detected blog photo-bank coverage","Add contextual SKU-level links from the target family pages and write a short product entity block."
"93","iBOLT™ 22mm miniball VHB Adhesive Mount","ibolt-22mm-miniball-vhb-adhesive-mount","https://iboltmounts.com/products/ibolt-22mm-miniball-vhb-adhesive-mount","3.95","0","Road Trips & Travel; General Mounting Solutions","travel; amps/modular","travel; amps/modular","","0","","","","","","","no detected blog links; no detected blog photo-bank coverage","Add contextual SKU-level links from the target family pages and write a short product entity block."
"93","iBOLT™ 25MM/ 1 INCH/ B SIZE Car Wedge Mount","25mm-1-inch-ball-b-size-adjustable-seat-wedge-mount-22173","https://iboltmounts.com/products/25mm-1-inch-ball-b-size-adjustable-seat-wedge-mount-22173","25.00","0","Road Trips & Travel; General Mounting Solutions","travel; amps/modular","travel; amps/modular","","0","","","","","","","no detected blog links; no detected blog photo-bank coverage","Add contextual SKU-level links from the target family pages and write a short product entity block."
"93","iBOLT™ 3 Camera Slide Bar - for 1/4 "" 20 Accessories","camera-screw-three-slider-bar-tripod-attachment-23522","https://iboltmounts.com/products/camera-screw-three-slider-bar-tripod-attachment-23522","19.95","0","Content Creation & Streaming; General Mounting Solutions","streaming; amps/modular","streaming; amps/modular","","0","","","","","","","no detected blog links; no detected blog photo-bank coverage","Add contextual SKU-level links from the target family pages and write a short product entity block."
"93","iBOLT™ 38mm / 1.5 inch Ball Metal AMPS Adapter Plate","ibolt-38mm-1-5-inch-ball-metal-amps-adapter-plate","https://iboltmounts.com/products/ibolt-38mm-1-5-inch-ball-metal-amps-adapter-plate","13.95","0","Road Trips & Travel; General Mounting Solutions","travel; amps/modular","travel; amps/modular","","0","","","","","","","no detected blog links; no detected blog photo-bank coverage","Add contextual SKU-level links from the target family pages and write a short product entity block."
"93","iBOLT™ 38mm / 1.5 inch Metal Circular AMPS Pattern to AMPS Pattern Drill Base","ibolt-38mm-1-5-inch-metal-circular-amps-pattern-to-amps-pattern-drill-base","https://iboltmounts.com/products/ibolt-38mm-1-5-inch-metal-circular-amps-pattern-to-amps-pattern-drill-base","79.95","0","General Mounting Solutions","amps/modular","amps/modular","","0","","","","","","","no detected blog links; no detected blog photo-bank coverage","Add contextual SKU-level links from the target family pages and write a short product entity block."
"93","iBOLT™ 38mm / 1.5 inch Metal Circular AMPS to AMPS Drill Base Mount","ibolt-38mm-1-5-inch-metal-circular-amps-pattern-to-amps-pattern-drill-base-dual-ball-mount","https://iboltmounts.com/products/ibolt-38mm-1-5-inch-metal-circular-amps-pattern-to-amps-pattern-drill-base-dual-ball-mount","47.95","0","General Mounting Solutions","amps/modular","amps/modular","","0","","","","","","","no detected blog links; no detected blog photo-bank coverage","Add contextual SKU-level links from the target family pages and write a short product entity block."
"93","iBOLT™ 38mm / 1.5 inch Metal Circular AMPS to Metal Circular AMPS Drill Base Mount","ibolt-38mm-1-5-inch-metal-circular-amps-pattern-to-metal-circular-amps-pattern-drill-base-dual-ball-mount","https://iboltmounts.com/products/ibolt-38mm-1-5-inch-metal-circular-amps-pattern-to-metal-circular-amps-pattern-drill-base-dual-ball-mount","54.95","0","General Mounting Solutions","amps/modular","amps/modular","","0","","","","","","","no detected blog links; no detected blog photo-bank coverage","Add contextual SKU-level links from the target family pages and write a short product entity block."
"93","iBOLT™ 38mm / 1.5 inch Metal Rectangular AMPS Pattern to AMPS Pattern Drill Base","ibolt-38mm-1-5-inch-metal-rectangular-amps-pattern-to-amps-pattern-drill-base","https://iboltmounts.com/products/ibolt-38mm-1-5-inch-metal-rectangular-amps-pattern-to-amps-pattern-drill-base","64.95","0","General Mounting Solutions","amps/modular","amps/modular","","0","","","","","","","no detected blog links; no detected blog photo-bank coverage","Add contextual SKU-level links from the target family pages and write a short product entity block."
"93","iBOLT™ 38mm / 1.5 inch Metal Rectangular AMPS to AMPS Drill Base Mount","ibolt-38mm-1-5-inch-metal-rectangular-amps-pattern-to-amps-pattern-3-5-inch-drill-base","https://iboltmounts.com/products/ibolt-38mm-1-5-inch-metal-rectangular-amps-pattern-to-amps-pattern-3-5-inch-drill-base","37.95","0","General Mounting Solutions","amps/modular","amps/modular","","0","","","","","","","no detected blog links; no detected blog photo-bank coverage","Add contextual SKU-level links from the target family pages and write a short product entity block."
"93","iBOLT™ 38mm / 1.5 inch Metal Rectangular AMPS to AMPS Drill Base Mount","ibolt-38mm-1-5-inch-metal-rectangular-amps-pattern-to-amps-pattern-drill-base-dual-ball-mount","https://iboltmounts.com/products/ibolt-38mm-1-5-inch-metal-rectangular-amps-pattern-to-amps-pattern-drill-base-dual-ball-mount","47.95","0","General Mounting Solutions","amps/modular","amps/modular","","0","","","","","","","no detected blog links; no detected blog photo-bank coverage","Add contextual SKU-level links from the target family pages and write a short product entity block."
"93","iBOLT™ 38mm / 1.5 inch Metal Rectangular AMPS to AMPS Mount","ibolt-38mm-1-5-inch-metal-rectangular-amps-to-amps-drill-base-dual-ball-mount","https://iboltmounts.com/products/ibolt-38mm-1-5-inch-metal-rectangular-amps-to-amps-drill-base-dual-ball-mount","45.95","0","General Mounting Solutions","amps/modular","amps/modular","","0","","","","","","","no detected blog links; no detected blog photo-bank coverage","Add contextual SKU-level links from the target family pages and write a short product entity block."
"93","iBOLT™ 6ft(2m) Micro USB to USB Charging Cable","6ft-2m-micro-usb-to-usb-charging-cable-car-docks-phone-mounts-holder","https://iboltmounts.com/products/6ft-2m-micro-usb-to-usb-charging-cable-car-docks-phone-mounts-holder","7.95","0","Road Trips & Travel; General Mounting Solutions","travel; amps/modular","travel; amps/modular","","0","","","","","","","no detected blog links; no detected blog photo-bank coverage","Add contextual SKU-level links from the target family pages and write a short product entity block."
"93","iBOLT™ Aluminum 17mm AMPs Adapter Plate","aluminum-17mm-amps-adapter-plate-for-garmin-gps-devices-smartphone-holders-and-other-industry-standard-17mm-adapters-22153","https://iboltmounts.com/products/aluminum-17mm-amps-adapter-plate-for-garmin-gps-devices-smartphone-holders-and-other-industry-standard-17mm-adapters-22153","12.95","0","Road Trips & Travel; General Mounting Solutions","travel; amps/modular","travel; amps/modular","","0","","","","","","","no detected blog links; no detected blog photo-bank coverage","Add contextual SKU-level links from the target family pages and write a short product entity block."
"93","iBOLT™ FixedPro 360 20mm ball 4.5 inch Aluminum Extension arm","ibolt-fixedpro-360-4-5-inch-aluminum-extension-arm-for-all-industry-standard-20mm-ball-joints-adapters-and-mounts","https://iboltmounts.com/products/ibolt-fixedpro-360-4-5-inch-aluminum-extension-arm-for-all-industry-standard-20mm-ball-joints-adapters-and-mounts","21.95","0","General Mounting Solutions","amps/modular","amps/modular","","0","","","","","","","no detected blog links; no detected blog photo-bank coverage","Add contextual SKU-level links from the target family pages and write a short product entity block."
"93","iBOLT™ FixedPro 360 20mm ball 6.5 inch Aluminum Extension arm","ibolt-fixedpro-360-6-5-inch-aluminum-extension-arm-for-all-industry-standard-20mm-ball-joints-adapters-and-mounts","https://iboltmounts.com/products/ibolt-fixedpro-360-6-5-inch-aluminum-extension-arm-for-all-industry-standard-20mm-ball-joints-adapters-and-mounts","32.95","0","General Mounting Solutions","amps/modular","amps/modular","","0","","","","","","","no detected blog links; no detected blog photo-bank coverage","Add contextual SKU-level links from the target family pages and write a short product entity block."
"93","iBOLT™ FixedPro 360 Multi-Angle 7 inch Aluminum arm","ibolt-fixedpro-360-multi-angle-7-inch-aluminum-arm-for-industry-standard-20mm-ball-joints","https://iboltmounts.com/products/ibolt-fixedpro-360-multi-angle-7-inch-aluminum-arm-for-industry-standard-20mm-ball-joints","34.95","0","General Mounting Solutions","amps/modular","amps/modular","","0","","","","","","","no detected blog links; no detected blog photo-bank coverage","Add contextual SKU-level links from the target family pages and write a short product entity block."
"93","iBOLT™ miniProXL™ Phone Holder w/ 17mm Ball Joint","ibolt-miniproxl-holder-w-17mm-ball-joint-works-with-phones-2-25-in-58mm-to-3-8-in-97mm-wide-and-all-industry-standard-17mm-mounts","https://iboltmounts.com/products/ibolt-miniproxl-holder-w-17mm-ball-joint-works-with-phones-2-25-in-58mm-to-3-8-in-97mm-wide-and-all-industry-standard-17mm-mounts","9.95","0","Road Trips & Travel; General Mounting Solutions","travel; amps/modular","travel; amps/modular","","0","","","","","","","no detected blog links; no detected blog photo-bank coverage","Add contextual SKU-level links from the target family pages and write a short product entity block."
"93","iBOLT™ Triple 25mm / 1 inch - Three Metal Ball Joint Extension Adapter","ibolt-triple-25mm-1-inch-to-25mm-1-inch-three-metal-ball-joint-extension-adapter","https://iboltmounts.com/products/ibolt-triple-25mm-1-inch-to-25mm-1-inch-three-metal-ball-joint-extension-adapter","15.95","0","General Mounting Solutions","amps/modular","amps/modular","","0","","","","","","","no detected blog links; no detected blog photo-bank coverage","Add contextual SKU-level links from the target family pages and write a short product entity block."
"93","sPro2™ Holder Only","spro2-holder-car-docks-phone-mounts-holder","https://iboltmounts.com/products/spro2-holder-car-docks-phone-mounts-holder","15.00","0","Road Trips & Travel; General Mounting Solutions","travel; amps/modular","travel; amps/modular","","0","","","","","","","no detected blog links; no detected blog photo-bank coverage","Add contextual SKU-level links from the target family pages and write a short product entity block."
"85","iBOLT 1/4 20 Camera Screw IncrediBOLT Suction Cup Mount – Secure, Adjustable Mount for Cameras & Accessories","ibolt-1-4-20-camera-screw-incredibolt-suction-cup-mount-secure-adjustable-mount-for-cameras-accessories","https://iboltmounts.com/products/ibolt-1-4-20-camera-screw-incredibolt-suction-cup-mount-secure-adjustable-mount-for-cameras-accessories","24.95","6","Trucking & Fleet; Education & Schools; Content Creation & Streaming; Kitchen & Home; Road Trips & Travel; General Mounting Solutions","fleet; education; streaming; kitchen; travel; amps/modular","fleet; education; streaming; kitchen; travel; amps/modular","fleet","0","","","","","","","high-risk benchmark topic: fleet; no detected blog photo-bank coverage","Strengthen existing mentions with specs, compatibility, image alt text, and Product/Offer support."
"85","iBOLT 25mm / 1 inch Ball Flexpro Seatrail Mount w/ 3 inch arm","ibolt-25mm-1-inch-ball-flexpro-seatrail-mount-w-3-inch-arm-heavy-duty-floor-mount-for-industry-standard-25mm-1-inch-dual-ball-mounts-cars-vans-large-trucks-great-for-telematics-and-fleets","https://iboltmounts.com/products/ibolt-25mm-1-inch-ball-flexpro-seatrail-mount-w-3-inch-arm-heavy-duty-floor-mount-for-industry-standard-25mm-1-inch-dual-ball-mounts-cars-vans-large-trucks-great-for-telematics-and-fleets","24.95","3","Trucking & Fleet; Off-Roading & Jeep; Restaurants & Food Delivery; Road Trips & Travel; General Mounting Solutions","fleet; offroad; restaurant; travel; amps/modular","fleet; offroad; restaurant; travel; amps/modular; delivery","fleet; restaurant; delivery","0","","","","","","","high-risk benchmark topic: fleet, restaurant, delivery; no detected blog photo-bank coverage","Strengthen existing mentions with specs, compatibility, image alt text, and Product/Offer support."
"85","iBOLT VESA 100x100 triMag Magnetic Monitor Mount","ibolt-vesa-trimag-magnetic-monitor-mount-heavy-duty-screen-mount-with-38mm-ball-joints-and-vesa-75x75-100x100-plate-for-forklifts-warehouse-vehicles-and-material-handling-equipment","https://iboltmounts.com/products/ibolt-vesa-trimag-magnetic-monitor-mount-heavy-duty-screen-mount-with-38mm-ball-joints-and-vesa-75x75-100x100-plate-for-forklifts-warehouse-vehicles-and-material-handling-equipment","79.95","3","Forklifts & Warehousing; Trucking & Fleet; Restaurants & Food Delivery; Road Trips & Travel; General Mounting Solutions","warehouse; fleet; restaurant; travel; amps/modular","warehouse; fleet; restaurant; travel; amps/modular; delivery","warehouse; fleet; restaurant; delivery","0","","","","","","","high-risk benchmark topic: warehouse, fleet, restaurant, delivery; no detected blog photo-bank coverage","Strengthen existing mentions with specs, compatibility, image alt text, and Product/Offer support."
"85","iBOLT™ 25mm / 1 inch Ball Flexpro Seatrail Mount","ibolt-25mm-1-inch-ball-flexpro-seatrail-mount-heavy-duty-floor-mount-for-industry-standard-25mm-1-inch-dual-ball-mounts-arms-cars-vans-large-trucks-great-for-telematics-and-fleets","https://iboltmounts.com/products/ibolt-25mm-1-inch-ball-flexpro-seatrail-mount-heavy-duty-floor-mount-for-industry-standard-25mm-1-inch-dual-ball-mounts-arms-cars-vans-large-trucks-great-for-telematics-and-fleets","19.95","3","Trucking & Fleet; Off-Roading & Jeep; Restaurants & Food Delivery; Road Trips & Travel; General Mounting Solutions","fleet; offroad; restaurant; travel; amps/modular","fleet; offroad; restaurant; travel; amps/modular; delivery","fleet; restaurant; delivery","0","","","","","","","high-risk benchmark topic: fleet, restaurant, delivery; no detected blog photo-bank coverage","Strengthen existing mentions with specs, compatibility, image alt text, and Product/Offer support."
"85","iBOLT™ 25mm / 1 inch Ball to “Sticky-Suction” Cup Mount","ibolt-25mm-1-inch-ball-to-sticky-suction-cup-windshield-dashboard-mount-base-adapter","https://iboltmounts.com/products/ibolt-25mm-1-inch-ball-to-sticky-suction-cup-windshield-dashboard-mount-base-adapter","9.95","3","Trucking & Fleet; Restaurants & Food Delivery; Road Trips & Travel; General Mounting Solutions","fleet; restaurant; travel; amps/modular","fleet; restaurant; travel; amps/modular; delivery","fleet; restaurant; delivery","0","","","","","","","high-risk benchmark topic: fleet, restaurant, delivery; no detected blog photo-bank coverage","Strengthen existing mentions with specs, compatibility, image alt text, and Product/Offer support."
"85","iBOLT™ xProDock™ NFC Bizmount™ - Phone Holder/Mount with Heavy Duty Suction Cup Base and 1.5m USB-C Cable","ibolt-xprodock-nfc-bizmount-phone-holder-mount-heavy-duty-suction-cup-base-and-1-5m-usb-c-cable-ibbz-33969","https://iboltmounts.com/products/ibolt-xprodock-nfc-bizmount-phone-holder-mount-heavy-duty-suction-cup-base-and-1-5m-usb-c-cable-ibbz-33969","39.95","3","Forklifts & Warehousing; Trucking & Fleet; Restaurants & Food Delivery; Education & Schools; Kitchen & Home; Road Trips & Travel; General Mounting Solutions","warehouse; fleet; restaurant; education; kitchen; travel; amps/modular","warehouse; fleet; restaurant; education; kitchen; travel; amps/modular; delivery","warehouse; fleet; restaurant; delivery","0","","","","","","","high-risk benchmark topic: warehouse, fleet, restaurant, delivery; no detected blog photo-bank coverage","Strengthen existing mentions with specs, compatibility, image alt text, and Product/Offer support."
"83","iBOLT Phone Dock’n Lock Dual POS Stand – Secure Dual-Device Mount for Point of Sale Systems","ibolt-phone-dock-n-lock-dual-pos-stand-secure-dual-device-mount-for-point-of-sale-systems","https://iboltmounts.com/products/ibolt-phone-dock-n-lock-dual-pos-stand-secure-dual-device-mount-for-point-of-sale-systems","115.00","8","Forklifts & Warehousing; Restaurants & Food Delivery; General Mounting Solutions","warehouse; restaurant; amps/modular","warehouse; restaurant; amps/modular; delivery","warehouse; restaurant; delivery","0","","","","","","","high-risk benchmark topic: warehouse, restaurant, delivery; no detected blog photo-bank coverage","Strengthen existing mentions with specs, compatibility, image alt text, and Product/Offer support."
"83","iBOLT AMPS to VESA 75/100 Plate","ibolt-amps-to-vesa-75-100-plate","https://iboltmounts.com/products/ibolt-amps-to-vesa-75-100-plate","14.95","3","Road Trips & Travel; General Mounting Solutions","travel; amps/modular","travel; amps/modular; warehouse","warehouse","0","","","","","","","high-risk benchmark topic: warehouse; no detected blog photo-bank coverage","Strengthen existing mentions with specs, compatibility, image alt text, and Product/Offer support."
"83","iBOLT Moto-Vise™ XL AMPS Heavy Duty Metal Drill Base AMPS Mount","moto-vise-xl-amps-heavy-duty-metal-vehicle-specific-drill-base-amps-mount-ibu-33521","https://iboltmounts.com/products/moto-vise-xl-amps-heavy-duty-metal-vehicle-specific-drill-base-amps-mount-ibu-33521","45.95","3","Road Trips & Travel; General Mounting Solutions","travel; amps/modular","travel; amps/modular","","1","page-refresh-playbook; query-page-matrix; survivor-edit-tickets","https://iboltmounts.com/blogs/news/best-drill-base-phone-mount-for-semi-trucks","tickets/22-best-drill-base-phone-mount-for-semi-trucks.md","best drill base phone mount for semi trucks","Arkon; RAM Mounts; ProClip","","needed in benchmark-driven page modules; no detected blog photo-bank coverage","Add or verify this product in the named page module with image, price, use case, and exact anchor text."
"83","iBOLT VESA 75x75 / 100x100 Monitor Pillar Mount with 38mm (1.5-inch) Ball Joint","ibolt-vesa-75x75-100x100-monitor-pillar-mount-with-38mm-1-5-inch-ball-joint","https://iboltmounts.com/products/ibolt-vesa-75x75-100x100-monitor-pillar-mount-with-38mm-1-5-inch-ball-joint","109.95","3","Forklifts & Warehousing; Road Trips & Travel; General Mounting Solutions","warehouse; travel; amps/modular","warehouse; travel; amps/modular","warehouse","0","","","","","","","high-risk benchmark topic: warehouse; no detected blog photo-bank coverage","Strengthen existing mentions with specs, compatibility, image alt text, and Product/Offer support."
"82","iBOLT 25mm / 1 inch to Dual 17mm Composite Ball Adapter","ibolt-25mm-1-inch-to-dual-17mm-composite-ball-adapter","https://iboltmounts.com/products/ibolt-25mm-1-inch-to-dual-17mm-composite-ball-adapter","29.95","5","Restaurants & Food Delivery; General Mounting Solutions","restaurant; amps/modular","restaurant; amps/modular; delivery","restaurant; delivery","0","","","","","","","high-risk benchmark topic: restaurant, delivery; no detected blog photo-bank coverage","Strengthen existing mentions with specs, compatibility, image alt text, and Product/Offer support."
"82","iBOLT 22mm to 25mm Composite Ball Adapter","ibolt-22mm-to-25mm-composite-ball-adapter","https://iboltmounts.com/products/ibolt-22mm-to-25mm-composite-ball-adapter","13.95","4","Restaurants & Food Delivery; General Mounting Solutions","restaurant; amps/modular","restaurant; amps/modular; delivery","restaurant; delivery","0","","","","","","","high-risk benchmark topic: restaurant, delivery; no detected blog photo-bank coverage","Strengthen existing mentions with specs, compatibility, image alt text, and Product/Offer support."
"82","iBOLT Stream-Cast sPro2™ Phone Stand- Weighted Base Mount","ibolt-stream-cast-spro2-phone-stand-weighted-base-mount-for-live-streaming-distance-learning-ibsc-34611","https://iboltmounts.com/products/ibolt-stream-cast-spro2-phone-stand-weighted-base-mount-for-live-streaming-distance-learning-ibsc-34611","59.95","4","Restaurants & Food Delivery; Education & Schools; Content Creation & Streaming; Kitchen & Home; General Mounting Solutions","restaurant; education; streaming; kitchen; amps/modular","restaurant; education; streaming; kitchen; amps/modular; delivery","restaurant; delivery","0","","","","","","","high-risk benchmark topic: restaurant, delivery; no detected blog photo-bank coverage","Strengthen existing mentions with specs, compatibility, image alt text, and Product/Offer support."
"82","iBOLT 20mm Clamp - Secure Mount for ATVs, UTVs & Ag Equipment","ibolt-20mm-clamp-secure-mount-for-atvs-utvs-ag-equipment","https://iboltmounts.com/products/ibolt-20mm-clamp-secure-mount-for-atvs-utvs-ag-equipment","26.96","3","Off-Roading & Jeep; Restaurants & Food Delivery; Road Trips & Travel; Mountain Biking & Cycling; General Mounting Solutions","offroad; restaurant; travel; cycling; amps/modular","offroad; restaurant; travel; cycling; amps/modular; delivery","restaurant; delivery","0","","","","","","","high-risk benchmark topic: restaurant, delivery; no detected blog photo-bank coverage","Strengthen existing mentions with specs, compatibility, image alt text, and Product/Offer support."
"82","iBOLT Stream-Cast Dual sPro2™ Phone Stand","ibolt-stream-cast-dual-spro2-phone-holder-stand-livestreaming-ibsc-34613","https://iboltmounts.com/products/ibolt-stream-cast-dual-spro2-phone-holder-stand-livestreaming-ibsc-34613","99.95","3","Restaurants & Food Delivery; Education & Schools; Content Creation & Streaming; Kitchen & Home; General Mounting Solutions","restaurant; education; streaming; kitchen; amps/modular","restaurant; education; streaming; kitchen; amps/modular; delivery","restaurant; delivery","0","","","","","","","high-risk benchmark topic: restaurant, delivery; no detected blog photo-bank coverage","Strengthen existing mentions with specs, compatibility, image alt text, and Product/Offer support."
