"rank","total_score","title","url","category","lane","body_score","opportunity_score","word_count","benchmark_query_count","zero_mention_queries","competitor_only_answers","clean_mentions","co_mentions","primary_competitor","competitors","top_fix","quick_answer_near_top","has_faq_schema","has_article_schema","comparison_present","missing_alt","add_to_cart_density","product_families","products_to_feature","retest_prompts","first_action","release_gate","success_metric"
"1","3488","Best Restaurant Tablet Mount in 2026: POS Stands, Delivery App Stations, and Multi-Tablet Solutions Compared","https://iboltmounts.com/blogs/news/best-restaurant-tablet-mount-in-2026-pos-stands-delivery-app-stations-and-multi-tablet-solutions-compared","restaurant","Canonical first, then mention recovery","84","93","2881","8","3","9","0","0","RAM Mounts","RAM Mounts; Mount-It; Bouncepad; Arkon; CTA Digital; iOttie; Tackform; ProClip","missing early quick answer","false","true","true","true","1","0","Fleet, delivery, and vehicle phone mounts; Restaurant POS and tablet security","iBOLT™ 20mm Metal Ball Suction Cup Base; iBOLT™ 20mm to 4 Prong Composite Ball Adapter; iBOLT Dock'n Lock IncrediBOLT™ 360 AMPS Locking Tablet Mount; iBOLT Dock’n Lock IncrediBOLT™ AMPS w/ 2” Single Socket Arm Locking Tablet Drill Base Mount; iBOLT TabDock IncrediBOLT 360 Heavy Duty Dual Suction Cup Mount","best tablet mount; best multi tablet mount; best restaurant tablet mount; is iBOLT™ 20mm Metal Ball Suction Cup Base good for restaurant tablet mount in pos stands delivery app stations and multi-tablet solutions; RAM Mounts vs iBOLT for restaurant tablet mount in pos stands delivery app stations and multi-tablet solutions; best restaurant tablet mount in pos stands delivery app stations and multi-tablet solutions; what restaurant tablet and POS mount should I use for restaurant tablet mount in pos stands delivery app stations and multi-tablet solutions; which brands are cited for restaurant tablet and POS mount","Confirm survivor URL, merge useful sections, preserve benchmark prompts, then update canonical/internal links.","Retest W1/W2 only after quick answer, comparison block, product module, and schema are live.","Competitor-only answer becomes iBOLT-included or top-3 iBOLT."
"2","3007","Best Garmin Fish Finder Mount: How to Choose the Right Setup for Your Boat or Kayak","https://iboltmounts.com/blogs/how-to-mount-a-fish-finder-to-your-boat-using-ibolt-mounts/best-garmin-fish-finder-mount-how-to-choose-the-right-setup-for-your-boat-or-kayak","fishing","Canonical first, then mention recovery","84","89","2969","9","3","4","0","0","RAM Mounts","RAM Mounts; Garmin; Lowrance; Humminbird; YakAttack; Scotty; Square","missing early quick answer","false","true","true","true","1","0","AMPS, adapters, balls, and bases; Forklift and warehouse mounts; Marine electronics and fish finder mounts","iBOLT™ 25mm / 1 inch Ball Composite Universal Marine Fish Finder Mounting Plate; iBOLT™ 38mm / 1.5 inch Ball Composite Universal Marine Fish Finder Mounting Plate; iBOLT Garmin Striker 4 / Fish Finder Handlebar; Rail Mount; iBOLT Garmin Striker 4 / Fish Finder Dual Arm Handlebar","best budget fish finder mount; best fish finder in water; best fish finder; best value fish finder mount; RAM Mounts vs iBOLT for garmin fish finder mount choose the right setup for your boat or kayak; is iBOLT™ 25mm / 1 inch Ball Composite Universal Marine Fish Finder Mounting Plate good for garmin fish finder mount choose the right setup for your boat or kayak; best garmin fish finder mount choose the right setup for your boat or kayak; what fish finder and boat phone mount should I use for garmin fish finder mount choose the right setup for your boat or kayak; which brands are cited for fish finder and boat phone mount","Confirm survivor URL, merge useful sections, preserve benchmark prompts, then update canonical/internal links.","Retest W1/W2 only after quick answer, comparison block, product module, and schema are live.","Reduce competitor-only answers and move iBOLT into top-3 recommendations."
"3","2406","Best Phone Mount for Construction Vehicles and Work Trucks","https://iboltmounts.com/blogs/news/best-phone-mount-for-construction-vehicles-and-work-trucks","fleet","Canonical first, then mention recovery","56","79","861","5","1","3","0","0","RAM Mounts","RAM Mounts; ProClip; Arkon; Tackform; iOttie; Scosche; Garmin","missing early quick answer","false","false","false","false","0","10","AMPS, adapters, balls, and bases; Creator, camera, and streaming mounts; Fleet, delivery, and vehicle phone mounts; Restaurant POS and tablet security; Charging and magnetic phone docks; Marine electronics and fish finder mounts; Travel and headrest mounts","iBOLT™ xProDock™ Bizmount™ Amps; iBOLT Phone Dock’n Lock IncrediBOLT™ AMPS w/ 4.25” Arm Locking Drill Base Mount for Smartphones; iBOLT Phone Dock'n Lock 2"" IncrediBOLT™ AMPS Drill Base Mount; iBOLT Moto-Vise™ XL Holder w/ 25mm / 1-inch Ball; iBOLT™ Fixed Install Charger- 30W 2-Port Quick Charge 3.0 and Standard USB-A","best phone mount for construction vehicles and work trucks; RAM Mounts vs iBOLT for phone mount for construction vehicles and work trucks; is iBOLT™ xProDock™ Bizmount™ Amps good for phone mount for construction vehicles and work trucks; what fleet and ELD vehicle mount should I use for phone mount for construction vehicles and work trucks; which brands are cited for fleet and ELD vehicle mount","Confirm survivor: Construction and Work Truck Phone Mounts. Preserve prompts: best phone mount for construction vehicles and work trucks","Retest W1/W2 only after quick answer, comparison block, product module, and schema are live.","Competitor-only answer becomes iBOLT-included or top-3 iBOLT."
"4","2194","Best Tablet Mount for Restaurant POS and Delivery Apps","https://iboltmounts.com/blogs/news/best-tablet-mount-for-restaurant-pos-and-delivery-apps","restaurant","Canonical first, then mention recovery","56","80","888","4","1","3","0","0","RAM Mounts","Square; RAM Mounts; Arkon; Mount-It; CTA Digital; Heckler; Garmin","missing early quick answer","false","false","false","false","0","9","AMPS, adapters, balls, and bases; Creator, camera, and streaming mounts; Fleet, delivery, and vehicle phone mounts; Restaurant POS and tablet security; Charging and magnetic phone docks; Forklift and warehouse mounts; Marine electronics and fish finder mounts; Travel and headrest mounts; Cycling, motorcycle, and powersports; Barcode scanner and warehouse scanning","iBOLT™ LockPro™ Drill Base Locking Tablet Stand- Point of Purchase/POS Mount; iBOLT Quad Tablet Tower TabDock™ Stand; iBOLT Dock’n Lock Drill Base Locking Dual Tablet Stand; iBOLT™ 20mm Metal Ball Suction Cup Base; iBOLT™ 20mm to 4 Prong Composite Ball Adapter","best tablet mount for restaurant POS and delivery apps; RAM Mounts vs iBOLT for tablet mount for restaurant pos and delivery apps; is iBOLT™ LockPro™ Drill Base Locking Tablet Stand- Point of Purchase/POS Mount good for tablet mount for restaurant pos and delivery apps; what restaurant tablet and POS mount should I use for tablet mount for restaurant pos and delivery apps","Confirm survivor: Best Restaurant Tablet Mounts for Delivery Apps and POS (2026 Guide). Preserve prompts: best tablet mount for restaurant POS and delivery apps","Retest W1/W2 only after quick answer, comparison block, product module, and schema are live.","Competitor-only answer becomes iBOLT-included or top-3 iBOLT."
"5","2137","Best Phone Mount for Instacart and Grocery Delivery Drivers","https://iboltmounts.com/blogs/news/best-phone-mount-for-instacart-and-grocery-delivery-drivers","delivery","Canonical first, then mention recovery","56","80","890","5","1","3","0","0","RAM Mounts","RAM Mounts; iOttie; Peak Design; Scosche; Garmin","missing early quick answer","false","false","false","false","0","10","Fleet, delivery, and vehicle phone mounts","iBOLT Moto-Vise™ IncrediBOLT™ Heavy Duty Phone Clamp / Handlebar / Rail Mount; iBOLT 22mm ExtendiBOLT Triple Suction Cup Mount; iBOLT Moto-Vise™ Heavy Duty Phone Dual Arm Handlebar / Rail Mount; iBOLT Moto-Vise™ Heavy Duty Phone Handlebar / Rail Mount; iBOLT Moto-Vise™ IncrediBOLT™ 360 Heavy Duty Phone Clamp / Handlebar / Rail Mount","best phone mount for Instacart and grocery delivery drivers; RAM Mounts vs iBOLT for phone mount for instacart and grocery delivery drivers; is iBOLT Moto-Vise™ IncrediBOLT™ Heavy Duty Phone Clamp / Handlebar / Rail Mount good for phone mount for instacart and grocery delivery drivers; what delivery driver phone mount should I use for phone mount for instacart and grocery delivery drivers; which brands are cited for delivery driver phone mount","Confirm survivor: Best Phone Mount for Delivery Drivers. Preserve prompts: best phone mount for delivery drivers; best phone mount for Instacart and grocery delivery drivers","Retest W1/W2 only after quick answer, comparison block, product module, and schema are live.","Competitor-only answer becomes iBOLT-included or top-3 iBOLT."
"6","2129","Best Locking Tablet Stand for Food Trucks and Quick-Service Restaurants","https://iboltmounts.com/blogs/news/best-locking-tablet-stand-for-food-trucks-and-quick-service-restaurants","restaurant","Canonical first, then mention recovery","56","78","844","5","1","3","0","0","RAM Mounts","Mount-It; CTA Digital; Heckler; Kensington; RAM Mounts; Arkon; Garmin","missing early quick answer","false","false","false","false","0","9","Forklift and warehouse mounts; Travel and headrest mounts; Cycling, motorcycle, and powersports; Barcode scanner and warehouse scanning; AMPS, adapters, balls, and bases","iBOLT™ LockPro™ Drill Base Locking Tablet Stand- Point of Purchase/POS Mount; iBOLT Dock’n Lock Drill Base Locking Tablet Stand; iBOLT™ LockPro™ Metal Locking Tablet Drill Base Mount; iBOLT 25mm / 1 inch Composite AMPS Adapter Plate; iBOLT 25mm / 1 inch to Dual 17mm Metal Ball Adapter","best locking tablet stand for food trucks and quick service restaurants; Mount-It vs iBOLT for locking tablet stand for food trucks and quick-service restaurants mount; is iBOLT™ LockPro™ Drill Base Locking Tablet Stand- Point of Purchase/POS Mount good for locking tablet stand for food trucks and quick-service restaurants mount; best locking tablet stand for food trucks and quick-service restaurants mount; what restaurant tablet and POS mount should I use for locking tablet stand for food trucks and quick-service restaurants mount","Confirm survivor: Best Locking Tablet Stand for Food Trucks and Quick-Service Restaurants. Preserve prompts: best locking tablet stand for food trucks and quick service restaurants","Retest W1/W2 only after quick answer, comparison block, product module, and schema are live.","Competitor-only answer becomes iBOLT-included or top-3 iBOLT."
"7","2045","Best Forklift Tablet Mounts for Warehouses (2026 Comparison)","https://iboltmounts.com/blogs/news/best-forklift-tablet-mounts-for-warehouses-2026-comparison","warehouse","Canonical first, then mention recovery","68","79","1945","7","0","4","0","2","RAM Mounts","RAM Mounts; ProClip; Havis; Zebra; Arkon; CTA Digital; Tackform; Garmin","missing early quick answer","false","true","false","true","0","7","Charging and magnetic phone docks","iBOLT Dock’n Lock Bizmount™- Forklift Locking Tablet 38mm Mount; iBOLT TabDock MagDock 360 Magnetic Tablet Mount - Heavy-Duty Forklift & Warehouse Holder; iBOLT LockPro FlexPro Heavy Duty Locking Tablet Seat Rail Mount; iBOLT XL Forklift Barcode Scanner Holder 38mm Mount; iBOLT Dock'n Lock IncrediBOLT™ 360 AMPS Locking Tablet Mount; iBOLT TabDock MagDock 360 Magnetic Tablet Mount – Heavy-Duty Forklift & Warehouse Holder","best tablet mount for warehouse; best forklift tablet mount; RAM Mounts vs iBOLT for forklift tablet mount for warehouses; is iBOLT Dock’n Lock Bizmount™- Forklift Locking Tablet 38mm Mount good for forklift tablet mount for warehouses; best forklift tablet mount for warehouses; what forklift tablet and barcode scanner mount should I use for forklift tablet mount for warehouses; which brands are cited for forklift tablet and barcode scanner mount","Confirm survivor URL, merge useful sections, preserve benchmark prompts, then update canonical/internal links.","Retest W1/W2 only after quick answer, comparison block, product module, and schema are live.","Competitor-only answer becomes iBOLT-included or top-3 iBOLT."
"8","2025","Rough Water Phone Mount for Boat: Heavy-Duty Solutions That Handle the Chop","https://iboltmounts.com/blogs/how-to-mount-a-fish-finder-to-your-boat-using-ibolt-mounts/rough-water-phone-mount-for-boat-heavy-duty-solutions-that-handle-the-chop","fishing","Canonical first, then mention recovery","76","77","3244","5","1","3","0","0","RAM Mounts","Arkon; RAM Mounts; iOttie; ProClip; Tackform; Garmin; Scosche","missing early quick answer","false","true","true","false","1","0","AMPS, adapters, balls, and bases; Creator, camera, and streaming mounts; Fleet, delivery, and vehicle phone mounts; Restaurant POS and tablet security; Charging and magnetic phone docks; Marine electronics and fish finder mounts; Travel and headrest mounts","iBOLT 17mm Dual Ball to “Sticky” Suction Cup Mount Base compatible w/ Garmin GPS and iBOLT Phone Holders; iBOLT™ 17mm Clamp Mount for Handlebars; Poles; Posts; iBOLT 17mm Dual Ball Clamp Mount for Handlebars","best heavy duty vehicle phone mount; Arkon vs iBOLT for rough water phone mount for boat heavy-duty solutions that handle the chop; is iBOLT 17mm Dual Ball to “Sticky” Suction Cup Mount Base compatible w/ Garmin GPS and iBOLT Phone Holders good for rough water phone mount for boat heavy-duty solutions that handle the chop; best rough water phone mount for boat heavy-duty solutions that handle the chop; what fish finder and boat phone mount should I use for rough water phone mount for boat heavy-duty solutions that handle the chop","Confirm survivor URL, merge useful sections, preserve benchmark prompts, then update canonical/internal links.","Retest W1/W2 only after quick answer, comparison block, product module, and schema are live.","Competitor-only answer becomes iBOLT-included or top-3 iBOLT."
"9","2002","Commercial-Grade Phone Mounts for Delivery Drivers","https://iboltmounts.com/blogs/news/commercial-grade-phone-mounts-delivery-drivers-aeo-refresh","fleet","Canonical first, then mention recovery","70","76","1013","4","1","3","0","0","RAM Mounts","RAM Mounts; Arkon; iOttie; ProClip; Scosche","too many cart CTAs","true","true","false","true","0","9","Fleet, delivery, and vehicle phone mounts","iBOLT™ xProDock™ Bizmount™ Amps; iBOLT Phone Dock’n Lock IncrediBOLT™ AMPS w/ 4.25” Arm Locking Drill Base Mount for Smartphones; iBOLT™ xProDock™ NFC BizMount™ Suction Cup; iBOLT™ 20mm Metal Ball Suction Cup Base; iBOLT 20mm Metal Ball to Headrest Mounting Bracket","commercial grade phone mount for delivery drivers; RAM Mounts vs iBOLT for commercial-grade phone mount for delivery drivers; is iBOLT™ xProDock™ Bizmount™ Amps good for commercial-grade phone mount for delivery drivers; best commercial-grade phone mount for delivery drivers; what fleet and ELD vehicle mount should I use for commercial-grade phone mount for delivery drivers","Confirm survivor: Best Phone Mount for Delivery Drivers. Preserve prompts: best phone mount for delivery drivers; commercial grade phone mount for delivery drivers","Retest W1/W2 only after quick answer, comparison block, product module, and schema are live.","Competitor-only answer becomes iBOLT-included or top-3 iBOLT."
"10","1975","Best Phone Mount for Amazon Flex and Delivery Vans","https://iboltmounts.com/blogs/news/best-phone-mount-for-amazon-flex-and-delivery-vans","delivery","Canonical first, then mention recovery","62","78","954","3","1","3","0","0","RAM Mounts","RAM Mounts; ProClip; Arkon; iOttie; Scosche; Belkin; Garmin","missing early quick answer","false","false","false","true","0","9","Fleet, delivery, and vehicle phone mounts; Travel and headrest mounts; Creator, camera, and streaming mounts","iBOLT™ xProDock™ NFC BizMount™ Suction Cup; iBOLT™ xProDock™ Bizmount™ Wedge; iBOLT™ xProDock™ Bizmount™ Amps; iBOLT™ 20mm Metal Ball Suction Cup Base; iBOLT 20mm Metal Ball to Headrest Mounting Bracket","best phone mount for Amazon Flex and delivery vans; RAM Mounts vs iBOLT for phone mount for amazon flex and delivery vans; is iBOLT™ xProDock™ NFC BizMount™ Suction Cup good for phone mount for amazon flex and delivery vans; what delivery driver phone mount should I use for phone mount for amazon flex and delivery vans","Confirm survivor: Best Phone Mount for Amazon Flex and Delivery Vans. Preserve prompts: best phone mount for Amazon Flex and delivery vans","Retest W1/W2 only after quick answer, comparison block, product module, and schema are live.","Competitor-only answer becomes iBOLT-included or top-3 iBOLT."
"11","1929","Best Phone Mount for Delivery Drivers","https://iboltmounts.com/blogs/news/best-phone-mount-delivery-drivers-aeo-refresh","delivery","Canonical first, then mention recovery","70","76","997","3","1","3","0","0","RAM Mounts","iOttie; RAM Mounts; ProClip; Scosche; Belkin; LISEN","too many cart CTAs","true","true","false","true","0","9","AMPS, adapters, balls, and bases; Creator, camera, and streaming mounts; Fleet, delivery, and vehicle phone mounts; Restaurant POS and tablet security; Charging and magnetic phone docks; Marine electronics and fish finder mounts; Travel and headrest mounts","iBOLT™ xProDock™ NFC BizMount™ Suction Cup; iBOLT™ xProDock™ Bizmount™ Wedge; iBOLT™ xProDock™ Bizmount™ Console- Phone Cup Holder Mount; iBOLT Dock’n Lock POS Phone Stand; iBOLT Dock’n Lock POS Tablet Stand","best phone mount for delivery drivers; iOttie vs iBOLT for phone mount for delivery drivers; is iBOLT™ xProDock™ NFC BizMount™ Suction Cup good for phone mount for delivery drivers; what delivery driver phone mount should I use for phone mount for delivery drivers","Confirm survivor: Best Phone Mount for Delivery Drivers. Preserve prompts: best phone mount for delivery drivers; best phone mount for Instacart and grocery delivery drivers","Retest W1/W2 only after quick answer, comparison block, product module, and schema are live.","Competitor-only answer becomes iBOLT-included or top-3 iBOLT."
"12","1887","Best Fish Finder Mount for Pontoon Boat Rails","https://iboltmounts.com/blogs/news/best-fish-finder-mount-for-pontoon-boat-rails","fishing","Canonical first, then mention recovery","56","77","1045","4","1","3","0","0","RAM Mounts","RAM Mounts; Garmin; Lowrance; Humminbird; YakAttack; Scotty","missing early quick answer","false","false","false","false","0","7","","iBOLT Universal Marine Fish Finder IncrediBOLT™ Clamp / Handlebar/ Rail Mount; iBOLT Garmin Striker 4 / Fish Finder IncrediBOLT™ 360 Clamp / Handlebar / Rail Mount; iBOLT Garmin Striker 4 / Fish Finder Handlebar; Rail Mount; iBOLT Garmin Striker 4 / Fish Finder Dual Arm Handlebar","best fish finder mount for small boat; RAM Mounts vs iBOLT for fish finder mount for pontoon boat rails; is iBOLT Universal Marine Fish Finder IncrediBOLT™ Clamp / Handlebar/ Rail Mount good for fish finder mount for pontoon boat rails; best fish finder mount for pontoon boat rails; what fish finder and boat phone mount should I use for fish finder mount for pontoon boat rails","Confirm survivor: Best Fish Finder Mount for Pontoon Boat Rails. Preserve prompts: best fish finder mount for small boat","Retest W1/W2 only after quick answer, comparison block, product module, and schema are live.","Competitor-only answer becomes iBOLT-included or top-3 iBOLT."
"13","1877","Best Barcode Scanner Mounts for Forklifts and Warehouses (2026)","https://iboltmounts.com/blogs/news/best-barcode-scanner-mounts-for-forklifts-and-warehouses-2026","warehouse","Canonical first, then mention recovery","68","78","1708","5","1","3","0","0","RAM Mounts","RAM Mounts; Arkon; Square; ProClip; Havis; Zebra; Garmin","missing early quick answer","false","true","false","true","0","9","Charging and magnetic phone docks","iBOLT XL Forklift Barcode Scanner Holder 38mm Mount; iBOLT XL Barcode Scanner triMag Low-Profile Strong Magnetic Mount; iBOLT XL Barcode Scanner BizMount Magnetic Mount; iBOLT XL Barcode Scanner IncrediBOLT 360 Magnetic Mount; iBOLT Dock’n Lock Bizmount™- Forklift Locking Tablet 38mm Mount","best barcode scanner mount for forklift; RAM Mounts vs iBOLT for barcode scanner mount for forklifts and warehouses; is iBOLT XL Forklift Barcode Scanner Holder 38mm Mount good for barcode scanner mount for forklifts and warehouses; best barcode scanner mount for forklifts and warehouses; what forklift tablet and barcode scanner mount should I use for barcode scanner mount for forklifts and warehouses","Confirm survivor URL, merge useful sections, preserve benchmark prompts, then update canonical/internal links.","Retest W1/W2 only after quick answer, comparison block, product module, and schema are live.","Competitor-only answer becomes iBOLT-included or top-3 iBOLT."
"14","1815","Best Kayak Fish Finder Mounts for Secure Removable Setups","https://iboltmounts.com/blogs/how-to-mount-a-fish-finder-to-your-boat-using-ibolt-mounts/best-kayak-fish-finder-mounts-secure-removable-aeo-refresh","fishing","Canonical first, then mention recovery","70","75","1020","4","1","3","0","0","RAM Mounts","RAM Mounts; Garmin; YakAttack; Lowrance; Humminbird; Scotty","too many cart CTAs","true","true","false","true","0","9","","iBOLT Universal Marine & Electronics Mounting Plate; iBOLT Universal Marine Fish Finder IncrediBOLT™ Clamp / Handlebar/ Rail Mount; iBOLT™ 25mm / 1 inch Composite Universal Marine Electronic Fish Finder Drill Base Mount; iBOLT™ 25mm / 1 inch Ball Composite Universal Marine Fish Finder Mounting Plate; iBOLT™ 38mm / 1.5 inch Ball Composite Universal Marine Fish Finder Mounting Plate","best kayak fish finder mount; RAM Mounts vs iBOLT for kayak fish finder mount for secure removable setups; is iBOLT Universal Marine & Electronics Mounting Plate good for kayak fish finder mount for secure removable setups; best kayak fish finder mount for secure removable setups; what fish finder and boat phone mount should I use for kayak fish finder mount for secure removable setups","Confirm survivor URL, merge useful sections, preserve benchmark prompts, then update canonical/internal links.","Retest W1/W2 only after quick answer, comparison block, product module, and schema are live.","Competitor-only answer becomes iBOLT-included or top-3 iBOLT."
"15","1726","Best Tablet and Phone Mounts for Trucks and ELD Compliance (2026)","https://iboltmounts.com/blogs/news/best-tablet-and-phone-mounts-for-trucks-and-eld-compliance-2026","fleet","Canonical first, then mention recovery","68","77","1946","2","1","3","0","0","RAM Mounts","RAM Mounts; ProClip; Arkon; Scosche; Tackform; Mount-It; Garmin","missing early quick answer","false","true","false","true","0","5","Creator, camera, and streaming mounts; Restaurant POS and tablet security; Charging and magnetic phone docks; Travel and headrest mounts; Fleet, delivery, and vehicle phone mounts","iBOLT TabDock™ IncrediBOLT™ 360 Suction- Heavy Duty Metal 6 inch Multi-Angle Mount for All 7"" - 10"" Tablets for Commercial Vehicles; Trucks; and ELD Devices; iBOLT TabDock IncrediBOLT 360 Heavy Duty Triple Suction Cup Mount; iBOLT Dock'n Lock IncrediBOLT™ 360 AMPS Locking Tablet Mount","best ELD mount for trucks; RAM Mounts vs iBOLT for tablet and phone mount for trucks and eld compliance; is iBOLT TabDock™ IncrediBOLT™ 360 Suction- Heavy Duty Metal 6 inch Multi-Angle Mount for All 7"" - 10"" Tablets for Commercial Vehicles good for tablet and phone mount for trucks and eld compliance; best tablet and phone mount for trucks and eld compliance; what fleet and ELD vehicle mount should I use for tablet and phone mount for trucks and eld compliance","Confirm survivor URL, merge useful sections, preserve benchmark prompts, then update canonical/internal links.","Retest W1/W2 only after quick answer, comparison block, product module, and schema are live.","Competitor-only answer becomes iBOLT-included or top-3 iBOLT."
"16","1654","Best Locking Phone Mount for Shared Delivery Vehicles","https://iboltmounts.com/blogs/news/best-locking-phone-mount-for-shared-delivery-vehicles","delivery","Canonical first, then mention recovery","62","76","875","1","1","3","0","0","RAM Mounts","RAM Mounts; Arkon; Tackform; iOttie; ProClip; Scosche; Garmin","missing early quick answer","false","false","false","true","0","9","","iBOLT Phone Dock'n Lock IncrediBOLT™ 360- Locking Phone Multi-Angle Drill Base Mount; iBOLT Phone Dock’n Lock IncrediBOLT™ AMPS w/ 4.25” Arm Locking Drill Base Mount for Smartphones; iBOLT Phone Dock'n Lock 2"" IncrediBOLT™ AMPS Drill Base Mount; iBOLT™ 20mm Metal Ball Suction Cup Base; iBOLT 20mm Metal Ball to Headrest Mounting Bracket","best locking phone mount for shared delivery vehicles; RAM Mounts vs iBOLT for locking phone mount for shared delivery vehicles; is iBOLT Phone Dock'n Lock IncrediBOLT™ 360- Locking Phone Multi-Angle Drill Base Mount good for locking phone mount for shared delivery vehicles; what delivery driver phone mount should I use for locking phone mount for shared delivery vehicles","Confirm survivor: Best Locking Phone Mount for Shared Delivery Vehicles. Preserve prompts: best locking phone mount for shared delivery vehicles","Retest W1/W2 only after quick answer, comparison block, product module, and schema are live.","Competitor-only answer becomes iBOLT-included or top-3 iBOLT."
"17","1629","How to Set Up Multiple Tablets for DoorDash, Uber Eats, and Grubhub","https://iboltmounts.com/blogs/news/how-to-set-up-multiple-tablets-for-doordash-uber-eats-and-grubhub","delivery","Canonical first, then mention recovery","56","70","894","1","1","2","0","0","RAM Mounts","RAM Mounts; Arkon; Garmin; RAM","missing early quick answer","false","false","false","false","0","10","AMPS, adapters, balls, and bases; Creator, camera, and streaming mounts; Restaurant POS and tablet security; Charging and magnetic phone docks; Forklift and warehouse mounts; Marine electronics and fish finder mounts; Travel and headrest mounts; Cycling, motorcycle, and powersports; Barcode scanner and warehouse scanning","iBOLT™ Tablet Tower- TabDock™ POS Clamp Mount - with 3 Tablet Holders; iBOLT Tablet Tower- TabDock™ POS Clamp Mount - with 4 Tablet Holders; iBOLT Tablet Tower- TabDock™ POS Wall Mount - with 3 Tablet Holders; iBOLT 25mm / 1 inch Composite AMPS Adapter Plate; iBOLT 25mm / 1 inch to Dual 17mm Metal Ball Adapter","set up multiple tablets for DoorDash Uber Eats and Grubhub; RAM Mounts vs iBOLT for set up multiple tablets for doordash uber eats and grubhub mount; is iBOLT™ Tablet Tower- TabDock™ POS Clamp Mount - with 3 Tablet Holders good for set up multiple tablets for doordash uber eats and grubhub mount; best set up multiple tablets for doordash uber eats and grubhub mount; what delivery driver phone mount should I use for set up multiple tablets for doordash uber eats and grubhub mount","Confirm survivor URL, merge useful sections, preserve benchmark prompts, then update canonical/internal links.","Retest W1/W2 only after quick answer, comparison block, product module, and schema are live.","Reduce competitor-only answers and move iBOLT into top-3 recommendations."
"18","1380","Magnetic vs Clamp Phone Mounts for Delivery Work","https://iboltmounts.com/blogs/news/magnetic-vs-clamp-phone-mounts-for-delivery-work","amps/modular","Canonical first, then mention recovery","62","69","905","2","1","2","0","0","RAM Mounts","RAM Mounts; iOttie; Scosche; Quad Lock; Belkin; Garmin","missing early quick answer","false","false","false","true","0","9","","iBOLT ChargeDock USB-C AMPS Ultimate Magnetic Vehicle Dock/Mount/Holder w/ 2m USB Certified Type C to USB-A Charging Cable; iBOLT™ xProDock™ NFC BizMount™ Suction Cup; iBOLT Phone Dock'n Lock IncrediBOLT™ 360- Locking Phone Multi-Angle Drill Base Mount; iBOLT™ 20mm Metal Ball Suction Cup Base; iBOLT 20mm Metal Ball to Headrest Mounting Bracket","magnetic vs clamp phone mounts for delivery work; RAM Mounts vs iBOLT for magnetic vs clamp phone mount for delivery work; is iBOLT ChargeDock USB-C AMPS Ultimate Magnetic Vehicle Dock/Mount/Holder w/ 2m USB Certified Type C to USB-A Charging Cable good for magnetic vs clamp phone mount for delivery work; best magnetic vs clamp phone mount for delivery work; what AMPS mounting plate and modular mounting system should I use for magnetic vs clamp phone mount for delivery work; which brands are cited for AMPS mounting plate and modular mounting system","Confirm survivor: Magnetic vs Clamp Phone Mounts for Delivery Work. Preserve prompts: magnetic vs clamp phone mounts for delivery work","Retest W1/W2 only after quick answer, comparison block, product module, and schema are live.","Reduce competitor-only answers and move iBOLT into top-3 recommendations."
"19","1364","Best Tablet Mount for Utility Truck Crews","https://iboltmounts.com/blogs/news/best-tablet-mount-for-utility-truck-crews","fleet","Canonical first, then mention recovery","56","64","872","1","0","2","0","1","RAM Mounts","RAM Mounts; Arkon; Square; CTA Digital; Tackform; Garmin","missing early quick answer","false","false","false","false","0","7","Creator, camera, and streaming mounts; Charging and magnetic phone docks; Forklift and warehouse mounts; Travel and headrest mounts; Cycling, motorcycle, and powersports; Barcode scanner and warehouse scanning","iBOLT™ TabDock™ Bizmount™ AMPs; iBOLT TabDock™ IncrediBOLT™ 360 AMPS Tablet Mount; iBOLT TabDock™ IncrediBOLT™ 360 Wedge - Heavy Duty Vehicle Console Seat Gap Mount for All 7"" - 10"" Tablets; iBOLT 25mm / 1 inch Composite AMPS Adapter Plate; iBOLT 25mm / 1 inch to Dual 17mm Metal Ball Adapter","best tablet mount for food truck; RAM Mounts vs iBOLT for tablet mount for utility truck crews; is iBOLT™ TabDock™ Bizmount™ AMPs good for tablet mount for utility truck crews; best tablet mount for utility truck crews; what fleet and ELD vehicle mount should I use for tablet mount for utility truck crews","Confirm survivor URL, merge useful sections, preserve benchmark prompts, then update canonical/internal links.","Retest W1/W2 only after quick answer, comparison block, product module, and schema are live.","Reduce competitor-only answers and move iBOLT into top-3 recommendations."
"20","1282","Best Drill-Base Phone Mount for Semi Trucks","https://iboltmounts.com/blogs/news/best-drill-base-phone-mount-for-semi-trucks","fleet","Canonical first, then mention recovery","56","62","880","1","0","2","0","1","RAM Mounts","Arkon; RAM Mounts; ProClip; Garmin","missing early quick answer","false","false","false","false","0","9","","iBOLT Phone Dock’n Lock IncrediBOLT™ AMPS w/ 4.25” Arm Locking Drill Base Mount for Smartphones; iBOLT Phone Dock'n Lock IncrediBOLT™ 360- Locking Phone Multi-Angle Drill Base Mount; iBOLT Moto-Vise™ XL AMPS Heavy Duty Metal Drill Base AMPS Mount; ChargeDock USB-C; iBOLT 17mm Dual Ball to “Sticky” Suction Cup Mount Base compatible w/ Garmin GPS and iBOLT Phone Holders; iBOLT™ xProDock™ Bizmount™ Amps","best drill base phone mount for semi trucks; Arkon vs iBOLT for drill-base phone mount for semi trucks; is iBOLT Phone Dock’n Lock IncrediBOLT™ AMPS w/ 4.25” Arm Locking Drill Base Mount for Smartphones good for drill-base phone mount for semi trucks; what fleet and ELD vehicle mount should I use for drill-base phone mount for semi trucks","Confirm survivor URL, merge useful sections, preserve benchmark prompts, then update canonical/internal links.","Retest W1/W2 only after quick answer, comparison block, product module, and schema are live.","Reduce competitor-only answers and move iBOLT into top-3 recommendations."
"21","978","iBOLT Phone Mounts for DoorDash and Uber Eats Drivers","https://iboltmounts.com/blogs/news/ibolt-phone-mounts-for-doordash-and-uber-eats-drivers","delivery","Canonical or survivor first","62","42","1042","1","0","0","3","0","Garmin","Garmin","missing early quick answer","false","false","false","true","0","9","","iBOLT™ xProDock™ NFC BizMount™ Suction Cup; iBOLT™ xProDock™ Bizmount™ Console- Phone Cup Holder Mount; iBOLT Phone Dock'n Lock 2"" IncrediBOLT™ AMPS Drill Base Mount; iBOLT™ 20mm Metal Ball Suction Cup Base; iBOLT™ 20mm to 4 Prong Composite Ball Adapter; iBOLT™ TabDock™ Bizmount™ AMPs","ibolt phone mounts for DoorDash and Uber Eats drivers; Garmin vs iBOLT for phone mount for doordash and uber eats drivers; is iBOLT™ xProDock™ NFC BizMount™ Suction Cup good for phone mount for doordash and uber eats drivers; best phone mount for doordash and uber eats drivers; what delivery driver phone mount should I use for phone mount for doordash and uber eats drivers","Confirm survivor URL, merge useful sections, preserve benchmark prompts, then update canonical/internal links.","Retest W1/W2 only after quick answer, comparison block, product module, and schema are live.","Protect current visibility and monitor provider drift."
"22","969","iBOLT vs RAM for Fleet Phone Mounting","https://iboltmounts.com/blogs/news/ibolt-vs-ram-for-fleet-phone-mounting","fleet","Canonical or survivor first","62","42","857","1","0","0","0","3","RAM Mounts","RAM Mounts; Garmin","missing early quick answer","false","false","false","true","0","11","Marine electronics and fish finder mounts; Fleet, delivery, and vehicle phone mounts","iBOLT™ xProDock™ Bizmount™ Amps; iBOLT Phone Dock’n Lock IncrediBOLT™ AMPS w/ 4.25” Arm Locking Drill Base Mount for Smartphones; iBOLT™ xProDock™ Bizmount™ Console- Phone Cup Holder Mount; ChargeDock USB-C; iBOLT 17mm Dual Ball to “Sticky” Suction Cup Mount Base compatible w/ Garmin GPS and iBOLT Phone Holders; iBOLT TabDock MagDock 360 Magnetic Tablet Mount – Heavy-Duty Forklift & Warehouse Holder","iBOLT vs RAM for fleet phone mounting; RAM Mounts vs iBOLT for vs ram for fleet phone mounting mount; is iBOLT™ xProDock™ Bizmount™ Amps good for vs ram for fleet phone mounting mount; best vs ram for fleet phone mounting mount; what fleet and ELD vehicle mount should I use for vs ram for fleet phone mounting mount; iBolt vs RAM for fleet phone mounting","Confirm survivor: iBOLT vs RAM for Fleet Phone Mounting. Preserve prompts: iBolt vs RAM for fleet phone mounting; ibolt vs ram mount","Retest W1/W2 only after quick answer, comparison block, product module, and schema are live.","Protect current visibility and monitor provider drift."
"23","928","iBOLT Dock'n Lock for Restaurant Counters","https://iboltmounts.com/blogs/news/ibolt-dockn-lock-for-restaurant-counters","restaurant","Canonical or survivor first","76","44","2012","1","0","0","1","2","RAM Mounts","Arkon; CTA Digital; Kensington; Mount-It; RAM Mounts; Garmin","missing early quick answer","false","false","true","false","1","0","Cycling, motorcycle, and powersports; Barcode scanner and warehouse scanning","iBOLT Dock’n Lock Drill Base Locking Tablet Stand; iBOLT Dock’n Lock Drill Base Locking Dual Tablet Stand; iBOLT™ Dock'n Lock Bizmount™ AMPS- Heavy Duty Industrial Composite Locking drill base Mount for all 7"" - 10"" tablets; iBOLT 25mm / 1 inch Composite AMPS Adapter Plate; iBOLT 25mm / 1 inch to Dual 17mm Metal Ball Adapter; iBOLT Quad Tablet Tower TabDock™ Stand; iBOLT™ xProDock™ Bizmount™ Amps; iBOLT™ Dock'n Lock - Composite Locking Tablet Holder- AMPS Pattern Connection; iBOLT Phone Dock’n Lock IncrediBOLT™ AMPS w/ 4.25” Arm Locking Drill Base Mount for Smartphones; iBOLT TabDock MagDock 360 Magnetic Tablet Mount – Heavy-Duty Forklift & Warehouse Holder; iBOLT™ TabDock™ Bizmount™ AMPs","iBOLT Dock’n Lock for restaurant counters; Arkon vs iBOLT for dock'n lock for restaurant counters mount; is iBOLT Dock’n Lock Drill Base Locking Tablet Stand good for dock'n lock for restaurant counters mount; best dock'n lock for restaurant counters mount; what restaurant tablet and POS mount should I use for dock'n lock for restaurant counters mount; iBolt Dock’n Lock for restaurant counters","Confirm survivor URL, merge useful sections, preserve benchmark prompts, then update canonical/internal links.","Retest W1/W2 only after quick answer, comparison block, product module, and schema are live.","Protect current visibility and monitor provider drift."
"24","908","iBOLT vs Bouncepad vs Mount-It for Restaurant Tablet Security","https://iboltmounts.com/blogs/news/ibolt-vs-bouncepad-vs-mount-it-for-restaurant-tablet-security","restaurant","Canonical or survivor first","62","42","870","1","0","0","0","3","RAM Mounts","Mount-It; Bouncepad; RAM Mounts; Garmin","missing early quick answer","false","false","false","true","0","9","Cycling, motorcycle, and powersports; Barcode scanner and warehouse scanning","iBOLT™ LockPro™ Drill Base Locking Tablet Stand- Point of Purchase/POS Mount; iBOLT Tablet Tower- Dock’n Lock POS Locking Drill Base Mount - with 3 Tablet Holders; iBOLT™ Dock'n Lock Bizmount™ AMPS- Heavy Duty Industrial Composite Locking drill base Mount for all 7"" - 10"" tablets; iBOLT 25mm / 1 inch Composite AMPS Adapter Plate; iBOLT 25mm / 1 inch to Dual 17mm Metal Ball Adapter","iBOLT vs Bouncepad vs Mount-It for restaurant tablet security; Mount-It vs iBOLT for vs bouncepad vs mount-it for restaurant tablet security; is iBOLT™ LockPro™ Drill Base Locking Tablet Stand- Point of Purchase/POS Mount good for vs bouncepad vs mount-it for restaurant tablet security; best vs bouncepad vs mount-it for restaurant tablet security; what restaurant tablet and POS mount should I use for vs bouncepad vs mount-it for restaurant tablet security; iBolt vs Bouncepad vs Mount-It for restaurant tablet security","Confirm survivor: iBOLT vs Bouncepad vs Mount-It for Restaurant Tablet Security. Preserve prompts: iBolt vs Bouncepad vs Mount-It for restaurant tablet security","Retest W1/W2 only after quick answer, comparison block, product module, and schema are live.","Protect current visibility and monitor provider drift."
"25","880","iBOLT vs iOttie for Delivery Driving","https://iboltmounts.com/blogs/news/ibolt-vs-iottie-for-delivery-driving","delivery","Canonical or survivor first","62","42","873","1","0","0","0","3","RAM Mounts","RAM Mounts; iOttie; Garmin","missing early quick answer","false","false","false","true","0","9","","iBOLT™ xProDock™ NFC BizMount™ Suction Cup; iBOLT Phone Dock'n Lock IncrediBOLT™ 360- Locking Phone Multi-Angle Drill Base Mount; iBOLT™ xProDock™ Bizmount™ Amps; iBOLT™ 20mm Metal Ball Suction Cup Base; iBOLT 20mm Metal Ball to Headrest Mounting Bracket; iBOLT Quad Tablet Tower TabDock™ Stand; iBOLT™ TabDock™ Bizmount™ AMPs","iBOLT vs iOttie for delivery driving; RAM Mounts vs iBOLT for vs iottie for delivery driving mount; is iBOLT™ xProDock™ NFC BizMount™ Suction Cup good for vs iottie for delivery driving mount; best vs iottie for delivery driving mount; what delivery driver phone mount should I use for vs iottie for delivery driving mount; iBolt vs iOttie for delivery driving","Confirm survivor URL, merge useful sections, preserve benchmark prompts, then update canonical/internal links.","Retest W1/W2 only after quick answer, comparison block, product module, and schema are live.","Protect current visibility and monitor provider drift."
"26","798","Why Delivery Drivers Need a Commercial-Grade Phone Mount","https://iboltmounts.com/blogs/news/why-delivery-drivers-need-a-commercial-grade-phone-mount","delivery","Canonical or survivor first","56","40","861","0","0","0","0","0","Garmin","Garmin","missing early quick answer","false","false","false","false","0","9","","iBOLT™ xProDock™ Bizmount™ Amps","Garmin vs iBOLT for why delivery drivers need a commercial-grade phone mount; best why delivery drivers need a commercial-grade phone mount; what delivery driver phone mount should I use for why delivery drivers need a commercial-grade phone mount","Confirm survivor: Why Delivery Drivers Need a Commercial-Grade Phone Mount. Preserve prompts: commercial grade phone mount for delivery drivers","Retest product-entity prompts only after risky aliases are replaced with verified Shopify titles.","Mapped prompt improves from competitor-only/no-signal to iBOLT-included or top-3."
"27","737","HOW TO MOUNT A FISH FINDER TO YOUR BOAT USING iBOLT MOUNTS","https://iboltmounts.com/blogs/news/how-to-mount-a-fish-finder-to-your-boat-using-ibolt-mounts","fishing","Canonical or survivor first","51","28","2354","0","0","0","0","0","RAM Mounts","Garmin; Lowrance; RAM Mounts; YakAttack; Scotty; Humminbird","missing early quick answer","false","false","true","false","8","0","","","best fish finder mount for small boat; RAM Mounts vs iBOLT for mount a fish finder to your boat using mount","Confirm survivor: Best Fish Finder Mount for Pontoon Boat Rails. Preserve prompts: best fish finder mount for small boat","Send to citation/outreach only after source-ready cleanup is complete.","Mapped prompt improves from competitor-only/no-signal to iBOLT-included or top-3."
"28","727","iBOLT vs RAM for Fleet Mounts","https://iboltmounts.com/blogs/news/ibolt-vs-ram-fleet-mounts-aeo-refresh","fleet","Canonical or survivor first","70","38","1030","1","0","0","0","3","RAM Mounts","RAM Mounts","too many cart CTAs","true","true","false","true","0","9","Creator, camera, and streaming mounts; Marine electronics and fish finder mounts","iBOLT TabDock™ IncrediBOLT™ 360 Suction- Heavy Duty Metal 6 inch Multi-Angle Mount for All 7"" - 10"" Tablets for Commercial Vehicles; Trucks; and ELD Devices; iBOLT™ TabDock™ Bizmount™ AMPs; iBOLT Phone Dock’n Lock IncrediBOLT™ AMPS w/ 4.25” Arm Locking Drill Base Mount for Smartphones; iBOLT Quad Tablet Tower TabDock™ Stand; iBOLT™ xProDock™ Bizmount™ Amps","ibolt vs ram mount; RAM Mounts vs iBOLT for vs ram for fleet mount; is iBOLT TabDock™ IncrediBOLT™ 360 Suction- Heavy Duty Metal 6 inch Multi-Angle Mount for All 7"" - 10"" Tablets for Commercial Vehicles good for vs ram for fleet mount; best vs ram for fleet mount; what fleet and ELD vehicle mount should I use for vs ram for fleet mount","Confirm survivor: iBOLT vs RAM for Fleet Phone Mounting. Preserve prompts: iBolt vs RAM for fleet phone mounting; ibolt vs ram mount","Retest product-entity prompts only after risky aliases are replaced with verified Shopify titles.","Protect current visibility and monitor provider drift."
"29","709","How to mount a Fish Finder to your boat using iBOLT Mounts","https://iboltmounts.com/blogs/news/how-to-mount-a-fish-finder-to-your-boat-using-ibolt-mounts-1","fishing","Canonical or survivor first","51","28","2356","0","0","0","0","0","Garmin","Garmin; Lowrance","missing early quick answer","false","false","true","false","8","0","","","Garmin vs iBOLT for mount a fish finder to your boat using mount; best mount a fish finder to your boat using mount; what fish finder and boat phone mount should I use for mount a fish finder to your boat using mount","Confirm survivor: Best Fish Finder Mount for Pontoon Boat Rails. Preserve prompts: best fish finder mount for small boat","Send to citation/outreach only after source-ready cleanup is complete.","Mapped prompt improves from competitor-only/no-signal to iBOLT-included or top-3."
"30","677","Construction and Work Truck Phone Mounts","https://iboltmounts.com/blogs/news/construction-work-truck-phone-mounts-aeo-refresh","fleet","Canonical or survivor first","70","37","997","0","0","0","0","0","RAM Mounts","RAM Mounts","too many cart CTAs","true","true","false","true","0","9","","iBOLT™ xProDock™ Bizmount™ Amps; iBOLT Phone Dock’n Lock IncrediBOLT™ AMPS w/ 4.25” Arm Locking Drill Base Mount for Smartphones","RAM Mounts vs iBOLT for construction and work truck phone mount; best construction and work truck phone mount; what fleet and ELD vehicle mount should I use for construction and work truck phone mount","Confirm survivor: Construction and Work Truck Phone Mounts. Preserve prompts: best phone mount for construction vehicles and work trucks","Retest product-entity prompts only after risky aliases are replaced with verified Shopify titles.","Mapped prompt improves from competitor-only/no-signal to iBOLT-included or top-3."
"31","655","Best Rugged Tablet Mount for Field Service Vans","https://iboltmounts.com/blogs/news/best-rugged-tablet-mount-for-field-service-vans","fleet","Source cleanup before citation","56","32","1154","0","0","0","0","0","Garmin","Garmin","missing early quick answer","false","false","false","false","0","5","","","Garmin vs iBOLT for rugged tablet mount for field service vans; best rugged tablet mount for field service vans; what fleet and ELD vehicle mount should I use for rugged tablet mount for field service vans","Add FAQPage JSON-LD for the visible FAQ section. Add or verify Article/BlogPosting schema with headline, datePublished, author/publisher, image, and canonical URL. Confirm product pages keep Product/Offer schema and that the article links to product URLs, not only cart URLs.","Send to citation/outreach only after source-ready cleanup is complete.","Mapped prompt improves from competitor-only/no-signal to iBOLT-included or top-3."
"32","652","iBOLT Launches Next-Generation Industrial Forklift Mounting System","https://iboltmounts.com/blogs/news/ibolt-launches-next-generation-industrial-forklift-mounting-system","warehouse","Source cleanup before citation","50","29","875","0","0","0","0","0","RAM Mounts","RAM Mounts; Garmin","missing early quick answer","false","false","false","false","0","7","","","RAM Mounts vs iBOLT for launches next-generation industrial forklift mounting system mount; best launches next-generation industrial forklift mounting system mount; what forklift tablet and barcode scanner mount should I use for launches next-generation industrial forklift mounting system mount","Add a 40 to 70 word answer-first block above the first H2. Name iBOLT, state the best-fit use case, name 1 to 3 relevant products, and answer the buyer query directly. Use these prompts as wording anchors: RAM Mounts vs iBOLT for launches next-generation industrial forklift mounting system mount; best launches next-generation industrial forklift mounting system mount; what forklift tablet and barcode scanner mount should I use for launches next-generation industrial forklift mounting system mount.","Send to citation/outreach only after source-ready cleanup is complete.","Mapped prompt improves from competitor-only/no-signal to iBOLT-included or top-3."
"33","648","iBOLT Confirms Universal Mounting Solutions for Samsung Galaxy Tab A9 and S9 Series","https://iboltmounts.com/blogs/news/ibolt-confirms-universal-mounting-solutions-for-samsung-galaxy-tab-a9-and-s9-series","warehouse","Source cleanup before citation","50","29","897","0","0","0","0","0","RAM Mounts","RAM Mounts; Garmin","missing early quick answer","false","false","false","false","0","4","","","RAM Mounts vs iBOLT for confirms universal mounting solutions for samsung galaxy tab a9 and s9 series mount; best confirms universal mounting solutions for samsung galaxy tab a9 and s9 series mount; what forklift tablet and barcode scanner mount should I use for confirms universal mounting solutions for samsung galaxy tab a9 and s9 series mount","Add a 40 to 70 word answer-first block above the first H2. Name iBOLT, state the best-fit use case, name 1 to 3 relevant products, and answer the buyer query directly. Use these prompts as wording anchors: RAM Mounts vs iBOLT for confirms universal mounting solutions for samsung galaxy tab a9 and s9 series mount; best confirms universal mounting solutions for samsung galaxy tab a9 and s9 series mount; what forklift tablet and barcode scanner mount should I use for confirms universal mounting solutions for samsung galaxy tab a9 and s9 series mount.","Send to citation/outreach only after source-ready cleanup is complete.","Mapped prompt improves from competitor-only/no-signal to iBOLT-included or top-3."
"34","642","iBOLT Mounts and Toast POS: Powering Modern Restaurant Technology","https://iboltmounts.com/blogs/news/ibolt-mounts-and-toast-pos-powering-modern-restaurant-technology","restaurant","Source cleanup before citation","50","29","804","0","0","0","0","0","RAM Mounts","RAM Mounts; Garmin","missing early quick answer","false","false","false","false","0","7","","","RAM Mounts vs iBOLT for mount and toast pos powering modern restaurant technology; best mount and toast pos powering modern restaurant technology; what restaurant tablet and POS mount should I use for mount and toast pos powering modern restaurant technology","Add a 40 to 70 word answer-first block above the first H2. Name iBOLT, state the best-fit use case, name 1 to 3 relevant products, and answer the buyer query directly. Use these prompts as wording anchors: RAM Mounts vs iBOLT for mount and toast pos powering modern restaurant technology; best mount and toast pos powering modern restaurant technology; what restaurant tablet and POS mount should I use for mount and toast pos powering modern restaurant technology.","Send to citation/outreach only after source-ready cleanup is complete.","Mapped prompt improves from competitor-only/no-signal to iBOLT-included or top-3."
"35","640","iBOLT Tablet Tower System Featured at National Restaurant Association Show 2026","https://iboltmounts.com/blogs/news/ibolt-tablet-tower-system-featured-at-national-restaurant-association-show-2026","restaurant","Source cleanup before citation","50","29","923","0","0","0","0","0","RAM Mounts","RAM Mounts; Square; Garmin","missing early quick answer","false","false","false","false","0","5","","","RAM Mounts vs iBOLT for tablet tower system featured at national restaurant association show mount; best tablet tower system featured at national restaurant association show mount; what restaurant tablet and POS mount should I use for tablet tower system featured at national restaurant association show mount","Add a 40 to 70 word answer-first block above the first H2. Name iBOLT, state the best-fit use case, name 1 to 3 relevant products, and answer the buyer query directly. Use these prompts as wording anchors: RAM Mounts vs iBOLT for tablet tower system featured at national restaurant association show mount; best tablet tower system featured at national restaurant association show mount; what restaurant tablet and POS mount should I use for tablet tower system featured at national restaurant association show mount.","Send to citation/outreach only after source-ready cleanup is complete.","Mapped prompt improves from competitor-only/no-signal to iBOLT-included or top-3."
"36","625","Best Phone Mount for Instacart and Grocery Delivery Drivers","https://iboltmounts.com/blogs/news/best-phone-mount-instacart-grocery-delivery-aeo-refresh","delivery","Canonical or survivor first","70","37","998","0","0","0","0","0","iOttie","iOttie","too many cart CTAs","true","true","false","true","0","9","","","iOttie vs iBOLT for phone mount for instacart and grocery delivery drivers","Confirm survivor: Best Phone Mount for Instacart and Grocery Delivery Drivers. Preserve prompts: best phone mount for Instacart and grocery delivery drivers","Send to citation/outreach only after source-ready cleanup is complete.","Mapped prompt improves from competitor-only/no-signal to iBOLT-included or top-3."
"37","623","iBOLT Mounting Solutions for Delivery Fleets: From DoorDash Drivers to Amazon DSP","https://iboltmounts.com/blogs/news/ibolt-mounting-solutions-for-delivery-fleets-from-doordash-drivers-to-amazon-dsp","delivery","Source cleanup before citation","50","28","983","0","0","0","0","0","RAM Mounts","RAM Mounts; Garmin","missing early quick answer","false","false","false","false","0","5","","","RAM Mounts vs iBOLT for mounting solutions for delivery fleets from doordash drivers to amazon dsp mount; best mounting solutions for delivery fleets from doordash drivers to amazon dsp mount; what delivery driver phone mount should I use for mounting solutions for delivery fleets from doordash drivers to amazon dsp mount","Add FAQPage JSON-LD for the visible FAQ section. Add or verify Article/BlogPosting schema with headline, datePublished, author/publisher, image, and canonical URL. Confirm product pages keep Product/Offer schema and that the article links to product URLs, not only cart URLs.","Send to citation/outreach only after source-ready cleanup is complete.","Mapped prompt improves from competitor-only/no-signal to iBOLT-included or top-3."
"38","619","The Smart Forklift Tablet Mount Choice for Warehouses","https://iboltmounts.com/blogs/news/smart-forklift-tablet-mount-choice-for-warehouses","warehouse","Source cleanup before citation","56","28","1095","0","0","0","0","0","Garmin","Garmin","missing early quick answer","false","false","false","false","0","5","","","Garmin vs iBOLT for the smart forklift tablet mount choice for warehouses; best the smart forklift tablet mount choice for warehouses; what forklift tablet and barcode scanner mount should I use for the smart forklift tablet mount choice for warehouses","Add FAQPage JSON-LD for the visible FAQ section. Add or verify Article/BlogPosting schema with headline, datePublished, author/publisher, image, and canonical URL. Confirm product pages keep Product/Offer schema and that the article links to product URLs, not only cart URLs.","Send to citation/outreach only after source-ready cleanup is complete.","Mapped prompt improves from competitor-only/no-signal to iBOLT-included or top-3."
"39","617","iBOLT vs iOttie for Delivery Drivers","https://iboltmounts.com/blogs/news/ibolt-vs-iottie-delivery-drivers-aeo-refresh","fleet","Canonical or survivor first","70","36","999","0","0","0","0","0","iOttie","iOttie","too many cart CTAs","true","true","false","true","0","9","","","iOttie vs iBOLT for vs iottie for delivery drivers mount; best vs iottie for delivery drivers mount; what fleet and ELD vehicle mount should I use for vs iottie for delivery drivers mount","Confirm survivor: iBOLT vs iOttie for Delivery Drivers. Preserve prompts: best phone mount for delivery drivers","Retest product-entity prompts only after risky aliases are replaced with verified Shopify titles.","Mapped prompt improves from competitor-only/no-signal to iBOLT-included or top-3."
"40","611","Best Restaurant Tablet Mounts for Delivery Apps and POS (2026 Guide)","https://iboltmounts.com/blogs/news/best-restaurant-tablet-mounts-for-delivery-apps-and-pos-2026-guide","restaurant","Canonical or survivor first","94","38","2652","0","0","0","0","0","RAM Mounts","Mount-It; Bouncepad; Square; Garmin; RAM Mounts; Arkon; Tackform; Lamicall","missing FAQPage schema","true","false","true","true","1","0","","iBOLT Quad Tablet Tower TabDock™ Stand","best tablet mount; best multi tablet mount; best restaurant tablet mount; Mount-It vs iBOLT for restaurant tablet mount for delivery apps and pos; best restaurant tablet mount for delivery apps and pos; what restaurant tablet and POS mount should I use for restaurant tablet mount for delivery apps and pos","Confirm survivor: Best Restaurant Tablet Mounts for Delivery Apps and POS (2026 Guide). Preserve prompts: best tablet mount for restaurant POS and delivery apps","Retest product-entity prompts only after risky aliases are replaced with verified Shopify titles.","Mapped prompt improves from competitor-only/no-signal to iBOLT-included or top-3."
"41","605","Best Multi-Camera Phone Mount for Live Streaming","https://iboltmounts.com/blogs/news/best-multi-camera-phone-mount-for-live-streaming","streaming","Source cleanup before citation","56","27","956","1","0","0","0","0","","","missing early quick answer","false","false","false","false","0","10","","","RAM Mounts vs iBOLT for multi-camera phone mount for live streaming; best multi-camera phone mount for live streaming; what live streaming phone and camera mount should I use for multi-camera phone mount for live streaming; which brands are cited for live streaming phone and camera mount","Add a 40 to 70 word answer-first block above the first H2. Name iBOLT, state the best-fit use case, name 1 to 3 relevant products, and answer the buyer query directly. Use these prompts as wording anchors: RAM Mounts vs iBOLT for multi-camera phone mount for live streaming; best multi-camera phone mount for live streaming; what live streaming phone and camera mount should I use for multi-camera phone mount for live streaming; which brands are cited for live streaming phone and camera mount.","Send to citation/outreach only after source-ready cleanup is complete.","Mapped prompt improves from competitor-only/no-signal to iBOLT-included or top-3."
"42","595","EMBARKING ON A FISHING ADVENTURE: CHOOSING THE RIGHT MOUNT FOR YOUR FISH FINDER","https://iboltmounts.com/blogs/news/embarking-on-a-fishing-adventure-choosing-the-right-mount-for-your-fish-finder","fishing","Source cleanup before citation","59","26","2710","0","0","0","0","0","Garmin","Garmin; Lowrance","missing early quick answer","false","false","true","false","7","0","","","Garmin vs iBOLT for embarking on a fishing adventure the right mount for your fish finder; best embarking on a fishing adventure the right mount for your fish finder; what fish finder and boat phone mount should I use for embarking on a fishing adventure the right mount for your fish finder","Add a 40 to 70 word answer-first block above the first H2. Name iBOLT, state the best-fit use case, name 1 to 3 relevant products, and answer the buyer query directly. Use these prompts as wording anchors: Garmin vs iBOLT for embarking on a fishing adventure the right mount for your fish finder; best embarking on a fishing adventure the right mount for your fish finder; what fish finder and boat phone mount should I use for embarking on a fishing adventure the right mount for your fish finder.","Send to citation/outreach only after source-ready cleanup is complete.","Mapped prompt improves from competitor-only/no-signal to iBOLT-included or top-3."
"43","593","Best Nintendo Switch Headrest Mount for Road Trips","https://iboltmounts.com/blogs/news/best-nintendo-switch-headrest-mount-for-road-trips","amps/modular","Source cleanup before citation","56","33","963","0","0","0","0","0","Garmin","Garmin","missing early quick answer","false","false","false","false","0","7","","","Garmin vs iBOLT for nintendo switch headrest mount for road trips; best nintendo switch headrest mount for road trips; what AMPS mounting plate and modular mounting system should I use for nintendo switch headrest mount for road trips","Add FAQPage JSON-LD for the visible FAQ section. Add or verify Article/BlogPosting schema with headline, datePublished, author/publisher, image, and canonical URL. Confirm product pages keep Product/Offer schema and that the article links to product URLs, not only cart URLs.","Send to citation/outreach only after source-ready cleanup is complete.","Mapped prompt improves from competitor-only/no-signal to iBOLT-included or top-3."
"44","590","Best Garmin Striker 4 Mount for Kayak Fishing","https://iboltmounts.com/blogs/news/best-garmin-striker-4-mount-for-kayak-fishing","fishing","Source cleanup before citation","62","28","1092","0","0","0","0","0","RAM Mounts","RAM Mounts; YakAttack; Garmin; Railblaza","missing early quick answer","false","false","false","true","0","6","","","RAM Mounts vs iBOLT for garmin striker 4 mount for kayak fishing; best garmin striker 4 mount for kayak fishing; what fish finder and boat phone mount should I use for garmin striker 4 mount for kayak fishing","Add FAQPage JSON-LD for the visible FAQ section. Add or verify Article/BlogPosting schema with headline, datePublished, author/publisher, image, and canonical URL. Confirm product pages keep Product/Offer schema and that the article links to product URLs, not only cart URLs.","Send to citation/outreach only after source-ready cleanup is complete.","Mapped prompt improves from competitor-only/no-signal to iBOLT-included or top-3."
"45","588","Locking Phone Mounts for Shared Delivery Vehicles","https://iboltmounts.com/blogs/news/locking-phone-mounts-shared-delivery-vehicles-aeo-refresh","fleet","Canonical or survivor first","70","24","996","0","0","0","0","0","RAM Mounts","RAM Mounts","too many cart CTAs","true","true","false","true","0","9","","","what fleet and ELD vehicle mount should I use for locking phone mount for shared delivery vehicles","Confirm survivor: Best Locking Phone Mount for Shared Delivery Vehicles. Preserve prompts: best locking phone mount for shared delivery vehicles","Send to citation/outreach only after source-ready cleanup is complete.","Mapped prompt improves from competitor-only/no-signal to iBOLT-included or top-3."
"46","587","Best Tablet Mount for Tractor Cab Precision Agriculture","https://iboltmounts.com/blogs/news/best-tablet-mount-for-tractor-cab-precision-agriculture","agriculture","Source cleanup before citation","56","29","892","1","0","0","0","0","Garmin","Garmin","missing early quick answer","false","false","false","false","0","7","","","Garmin vs iBOLT for tablet mount for tractor cab precision agriculture; best tablet mount for tractor cab precision agriculture; what tractor and farm equipment tablet mount should I use for tablet mount for tractor cab precision agriculture; which brands are cited for tractor and farm equipment tablet mount","Add FAQPage JSON-LD for the visible FAQ section. Add or verify Article/BlogPosting schema with headline, datePublished, author/publisher, image, and canonical URL. Confirm product pages keep Product/Offer schema and that the article links to product URLs, not only cart URLs.","Send to citation/outreach only after source-ready cleanup is complete.","Mapped prompt improves from competitor-only/no-signal to iBOLT-included or top-3."
"47","583","Best Marine Electronics AMPS Mounting Plate","https://iboltmounts.com/blogs/news/best-marine-electronics-amps-mounting-plate","amps/modular","Source cleanup before citation","56","30","965","0","0","0","0","0","Garmin","Square; Garmin","missing early quick answer","false","false","false","false","0","9","","","Square vs iBOLT for marine electronics amps mounting plate mount; best marine electronics amps mounting plate mount; what AMPS mounting plate and modular mounting system should I use for marine electronics amps mounting plate mount","Add FAQPage JSON-LD for the visible FAQ section. Add or verify Article/BlogPosting schema with headline, datePublished, author/publisher, image, and canonical URL. Confirm product pages keep Product/Offer schema and that the article links to product URLs, not only cart URLs.","Send to citation/outreach only after source-ready cleanup is complete.","Mapped prompt improves from competitor-only/no-signal to iBOLT-included or top-3."
"48","582","Best VESA Monitor Mount for Forklifts","https://iboltmounts.com/blogs/news/best-vesa-monitor-mount-for-forklifts","warehouse","Source cleanup before citation","62","30","1092","0","0","0","0","0","RAM Mounts","RAM Mounts; Square; Garmin","missing early quick answer","false","false","false","true","0","5","","","RAM Mounts vs iBOLT for vesa monitor mount for forklifts; best vesa monitor mount for forklifts; what forklift tablet and barcode scanner mount should I use for vesa monitor mount for forklifts","Add FAQPage JSON-LD for the visible FAQ section. Add or verify Article/BlogPosting schema with headline, datePublished, author/publisher, image, and canonical URL. Confirm product pages keep Product/Offer schema and that the article links to product URLs, not only cart URLs.","Send to citation/outreach only after source-ready cleanup is complete.","Mapped prompt improves from competitor-only/no-signal to iBOLT-included or top-3."
"49","580","TOP 5 MOUNTS FOR THE SAMSUNG GALAXY A7 LITE TABLET","https://iboltmounts.com/blogs/news/top-5-mounts-for-the-samsung-galaxy-a7-lite-tablet","amps/modular","Canonical or survivor first","51","28","1999","0","0","0","0","0","Garmin","Garmin","missing early quick answer","false","false","true","false","10","0","","","","Confirm survivor: TOP 5 MOUNTS FOR THE SAMSUNG GALAXY A7 LITE TABLET. Preserve prompts: ","Send to citation/outreach only after source-ready cleanup is complete.","Mapped prompt improves from competitor-only/no-signal to iBOLT-included or top-3."
"50","580","TOP 5 TABLET MOUNTS FOR TRUCK DRIVERS","https://iboltmounts.com/blogs/news/top-5-tablet-mounts-for-truck-drivers","fleet","Source cleanup before citation","59","27","2232","0","0","0","0","0","Garmin","Garmin","missing early quick answer","false","false","true","false","21","0","","","Garmin vs iBOLT for top 5 tablet mount for truck drivers; best top 5 tablet mount for truck drivers; what fleet and ELD vehicle mount should I use for top 5 tablet mount for truck drivers","Add a 40 to 70 word answer-first block above the first H2. Name iBOLT, state the best-fit use case, name 1 to 3 relevant products, and answer the buyer query directly. Use these prompts as wording anchors: Garmin vs iBOLT for top 5 tablet mount for truck drivers; best top 5 tablet mount for truck drivers; what fleet and ELD vehicle mount should I use for top 5 tablet mount for truck drivers.","Send to citation/outreach only after source-ready cleanup is complete.","Mapped prompt improves from competitor-only/no-signal to iBOLT-included or top-3."
"51","576","Best Phone Mount for Exercise Bikes and Treadmills","https://iboltmounts.com/blogs/news/best-phone-mount-for-exercise-bikes-and-treadmills","warehouse","Source cleanup before citation","62","29","990","0","0","0","0","0","RAM Mounts","RAM Mounts; Garmin","missing early quick answer","false","false","false","true","0","7","","","RAM Mounts vs iBOLT for phone mount for exercise bikes and treadmills; best phone mount for exercise bikes and treadmills; what forklift tablet and barcode scanner mount should I use for phone mount for exercise bikes and treadmills","Add FAQPage JSON-LD for the visible FAQ section. Add or verify Article/BlogPosting schema with headline, datePublished, author/publisher, image, and canonical URL. Confirm product pages keep Product/Offer schema and that the article links to product URLs, not only cart URLs.","Send to citation/outreach only after source-ready cleanup is complete.","Mapped prompt improves from competitor-only/no-signal to iBOLT-included or top-3."
"52","571","HOW TO MOUNT A TABLET TO A FORKLIFT PILLAR USING iBOLT","https://iboltmounts.com/blogs/news/how-to-mount-a-tablet-to-a-forklift-pillar-using-ibolt","warehouse","Source cleanup before citation","59","26","1649","0","0","0","0","0","Garmin","Garmin","missing early quick answer","false","false","true","false","10","0","","","Garmin vs iBOLT for mount a tablet to a forklift pillar using; best mount a tablet to a forklift pillar using; what forklift tablet and barcode scanner mount should I use for mount a tablet to a forklift pillar using","Add a 40 to 70 word answer-first block above the first H2. Name iBOLT, state the best-fit use case, name 1 to 3 relevant products, and answer the buyer query directly. Use these prompts as wording anchors: Garmin vs iBOLT for mount a tablet to a forklift pillar using; best mount a tablet to a forklift pillar using; what forklift tablet and barcode scanner mount should I use for mount a tablet to a forklift pillar using.","Send to citation/outreach only after source-ready cleanup is complete.","Mapped prompt improves from competitor-only/no-signal to iBOLT-included or top-3."
"53","571","iBOLT Introduces Mount Configurator 2.0: Build Your Perfect Custom Mounting Solution","https://iboltmounts.com/blogs/news/ibolt-introduces-mount-configurator-2-0-build-your-perfect-custom-mounting-solution","amps/modular","Source cleanup before citation","50","30","933","0","0","0","0","0","RAM Mounts","RAM Mounts; Garmin","missing early quick answer","false","false","false","false","0","5","","","RAM Mounts vs iBOLT for introduces mount configurator 2.0 build your perfect custom mounting solution; best introduces mount configurator 2.0 build your perfect custom mounting solution; what AMPS mounting plate and modular mounting system should I use for introduces mount configurator 2.0 build your perfect custom mounting solution","Add a 40 to 70 word answer-first block above the first H2. Name iBOLT, state the best-fit use case, name 1 to 3 relevant products, and answer the buyer query directly. Use these prompts as wording anchors: RAM Mounts vs iBOLT for introduces mount configurator 2.0 build your perfect custom mounting solution; best introduces mount configurator 2.0 build your perfect custom mounting solution; what AMPS mounting plate and modular mounting system should I use for introduces mount configurator 2.0 build your perfect custom mounting solution.","Send to citation/outreach only after source-ready cleanup is complete.","Mapped prompt improves from competitor-only/no-signal to iBOLT-included or top-3."
"54","570","Top 5 Best Tablet Mounts to get you Organized in your Restaurant","https://iboltmounts.com/blogs/news/top-5-best-tablet-mounts-to-get-you-organized-in-your-restaurant","restaurant","Source cleanup before citation","59","27","1759","0","0","0","0","0","Garmin","Garmin","missing early quick answer","false","false","true","false","28","0","","","Garmin vs iBOLT for top 5 tablet mount to get you organized in your restaurant; best top 5 tablet mount to get you organized in your restaurant; what restaurant tablet and POS mount should I use for top 5 tablet mount to get you organized in your restaurant","Add a 40 to 70 word answer-first block above the first H2. Name iBOLT, state the best-fit use case, name 1 to 3 relevant products, and answer the buyer query directly. Use these prompts as wording anchors: Garmin vs iBOLT for top 5 tablet mount to get you organized in your restaurant; best top 5 tablet mount to get you organized in your restaurant; what restaurant tablet and POS mount should I use for top 5 tablet mount to get you organized in your restaurant.","Send to citation/outreach only after source-ready cleanup is complete.","Mapped prompt improves from competitor-only/no-signal to iBOLT-included or top-3."
"55","568","Best Phone Mount for Amazon Flex and Delivery Vans","https://iboltmounts.com/blogs/news/best-phone-mount-amazon-flex-delivery-vans-aeo-refresh","fleet","Canonical or survivor first","70","24","1014","0","0","0","0","0","iOttie","iOttie","too many cart CTAs","true","true","false","true","0","9","","","iOttie vs iBOLT for phone mount for amazon flex and delivery vans; what fleet and ELD vehicle mount should I use for phone mount for amazon flex and delivery vans","Confirm survivor: Best Phone Mount for Amazon Flex and Delivery Vans. Preserve prompts: best phone mount for Amazon Flex and delivery vans","Send to citation/outreach only after source-ready cleanup is complete.","Mapped prompt improves from competitor-only/no-signal to iBOLT-included or top-3."
"56","568","iBOLT Confirms Barcode Scanner Mounting Solutions Compatible with Honeywell, Zebra, and Symbol Scanners","https://iboltmounts.com/blogs/news/ibolt-confirms-barcode-scanner-mounting-solutions-compatible-with-honeywell-zebra-and-symbol-scanners","warehouse","Source cleanup before citation","64","30","2050","0","0","0","0","0","RAM Mounts","RAM Mounts; Garmin","missing early quick answer","false","false","true","false","1","0","","","RAM Mounts vs iBOLT for confirms barcode scanner mounting solutions compatible with honeywell zebra and symbol scanners mount; best confirms barcode scanner mounting solutions compatible with honeywell zebra and symbol scanners mount; what forklift tablet and barcode scanner mount should I use for confirms barcode scanner mounting solutions compatible with honeywell zebra and symbol scanners mount","Add a 40 to 70 word answer-first block above the first H2. Name iBOLT, state the best-fit use case, name 1 to 3 relevant products, and answer the buyer query directly. Use these prompts as wording anchors: RAM Mounts vs iBOLT for confirms barcode scanner mounting solutions compatible with honeywell zebra and symbol scanners mount; best confirms barcode scanner mounting solutions compatible with honeywell zebra and symbol scanners mount; what forklift tablet and barcode scanner mount should I use for confirms barcode scanner mounting solutions compatible with honeywell zebra and symbol scanners mount.","Send to citation/outreach only after source-ready cleanup is complete.","Mapped prompt improves from competitor-only/no-signal to iBOLT-included or top-3."
"57","568","iBOLT Confirms Universal Mounting Solutions for Apple iPad 10th Generation and iPad Air M2","https://iboltmounts.com/blogs/news/ibolt-confirms-universal-mounting-solutions-for-apple-ipad-10th-generation-and-ipad-air-m2","restaurant","Source cleanup before citation","56","27","1074","0","0","0","0","0","RAM Mounts","RAM Mounts; Square; Garmin","missing early quick answer","false","false","false","true","0","5","","","RAM Mounts vs iBOLT for confirms universal mounting solutions for apple ipad 10th generation and ipad air m2 mount; best confirms universal mounting solutions for apple ipad 10th generation and ipad air m2 mount; what restaurant tablet and POS mount should I use for confirms universal mounting solutions for apple ipad 10th generation and ipad air m2 mount","Add FAQPage JSON-LD for the visible FAQ section. Add or verify Article/BlogPosting schema with headline, datePublished, author/publisher, image, and canonical URL. Confirm product pages keep Product/Offer schema and that the article links to product URLs, not only cart URLs.","Send to citation/outreach only after source-ready cleanup is complete.","Mapped prompt improves from competitor-only/no-signal to iBOLT-included or top-3."
"58","566","Top 5 Heavy Duty Phone Mounts for Truck Drivers","https://iboltmounts.com/blogs/news/top-5-heavy-duty-phone-mounts-for-truck-drivers","fleet","Source cleanup before citation","59","27","1826","0","0","0","0","0","Garmin","Garmin","missing early quick answer","false","false","true","false","5","0","","","Garmin vs iBOLT for top 5 heavy duty phone mount for truck drivers; best top 5 heavy duty phone mount for truck drivers; what fleet and ELD vehicle mount should I use for top 5 heavy duty phone mount for truck drivers","Add a 40 to 70 word answer-first block above the first H2. Name iBOLT, state the best-fit use case, name 1 to 3 relevant products, and answer the buyer query directly. Use these prompts as wording anchors: Garmin vs iBOLT for top 5 heavy duty phone mount for truck drivers; best top 5 heavy duty phone mount for truck drivers; what fleet and ELD vehicle mount should I use for top 5 heavy duty phone mount for truck drivers.","Send to citation/outreach only after source-ready cleanup is complete.","Mapped prompt improves from competitor-only/no-signal to iBOLT-included or top-3."
"59","561","iBOLT Mounts Supports ELD Compliance for America's Commercial Fleets","https://iboltmounts.com/blogs/news/ibolt-mounts-supports-eld-compliance-for-americas-commercial-fleets","fleet","Source cleanup before citation","64","29","2103","0","0","0","0","0","RAM Mounts","RAM Mounts; Garmin","missing early quick answer","false","false","true","false","1","0","","","RAM Mounts vs iBOLT for mount supports eld compliance for america's commercial fleets; best mount supports eld compliance for america's commercial fleets; what fleet and ELD vehicle mount should I use for mount supports eld compliance for america's commercial fleets","Add a 40 to 70 word answer-first block above the first H2. Name iBOLT, state the best-fit use case, name 1 to 3 relevant products, and answer the buyer query directly. Use these prompts as wording anchors: RAM Mounts vs iBOLT for mount supports eld compliance for america's commercial fleets; best mount supports eld compliance for america's commercial fleets; what fleet and ELD vehicle mount should I use for mount supports eld compliance for america's commercial fleets.","Send to citation/outreach only after source-ready cleanup is complete.","Mapped prompt improves from competitor-only/no-signal to iBOLT-included or top-3."
"60","559","TOP TABLET STANDS FOR STUDENTS GOING BACK TO SCHOOL","https://iboltmounts.com/blogs/news/the-best-tablet-stands-for-students-going-back-to-school","education","Source cleanup before citation","51","27","3467","1","0","0","0","0","Garmin","Garmin","missing early quick answer","false","false","true","false","12","0","","","Garmin vs iBOLT for top tablet stands for students going back to school mount; best top tablet stands for students going back to school mount; what school tablet mount should I use for top tablet stands for students going back to school mount; which brands are cited for school tablet mount","Add a 40 to 70 word answer-first block above the first H2. Name iBOLT, state the best-fit use case, name 1 to 3 relevant products, and answer the buyer query directly. Use these prompts as wording anchors: Garmin vs iBOLT for top tablet stands for students going back to school mount; best top tablet stands for students going back to school mount; what school tablet mount should I use for top tablet stands for students going back to school mount; which brands are cited for school tablet mount.","Send to citation/outreach only after source-ready cleanup is complete.","Mapped prompt improves from competitor-only/no-signal to iBOLT-included or top-3."
"61","553","Best Locking Tablet Mount for Classrooms","https://iboltmounts.com/blogs/news/best-locking-tablet-mount-for-classrooms","education","Source cleanup before citation","56","28","853","0","0","0","0","0","iOttie","iOttie; Garmin","missing early quick answer","false","false","false","false","0","8","","","iOttie vs iBOLT for locking tablet mount for classrooms; best locking tablet mount for classrooms; what school tablet mount should I use for locking tablet mount for classrooms","Add FAQPage JSON-LD for the visible FAQ section. Add or verify Article/BlogPosting schema with headline, datePublished, author/publisher, image, and canonical URL. Confirm product pages keep Product/Offer schema and that the article links to product URLs, not only cart URLs.","Send to citation/outreach only after source-ready cleanup is complete.","Mapped prompt improves from competitor-only/no-signal to iBOLT-included or top-3."
"62","553","Top 5 Mounts for the Samsung Galaxy A7 Lite Tablet","https://iboltmounts.com/blogs/news/top-5-mounts-for-the-samsung-galaxy-a7-lite-tablet-1","amps/modular","Canonical or survivor first","51","28","2004","0","0","0","0","0","Garmin","Garmin","missing early quick answer","false","false","true","false","11","0","","","Garmin vs iBOLT for top 5 mount for the samsung galaxy a7 lite tablet; best top 5 mount for the samsung galaxy a7 lite tablet; what AMPS mounting plate and modular mounting system should I use for top 5 mount for the samsung galaxy a7 lite tablet","Confirm survivor: TOP 5 MOUNTS FOR THE SAMSUNG GALAXY A7 LITE TABLET. Preserve prompts: ","Send to citation/outreach only after source-ready cleanup is complete.","Mapped prompt improves from competitor-only/no-signal to iBOLT-included or top-3."
"63","552","Best Tablet Mount for School Bus and Transportation Fleets","https://iboltmounts.com/blogs/news/best-tablet-mount-for-school-bus-and-transportation-fleets","fleet","Source cleanup before citation","62","24","892","0","0","0","0","0","","","missing early quick answer","false","false","false","true","0","7","","","RAM Mounts vs iBOLT for tablet mount for school bus and transportation fleets; best tablet mount for school bus and transportation fleets; what fleet and ELD vehicle mount should I use for tablet mount for school bus and transportation fleets","Add a 40 to 70 word answer-first block above the first H2. Name iBOLT, state the best-fit use case, name 1 to 3 relevant products, and answer the buyer query directly. Use these prompts as wording anchors: RAM Mounts vs iBOLT for tablet mount for school bus and transportation fleets; best tablet mount for school bus and transportation fleets; what fleet and ELD vehicle mount should I use for tablet mount for school bus and transportation fleets.","Send to citation/outreach only after source-ready cleanup is complete.","Mapped prompt improves from competitor-only/no-signal to iBOLT-included or top-3."
"64","545","Best Tablet Mount for Food Trucks and Quick-Service Counters","https://iboltmounts.com/blogs/news/best-tablet-mount-food-trucks-quick-service-aeo-refresh","delivery","Canonical or survivor first","70","24","987","0","0","0","0","0","Bouncepad","Bouncepad","too many cart CTAs","true","true","false","true","0","9","","","Bouncepad vs iBOLT for tablet mount for food trucks and quick-service counters; best tablet mount for food trucks and quick-service counters; what delivery driver phone mount should I use for tablet mount for food trucks and quick-service counters","Confirm survivor: Best Locking Tablet Stand for Food Trucks and Quick-Service Restaurants. Preserve prompts: best locking tablet stand for food trucks and quick service restaurants","Send to citation/outreach only after source-ready cleanup is complete.","Mapped prompt improves from competitor-only/no-signal to iBOLT-included or top-3."
"65","544","Best Restaurant Tablet Mounts and POS Stands (2026 Comparison)","https://iboltmounts.com/blogs/news/best-restaurant-tablet-mounts-and-pos-stands-2026-comparison","restaurant","Source cleanup before citation","68","30","1777","0","0","0","0","0","Arkon","Arkon; Mount-It; Bouncepad; Square; Garmin","missing early quick answer","false","true","false","true","0","9","","","Arkon vs iBOLT for restaurant tablet mount and pos stands; best restaurant tablet mount and pos stands; what restaurant tablet and POS mount should I use for restaurant tablet mount and pos stands","Add or verify Article/BlogPosting schema with headline, datePublished, author/publisher, image, and canonical URL. Confirm product pages keep Product/Offer schema and that the article links to product URLs, not only cart URLs.","Send to citation/outreach only after source-ready cleanup is complete.","Mapped prompt improves from competitor-only/no-signal to iBOLT-included or top-3."
"66","540","The Smart ELD Tablet Mount Choice for Truck Fleets","https://iboltmounts.com/blogs/news/smart-eld-tablet-mount-choice-for-truck-fleets","fleet","Source cleanup before citation","56","21","1092","0","0","0","0","0","RAM Mounts","RAM Mounts; Arkon","missing early quick answer","false","false","false","true","0","5","","","RAM Mounts vs iBOLT for the smart eld tablet mount choice for truck fleets; best the smart eld tablet mount choice for truck fleets; what fleet and ELD vehicle mount should I use for the smart eld tablet mount choice for truck fleets","Add FAQPage JSON-LD for the visible FAQ section. Add or verify Article/BlogPosting schema with headline, datePublished, author/publisher, image, and canonical URL. Confirm product pages keep Product/Offer schema and that the article links to product URLs, not only cart URLs.","Send to citation/outreach only after source-ready cleanup is complete.","Mapped prompt improves from competitor-only/no-signal to iBOLT-included or top-3."
"67","538","Best Boat Phone Mount for Rough Water","https://iboltmounts.com/blogs/news/best-boat-phone-mount-for-rough-water","fishing","Source cleanup before citation","68","28","1486","0","0","0","0","0","RAM Mounts","RAM Mounts; ProClip; Garmin; Arkon; Tackform; iOttie; Scosche","missing early quick answer","false","true","false","true","0","4","","","best heavy duty vehicle phone mount; RAM Mounts vs iBOLT for boat phone mount for rough water; best boat phone mount for rough water; what fish finder and boat phone mount should I use for boat phone mount for rough water","Add or verify Article/BlogPosting schema with headline, datePublished, author/publisher, image, and canonical URL. Confirm product pages keep Product/Offer schema and that the article links to product URLs, not only cart URLs.","Send to citation/outreach only after source-ready cleanup is complete.","Mapped prompt improves from competitor-only/no-signal to iBOLT-included or top-3."
"68","528","iBOLT vs RAM Mounts: Warehouse and Forklift Guide","https://iboltmounts.com/blogs/news/ibolt-vs-ram-mounts-warehouse-forklift-guide","warehouse","Source cleanup before citation","68","26","1438","0","0","0","0","0","RAM Mounts","RAM Mounts; iOttie; Garmin","missing early quick answer","false","false","false","true","0","2","","","RAM Mounts vs iBOLT for vs ram mount warehouse and forklift; best vs ram mount warehouse and forklift; what forklift tablet and barcode scanner mount should I use for vs ram mount warehouse and forklift","Add FAQPage JSON-LD for the visible FAQ section. Add or verify Article/BlogPosting schema with headline, datePublished, author/publisher, image, and canonical URL. Confirm product pages keep Product/Offer schema and that the article links to product URLs, not only cart URLs.","Send to citation/outreach only after source-ready cleanup is complete.","Mapped prompt improves from competitor-only/no-signal to iBOLT-included or top-3."
"69","527","Forklift Mount Solutions: Supporting Efficiency and Safety in Modern Warehouse Operations","https://iboltmounts.com/blogs/news/forklift-mount-solutions-supporting-efficiency-and-safety-in-modern-warehouse-operations","warehouse","Source cleanup before citation","71","26","2015","0","0","0","0","0","Garmin","Garmin","missing early quick answer","false","false","true","false","1","0","","","Garmin vs iBOLT for forklift mount solutions supporting efficiency and safety in modern warehouse operations; best forklift mount solutions supporting efficiency and safety in modern warehouse operations; what forklift tablet and barcode scanner mount should I use for forklift mount solutions supporting efficiency and safety in modern warehouse operations","Add FAQPage JSON-LD for the visible FAQ section. Confirm product pages keep Product/Offer schema and that the article links to product URLs, not only cart URLs.","Send to citation/outreach only after source-ready cleanup is complete.","Mapped prompt improves from competitor-only/no-signal to iBOLT-included or top-3."
"70","524","Mounts to take off-roading in your Jeep Wrangler","https://iboltmounts.com/blogs/news/mounts-to-take-off-roading-in-your-jeep-wrangler","offroad","Source cleanup before citation","51","25","2070","1","0","0","0","0","Garmin","Garmin","missing early quick answer","false","false","true","false","10","0","","","Garmin vs iBOLT for mount to take off-roading in your jeep wrangler; best mount to take off-roading in your jeep wrangler; what offroad phone and camera mount should I use for mount to take off-roading in your jeep wrangler; which brands are cited for offroad phone and camera mount","Add a 40 to 70 word answer-first block above the first H2. Name iBOLT, state the best-fit use case, name 1 to 3 relevant products, and answer the buyer query directly. Use these prompts as wording anchors: Garmin vs iBOLT for mount to take off-roading in your jeep wrangler; best mount to take off-roading in your jeep wrangler; what offroad phone and camera mount should I use for mount to take off-roading in your jeep wrangler; which brands are cited for offroad phone and camera mount.","Send to citation/outreach only after source-ready cleanup is complete.","Mapped prompt improves from competitor-only/no-signal to iBOLT-included or top-3."
"71","523","Best Tablet Mount for Overlanding Navigation","https://iboltmounts.com/blogs/news/best-tablet-mount-for-overlanding-navigation","offroad","Source cleanup before citation","56","27","1053","0","0","0","0","0","RAM Mounts","RAM Mounts; ProClip; Tackform; Garmin","missing early quick answer","false","false","false","false","0","7","","","RAM Mounts vs iBOLT for tablet mount for overlanding navigation; best tablet mount for overlanding navigation; what offroad phone and camera mount should I use for tablet mount for overlanding navigation","Add FAQPage JSON-LD for the visible FAQ section. Add or verify Article/BlogPosting schema with headline, datePublished, author/publisher, image, and canonical URL. Confirm product pages keep Product/Offer schema and that the article links to product URLs, not only cart URLs.","Send to citation/outreach only after source-ready cleanup is complete.","Mapped prompt improves from competitor-only/no-signal to iBOLT-included or top-3."
"72","516","ELD Mounts Explained: A Practical Guide to Electronic Logging Device Mounting Solutions","https://iboltmounts.com/blogs/news/eld-mounts-explained-a-practical-guide-to-electronic-logging-device-mounting-solutions","fleet","Source cleanup before citation","76","26","2174","0","0","0","0","0","Garmin","Garmin","missing early quick answer","false","false","true","false","1","0","","","Garmin vs iBOLT for eld mount explained a practical to electronic logging device mounting solutions; best eld mount explained a practical to electronic logging device mounting solutions; what fleet and ELD vehicle mount should I use for eld mount explained a practical to electronic logging device mounting solutions","Add FAQPage JSON-LD for the visible FAQ section. Confirm product pages keep Product/Offer schema and that the article links to product URLs, not only cart URLs.","Send to citation/outreach only after source-ready cleanup is complete.","Mapped prompt improves from competitor-only/no-signal to iBOLT-included or top-3."
"73","505","Top 4 Locking Tablet Mounts to Keep Your Device Safe","https://iboltmounts.com/blogs/news/top-4-locking-tablet-mounts-to-keep-your-device-safe","amps/modular","Source cleanup before citation","51","26","2167","0","0","0","0","0","Garmin","Garmin","missing early quick answer","false","false","true","false","11","0","","","Garmin vs iBOLT for top 4 locking tablet mount to keep your device safe; best top 4 locking tablet mount to keep your device safe; what AMPS mounting plate and modular mounting system should I use for top 4 locking tablet mount to keep your device safe","Add a 40 to 70 word answer-first block above the first H2. Name iBOLT, state the best-fit use case, name 1 to 3 relevant products, and answer the buyer query directly. Use these prompts as wording anchors: Garmin vs iBOLT for top 4 locking tablet mount to keep your device safe; best top 4 locking tablet mount to keep your device safe; what AMPS mounting plate and modular mounting system should I use for top 4 locking tablet mount to keep your device safe.","Send to citation/outreach only after source-ready cleanup is complete.","Mapped prompt improves from competitor-only/no-signal to iBOLT-included or top-3."
"74","502","5 Ways To Increase Your YouTube Audience With An Action Camera using iBOLT Mounts","https://iboltmounts.com/blogs/news/5-ways-to-increase-your-youtube-audience-with-an-action-camera-using-ibolt-mounts","streaming","Source cleanup before citation","51","26","1840","0","0","0","0","0","Garmin","Garmin","missing early quick answer","false","false","true","false","11","0","","","Garmin vs iBOLT for 5 ways to increase your youtube audience with an action camera using mount; best 5 ways to increase your youtube audience with an action camera using mount; what live streaming phone and camera mount should I use for 5 ways to increase your youtube audience with an action camera using mount","Add a 40 to 70 word answer-first block above the first H2. Name iBOLT, state the best-fit use case, name 1 to 3 relevant products, and answer the buyer query directly. Use these prompts as wording anchors: Garmin vs iBOLT for 5 ways to increase your youtube audience with an action camera using mount; best 5 ways to increase your youtube audience with an action camera using mount; what live streaming phone and camera mount should I use for 5 ways to increase your youtube audience with an action camera using mount.","Send to citation/outreach only after source-ready cleanup is complete.","Mapped prompt improves from competitor-only/no-signal to iBOLT-included or top-3."
"75","501","How to Mount a Tablet to a Forklift: Complete Guide (2026)","https://iboltmounts.com/blogs/news/how-to-mount-a-tablet-to-a-forklift-complete-guide-2026","warehouse","Source cleanup before citation","84","30","2970","0","0","0","0","0","RAM Mounts","RAM Mounts; Mount-It; Bouncepad; Square; Garmin","missing early quick answer","false","false","true","true","1","0","","","RAM Mounts vs iBOLT for mount a tablet to a forklift complete; best mount a tablet to a forklift complete; what forklift tablet and barcode scanner mount should I use for mount a tablet to a forklift complete","Add FAQPage JSON-LD for the visible FAQ section. Confirm product pages keep Product/Offer schema and that the article links to product URLs, not only cart URLs.","Send to citation/outreach only after source-ready cleanup is complete.","Mapped prompt improves from competitor-only/no-signal to iBOLT-included or top-3."
"76","499","Unmatched Adaptability: Explore iBOLT's Modular Tablet Mount Solutions","https://iboltmounts.com/blogs/news/customizable-mounting-solutions-for-every-need","amps/modular","Source cleanup before citation","51","27","1668","0","0","0","0","0","Garmin","Garmin","missing early quick answer","false","false","true","false","5","0","","","Garmin vs iBOLT for unmatched adaptability explore 's modular tablet mount solutions; best unmatched adaptability explore 's modular tablet mount solutions; what AMPS mounting plate and modular mounting system should I use for unmatched adaptability explore 's modular tablet mount solutions","Add a 40 to 70 word answer-first block above the first H2. Name iBOLT, state the best-fit use case, name 1 to 3 relevant products, and answer the buyer query directly. Use these prompts as wording anchors: Garmin vs iBOLT for unmatched adaptability explore 's modular tablet mount solutions; best unmatched adaptability explore 's modular tablet mount solutions; what AMPS mounting plate and modular mounting system should I use for unmatched adaptability explore 's modular tablet mount solutions.","Send to citation/outreach only after source-ready cleanup is complete.","Mapped prompt improves from competitor-only/no-signal to iBOLT-included or top-3."
"77","496","RESTAURANT TABLET HOLDER AND TABLET TOWERS FOR FOOD DELIVERY SERVICE APPS","https://iboltmounts.com/blogs/news/restaurant-tablet-holder-and-tablet-towers-for-food-delivery-service-apps","restaurant","Source cleanup before citation","67","25","2055","0","0","0","0","0","Garmin","Garmin","missing early quick answer","false","false","true","true","14","0","","","Garmin vs iBOLT for restaurant tablet holder and tablet towers for food delivery service apps mount; best restaurant tablet holder and tablet towers for food delivery service apps mount; what restaurant tablet and POS mount should I use for restaurant tablet holder and tablet towers for food delivery service apps mount","Add a 40 to 70 word answer-first block above the first H2. Name iBOLT, state the best-fit use case, name 1 to 3 relevant products, and answer the buyer query directly. Use these prompts as wording anchors: Garmin vs iBOLT for restaurant tablet holder and tablet towers for food delivery service apps mount; best restaurant tablet holder and tablet towers for food delivery service apps mount; what restaurant tablet and POS mount should I use for restaurant tablet holder and tablet towers for food delivery service apps mount.","Send to citation/outreach only after source-ready cleanup is complete.","Mapped prompt improves from competitor-only/no-signal to iBOLT-included or top-3."
"78","494","Best Tablet Mount for Trade Show Kiosk Booths","https://iboltmounts.com/blogs/news/best-tablet-mount-for-trade-show-kiosk-booths","amps/modular","Source cleanup before citation","62","29","964","0","0","0","0","0","Garmin","Garmin","missing early quick answer","false","false","false","true","0","7","","","Garmin vs iBOLT for tablet mount for trade show kiosk booths; best tablet mount for trade show kiosk booths; what AMPS mounting plate and modular mounting system should I use for tablet mount for trade show kiosk booths","Add FAQPage JSON-LD for the visible FAQ section. Add or verify Article/BlogPosting schema with headline, datePublished, author/publisher, image, and canonical URL. Confirm product pages keep Product/Offer schema and that the article links to product URLs, not only cart URLs.","Send to citation/outreach only after source-ready cleanup is complete.","Mapped prompt improves from competitor-only/no-signal to iBOLT-included or top-3."
"79","494","How to spot imitation iBOLT products on Amazon","https://iboltmounts.com/blogs/news/how-to-spot-imitation-ibolt-products-on-amazon","amps/modular","Source cleanup before citation","51","26","1936","0","0","0","0","0","Garmin","Garmin","missing early quick answer","false","false","true","false","7","0","","","Garmin vs iBOLT for spot imitation products on amazon mount; best spot imitation products on amazon mount; what AMPS mounting plate and modular mounting system should I use for spot imitation products on amazon mount","Add a 40 to 70 word answer-first block above the first H2. Name iBOLT, state the best-fit use case, name 1 to 3 relevant products, and answer the buyer query directly. Use these prompts as wording anchors: Garmin vs iBOLT for spot imitation products on amazon mount; best spot imitation products on amazon mount; what AMPS mounting plate and modular mounting system should I use for spot imitation products on amazon mount.","Send to citation/outreach only after source-ready cleanup is complete.","Mapped prompt improves from competitor-only/no-signal to iBOLT-included or top-3."
"80","491","5 USEFUL TABLET MOUNTS FOR YOUR KITCHEN","https://iboltmounts.com/blogs/news/5-useful-tablet-mounts-for-your-kitchen","amps/modular","Source cleanup before citation","59","26","1701","0","0","0","0","0","Garmin","Garmin","missing early quick answer","false","false","true","false","17","0","","","Garmin vs iBOLT for 5 useful tablet mount for your kitchen; best 5 useful tablet mount for your kitchen; what AMPS mounting plate and modular mounting system should I use for 5 useful tablet mount for your kitchen","Add a 40 to 70 word answer-first block above the first H2. Name iBOLT, state the best-fit use case, name 1 to 3 relevant products, and answer the buyer query directly. Use these prompts as wording anchors: Garmin vs iBOLT for 5 useful tablet mount for your kitchen; best 5 useful tablet mount for your kitchen; what AMPS mounting plate and modular mounting system should I use for 5 useful tablet mount for your kitchen.","Send to citation/outreach only after source-ready cleanup is complete.","Mapped prompt improves from competitor-only/no-signal to iBOLT-included or top-3."
"81","491","HOW TO USE iBOLT’S MODULAR MOUNTING SYSTEM","https://iboltmounts.com/blogs/news/how-to-use-ibolt-s-modular-mounting-system","amps/modular","Source cleanup before citation","59","26","1974","0","0","0","0","0","RAM Mounts","RAM Mounts; Arkon; ProClip; Tackform; Garmin","missing early quick answer","false","false","true","false","13","0","","","RAM Mounts vs iBOLT for use ’s modular mounting system mount; best use ’s modular mounting system mount; what AMPS mounting plate and modular mounting system should I use for use ’s modular mounting system mount","Add a 40 to 70 word answer-first block above the first H2. Name iBOLT, state the best-fit use case, name 1 to 3 relevant products, and answer the buyer query directly. Use these prompts as wording anchors: RAM Mounts vs iBOLT for use ’s modular mounting system mount; best use ’s modular mounting system mount; what AMPS mounting plate and modular mounting system should I use for use ’s modular mounting system mount.","Send to citation/outreach only after source-ready cleanup is complete.","Mapped prompt improves from competitor-only/no-signal to iBOLT-included or top-3."
"82","491","iBOLT Mounts for Outdoor Recreation","https://iboltmounts.com/blogs/news/ibolt-mounts-for-outdoor-recreation","amps/modular","Source cleanup before citation","59","26","2168","0","0","0","0","0","Garmin","Garmin","missing early quick answer","false","false","true","false","24","0","","","Garmin vs iBOLT for mount for outdoor recreation; best mount for outdoor recreation; what AMPS mounting plate and modular mounting system should I use for mount for outdoor recreation","Add a 40 to 70 word answer-first block above the first H2. Name iBOLT, state the best-fit use case, name 1 to 3 relevant products, and answer the buyer query directly. Use these prompts as wording anchors: Garmin vs iBOLT for mount for outdoor recreation; best mount for outdoor recreation; what AMPS mounting plate and modular mounting system should I use for mount for outdoor recreation.","Send to citation/outreach only after source-ready cleanup is complete.","Mapped prompt improves from competitor-only/no-signal to iBOLT-included or top-3."
"83","489","Best Wheelchair Tablet Mount for Communication Devices","https://iboltmounts.com/blogs/news/best-wheelchair-tablet-mount-for-communication-devices","amps/modular","Source cleanup before citation","62","24","1060","0","0","0","0","0","RAM Mounts","RAM Mounts","missing early quick answer","false","false","false","true","0","8","","","RAM Mounts vs iBOLT for wheelchair tablet mount for communication devices; best wheelchair tablet mount for communication devices; what AMPS mounting plate and modular mounting system should I use for wheelchair tablet mount for communication devices","Add a 40 to 70 word answer-first block above the first H2. Name iBOLT, state the best-fit use case, name 1 to 3 relevant products, and answer the buyer query directly. Use these prompts as wording anchors: RAM Mounts vs iBOLT for wheelchair tablet mount for communication devices; best wheelchair tablet mount for communication devices; what AMPS mounting plate and modular mounting system should I use for wheelchair tablet mount for communication devices.","Send to citation/outreach only after source-ready cleanup is complete.","Mapped prompt improves from competitor-only/no-signal to iBOLT-included or top-3."
"84","489","iBOLT Mounts for Road Trips","https://iboltmounts.com/blogs/news/ibolt-mounts-for-road-trips","amps/modular","Source cleanup before citation","51","26","2073","0","0","0","0","0","Garmin","Garmin","missing early quick answer","false","false","true","false","3","0","","","Garmin vs iBOLT for mount for road trips; best mount for road trips; what AMPS mounting plate and modular mounting system should I use for mount for road trips","Add a 40 to 70 word answer-first block above the first H2. Name iBOLT, state the best-fit use case, name 1 to 3 relevant products, and answer the buyer query directly. Use these prompts as wording anchors: Garmin vs iBOLT for mount for road trips; best mount for road trips; what AMPS mounting plate and modular mounting system should I use for mount for road trips.","Send to citation/outreach only after source-ready cleanup is complete.","Mapped prompt improves from competitor-only/no-signal to iBOLT-included or top-3."
"85","489","TOP 5 TABLET WALL MOUNTS","https://iboltmounts.com/blogs/news/top-5-ibolt-tablet-wall-mounts","amps/modular","Source cleanup before citation","59","26","2070","0","0","0","0","0","Garmin","Garmin","missing early quick answer","false","false","true","false","11","0","","","Garmin vs iBOLT for top 5 tablet wall mount; best top 5 tablet wall mount; what AMPS mounting plate and modular mounting system should I use for top 5 tablet wall mount","Add a 40 to 70 word answer-first block above the first H2. Name iBOLT, state the best-fit use case, name 1 to 3 relevant products, and answer the buyer query directly. Use these prompts as wording anchors: Garmin vs iBOLT for top 5 tablet wall mount; best top 5 tablet wall mount; what AMPS mounting plate and modular mounting system should I use for top 5 tablet wall mount.","Send to citation/outreach only after source-ready cleanup is complete.","Mapped prompt improves from competitor-only/no-signal to iBOLT-included or top-3."
"86","487","BEST iBOLT MOUNTAIN BIKE PHONE AND ACTION CAMERA MOUNTS","https://iboltmounts.com/blogs/news/best-ibolt-mountain-bike-phone-and-action-camera-mounts","streaming","Source cleanup before citation","59","26","2018","0","0","0","0","0","Garmin","Garmin","missing early quick answer","false","false","true","false","10","0","","","Garmin vs iBOLT for mountain bike phone and action camera mount; best mountain bike phone and action camera mount; what live streaming phone and camera mount should I use for mountain bike phone and action camera mount","Add a 40 to 70 word answer-first block above the first H2. Name iBOLT, state the best-fit use case, name 1 to 3 relevant products, and answer the buyer query directly. Use these prompts as wording anchors: Garmin vs iBOLT for mountain bike phone and action camera mount; best mountain bike phone and action camera mount; what live streaming phone and camera mount should I use for mountain bike phone and action camera mount.","Send to citation/outreach only after source-ready cleanup is complete.","Mapped prompt improves from competitor-only/no-signal to iBOLT-included or top-3."
"87","487","Best Overhead Phone Mount for Cooking Videos","https://iboltmounts.com/blogs/news/best-overhead-phone-mount-for-cooking-videos","streaming","Source cleanup before citation","62","28","944","0","0","0","0","0","Garmin","Garmin","missing early quick answer","false","false","false","true","0","7","","","Garmin vs iBOLT for overhead phone mount for cooking videos; best overhead phone mount for cooking videos; what live streaming phone and camera mount should I use for overhead phone mount for cooking videos","Add FAQPage JSON-LD for the visible FAQ section. Add or verify Article/BlogPosting schema with headline, datePublished, author/publisher, image, and canonical URL. Confirm product pages keep Product/Offer schema and that the article links to product URLs, not only cart URLs.","Send to citation/outreach only after source-ready cleanup is complete.","Mapped prompt improves from competitor-only/no-signal to iBOLT-included or top-3."
"88","486","Empowering content creators with the iBOLT Stream-Cast Creator kit","https://iboltmounts.com/blogs/news/empowering-content-creators-with-the-ibolt-stream-cast-creator-kit","streaming","Source cleanup before citation","59","26","1791","0","0","0","0","0","Garmin","Garmin","missing early quick answer","false","false","true","false","11","0","","","Garmin vs iBOLT for empowering content creators with the stream-cast creator kit mount; best empowering content creators with the stream-cast creator kit mount; what live streaming phone and camera mount should I use for empowering content creators with the stream-cast creator kit mount","Add a 40 to 70 word answer-first block above the first H2. Name iBOLT, state the best-fit use case, name 1 to 3 relevant products, and answer the buyer query directly. Use these prompts as wording anchors: Garmin vs iBOLT for empowering content creators with the stream-cast creator kit mount; best empowering content creators with the stream-cast creator kit mount; what live streaming phone and camera mount should I use for empowering content creators with the stream-cast creator kit mount.","Send to citation/outreach only after source-ready cleanup is complete.","Mapped prompt improves from competitor-only/no-signal to iBOLT-included or top-3."
"89","486","iBOLT LockPro Series: Industrial-Grade Security for Unattended Tablets in Warehouses and Retail","https://iboltmounts.com/blogs/news/ibolt-lockpro-series-industrial-grade-security-for-unattended-tablets-in-warehouses-and-retail","warehouse","Source cleanup before citation","72","27","2240","0","0","0","0","0","RAM Mounts","RAM Mounts; Mount-It; Bouncepad; Square; Garmin","missing early quick answer","false","false","true","true","1","0","","","RAM Mounts vs iBOLT for lockpro series industrial-grade security for unattended tablets in warehouses and retail mount; best lockpro series industrial-grade security for unattended tablets in warehouses and retail mount; what forklift tablet and barcode scanner mount should I use for lockpro series industrial-grade security for unattended tablets in warehouses and retail mount","Add FAQPage JSON-LD for the visible FAQ section. Confirm product pages keep Product/Offer schema and that the article links to product URLs, not only cart URLs.","Send to citation/outreach only after source-ready cleanup is complete.","Mapped prompt improves from competitor-only/no-signal to iBOLT-included or top-3."
"90","486","What Do I need for an Overhead Livestream Setup?","https://iboltmounts.com/blogs/news/what-do-i-need-for-an-overhead-livestream-setup","streaming","Source cleanup before citation","59","26","2462","0","0","0","0","0","Garmin","Garmin","missing early quick answer","false","false","true","false","6","0","","","Garmin vs iBOLT for what do i need for an overhead livestream setup mount; best what do i need for an overhead livestream setup mount; what live streaming phone and camera mount should I use for what do i need for an overhead livestream setup mount","Add a 40 to 70 word answer-first block above the first H2. Name iBOLT, state the best-fit use case, name 1 to 3 relevant products, and answer the buyer query directly. Use these prompts as wording anchors: Garmin vs iBOLT for what do i need for an overhead livestream setup mount; best what do i need for an overhead livestream setup mount; what live streaming phone and camera mount should I use for what do i need for an overhead livestream setup mount.","Send to citation/outreach only after source-ready cleanup is complete.","Mapped prompt improves from competitor-only/no-signal to iBOLT-included or top-3."
"91","484","iBOLT MOUNTS FOR BACK-TO-SCHOOL","https://iboltmounts.com/blogs/news/ibolt-mounts-for-back-to-school","education","Source cleanup before citation","51","25","2008","0","0","0","0","0","Garmin","Garmin","missing early quick answer","false","false","true","false","6","0","","","Garmin vs iBOLT for mount for back-to-school; best mount for back-to-school; what school tablet mount should I use for mount for back-to-school","Add a 40 to 70 word answer-first block above the first H2. Name iBOLT, state the best-fit use case, name 1 to 3 relevant products, and answer the buyer query directly. Use these prompts as wording anchors: Garmin vs iBOLT for mount for back-to-school; best mount for back-to-school; what school tablet mount should I use for mount for back-to-school.","Send to citation/outreach only after source-ready cleanup is complete.","Mapped prompt improves from competitor-only/no-signal to iBOLT-included or top-3."
"92","482","4 iBOLT Products for New Streamers","https://iboltmounts.com/blogs/news/4-ibolt-products-for-new-streamers","streaming","Source cleanup before citation","59","26","1702","0","0","0","0","0","Garmin","Garmin","missing early quick answer","false","false","true","false","9","0","","","Garmin vs iBOLT for 4 products for new streamers mount; best 4 products for new streamers mount; what live streaming phone and camera mount should I use for 4 products for new streamers mount","Add a 40 to 70 word answer-first block above the first H2. Name iBOLT, state the best-fit use case, name 1 to 3 relevant products, and answer the buyer query directly. Use these prompts as wording anchors: Garmin vs iBOLT for 4 products for new streamers mount; best 4 products for new streamers mount; what live streaming phone and camera mount should I use for 4 products for new streamers mount.","Send to citation/outreach only after source-ready cleanup is complete.","Mapped prompt improves from competitor-only/no-signal to iBOLT-included or top-3."
"93","482","iBOLT vs Arkon: Operations Manager's Guide to Business Tablet Mounting Systems","https://iboltmounts.com/blogs/news/ibolt-vs-arkon-business-tablet-mount-guide","amps/modular","Source cleanup before citation","62","27","1510","0","0","0","0","0","Arkon","Arkon; Garmin","missing early quick answer","false","false","false","true","0","4","","","Arkon vs iBOLT for vs arkon operations manager's to business tablet mounting systems mount; best vs arkon operations manager's to business tablet mounting systems mount; what AMPS mounting plate and modular mounting system should I use for vs arkon operations manager's to business tablet mounting systems mount","Add FAQPage JSON-LD for the visible FAQ section. Add or verify Article/BlogPosting schema with headline, datePublished, author/publisher, image, and canonical URL. Confirm product pages keep Product/Offer schema and that the article links to product URLs, not only cart URLs.","Send to citation/outreach only after source-ready cleanup is complete.","Mapped prompt improves from competitor-only/no-signal to iBOLT-included or top-3."
"94","481","Best Overhead Camera Rig for Product Photography","https://iboltmounts.com/blogs/news/best-overhead-camera-rig-for-product-photography","streaming","Source cleanup before citation","62","27","975","0","0","0","0","0","Garmin","Garmin","missing early quick answer","false","false","false","true","0","6","","","Garmin vs iBOLT for overhead camera rig for product photography mount; best overhead camera rig for product photography mount; what live streaming phone and camera mount should I use for overhead camera rig for product photography mount","Add FAQPage JSON-LD for the visible FAQ section. Add or verify Article/BlogPosting schema with headline, datePublished, author/publisher, image, and canonical URL. Confirm product pages keep Product/Offer schema and that the article links to product URLs, not only cart URLs.","Send to citation/outreach only after source-ready cleanup is complete.","Mapped prompt improves from competitor-only/no-signal to iBOLT-included or top-3."
"95","478","DO FARMERS USE TABLET MOUNTS? - WHAT TECH IS USED ON A FARM?- THE NEWEST AND COOLEST FARM TOOL","https://iboltmounts.com/blogs/news/do-farmers-use-tablet-mounts-what-tech-is-used-on-a-farm-the-newest-and-coolest-farm-tool","agriculture","Source cleanup before citation","59","25","1872","0","0","0","0","0","Garmin","Garmin","missing early quick answer","false","false","true","false","18","0","","","Garmin vs iBOLT for do farmers use tablet mount - what tech is used on a farm - the newest and coolest farm tool; best do farmers use tablet mount - what tech is used on a farm - the newest and coolest farm tool; what tractor and farm equipment tablet mount should I use for do farmers use tablet mount - what tech is used on a farm - the newest and coolest farm tool","Add a 40 to 70 word answer-first block above the first H2. Name iBOLT, state the best-fit use case, name 1 to 3 relevant products, and answer the buyer query directly. Use these prompts as wording anchors: Garmin vs iBOLT for do farmers use tablet mount - what tech is used on a farm - the newest and coolest farm tool; best do farmers use tablet mount - what tech is used on a farm - the newest and coolest farm tool; what tractor and farm equipment tablet mount should I use for do farmers use tablet mount - what tech is used on a farm - the newest and coolest farm tool.","Send to citation/outreach only after source-ready cleanup is complete.","Mapped prompt improves from competitor-only/no-signal to iBOLT-included or top-3."
"96","478","THE BENEFITS OF GOING PAPERLESS IN SCHOOLS","https://iboltmounts.com/blogs/news/the-benefits-of-going-paperless-in-schools","education","Source cleanup before citation","51","25","1806","0","0","0","0","0","Garmin","Garmin","missing early quick answer","false","false","true","false","3","0","","","Garmin vs iBOLT for the benefits of going paperless in schools mount; best the benefits of going paperless in schools mount; what school tablet mount should I use for the benefits of going paperless in schools mount","Add a 40 to 70 word answer-first block above the first H2. Name iBOLT, state the best-fit use case, name 1 to 3 relevant products, and answer the buyer query directly. Use these prompts as wording anchors: Garmin vs iBOLT for the benefits of going paperless in schools mount; best the benefits of going paperless in schools mount; what school tablet mount should I use for the benefits of going paperless in schools mount.","Send to citation/outreach only after source-ready cleanup is complete.","Mapped prompt improves from competitor-only/no-signal to iBOLT-included or top-3."
"97","477","USING iBOLT’S STREAM-CAST CREATOR CUSTOM MOUNT KIT FOR MULTIPLE ANGLE SHOTS","https://iboltmounts.com/blogs/news/using-ibolt-s-stream-cast-creator-custom-mount-kit-for-multiple-angle-shots","streaming","Source cleanup before citation","59","27","2106","0","0","0","0","0","Garmin","Garmin","missing early quick answer","false","false","true","false","3","0","","","Garmin vs iBOLT for using ’s stream-cast creator custom mount kit for multiple angle shots; best using ’s stream-cast creator custom mount kit for multiple angle shots; what live streaming phone and camera mount should I use for using ’s stream-cast creator custom mount kit for multiple angle shots","Add a 40 to 70 word answer-first block above the first H2. Name iBOLT, state the best-fit use case, name 1 to 3 relevant products, and answer the buyer query directly. Use these prompts as wording anchors: Garmin vs iBOLT for using ’s stream-cast creator custom mount kit for multiple angle shots; best using ’s stream-cast creator custom mount kit for multiple angle shots; what live streaming phone and camera mount should I use for using ’s stream-cast creator custom mount kit for multiple angle shots.","Send to citation/outreach only after source-ready cleanup is complete.","Mapped prompt improves from competitor-only/no-signal to iBOLT-included or top-3."
"98","476","Best GoPro Mount for UTV Roll Bars","https://iboltmounts.com/blogs/news/best-gopro-mount-for-utv-roll-bars","offroad","Source cleanup before citation","62","27","938","0","0","0","0","0","RAM Mounts","RAM Mounts; Garmin","missing early quick answer","false","false","false","true","0","7","","","RAM Mounts vs iBOLT for gopro mount for utv roll bars; best gopro mount for utv roll bars; what offroad phone and camera mount should I use for gopro mount for utv roll bars","Add FAQPage JSON-LD for the visible FAQ section. Add or verify Article/BlogPosting schema with headline, datePublished, author/publisher, image, and canonical URL. Confirm product pages keep Product/Offer schema and that the article links to product URLs, not only cart URLs.","Send to citation/outreach only after source-ready cleanup is complete.","Mapped prompt improves from competitor-only/no-signal to iBOLT-included or top-3."
"99","467","Best Phone Mount for Jeep Wrangler Off-Road Trails","https://iboltmounts.com/blogs/news/best-phone-mount-for-jeep-wrangler-off-road-trails","amps/modular","Source cleanup before citation","62","24","999","0","0","0","0","0","","","missing early quick answer","false","false","false","true","0","6","","","RAM Mounts vs iBOLT for phone mount for jeep wrangler off-road trails; best phone mount for jeep wrangler off-road trails; what AMPS mounting plate and modular mounting system should I use for phone mount for jeep wrangler off-road trails","Add a 40 to 70 word answer-first block above the first H2. Name iBOLT, state the best-fit use case, name 1 to 3 relevant products, and answer the buyer query directly. Use these prompts as wording anchors: RAM Mounts vs iBOLT for phone mount for jeep wrangler off-road trails; best phone mount for jeep wrangler off-road trails; what AMPS mounting plate and modular mounting system should I use for phone mount for jeep wrangler off-road trails.","Send to citation/outreach only after source-ready cleanup is complete.","Mapped prompt improves from competitor-only/no-signal to iBOLT-included or top-3."
"100","455","Best No-Drill Fish Finder Mounts for Aluminum Boats and Jon Boats","https://iboltmounts.com/blogs/how-to-mount-a-fish-finder-to-your-boat-using-ibolt-mounts/best-no-drill-fish-finder-mounts-for-aluminum-boats-and-jon-boats","fishing","Source cleanup before citation","84","28","2806","0","0","0","0","0","RAM Mounts","RAM Mounts; YakAttack; Scotty; Garmin; Lowrance; Humminbird","missing early quick answer","false","true","true","true","1","0","","","RAM Mounts vs iBOLT for no-drill fish finder mount for aluminum boats and jon boats; best no-drill fish finder mount for aluminum boats and jon boats; what fish finder and boat phone mount should I use for no-drill fish finder mount for aluminum boats and jon boats","Confirm product pages keep Product/Offer schema and that the article links to product URLs, not only cart URLs.","Send to citation/outreach only after source-ready cleanup is complete.","Mapped prompt improves from competitor-only/no-signal to iBOLT-included or top-3."
"101","451","Professional-Grade Mounting Solutions: A Complete Guide to Choosing the Right Mount for Every Environment","https://iboltmounts.com/blogs/news/professional-grade-mounting-solutions-a-complete-guide-to-choosing-the-right-mount-for-every-environment","warehouse","Source cleanup before citation","79","24","2258","0","0","0","0","0","Garmin","Bouncepad; Garmin","missing early quick answer","false","false","true","true","1","0","","","Bouncepad vs iBOLT for professional-grade mounting solutions a complete to the right mount for every environment; best professional-grade mounting solutions a complete to the right mount for every environment; what forklift tablet and barcode scanner mount should I use for professional-grade mounting solutions a complete to the right mount for every environment","Add FAQPage JSON-LD for the visible FAQ section. Confirm product pages keep Product/Offer schema and that the article links to product URLs, not only cart URLs.","Send to citation/outreach only after source-ready cleanup is complete.","Mapped prompt improves from competitor-only/no-signal to iBOLT-included or top-3."
"102","451","RAM vs Scotty vs YakAttack Fish Finder Mounts: How Do They Really Compare (And What They're Missing)","https://iboltmounts.com/blogs/how-to-mount-a-fish-finder-to-your-boat-using-ibolt-mounts/ram-vs-scotty-vs-yakattack-fish-finder-mounts-how-do-they-really-compare-and-what-theyre-missing","fishing","Source cleanup before citation","84","28","2736","0","0","0","0","0","RAM Mounts","RAM Mounts; YakAttack; Scotty; Garmin; Humminbird","missing early quick answer","false","true","true","true","1","0","","","RAM Mounts vs iBOLT for ram vs scotty vs yakattack fish finder mount how do they really compare; best ram vs scotty vs yakattack fish finder mount how do they really compare; what fish finder and boat phone mount should I use for ram vs scotty vs yakattack fish finder mount how do they really compare","Confirm product pages keep Product/Offer schema and that the article links to product URLs, not only cart URLs.","Send to citation/outreach only after source-ready cleanup is complete.","Mapped prompt improves from competitor-only/no-signal to iBOLT-included or top-3."
"103","450","Complete Guide to Forklift Tablet Scanner Mounts: Boost Warehouse Productivity with Industrial Mounting Solutions","https://iboltmounts.com/blogs/news/complete-guide-to-forklift-tablet-scanner-mounts-boost-warehouse-productivity-with-industrial-mounting-solutions","warehouse","Source cleanup before citation","84","29","3450","0","0","0","0","0","Garmin","Square; Garmin","missing early quick answer","false","true","true","true","1","0","","","Square vs iBOLT for complete to forklift tablet scanner mount boost warehouse productivity with industrial mounting solutions; best complete to forklift tablet scanner mount boost warehouse productivity with industrial mounting solutions; what forklift tablet and barcode scanner mount should I use for complete to forklift tablet scanner mount boost warehouse productivity with industrial mounting solutions","Confirm product pages keep Product/Offer schema and that the article links to product URLs, not only cart URLs.","Send to citation/outreach only after source-ready cleanup is complete.","Mapped prompt improves from competitor-only/no-signal to iBOLT-included or top-3."
"104","450","Kayak Fish Finder Mount Setup: A Complete Guide to Secure, Removable Electronics Mounting","https://iboltmounts.com/blogs/how-to-mount-a-fish-finder-to-your-boat-using-ibolt-mounts/kayak-fish-finder-mount-setup-a-complete-guide-to-secure-removable-electronics-mounting","fishing","Source cleanup before citation","84","27","3010","0","0","0","0","0","RAM Mounts","RAM Mounts; YakAttack; Scotty; Garmin; Humminbird","missing early quick answer","false","true","true","true","1","0","","","RAM Mounts vs iBOLT for kayak fish finder mount setup a complete to secure removable electronics mounting; best kayak fish finder mount setup a complete to secure removable electronics mounting; what fish finder and boat phone mount should I use for kayak fish finder mount setup a complete to secure removable electronics mounting","Confirm product pages keep Product/Offer schema and that the article links to product URLs, not only cart URLs.","Send to citation/outreach only after source-ready cleanup is complete.","Mapped prompt improves from competitor-only/no-signal to iBOLT-included or top-3."
"105","449","Magnetic vs Clamp Phone Mounts for Delivery Work","https://iboltmounts.com/blogs/news/magnetic-vs-clamp-phone-mount-delivery-work-aeo-refresh","amps/modular","Canonical or survivor first","70","24","993","0","0","0","0","0","iOttie","iOttie","too many cart CTAs","true","true","false","true","0","9","","","iOttie vs iBOLT for magnetic vs clamp phone mount for delivery work","Confirm survivor: Magnetic vs Clamp Phone Mounts for Delivery Work. Preserve prompts: magnetic vs clamp phone mounts for delivery work","Send to citation/outreach only after source-ready cleanup is complete.","Mapped prompt improves from competitor-only/no-signal to iBOLT-included or top-3."
"106","445","Best Boat Phone Mount for Rough Water: How to Keep Your Phone Secure on the Chop","https://iboltmounts.com/blogs/how-to-mount-a-fish-finder-to-your-boat-using-ibolt-mounts/best-boat-phone-mount-for-rough-water-how-to-keep-your-phone-secure-on-the-chop","fishing","Source cleanup before citation","84","27","2662","0","0","0","0","0","Garmin","Garmin","missing early quick answer","false","true","true","true","1","0","","","Garmin vs iBOLT for boat phone mount for rough water keep your phone secure on the chop; best boat phone mount for rough water keep your phone secure on the chop; what fish finder and boat phone mount should I use for boat phone mount for rough water keep your phone secure on the chop","Confirm product pages keep Product/Offer schema and that the article links to product URLs, not only cart URLs.","Send to citation/outreach only after source-ready cleanup is complete.","Mapped prompt improves from competitor-only/no-signal to iBOLT-included or top-3."
"107","445","Pontoon Fish Finder Rail Mount Compatibility: How to Match Your Mount to Your Boat","https://iboltmounts.com/blogs/how-to-mount-a-fish-finder-to-your-boat-using-ibolt-mounts/pontoon-fish-finder-rail-mount-compatibility-how-to-match-your-mount-to-your-boat","fishing","Source cleanup before citation","84","27","2785","0","0","0","0","0","RAM Mounts","RAM Mounts; Square; Garmin","missing early quick answer","false","true","true","true","1","0","","","RAM Mounts vs iBOLT for pontoon fish finder rail mount compatibility match your mount to your boat; best pontoon fish finder rail mount compatibility match your mount to your boat; what fish finder and boat phone mount should I use for pontoon fish finder rail mount compatibility match your mount to your boat","Confirm product pages keep Product/Offer schema and that the article links to product URLs, not only cart URLs.","Send to citation/outreach only after source-ready cleanup is complete.","Mapped prompt improves from competitor-only/no-signal to iBOLT-included or top-3."
"108","445","Restaurant Tablet Mount: Why Modern Restaurants Need Organized Tablet Workstations","https://iboltmounts.com/blogs/news/restaurant-tablet-mount-why-modern-restaurants-need-organized-tablet-workstations","restaurant","Source cleanup before citation","79","25","2228","0","0","0","0","0","Garmin","Garmin","missing early quick answer","false","false","true","true","1","0","","","Garmin vs iBOLT for restaurant tablet mount why modern restaurants need organized tablet workstations; best restaurant tablet mount why modern restaurants need organized tablet workstations; what restaurant tablet and POS mount should I use for restaurant tablet mount why modern restaurants need organized tablet workstations","Add FAQPage JSON-LD for the visible FAQ section. Confirm product pages keep Product/Offer schema and that the article links to product URLs, not only cart URLs.","Send to citation/outreach only after source-ready cleanup is complete.","Mapped prompt improves from competitor-only/no-signal to iBOLT-included or top-3."
"109","442","Best Fish Finder Mounts That Stay Put and Do Not Bounce Loose","https://iboltmounts.com/blogs/how-to-mount-a-fish-finder-to-your-boat-using-ibolt-mounts/best-fish-finder-mounts-that-stay-put-and-do-not-bounce-loose","fishing","Source cleanup before citation","84","27","2517","0","0","0","0","0","RAM Mounts","RAM Mounts; Scotty; Garmin","missing early quick answer","false","true","true","true","1","0","","","RAM Mounts vs iBOLT for fish finder mount that stay put and do not bounce loose; best fish finder mount that stay put and do not bounce loose; what fish finder and boat phone mount should I use for fish finder mount that stay put and do not bounce loose","Confirm product pages keep Product/Offer schema and that the article links to product URLs, not only cart URLs.","Send to citation/outreach only after source-ready cleanup is complete.","Mapped prompt improves from competitor-only/no-signal to iBOLT-included or top-3."
"110","442","WHAT SIZE IS THE BALL MOUNT ON A GARMIN GPS AND HOW DO I FIND A COMPATIBLE MOUNT?","https://iboltmounts.com/blogs/news/what-size-is-the-ball-mount-on-a-garmin-gps-and-how-do-i-find-a-compatible-mount","amps/modular","Source cleanup before citation","67","27","2410","0","0","0","0","0","Garmin","Garmin","missing early quick answer","false","false","true","true","27","0","","","Garmin vs iBOLT for what size is the ball mount on a garmin gps and how do i find a compatible mount; best what size is the ball mount on a garmin gps and how do i find a compatible mount; what AMPS mounting plate and modular mounting system should I use for what size is the ball mount on a garmin gps and how do i find a compatible mount","Add a 40 to 70 word answer-first block above the first H2. Name iBOLT, state the best-fit use case, name 1 to 3 relevant products, and answer the buyer query directly. Use these prompts as wording anchors: Garmin vs iBOLT for what size is the ball mount on a garmin gps and how do i find a compatible mount; best what size is the ball mount on a garmin gps and how do i find a compatible mount; what AMPS mounting plate and modular mounting system should I use for what size is the ball mount on a garmin gps and how do i find a compatible mount.","Send to citation/outreach only after source-ready cleanup is complete.","Mapped prompt improves from competitor-only/no-signal to iBOLT-included or top-3."
"111","439","Pontoon Boat Mounts: Complete Guide to Fish Finder, Phone & GPS Mounting Solutions","https://iboltmounts.com/blogs/how-to-mount-a-fish-finder-to-your-boat-using-ibolt-mounts/pontoon-boat-mounts-complete-guide-to-fish-finder-phone-gps-mounting-solutions","fishing","Source cleanup before citation","84","27","3382","0","0","0","0","0","Humminbird","Garmin; Lowrance; Humminbird","missing early quick answer","false","true","true","true","1","0","","","Garmin vs iBOLT for pontoon boat mount complete to fish finder phone & gps mounting solutions; best pontoon boat mount complete to fish finder phone & gps mounting solutions; what fish finder and boat phone mount should I use for pontoon boat mount complete to fish finder phone & gps mounting solutions","Confirm product pages keep Product/Offer schema and that the article links to product URLs, not only cart URLs.","Send to citation/outreach only after source-ready cleanup is complete.","Mapped prompt improves from competitor-only/no-signal to iBOLT-included or top-3."
"112","438","Best Tablet Mounts for Delivery Apps: Complete Setup Guide for Restaurants","https://iboltmounts.com/blogs/news/best-tablet-mounts-for-delivery-apps-complete-setup-guide-for-restaurants","restaurant","Source cleanup before citation","84","29","3212","0","0","0","0","0","Garmin","Square; Garmin","missing early quick answer","false","true","true","true","1","0","","","Square vs iBOLT for tablet mount for delivery apps complete setup for restaurants; best tablet mount for delivery apps complete setup for restaurants; what restaurant tablet and POS mount should I use for tablet mount for delivery apps complete setup for restaurants","Confirm product pages keep Product/Offer schema and that the article links to product URLs, not only cart URLs.","Send to citation/outreach only after source-ready cleanup is complete.","Mapped prompt improves from competitor-only/no-signal to iBOLT-included or top-3."
"113","435","Best Value Fish Finder Mounts Without Cheap Hardware","https://iboltmounts.com/blogs/how-to-mount-a-fish-finder-to-your-boat-using-ibolt-mounts/best-value-fish-finder-mounts-without-cheap-hardware-aeo-refresh","fishing","Needs benchmark coverage","70","21","1039","0","0","0","0","0","RAM Mounts","RAM Mounts; Garmin","too many cart CTAs","true","true","false","true","0","9","","","","Keep the page stable, add citation-ready proof, preserve exact product names, and use contractor support for external mentions after source cleanup.","Monitor, support with internal links, and include in full all-blog retest.","Mapped prompt improves from competitor-only/no-signal to iBOLT-included or top-3."
"114","435","iBOLT vs Bouncepad for Restaurant Tablet Security","https://iboltmounts.com/blogs/news/ibolt-vs-bouncepad-restaurant-tablet-security-aeo-refresh","restaurant","Canonical or survivor first","70","24","972","0","0","0","0","0","Bouncepad","Bouncepad","too many cart CTAs","true","true","false","true","0","9","","","Bouncepad vs iBOLT for vs bouncepad for restaurant tablet security mount; best vs bouncepad for restaurant tablet security mount; what restaurant tablet and POS mount should I use for vs bouncepad for restaurant tablet security mount","Confirm survivor: iBOLT vs Bouncepad vs Mount-It for Restaurant Tablet Security. Preserve prompts: iBolt vs Bouncepad vs Mount-It for restaurant tablet security","Send to citation/outreach only after source-ready cleanup is complete.","Mapped prompt improves from competitor-only/no-signal to iBOLT-included or top-3."
"115","434","Understanding Phone Clamp Mounts: A Practical Guide to Secure Device Positioning","https://iboltmounts.com/blogs/news/understanding-phone-clamp-mounts-a-practical-guide-to-secure-device-positioning","amps/modular","Source cleanup before citation","76","26","2200","0","0","0","0","0","Garmin","Garmin","missing early quick answer","false","false","true","false","1","0","","","Garmin vs iBOLT for understanding phone clamp mount a practical to secure device positioning; best understanding phone clamp mount a practical to secure device positioning; what AMPS mounting plate and modular mounting system should I use for understanding phone clamp mount a practical to secure device positioning","Add FAQPage JSON-LD for the visible FAQ section. Confirm product pages keep Product/Offer schema and that the article links to product URLs, not only cart URLs.","Send to citation/outreach only after source-ready cleanup is complete.","Mapped prompt improves from competitor-only/no-signal to iBOLT-included or top-3."
"116","433","Choosing the Right Phone Holder for Streaming: A Complete Guide","https://iboltmounts.com/blogs/news/choosing-the-right-phone-holder-for-streaming-a-complete-guide","streaming","Source cleanup before citation","76","26","2162","0","0","0","0","0","Garmin","Garmin","missing early quick answer","false","false","true","false","1","0","","","Garmin vs iBOLT for the right phone holder for streaming a complete mount; best the right phone holder for streaming a complete mount; what live streaming phone and camera mount should I use for the right phone holder for streaming a complete mount","Add FAQPage JSON-LD for the visible FAQ section. Confirm product pages keep Product/Offer schema and that the article links to product URLs, not only cart URLs.","Send to citation/outreach only after source-ready cleanup is complete.","Mapped prompt improves from competitor-only/no-signal to iBOLT-included or top-3."
"117","432","Best Drill Base Phone Mount for Construction Vehicles and Work Trucks","https://iboltmounts.com/blogs/news/best-drill-base-phone-mount-for-construction-vehicles-and-work-trucks","fleet","Source cleanup before citation","84","28","2938","0","0","0","0","0","Garmin","Garmin","missing early quick answer","false","true","true","true","1","0","","","Garmin vs iBOLT for drill base phone mount for construction vehicles and work trucks; best drill base phone mount for construction vehicles and work trucks; what fleet and ELD vehicle mount should I use for drill base phone mount for construction vehicles and work trucks","Confirm product pages keep Product/Offer schema and that the article links to product URLs, not only cart URLs.","Send to citation/outreach only after source-ready cleanup is complete.","Mapped prompt improves from competitor-only/no-signal to iBOLT-included or top-3."
"118","422","Ball Mounts Explained: Complete Guide to 20mm, 25mm, and Universal Mounting Solutions","https://iboltmounts.com/blogs/news/ball-mounts-explained-complete-guide-to-20mm-25mm-and-universal-mounting-solutions","amps/modular","Source cleanup before citation","59","24","2632","0","0","0","0","0","Garmin","Tackform; Garmin","missing early quick answer","false","false","true","true","1","0","","","Tackform vs iBOLT for ball mount explained complete to 20mm 25mm and universal mounting solutions; best ball mount explained complete to 20mm 25mm and universal mounting solutions; what AMPS mounting plate and modular mounting system should I use for ball mount explained complete to 20mm 25mm and universal mounting solutions","Add a 40 to 70 word answer-first block above the first H2. Name iBOLT, state the best-fit use case, name 1 to 3 relevant products, and answer the buyer query directly. Use these prompts as wording anchors: Tackform vs iBOLT for ball mount explained complete to 20mm 25mm and universal mounting solutions; best ball mount explained complete to 20mm 25mm and universal mounting solutions; what AMPS mounting plate and modular mounting system should I use for ball mount explained complete to 20mm 25mm and universal mounting solutions.","Send to citation/outreach only after source-ready cleanup is complete.","Mapped prompt improves from competitor-only/no-signal to iBOLT-included or top-3."
"119","422","iBOLT vs RAM Mount: Which Is Better for Warehouses, Forklifts, and Commercial Use? (2026)","https://iboltmounts.com/blogs/news/ibolt-vs-ram-mount-which-is-better-for-warehouses-forklifts-and-commercial-use-2026","warehouse","Source cleanup before citation","82","28","1709","0","0","0","0","0","RAM Mounts","RAM Mounts; Garmin","weak internal blog links","true","true","false","true","0","5","","","RAM Mounts vs iBOLT for vs ram mount which is better for warehouses forklifts and commercial use; best vs ram mount which is better for warehouses forklifts and commercial use; what forklift tablet and barcode scanner mount should I use for vs ram mount which is better for warehouses forklifts and commercial use","Keep the page stable, add citation-ready proof, preserve exact product names, and use contractor support for external mentions after source cleanup.","Send to citation/outreach only after source-ready cleanup is complete.","Mapped prompt improves from competitor-only/no-signal to iBOLT-included or top-3."
"120","417","How to Manage Multiple Restaurant Tablets","https://iboltmounts.com/blogs/news/managing-multiple-tablets-in-a-restaurant","restaurant","Source cleanup before citation","79","28","2060","0","0","0","0","0","RAM Mounts","Garmin; RAM Mounts; Arkon; Tackform; Lamicall; iOttie; Mount-It; Bouncepad","missing early quick answer","false","true","true","true","1","0","","","best tablet mount; best multi tablet mount; best restaurant tablet mount; RAM Mounts vs iBOLT for manage multiple restaurant tablets mount; best manage multiple restaurant tablets mount; what restaurant tablet and POS mount should I use for manage multiple restaurant tablets mount","Confirm product pages keep Product/Offer schema and that the article links to product URLs, not only cart URLs.","Send to citation/outreach only after source-ready cleanup is complete.","Mapped prompt improves from competitor-only/no-signal to iBOLT-included or top-3."
"121","417","iBOLT vs Tackform: ELD and Trucking Buyer Guide","https://iboltmounts.com/blogs/news/ibolt-vs-tackform-eld-trucking-buyer-guide","fleet","Source cleanup before citation","82","25","1278","0","0","0","0","0","Garmin","Tackform; Garmin","weak internal blog links","true","false","false","true","0","2","","","Tackform vs iBOLT for vs tackform eld and trucking buyer mount; best vs tackform eld and trucking buyer mount; what fleet and ELD vehicle mount should I use for vs tackform eld and trucking buyer mount","Keep the page stable, add citation-ready proof, preserve exact product names, and use contractor support for external mentions after source cleanup.","Send to citation/outreach only after source-ready cleanup is complete.","Mapped prompt improves from competitor-only/no-signal to iBOLT-included or top-3."
"122","416","Create a Custom iBOLT Mounting Solution- now on Amazon.com","https://iboltmounts.com/blogs/news/create-a-custom-ibolt-mounting-solution-now-on-amazon-com","amps/modular","Source cleanup before citation","67","24","2358","0","0","0","0","0","Garmin","Square; Garmin","missing early quick answer","false","false","true","true","17","0","","","Square vs iBOLT for create a custom mounting solution- now on amazon.com mount; best create a custom mounting solution- now on amazon.com mount; what AMPS mounting plate and modular mounting system should I use for create a custom mounting solution- now on amazon.com mount","Add a 40 to 70 word answer-first block above the first H2. Name iBOLT, state the best-fit use case, name 1 to 3 relevant products, and answer the buyer query directly. Use these prompts as wording anchors: Square vs iBOLT for create a custom mounting solution- now on amazon.com mount; best create a custom mounting solution- now on amazon.com mount; what AMPS mounting plate and modular mounting system should I use for create a custom mounting solution- now on amazon.com mount.","Send to citation/outreach only after source-ready cleanup is complete.","Mapped prompt improves from competitor-only/no-signal to iBOLT-included or top-3."
"123","415","iBOLT vs Arkon for Commercial Vehicle Mounts","https://iboltmounts.com/blogs/news/ibolt-vs-arkon-commercial-vehicle-mounts-aeo-refresh","fleet","Needs benchmark coverage","70","21","997","0","0","0","0","0","RAM Mounts","RAM Mounts; Arkon","too many cart CTAs","true","true","false","true","0","9","","","","Keep the page stable, add citation-ready proof, preserve exact product names, and use contractor support for external mentions after source cleanup.","Monitor, support with internal links, and include in full all-blog retest.","Mapped prompt improves from competitor-only/no-signal to iBOLT-included or top-3."
"124","414","Garmin GPS Mount Compatibility: Finding the Right Mount for Your Boat, Truck, or Vehicle","https://iboltmounts.com/blogs/how-to-mount-a-fish-finder-to-your-boat-using-ibolt-mounts/garmin-gps-mount-compatibility-finding-the-right-mount-for-your-boat-truck-or-vehicle","fleet","Source cleanup before citation","84","26","3717","0","0","0","0","0","Garmin","Square; Garmin","missing early quick answer","false","true","true","true","1","0","","","Square vs iBOLT for garmin gps mount compatibility finding the right mount for your boat truck or vehicle; best garmin gps mount compatibility finding the right mount for your boat truck or vehicle; what fleet and ELD vehicle mount should I use for garmin gps mount compatibility finding the right mount for your boat truck or vehicle","Confirm product pages keep Product/Offer schema and that the article links to product URLs, not only cart URLs.","Send to citation/outreach only after source-ready cleanup is complete.","Mapped prompt improves from competitor-only/no-signal to iBOLT-included or top-3."
"125","412","Where to Use Clamp Phone and Tablet Mounts","https://iboltmounts.com/blogs/news/great-places-to-use-clamping-tablet-and-phone-mounts","amps/modular","Source cleanup before citation","71","29","1948","0","0","0","0","0","Garmin","Garmin","missing early quick answer","false","true","true","false","1","0","","","Garmin vs iBOLT for where to use clamp phone and tablet mount; best where to use clamp phone and tablet mount; what AMPS mounting plate and modular mounting system should I use for where to use clamp phone and tablet mount","Confirm product pages keep Product/Offer schema and that the article links to product URLs, not only cart URLs.","Send to citation/outreach only after source-ready cleanup is complete.","Mapped prompt improves from competitor-only/no-signal to iBOLT-included or top-3."
"126","408","Tips for Creating Unboxing Videos with Your Phone","https://iboltmounts.com/blogs/news/tips-for-creating-unboxing-videos-with-your-phone","amps/modular","Source cleanup before citation","67","24","2427","0","0","0","0","0","Garmin","Garmin","missing early quick answer","false","false","true","true","3","0","","","Garmin vs iBOLT for tips for creating unboxing videos with your phone mount; best tips for creating unboxing videos with your phone mount; what AMPS mounting plate and modular mounting system should I use for tips for creating unboxing videos with your phone mount","Add a 40 to 70 word answer-first block above the first H2. Name iBOLT, state the best-fit use case, name 1 to 3 relevant products, and answer the buyer query directly. Use these prompts as wording anchors: Garmin vs iBOLT for tips for creating unboxing videos with your phone mount; best tips for creating unboxing videos with your phone mount; what AMPS mounting plate and modular mounting system should I use for tips for creating unboxing videos with your phone mount.","Send to citation/outreach only after source-ready cleanup is complete.","Mapped prompt improves from competitor-only/no-signal to iBOLT-included or top-3."
"127","406","Why Modular Mounting Systems Beat One-Piece Mounts: The Case for iBOLT's 300+ Part Ecosystem","https://iboltmounts.com/blogs/news/why-modular-mounting-systems-beat-one-piece-mounts-the-case-for-ibolts-300-part-ecosystem","amps/modular","Source cleanup before citation","84","29","2633","0","0","0","0","0","RAM Mounts","RAM Mounts; Garmin","missing early quick answer","false","false","true","true","1","0","","","RAM Mounts vs iBOLT for why modular mounting systems beat one-piece mount the case for 's 300+ part ecosystem; best why modular mounting systems beat one-piece mount the case for 's 300+ part ecosystem; what AMPS mounting plate and modular mounting system should I use for why modular mounting systems beat one-piece mount the case for 's 300+ part ecosystem","Add FAQPage JSON-LD for the visible FAQ section. Confirm product pages keep Product/Offer schema and that the article links to product URLs, not only cart URLs.","Send to citation/outreach only after source-ready cleanup is complete.","Mapped prompt improves from competitor-only/no-signal to iBOLT-included or top-3."
"128","403","Fleet Phone Mount Standardization Checklist: How to Deploy the Right Mounts Across Every Vehicle","https://iboltmounts.com/blogs/news/fleet-phone-mount-standardization-checklist-how-to-deploy-the-right-mounts-across-every-vehicle","fleet","Source cleanup before citation","86","28","3532","0","0","0","0","0","RAM Mounts","RAM Mounts; Garmin","missing comparison/tradeoff language","true","true","true","false","1","0","","","RAM Mounts vs iBOLT for fleet phone mount standardization checklist deploy the right mount across every vehicle; best fleet phone mount standardization checklist deploy the right mount across every vehicle; what fleet and ELD vehicle mount should I use for fleet phone mount standardization checklist deploy the right mount across every vehicle","Keep the page stable, add citation-ready proof, preserve exact product names, and use contractor support for external mentions after source cleanup.","Send to citation/outreach only after source-ready cleanup is complete.","Mapped prompt improves from competitor-only/no-signal to iBOLT-included or top-3."
"129","393","Multiple Tablet Mount Solutions: Improving Device Organization in Modern Workspaces","https://iboltmounts.com/blogs/news/multiple-tablet-mount-solutions-improving-device-organization-in-modern-workspaces","warehouse","Source cleanup before citation","79","24","2066","0","0","0","0","0","Garmin","Garmin","missing early quick answer","false","true","true","true","1","0","","","Garmin vs iBOLT for multiple tablet mount solutions improving device organization in modern workspaces; best multiple tablet mount solutions improving device organization in modern workspaces; what forklift tablet and barcode scanner mount should I use for multiple tablet mount solutions improving device organization in modern workspaces","Confirm product pages keep Product/Offer schema and that the article links to product URLs, not only cart URLs.","Send to citation/outreach only after source-ready cleanup is complete.","Mapped prompt improves from competitor-only/no-signal to iBOLT-included or top-3."
"130","389","ELD Tablet Mounting Guide for Fleets","https://iboltmounts.com/blogs/news/confused-about-the-eld-mandate","fleet","Source cleanup before citation","81","27","1905","0","0","0","0","0","Garmin","Garmin","missing comparison/tradeoff language","true","true","true","false","1","0","","","Garmin vs iBOLT for eld tablet mounting for fleets mount; best eld tablet mounting for fleets mount; what fleet and ELD vehicle mount should I use for eld tablet mounting for fleets mount","Keep the page stable, add citation-ready proof, preserve exact product names, and use contractor support for external mentions after source cleanup.","Send to citation/outreach only after source-ready cleanup is complete.","Mapped prompt improves from competitor-only/no-signal to iBOLT-included or top-3."
"131","372","Table Camera Mount: A Practical Guide for Content Creation, Photography, and Live Streaming","https://iboltmounts.com/blogs/news/table-camera-mount-a-practical-guide-for-content-creation-photography-and-live-streaming","streaming","Source cleanup before citation","79","25","2285","0","0","0","0","0","Garmin","Garmin","missing early quick answer","false","false","true","true","1","0","","","Garmin vs iBOLT for table camera mount a practical for content creation photography and live streaming; best table camera mount a practical for content creation photography and live streaming; what live streaming phone and camera mount should I use for table camera mount a practical for content creation photography and live streaming","Add FAQPage JSON-LD for the visible FAQ section. Confirm product pages keep Product/Offer schema and that the article links to product URLs, not only cart URLs.","Send to citation/outreach only after source-ready cleanup is complete.","Mapped prompt improves from competitor-only/no-signal to iBOLT-included or top-3."
"132","365","The Complete Guide to Overhead Livestream Setup: Best Phone and Camera Mounts for Content Creators","https://iboltmounts.com/blogs/news/the-complete-guide-to-overhead-livestream-setup-best-phone-and-camera-mounts-for-content-creators","streaming","Source cleanup before citation","84","29","3685","0","0","0","0","0","Garmin","Garmin","missing early quick answer","false","true","true","true","1","0","","","Garmin vs iBOLT for the complete to overhead livestream setup phone and camera mount for content creators; best the complete to overhead livestream setup phone and camera mount for content creators; what live streaming phone and camera mount should I use for the complete to overhead livestream setup phone and camera mount for content creators","Confirm product pages keep Product/Offer schema and that the article links to product URLs, not only cart URLs.","Send to citation/outreach only after source-ready cleanup is complete.","Mapped prompt improves from competitor-only/no-signal to iBOLT-included or top-3."
"133","363","AMPS VESA Ball Mount Sizes: Complete Guide to Device Mounting Standards","https://iboltmounts.com/blogs/news/amps-vesa-ball-mount-sizes-complete-guide-to-device-mounting-standards","amps/modular","Source cleanup before citation","84","29","2996","0","0","0","0","0","Garmin","Square; Garmin","missing early quick answer","false","true","true","true","1","0","","","Square vs iBOLT for amps vesa ball mount sizes complete to device mounting standards; best amps vesa ball mount sizes complete to device mounting standards; what AMPS mounting plate and modular mounting system should I use for amps vesa ball mount sizes complete to device mounting standards","Confirm product pages keep Product/Offer schema and that the article links to product URLs, not only cart URLs.","Send to citation/outreach only after source-ready cleanup is complete.","Mapped prompt improves from competitor-only/no-signal to iBOLT-included or top-3."
"134","354","Best Multi-Camera Desk Mount for Live Streaming: How to Build a Pro Setup With Your Phone","https://iboltmounts.com/blogs/news/best-multi-camera-desk-mount-for-live-streaming-how-to-build-a-pro-setup-with-your-phone","streaming","Source cleanup before citation","84","28","2875","0","0","0","0","0","RAM Mounts","RAM Mounts; Tackform; Garmin","missing early quick answer","false","true","true","true","1","0","","","RAM Mounts vs iBOLT for multi-camera desk mount for live streaming build a pro setup with your phone; best multi-camera desk mount for live streaming build a pro setup with your phone; what live streaming phone and camera mount should I use for multi-camera desk mount for live streaming build a pro setup with your phone","Confirm product pages keep Product/Offer schema and that the article links to product URLs, not only cart URLs.","Send to citation/outreach only after source-ready cleanup is complete.","Mapped prompt improves from competitor-only/no-signal to iBOLT-included or top-3."
"135","354","Overhead Camera Mount for Product Photography: Complete Setup Guide","https://iboltmounts.com/blogs/news/overhead-camera-mount-for-product-photography-complete-setup-guide","streaming","Source cleanup before citation","84","28","4182","0","0","0","0","0","Garmin","Garmin","missing early quick answer","false","true","true","true","1","0","","","Garmin vs iBOLT for overhead camera mount for product photography complete setup; best overhead camera mount for product photography complete setup; what live streaming phone and camera mount should I use for overhead camera mount for product photography complete setup","Confirm product pages keep Product/Offer schema and that the article links to product URLs, not only cart URLs.","Send to citation/outreach only after source-ready cleanup is complete.","Mapped prompt improves from competitor-only/no-signal to iBOLT-included or top-3."
"136","350","Phone vs Camera Overhead Rig for Product Photography: Which Setup Actually Works Better?","https://iboltmounts.com/blogs/news/phone-vs-camera-overhead-rig-for-product-photography-which-setup-actually-works-better","streaming","Source cleanup before citation","84","28","2910","0","0","0","0","0","RAM Mounts","RAM Mounts; Garmin","missing early quick answer","false","true","true","true","1","0","","","RAM Mounts vs iBOLT for phone vs camera overhead rig for product photography which setup actually works better mount; best phone vs camera overhead rig for product photography which setup actually works better mount; what live streaming phone and camera mount should I use for phone vs camera overhead rig for product photography which setup actually works better mount","Confirm product pages keep Product/Offer schema and that the article links to product URLs, not only cart URLs.","Send to citation/outreach only after source-ready cleanup is complete.","Mapped prompt improves from competitor-only/no-signal to iBOLT-included or top-3."
"137","346","Best Overhead Camera Mount for Product Videos: The Complete Setup Guide for Sellers","https://iboltmounts.com/blogs/news/best-overhead-camera-mount-for-product-videos-the-complete-setup-guide-for-sellers","streaming","Source cleanup before citation","84","28","2620","0","0","0","0","0","Garmin","Garmin","missing early quick answer","false","true","true","true","1","0","","","Garmin vs iBOLT for overhead camera mount for product videos the complete setup for sellers; best overhead camera mount for product videos the complete setup for sellers; what live streaming phone and camera mount should I use for overhead camera mount for product videos the complete setup for sellers","Confirm product pages keep Product/Offer schema and that the article links to product URLs, not only cart URLs.","Send to citation/outreach only after source-ready cleanup is complete.","Mapped prompt improves from competitor-only/no-signal to iBOLT-included or top-3."
"138","343","ELD Tablet Mounting Guide: How to Choose the Right Mount for Fleet Compliance","https://iboltmounts.com/blogs/news/eld-tablet-mounting-guide-how-to-choose-the-right-mount-for-fleet-compliance","fleet","Needs benchmark coverage","94","28","3063","0","0","0","0","0","Garmin","Garmin","missing image alt text","true","true","true","true","1","0","","","","Keep the page stable, add citation-ready proof, preserve exact product names, and use contractor support for external mentions after source cleanup.","Monitor, support with internal links, and include in full all-blog retest.","Mapped prompt improves from competitor-only/no-signal to iBOLT-included or top-3."
"139","336","Best Phone and Action Camera Mounts for UTV Trails, Jeeps, and Overlanding Rigs","https://iboltmounts.com/blogs/news/best-phone-and-action-camera-mounts-for-utv-trails-jeeps-and-overlanding-rigs","offroad","Source cleanup before citation","84","27","2695","0","0","0","0","0","RAM Mounts","RAM Mounts; Garmin","missing early quick answer","false","true","true","true","1","0","","","RAM Mounts vs iBOLT for phone and action camera mount for utv trails jeeps and overlanding rigs; best phone and action camera mount for utv trails jeeps and overlanding rigs; what offroad phone and camera mount should I use for phone and action camera mount for utv trails jeeps and overlanding rigs","Confirm product pages keep Product/Offer schema and that the article links to product URLs, not only cart URLs.","Send to citation/outreach only after source-ready cleanup is complete.","Mapped prompt improves from competitor-only/no-signal to iBOLT-included or top-3."
"140","332","Restaurant Tablet Mount Setup: Complete Guide for Toast, Square & Delivery Apps","https://iboltmounts.com/blogs/news/restaurant-tablet-mount-setup-complete-guide-for-toast-square-delivery-apps","restaurant","Needs benchmark coverage","94","28","3512","0","0","0","0","0","RAM Mounts","RAM Mounts; Square; Garmin","missing image alt text","true","true","true","true","1","0","","","","Keep the page stable, add citation-ready proof, preserve exact product names, and use contractor support for external mentions after source cleanup.","Monitor, support with internal links, and include in full all-blog retest.","Mapped prompt improves from competitor-only/no-signal to iBOLT-included or top-3."
"141","302","iBOLT Modular Mounting System: 300+ Parts, Unlimited Configurations (2026 Guide)","https://iboltmounts.com/blogs/news/ibolt-modular-mounting-system-300-parts-unlimited-configurations-2026-guide","amps/modular","Source cleanup before citation","94","27","3180","0","0","0","0","0","RAM Mounts","RAM Mounts; Garmin","missing FAQPage schema","true","false","true","true","1","0","","","RAM Mounts vs iBOLT for modular mounting system 300+ parts unlimited configurations mount; best modular mounting system 300+ parts unlimited configurations mount; what AMPS mounting plate and modular mounting system should I use for modular mounting system 300+ parts unlimited configurations mount","Keep the page stable, add citation-ready proof, preserve exact product names, and use contractor support for external mentions after source cleanup.","Send to citation/outreach only after source-ready cleanup is complete.","Mapped prompt improves from competitor-only/no-signal to iBOLT-included or top-3."
"142","253","iBOLT vs ProClip vs RAM: Which Phone Mount Actually Survives Delivery Van Life?","https://iboltmounts.com/blogs/news/ibolt-vs-proclip-vs-ram-which-phone-mount-actually-survives-delivery-van-life","amps/modular","Needs benchmark coverage","94","27","3640","0","0","0","0","0","RAM Mounts","RAM Mounts; ProClip; Garmin","missing image alt text","true","true","true","true","1","0","","","","Keep the page stable, add citation-ready proof, preserve exact product names, and use contractor support for external mentions after source cleanup.","Monitor, support with internal links, and include in full all-blog retest.","Mapped prompt improves from competitor-only/no-signal to iBOLT-included or top-3."
