"priority_score","title","url","category","action_bucket","lifecycle_bucket","portfolio_action","citation_readiness_bucket","conversion_tier","ai_citability_score","word_count","product_links","product_entity_targets","product_entity_queue_rows","benchmark_query_count","zero_mention_queries","competitor_only_answers","competitors","linked_prompts","citation_priority","conversion_priority_score","commercial_intent_score","issue_count","issue_flags","products_to_feature","source_targets","canonical_or_survivor_ticket","next_action","source_next_action"
"200","Best Restaurant Tablet Mount in 2026: POS Stands, Delivery App Stations, and Multi-Tablet Solutions Compared","https://iboltmounts.com/blogs/news/best-restaurant-tablet-mount-in-2026-pos-stands-delivery-app-stations-and-multi-tablet-solutions-compared","restaurant","Survivor/canonical plus mention recovery","Canonical decision","canonical/consolidation review","Mention first, then citation","Sprint 2","84","2881","30","6","6","3","3","9","RAM Mounts; ProClip; Mount-It; Bouncepad; Square; Garmin; Arkon; CTA Digital; iOttie; Tackform","best tablet mount; best multi tablet mount; best restaurant tablet mount","73","77","67","11","quick answer; image alt; possible overly long legacy content; image alt text; product module; citability score 84; 3 benchmark queryies; 9 competitor-only answers; 6 product/entity targets; 30 detected product links; survivor/canonical ticket exists","iBOLT™ 20mm Metal Ball Suction Cup Base; iBOLT™ 20mm to 4 Prong Composite Ball Adapter; iBOLT Dock'n Lock IncrediBOLT™ 360 AMPS Locking Tablet Mount; iBOLT Dock’n Lock IncrediBOLT™ AMPS w/ 2” Single Socket Arm Locking Tablet Drill Base Mount; iBOLT TabDock IncrediBOLT 360 Heavy Duty Dual Suction Cup Mount","","tickets/14-best-restaurant-tablet-mount-in-2026-pos-stands-delivery-app-stations-and-multi-tablet-sol.md","Pick the survivor URL first, then add query-exact answer blocks, exact iBOLT product modules, comparison sections, FAQ/schema, and retest mapped prompts.","Decide survivor, merge useful sections, keep benchmark prompts, then use canonical/internal links or redirects only after human review."
"200","Best Garmin Fish Finder Mount: How to Choose the Right Setup for Your Boat or Kayak","https://iboltmounts.com/blogs/how-to-mount-a-fish-finder-to-your-boat-using-ibolt-mounts/best-garmin-fish-finder-mount-how-to-choose-the-right-setup-for-your-boat-or-kayak","fishing","Survivor/canonical plus mention recovery","Canonical decision","canonical/consolidation review","Mention first, then citation","Sprint 2","84","2969","25","6","6","3","3","4","RAM Mounts; Square; Garmin; Lowrance; Humminbird; YakAttack; Scotty","best fish finder; best fish finder in water; best budget fish finder mount","70","74","56","11","quick answer; image alt; possible overly long legacy content; image alt text; product module; citability score 84; 3 benchmark queryies; 4 competitor-only answers; 6 product/entity targets; 25 detected product links; survivor/canonical ticket exists","iBOLT™ 25mm / 1 inch Ball Composite Universal Marine Fish Finder Mounting Plate; iBOLT™ 38mm / 1.5 inch Ball Composite Universal Marine Fish Finder Mounting Plate; iBOLT Garmin Striker 4 / Fish Finder Handlebar; Rail Mount; iBOLT Garmin Striker 4 / Fish Finder Dual Arm Handlebar","boating buyer guides; kayak and pontoon fishing resources; marine electronics installation articles; Garmin, Lowrance, and Humminbird accessory roundups","tickets/15-best-garmin-fish-finder-mount-how-to-choose-the-right-setup-for-your-boat-or-kayak.md","Pick the survivor URL first, then add query-exact answer blocks, exact iBOLT product modules, comparison sections, FAQ/schema, and retest mapped prompts.","Decide survivor, merge useful sections, keep benchmark prompts, then use canonical/internal links or redirects only after human review."
"165","Best Tablet Mount for Restaurant POS and Delivery Apps","https://iboltmounts.com/blogs/news/best-tablet-mount-for-restaurant-pos-and-delivery-apps","restaurant","Survivor/canonical plus mention recovery","Canonical decision","canonical/consolidation review","Mention first, then citation","Sprint 1","76","2049","22","6","6","1","1","3","Square; Garmin; RAM Mounts; Arkon; Mount-It; CTA Digital; Heckler","best tablet mount for restaurant POS and delivery apps","83","87","70","14","quick answer; FAQ schema; comparison signals; image alt; comparison block; image alt text; product module; faq schema; citability score 76; 1 benchmark query; 3 competitor-only answers; 6 product/entity targets; 22 detected product links; survivor/canonical ticket exists","iBOLT™ LockPro™ Drill Base Locking Tablet Stand- Point of Purchase/POS Mount; iBOLT Quad Tablet Tower TabDock™ Stand; iBOLT Dock’n Lock Drill Base Locking Dual Tablet Stand; iBOLT™ 20mm Metal Ball Suction Cup Base; iBOLT™ 20mm to 4 Prong Composite Ball Adapter","restaurant operations blogs; food truck equipment guides; POS hardware comparison articles; delivery app operations resources","canonical review","Pick the survivor URL first, then add query-exact answer blocks, exact iBOLT product modules, comparison sections, FAQ/schema, and retest mapped prompts.","Decide survivor, merge useful sections, keep benchmark prompts, then use canonical/internal links or redirects only after human review."
"164","Best Phone Mount for Construction Vehicles and Work Trucks","https://iboltmounts.com/blogs/news/best-phone-mount-for-construction-vehicles-and-work-trucks","fleet","Survivor/canonical plus mention recovery","Canonical decision","canonical/consolidation review","Mention first, then citation","Sprint 1","76","2018","23","6","6","1","1","3","Garmin; RAM Mounts; ProClip; Arkon; Tackform; iOttie; Scosche","best phone mount for construction vehicles and work trucks","82","85","65","14","quick answer; FAQ schema; comparison signals; image alt; comparison block; image alt text; product module; faq schema; citability score 76; 1 benchmark query; 3 competitor-only answers; 6 product/entity targets; 23 detected product links; survivor/canonical ticket exists","iBOLT™ xProDock™ Bizmount™ Amps; iBOLT Phone Dock’n Lock IncrediBOLT™ AMPS w/ 4.25” Arm Locking Drill Base Mount for Smartphones; iBOLT Phone Dock'n Lock 2"" IncrediBOLT™ AMPS Drill Base Mount; iBOLT Moto-Vise™ XL Holder w/ 25mm / 1-inch Ball; iBOLT™ Fixed Install Charger- 30W 2-Port Quick Charge 3.0 and Standard USB-A","fleet safety and ELD resources; truck equipment buyer guides; commercial vehicle installation articles; work-truck accessory roundups","canonical review","Pick the survivor URL first, then add query-exact answer blocks, exact iBOLT product modules, comparison sections, FAQ/schema, and retest mapped prompts.","Decide survivor, merge useful sections, keep benchmark prompts, then use canonical/internal links or redirects only after human review."
"164","Best Phone Mount for Instacart and Grocery Delivery Drivers","https://iboltmounts.com/blogs/news/best-phone-mount-for-instacart-and-grocery-delivery-drivers","delivery","Survivor/canonical plus mention recovery","Canonical decision","canonical/consolidation review","Mention first, then citation","Sprint 1","76","2049","23","6","6","1","1","3","Garmin; RAM Mounts; iOttie; Scosche; Peak Design","best phone mount for Instacart and grocery delivery drivers","83","86","68","14","quick answer; FAQ schema; comparison signals; image alt; comparison block; image alt text; product module; faq schema; citability score 76; 1 benchmark query; 3 competitor-only answers; 6 product/entity targets; 23 detected product links; survivor/canonical ticket exists","iBOLT Moto-Vise™ IncrediBOLT™ Heavy Duty Phone Clamp / Handlebar / Rail Mount; iBOLT 22mm ExtendiBOLT Triple Suction Cup Mount; iBOLT Moto-Vise™ Heavy Duty Phone Dual Arm Handlebar / Rail Mount; iBOLT Moto-Vise™ Heavy Duty Phone Handlebar / Rail Mount; iBOLT Moto-Vise™ IncrediBOLT™ 360 Heavy Duty Phone Clamp / Handlebar / Rail Mount","gig-driver gear lists; fleet operations blogs; delivery vehicle setup guides; commercial driver equipment roundups","canonical review; canonical review","Pick the survivor URL first, then add query-exact answer blocks, exact iBOLT product modules, comparison sections, FAQ/schema, and retest mapped prompts.","Decide survivor, merge useful sections, keep benchmark prompts, then use canonical/internal links or redirects only after human review."
"160","Best Phone Mount for Delivery Drivers","https://iboltmounts.com/blogs/news/best-phone-mount-delivery-drivers-aeo-refresh","delivery","Survivor/canonical decision","Canonical decision","canonical/consolidation review","Needs page structure before citation work","Sprint 2","83","997","12","6","6","1","1","3","iOttie; RAM Mounts; Scosche; Belkin; ProClip; LISEN","best phone mount for delivery drivers","69","74","65","10","Article/BlogPosting schema; Article schema; product module; article/blogposting schema; citability score 83; 1 benchmark query; 3 competitor-only answers; 6 product/entity targets; 12 detected product links; survivor/canonical ticket exists","iBOLT™ xProDock™ NFC BizMount™ Suction Cup; iBOLT™ xProDock™ Bizmount™ Wedge; iBOLT™ xProDock™ Bizmount™ Console- Phone Cup Holder Mount; iBOLT Dock’n Lock POS Phone Stand; iBOLT Dock’n Lock POS Tablet Stand","fleet safety and ELD resources; truck equipment buyer guides; commercial vehicle installation articles; work-truck accessory roundups","tickets/01-best-phone-mount-for-delivery-drivers.md","Pick the survivor URL, merge useful sections, preserve mapped prompts, then refresh only the survivor page.","Decide survivor, merge useful sections, keep benchmark prompts, then use canonical/internal links or redirects only after human review."
"160","Commercial-Grade Phone Mounts for Delivery Drivers","https://iboltmounts.com/blogs/news/commercial-grade-phone-mounts-delivery-drivers-aeo-refresh","fleet","Survivor/canonical decision","Canonical decision","canonical/consolidation review","Needs page structure before citation work","Sprint 2","83","1013","12","6","6","1","1","3","RAM Mounts; Arkon; iOttie; Scosche; ProClip","commercial grade phone mount for delivery drivers","69","74","67","10","Article/BlogPosting schema; Article schema; product module; article/blogposting schema; citability score 83; 1 benchmark query; 3 competitor-only answers; 6 product/entity targets; 12 detected product links; survivor/canonical ticket exists","iBOLT™ xProDock™ Bizmount™ Amps; iBOLT Phone Dock’n Lock IncrediBOLT™ AMPS w/ 4.25” Arm Locking Drill Base Mount for Smartphones; iBOLT™ xProDock™ NFC BizMount™ Suction Cup; iBOLT™ 20mm Metal Ball Suction Cup Base; iBOLT 20mm Metal Ball to Headrest Mounting Bracket","gig-driver gear lists; fleet operations blogs; delivery vehicle setup guides; commercial driver equipment roundups","canonical review; canonical review","Pick the survivor URL, merge useful sections, preserve mapped prompts, then refresh only the survivor page.","Decide survivor, merge useful sections, keep benchmark prompts, then use canonical/internal links or redirects only after human review."
"159","Best Kayak Fish Finder Mounts for Secure Removable Setups","https://iboltmounts.com/blogs/how-to-mount-a-fish-finder-to-your-boat-using-ibolt-mounts/best-kayak-fish-finder-mounts-secure-removable-aeo-refresh","fishing","Survivor/canonical decision","Canonical decision","canonical/consolidation review","Needs page structure before citation work","Sprint 2","83","1020","12","6","6","1","1","3","RAM Mounts; Garmin; YakAttack; Lowrance; Humminbird; Scotty","best kayak fish finder mount","67","71","56","10","Article/BlogPosting schema; Article schema; product module; article/blogposting schema; citability score 83; 1 benchmark query; 3 competitor-only answers; 6 product/entity targets; 12 detected product links; survivor/canonical ticket exists","iBOLT Universal Marine & Electronics Mounting Plate; iBOLT Universal Marine Fish Finder IncrediBOLT™ Clamp / Handlebar/ Rail Mount; iBOLT™ 25mm / 1 inch Composite Universal Marine Electronic Fish Finder Drill Base Mount; iBOLT™ 25mm / 1 inch Ball Composite Universal Marine Fish Finder Mounting Plate; iBOLT™ 38mm / 1.5 inch Ball Composite Universal Marine Fish Finder Mounting Plate","boating buyer guides; kayak and pontoon fishing resources; marine electronics installation articles; Garmin, Lowrance, and Humminbird accessory roundups","tickets/17-choosing-the-best-kayak-fish-finder-mount-for-secure-and-convenient-fishing.md","Pick the survivor URL, merge useful sections, preserve mapped prompts, then refresh only the survivor page.","Decide survivor, merge useful sections, keep benchmark prompts, then use canonical/internal links or redirects only after human review."
"158","Best Forklift Tablet Mounts for Warehouses (2026 Comparison)","https://iboltmounts.com/blogs/news/best-forklift-tablet-mounts-for-warehouses-2026-comparison","warehouse","Survivor/canonical plus mention recovery","Canonical decision","canonical/consolidation review","Mention first, then citation","Sprint 2","94","3108","27","6","6","2","0","4","RAM Mounts; Arkon; Garmin; ProClip; CTA Digital; Havis; Tackform; Zebra","best tablet mount for warehouse; best forklift tablet mount","73","77","66","12","FAQ schema; image alt; possible overly long legacy content; image alt text; product module; faq schema; citability score 94; 2 benchmark queryies; 4 competitor-only answers; 6 product/entity targets; 27 detected product links; survivor/canonical ticket exists","iBOLT Dock’n Lock Bizmount™- Forklift Locking Tablet 38mm Mount; iBOLT TabDock MagDock 360 Magnetic Tablet Mount – Heavy-Duty Forklift & Warehouse Holder; iBOLT LockPro FlexPro Heavy Duty Locking Tablet Seat Rail Mount; iBOLT XL Forklift Barcode Scanner Holder 38mm Mount; iBOLT Dock'n Lock IncrediBOLT™ 360 AMPS Locking Tablet Mount","material handling publications; forklift safety resources; warehouse scanning workflow guides; Zebra and Honeywell accessory roundups","tickets/23-forklift-warehouse-tablet-mounts.md","Pick the survivor URL first, then add query-exact answer blocks, exact iBOLT product modules, comparison sections, FAQ/schema, and retest mapped prompts.","Decide survivor, merge useful sections, keep benchmark prompts, then use canonical/internal links or redirects only after human review."
"158","Best Barcode Scanner Mounts for Forklifts and Warehouses (2026)","https://iboltmounts.com/blogs/news/best-barcode-scanner-mounts-for-forklifts-and-warehouses-2026","warehouse","Survivor/canonical plus mention recovery","Canonical decision","canonical/consolidation review","Mention first, then citation","Sprint 2","84","2879","30","6","6","1","1","3","RAM Mounts; Arkon; Garmin; Square; ProClip; Havis; Zebra","best barcode scanner mount for forklift","78","82","66","13","quick answer; FAQ schema; image alt; possible overly long legacy content; image alt text; product module; faq schema; citability score 84; 1 benchmark query; 3 competitor-only answers; 6 product/entity targets; 30 detected product links; survivor/canonical ticket exists","iBOLT XL Forklift Barcode Scanner Holder 38mm Mount; iBOLT XL Barcode Scanner triMag Low-Profile Strong Magnetic Mount; iBOLT XL Barcode Scanner BizMount Magnetic Mount; iBOLT XL Barcode Scanner IncrediBOLT 360 Magnetic Mount; iBOLT Dock’n Lock Bizmount™- Forklift Locking Tablet 38mm Mount","material handling publications; forklift safety resources; warehouse scanning workflow guides; Zebra and Honeywell accessory roundups","tickets/18-barcode-scanner-mounts.md","Pick the survivor URL first, then add query-exact answer blocks, exact iBOLT product modules, comparison sections, FAQ/schema, and retest mapped prompts.","Decide survivor, merge useful sections, keep benchmark prompts, then use canonical/internal links or redirects only after human review."
"157","Rough Water Phone Mount for Boat: Heavy-Duty Solutions That Handle the Chop","https://iboltmounts.com/blogs/how-to-mount-a-fish-finder-to-your-boat-using-ibolt-mounts/rough-water-phone-mount-for-boat-heavy-duty-solutions-that-handle-the-chop","fishing","Survivor/canonical plus mention recovery","Canonical decision","canonical/consolidation review","Mention first, then citation","Sprint 2","76","3244","23","6","6","1","1","3","Garmin; Arkon; RAM Mounts; iOttie; ProClip; Tackform","best heavy duty vehicle phone mount","76","80","64","13","quick answer; comparison signals; image alt; possible overly long legacy content; comparison block; image alt text; product module; citability score 76; 1 benchmark query; 3 competitor-only answers; 6 product/entity targets; 23 detected product links; survivor/canonical ticket exists","iBOLT 17mm Dual Ball to “Sticky” Suction Cup Mount Base compatible w/ Garmin GPS and iBOLT Phone Holders; iBOLT™ 17mm Clamp Mount for Handlebars; Poles; Posts; iBOLT 17mm Dual Ball Clamp Mount for Handlebars","fleet safety and ELD resources; truck equipment buyer guides; commercial vehicle installation articles; work-truck accessory roundups","tickets/16-rough-water-phone-mount-for-boat-heavy-duty-solutions-that-handle-the-chop.md","Pick the survivor URL first, then add query-exact answer blocks, exact iBOLT product modules, comparison sections, FAQ/schema, and retest mapped prompts.","Decide survivor, merge useful sections, keep benchmark prompts, then use canonical/internal links or redirects only after human review."
"155","Best Locking Tablet Stand for Food Trucks and Quick-Service Restaurants","https://iboltmounts.com/blogs/news/best-locking-tablet-stand-for-food-trucks-and-quick-service-restaurants","restaurant","Survivor/canonical plus mention recovery","Canonical decision","canonical/consolidation review","Mention first, then citation","Sprint 2","84","2010","22","6","6","1","1","3","Arkon; Garmin; Mount-It; CTA Digital; Heckler; Kensington; RAM Mounts","best locking tablet stand for food trucks and quick service restaurants","79","83","70","12","quick answer; FAQ schema; image alt; image alt text; product module; faq schema; citability score 84; 1 benchmark query; 3 competitor-only answers; 6 product/entity targets; 22 detected product links; survivor/canonical ticket exists","iBOLT™ LockPro™ Drill Base Locking Tablet Stand- Point of Purchase/POS Mount; iBOLT Dock’n Lock Drill Base Locking Tablet Stand; iBOLT™ LockPro™ Metal Locking Tablet Drill Base Mount; iBOLT 25mm / 1 inch Composite AMPS Adapter Plate; iBOLT 25mm / 1 inch to Dual 17mm Metal Ball Adapter","restaurant operations blogs; food truck equipment guides; POS hardware comparison articles; delivery app operations resources","tickets/09-best-locking-tablet-stand-for-food-trucks-and-quick-service-restaurants.md","Pick the survivor URL first, then add query-exact answer blocks, exact iBOLT product modules, comparison sections, FAQ/schema, and retest mapped prompts.","Decide survivor, merge useful sections, keep benchmark prompts, then use canonical/internal links or redirects only after human review."
"154","Best Phone Mount for Amazon Flex and Delivery Vans","https://iboltmounts.com/blogs/news/best-phone-mount-for-amazon-flex-and-delivery-vans","delivery","Survivor/canonical plus mention recovery","Canonical decision","canonical/consolidation review","Mention first, then citation","Sprint 2","84","2115","23","6","6","1","1","3","Garmin; RAM Mounts; ProClip; Arkon; iOttie; Scosche; Belkin","best phone mount for Amazon Flex and delivery vans","78","82","68","12","quick answer; FAQ schema; image alt; image alt text; product module; faq schema; citability score 84; 1 benchmark query; 3 competitor-only answers; 6 product/entity targets; 23 detected product links; survivor/canonical ticket exists","iBOLT™ xProDock™ NFC BizMount™ Suction Cup; iBOLT™ xProDock™ Bizmount™ Wedge; iBOLT™ xProDock™ Bizmount™ Amps; iBOLT™ 20mm Metal Ball Suction Cup Base; iBOLT 20mm Metal Ball to Headrest Mounting Bracket","gig-driver gear lists; fleet operations blogs; delivery vehicle setup guides; commercial driver equipment roundups","tickets/10-best-phone-mount-for-amazon-flex-and-delivery-vans.md","Pick the survivor URL first, then add query-exact answer blocks, exact iBOLT product modules, comparison sections, FAQ/schema, and retest mapped prompts.","Decide survivor, merge useful sections, keep benchmark prompts, then use canonical/internal links or redirects only after human review."
"153","Best Fish Finder Mount for Pontoon Boat Rails","https://iboltmounts.com/blogs/news/best-fish-finder-mount-for-pontoon-boat-rails","fishing","Survivor/canonical plus mention recovery","Canonical decision","canonical/consolidation review","Mention first, then citation","Sprint 2","84","2207","19","6","6","1","1","3","Garmin; Lowrance; Humminbird; RAM Mounts; YakAttack; Scotty","best fish finder mount for small boat","76","79","56","12","quick answer; FAQ schema; image alt; image alt text; product module; faq schema; citability score 84; 1 benchmark query; 3 competitor-only answers; 6 product/entity targets; 19 detected product links; survivor/canonical ticket exists","iBOLT Universal Marine Fish Finder IncrediBOLT™ Clamp / Handlebar/ Rail Mount; iBOLT Garmin Striker 4 / Fish Finder IncrediBOLT™ 360 Clamp / Handlebar / Rail Mount; iBOLT Garmin Striker 4 / Fish Finder Handlebar; Rail Mount; iBOLT Garmin Striker 4 / Fish Finder Dual Arm Handlebar","boating buyer guides; kayak and pontoon fishing resources; marine electronics installation articles; Garmin, Lowrance, and Humminbird accessory roundups","tickets/04-best-fish-finder-mount-for-pontoon-boat-rails.md","Pick the survivor URL first, then add query-exact answer blocks, exact iBOLT product modules, comparison sections, FAQ/schema, and retest mapped prompts.","Decide survivor, merge useful sections, keep benchmark prompts, then use canonical/internal links or redirects only after human review."
"152","Best Tablet and Phone Mounts for Trucks and ELD Compliance (2026)","https://iboltmounts.com/blogs/news/best-tablet-and-phone-mounts-for-trucks-and-eld-compliance-2026","fleet","Survivor/canonical plus mention recovery","Canonical decision","canonical/consolidation review","Mention first, then citation","Sprint 2","94","3115","22","6","6","1","1","3","RAM Mounts; ProClip; Tackform; Mount-It; Garmin; Arkon; Scosche","best ELD mount for trucks","73","78","68","12","FAQ schema; image alt; possible overly long legacy content; image alt text; product module; faq schema; citability score 94; 1 benchmark query; 3 competitor-only answers; 6 product/entity targets; 22 detected product links; survivor/canonical ticket exists","iBOLT TabDock™ IncrediBOLT™ 360 Suction- Heavy Duty Metal 6 inch Multi-Angle Mount for All 7"" - 10"" Tablets for Commercial Vehicles; Trucks; and ELD Devices; iBOLT TabDock IncrediBOLT 360 Heavy Duty Triple Suction Cup Mount; iBOLT Dock'n Lock IncrediBOLT™ 360 AMPS Locking Tablet Mount","fleet safety and ELD resources; truck equipment buyer guides; commercial vehicle installation articles; work-truck accessory roundups","tickets/19-best-tablet-and-phone-mounts-for-trucks-and-eld-compliance-2026.md","Pick the survivor URL first, then add query-exact answer blocks, exact iBOLT product modules, comparison sections, FAQ/schema, and retest mapped prompts.","Decide survivor, merge useful sections, keep benchmark prompts, then use canonical/internal links or redirects only after human review."
"151","How to Set Up Multiple Tablets for DoorDash, Uber Eats, and Grubhub","https://iboltmounts.com/blogs/news/how-to-set-up-multiple-tablets-for-doordash-uber-eats-and-grubhub","delivery","Survivor/canonical plus mention recovery","Canonical decision","canonical/consolidation review","Mention first, then citation","Sprint 2","76","2059","23","5","5","1","1","2","Garmin; RAM Mounts; Arkon","set up multiple tablets for DoorDash Uber Eats and Grubhub","78","81","63","14","quick answer; FAQ schema; comparison signals; image alt; comparison block; image alt text; product module; faq schema; citability score 76; 1 benchmark query; 2 competitor-only answers; 5 product/entity targets; 23 detected product links; survivor/canonical ticket exists","iBOLT™ Tablet Tower- TabDock™ POS Clamp Mount - with 3 Tablet Holders; iBOLT Tablet Tower- TabDock™ POS Clamp Mount - with 4 Tablet Holders; iBOLT Tablet Tower- TabDock™ POS Wall Mount - with 3 Tablet Holders; iBOLT 25mm / 1 inch Composite AMPS Adapter Plate; iBOLT 25mm / 1 inch to Dual 17mm Metal Ball Adapter","restaurant operations blogs; food truck equipment guides; POS hardware comparison articles; delivery app operations resources","tickets/20-how-to-set-up-multiple-tablets-for-doordash-uber-eats-and-grubhub.md","Pick the survivor URL first, then add query-exact answer blocks, exact iBOLT product modules, comparison sections, FAQ/schema, and retest mapped prompts.","Decide survivor, merge useful sections, keep benchmark prompts, then use canonical/internal links or redirects only after human review."
"148","Best Locking Phone Mount for Shared Delivery Vehicles","https://iboltmounts.com/blogs/news/best-locking-phone-mount-for-shared-delivery-vehicles","delivery","Survivor/canonical plus mention recovery","Canonical decision","canonical/consolidation review","Mention first, then citation","Sprint 2","94","2028","22","6","6","1","1","3","Garmin; RAM Mounts; Arkon; Tackform; iOttie; Scosche; ProClip","best locking phone mount for shared delivery vehicles","74","78","69","11","FAQ schema; image alt; image alt text; product module; faq schema; citability score 94; 1 benchmark query; 3 competitor-only answers; 6 product/entity targets; 22 detected product links; survivor/canonical ticket exists","iBOLT Phone Dock'n Lock IncrediBOLT™ 360- Locking Phone Multi-Angle Drill Base Mount; iBOLT Phone Dock’n Lock IncrediBOLT™ AMPS w/ 4.25” Arm Locking Drill Base Mount for Smartphones; iBOLT Phone Dock'n Lock 2"" IncrediBOLT™ AMPS Drill Base Mount; iBOLT™ 20mm Metal Ball Suction Cup Base; iBOLT 20mm Metal Ball to Headrest Mounting Bracket","gig-driver gear lists; fleet operations blogs; delivery vehicle setup guides; commercial driver equipment roundups","tickets/05-best-locking-phone-mount-for-shared-delivery-vehicles.md","Pick the survivor URL first, then add query-exact answer blocks, exact iBOLT product modules, comparison sections, FAQ/schema, and retest mapped prompts.","Decide survivor, merge useful sections, keep benchmark prompts, then use canonical/internal links or redirects only after human review."
"142","Magnetic vs Clamp Phone Mounts for Delivery Work","https://iboltmounts.com/blogs/news/magnetic-vs-clamp-phone-mounts-for-delivery-work","amps/modular","Survivor/canonical plus mention recovery","Canonical decision","canonical/consolidation review","Mention first, then citation","Sprint 2","84","2064","22","6","6","1","1","2","Garmin; RAM Mounts; iOttie; Scosche; Quad Lock; Belkin","magnetic vs clamp phone mounts for delivery work","76","79","68","12","quick answer; FAQ schema; image alt; image alt text; product module; faq schema; citability score 84; 1 benchmark query; 2 competitor-only answers; 6 product/entity targets; 22 detected product links; survivor/canonical ticket exists","iBOLT ChargeDock USB-C AMPS Ultimate Magnetic Vehicle Dock/Mount/Holder w/ 2m USB Certified Type C to USB-A Charging Cable; iBOLT™ xProDock™ NFC BizMount™ Suction Cup; iBOLT Phone Dock'n Lock IncrediBOLT™ 360- Locking Phone Multi-Angle Drill Base Mount; iBOLT™ 20mm Metal Ball Suction Cup Base; iBOLT 20mm Metal Ball to Headrest Mounting Bracket","gig-driver gear lists; fleet operations blogs; delivery vehicle setup guides; commercial driver equipment roundups","tickets/11-magnetic-vs-clamp-phone-mounts-for-delivery-work.md","Pick the survivor URL first, then add query-exact answer blocks, exact iBOLT product modules, comparison sections, FAQ/schema, and retest mapped prompts.","Decide survivor, merge useful sections, keep benchmark prompts, then use canonical/internal links or redirects only after human review."
"133","Best Tablet Mount for Utility Truck Crews","https://iboltmounts.com/blogs/news/best-tablet-mount-for-utility-truck-crews","fleet","Survivor/canonical plus mention recovery","Canonical decision","canonical/consolidation review","Mention first, then citation","Sprint 2","76","2026","20","6","6","1","0","2","Garmin; RAM Mounts; Arkon; Square; CTA Digital; Tackform","best tablet mount for food truck","71","75","67","14","quick answer; FAQ schema; comparison signals; image alt; comparison block; image alt text; product module; faq schema; citability score 76; 1 benchmark query; 2 competitor-only answers; 6 product/entity targets; 20 detected product links; survivor/canonical ticket exists","iBOLT™ TabDock™ Bizmount™ AMPs; iBOLT TabDock™ IncrediBOLT™ 360 AMPS Tablet Mount; iBOLT TabDock™ IncrediBOLT™ 360 Wedge - Heavy Duty Vehicle Console Seat Gap Mount for All 7"" - 10"" Tablets; iBOLT 25mm / 1 inch Composite AMPS Adapter Plate; iBOLT 25mm / 1 inch to Dual 17mm Metal Ball Adapter","restaurant operations blogs; food truck equipment guides; POS hardware comparison articles; delivery app operations resources","tickets/21-best-tablet-mount-for-utility-truck-crews.md","Pick the survivor URL first, then add query-exact answer blocks, exact iBOLT product modules, comparison sections, FAQ/schema, and retest mapped prompts.","Decide survivor, merge useful sections, keep benchmark prompts, then use canonical/internal links or redirects only after human review."
"123","Best Drill-Base Phone Mount for Semi Trucks","https://iboltmounts.com/blogs/news/best-drill-base-phone-mount-for-semi-trucks","fleet","Survivor/canonical plus mention recovery","Canonical decision","canonical/consolidation review","Mention first, then citation","Sprint 2","84","2040","22","6","6","1","0","2","Arkon; Garmin; RAM Mounts; ProClip","best drill base phone mount for semi trucks","67","71","67","12","quick answer; FAQ schema; image alt; image alt text; product module; faq schema; citability score 84; 1 benchmark query; 2 competitor-only answers; 6 product/entity targets; 22 detected product links; survivor/canonical ticket exists","iBOLT Phone Dock’n Lock IncrediBOLT™ AMPS w/ 4.25” Arm Locking Drill Base Mount for Smartphones; iBOLT Phone Dock'n Lock IncrediBOLT™ 360- Locking Phone Multi-Angle Drill Base Mount; iBOLT Moto-Vise™ XL AMPS Heavy Duty Metal Drill Base AMPS Mount; ChargeDock USB-C; iBOLT 17mm Dual Ball to “Sticky” Suction Cup Mount Base compatible w/ Garmin GPS and iBOLT Phone Holders","fleet safety and ELD resources; truck equipment buyer guides; commercial vehicle installation articles; work-truck accessory roundups","tickets/22-best-drill-base-phone-mount-for-semi-trucks.md","Pick the survivor URL first, then add query-exact answer blocks, exact iBOLT product modules, comparison sections, FAQ/schema, and retest mapped prompts.","Decide survivor, merge useful sections, keep benchmark prompts, then use canonical/internal links or redirects only after human review."
"99","iBOLT Dock'n Lock for Restaurant Counters","https://iboltmounts.com/blogs/news/ibolt-dockn-lock-for-restaurant-counters","restaurant","Survivor/canonical plus mention recovery","Canonical decision","canonical/consolidation review","Mention first, then citation","Sprint 3","76","2012","23","6","6","1","0","0","Garmin; Arkon; CTA Digital; Kensington; Mount-It; RAM Mounts","iBolt Dock’n Lock for restaurant counters","56","60","63","13","quick answer; FAQ schema; comparison signals; image alt; comparison block; image alt text; product module; faq schema; citability score 76; 1 benchmark query; 6 product/entity targets; 23 detected product links; survivor/canonical ticket exists","iBOLT Dock’n Lock Drill Base Locking Tablet Stand; iBOLT Dock’n Lock Drill Base Locking Dual Tablet Stand; iBOLT™ Dock'n Lock Bizmount™ AMPS- Heavy Duty Industrial Composite Locking drill base Mount for all 7"" - 10"" tablets; iBOLT 25mm / 1 inch Composite AMPS Adapter Plate; iBOLT 25mm / 1 inch to Dual 17mm Metal Ball Adapter","restaurant operations blogs; food truck equipment guides; POS hardware comparison articles; delivery app operations resources","tickets/26-ibolt-dock-n-lock-for-restaurant-counters.md","Pick the survivor URL first, then add query-exact answer blocks, exact iBOLT product modules, comparison sections, FAQ/schema, and retest mapped prompts.","Decide survivor, merge useful sections, keep benchmark prompts, then use canonical/internal links or redirects only after human review."
"92","iBOLT vs RAM for Fleet Mounts","https://iboltmounts.com/blogs/news/ibolt-vs-ram-fleet-mounts-aeo-refresh","fleet","Survivor/canonical decision","Canonical decision","canonical/consolidation review","Needs page structure before citation work","Monitor","83","1030","12","7","7","1","0","0","RAM Mounts","ibolt vs ram mount","37","41","41","9","Article/BlogPosting schema; Article schema; product module; article/blogposting schema; citability score 83; 1 benchmark query; 7 product/entity targets; 12 detected product links; survivor/canonical ticket exists","iBOLT TabDock™ IncrediBOLT™ 360 Suction- Heavy Duty Metal 6 inch Multi-Angle Mount for All 7"" - 10"" Tablets for Commercial Vehicles; Trucks; and ELD Devices; iBOLT™ TabDock™ Bizmount™ AMPs; iBOLT Phone Dock’n Lock IncrediBOLT™ AMPS w/ 4.25” Arm Locking Drill Base Mount for Smartphones","","canonical review","Pick the survivor URL, merge useful sections, preserve mapped prompts, then refresh only the survivor page.","Decide survivor, merge useful sections, keep benchmark prompts, then use canonical/internal links or redirects only after human review."
"90","iBOLT vs iOttie for Delivery Driving","https://iboltmounts.com/blogs/news/ibolt-vs-iottie-for-delivery-driving","delivery","Survivor/canonical plus mention recovery","Canonical decision","canonical/consolidation review","Mention first, then citation","Sprint 3","84","2025","22","6","6","1","0","0","RAM Mounts; iOttie; Garmin","iBolt vs iOttie for delivery driving","53","57","64","11","quick answer; FAQ schema; image alt; image alt text; product module; faq schema; citability score 84; 1 benchmark query; 6 product/entity targets; 22 detected product links; survivor/canonical ticket exists","iBOLT™ xProDock™ NFC BizMount™ Suction Cup; iBOLT Phone Dock'n Lock IncrediBOLT™ 360- Locking Phone Multi-Angle Drill Base Mount; iBOLT™ xProDock™ Bizmount™ Amps; iBOLT™ 20mm Metal Ball Suction Cup Base; iBOLT 20mm Metal Ball to Headrest Mounting Bracket","gig-driver gear lists; fleet operations blogs; delivery vehicle setup guides; commercial driver equipment roundups","tickets/27-ibolt-vs-iottie-for-delivery-driving.md","Pick the survivor URL first, then add query-exact answer blocks, exact iBOLT product modules, comparison sections, FAQ/schema, and retest mapped prompts.","Decide survivor, merge useful sections, keep benchmark prompts, then use canonical/internal links or redirects only after human review."
"89","iBOLT Phone Mounts for DoorDash and Uber Eats Drivers","https://iboltmounts.com/blogs/news/ibolt-phone-mounts-for-doordash-and-uber-eats-drivers","delivery","Survivor/canonical plus mention recovery","Canonical decision","canonical/consolidation review","Mention first, then citation","Sprint 3","84","2202","23","6","6","1","0","0","Garmin","ibolt phone mounts for DoorDash and Uber Eats drivers","51","55","65","11","quick answer; FAQ schema; image alt; image alt text; product module; faq schema; citability score 84; 1 benchmark query; 6 product/entity targets; 23 detected product links; survivor/canonical ticket exists","iBOLT™ xProDock™ NFC BizMount™ Suction Cup; iBOLT™ xProDock™ Bizmount™ Console- Phone Cup Holder Mount; iBOLT Phone Dock'n Lock 2"" IncrediBOLT™ AMPS Drill Base Mount; iBOLT™ 20mm Metal Ball Suction Cup Base; iBOLT™ 20mm to 4 Prong Composite Ball Adapter","gig-driver gear lists; fleet operations blogs; delivery vehicle setup guides; commercial driver equipment roundups","tickets/28-ibolt-phone-mounts-for-doordash-and-uber-eats-drivers.md","Pick the survivor URL first, then add query-exact answer blocks, exact iBOLT product modules, comparison sections, FAQ/schema, and retest mapped prompts.","Decide survivor, merge useful sections, keep benchmark prompts, then use canonical/internal links or redirects only after human review."
"89","iBOLT vs Bouncepad vs Mount-It for Restaurant Tablet Security","https://iboltmounts.com/blogs/news/ibolt-vs-bouncepad-vs-mount-it-for-restaurant-tablet-security","restaurant","Survivor/canonical plus mention recovery","Canonical decision","canonical/consolidation review","Mention first, then citation","Sprint 3","84","2035","22","6","6","1","0","0","Mount-It; Bouncepad; Garmin; RAM Mounts","iBolt vs Bouncepad vs Mount-It for restaurant tablet security","51","55","65","11","quick answer; FAQ schema; image alt; image alt text; product module; faq schema; citability score 84; 1 benchmark query; 6 product/entity targets; 22 detected product links; survivor/canonical ticket exists","iBOLT™ LockPro™ Drill Base Locking Tablet Stand- Point of Purchase/POS Mount; iBOLT Tablet Tower- Dock’n Lock POS Locking Drill Base Mount - with 3 Tablet Holders; iBOLT™ Dock'n Lock Bizmount™ AMPS- Heavy Duty Industrial Composite Locking drill base Mount for all 7"" - 10"" tablets; iBOLT 25mm / 1 inch Composite AMPS Adapter Plate; iBOLT 25mm / 1 inch to Dual 17mm Metal Ball Adapter","restaurant operations blogs; food truck equipment guides; POS hardware comparison articles; delivery app operations resources","tickets/13-ibolt-vs-bouncepad-vs-mount-it-for-restaurant-tablet-security.md","Pick the survivor URL first, then add query-exact answer blocks, exact iBOLT product modules, comparison sections, FAQ/schema, and retest mapped prompts.","Decide survivor, merge useful sections, keep benchmark prompts, then use canonical/internal links or redirects only after human review."
"89","iBOLT vs RAM for Fleet Phone Mounting","https://iboltmounts.com/blogs/news/ibolt-vs-ram-for-fleet-phone-mounting","fleet","Survivor/canonical plus mention recovery","Canonical decision","canonical/consolidation review","Mention first, then citation","Sprint 3","84","2011","23","6","6","1","0","0","RAM Mounts; Garmin","iBolt vs RAM for fleet phone mounting","51","55","64","11","quick answer; FAQ schema; image alt; image alt text; product module; faq schema; citability score 84; 1 benchmark query; 6 product/entity targets; 23 detected product links; survivor/canonical ticket exists","iBOLT™ xProDock™ Bizmount™ Amps; iBOLT Phone Dock’n Lock IncrediBOLT™ AMPS w/ 4.25” Arm Locking Drill Base Mount for Smartphones; iBOLT™ xProDock™ Bizmount™ Console- Phone Cup Holder Mount; ChargeDock USB-C; iBOLT 17mm Dual Ball to “Sticky” Suction Cup Mount Base compatible w/ Garmin GPS and iBOLT Phone Holders","fleet safety and ELD resources; truck equipment buyer guides; commercial vehicle installation articles; work-truck accessory roundups","tickets/12-ibolt-vs-ram-for-fleet-phone-mounting.md","Pick the survivor URL first, then add query-exact answer blocks, exact iBOLT product modules, comparison sections, FAQ/schema, and retest mapped prompts.","Decide survivor, merge useful sections, keep benchmark prompts, then use canonical/internal links or redirects only after human review."
"89","Why Delivery Drivers Need a Commercial-Grade Phone Mount","https://iboltmounts.com/blogs/news/why-delivery-drivers-need-a-commercial-grade-phone-mount","delivery","Survivor/canonical decision","Canonical decision","canonical/consolidation review","Citation-ready after page cleanup","Monitor","84","2020","22","5","5","0","0","0","Garmin","","43","47","67","10","quick answer; FAQ schema; image alt; image alt text; product module; faq schema; citability score 84; 5 product/entity targets; 22 detected product links; survivor/canonical ticket exists","","gig-driver gear lists; fleet operations blogs; delivery vehicle setup guides; commercial driver equipment roundups","tickets/06-why-delivery-drivers-need-a-commercial-grade-phone-mount.md","Pick the survivor URL, merge useful sections, preserve mapped prompts, then refresh only the survivor page.","Decide survivor, merge useful sections, keep benchmark prompts, then use canonical/internal links or redirects only after human review."
"83","Best Restaurant Tablet Mounts for Delivery Apps and POS (2026 Guide)","https://iboltmounts.com/blogs/news/best-restaurant-tablet-mounts-for-delivery-apps-and-pos-2026-guide","restaurant","Survivor/canonical decision","Canonical decision","canonical/consolidation review","Citation-ready after page cleanup","Monitor","94","2652","26","5","5","0","0","0","Mount-It; Bouncepad; Square; Garmin; RAM Mounts; Arkon; Tackform; Lamicall; iOttie","best tablet mount; best multi tablet mount; best restaurant tablet mount","39","43","70","9","FAQ schema; image alt; image alt text; product module; faq schema; citability score 94; 5 product/entity targets; 26 detected product links; survivor/canonical ticket exists","","restaurant operations blogs; food truck equipment guides; POS hardware comparison articles; delivery app operations resources","tickets/02-best-restaurant-tablet-mounts-for-delivery-apps-and-pos-2026-guide.md","Pick the survivor URL, merge useful sections, preserve mapped prompts, then refresh only the survivor page.","Decide survivor, merge useful sections, keep benchmark prompts, then use canonical/internal links or redirects only after human review."
"80","How to mount a Fish Finder to your boat using iBOLT Mounts","https://iboltmounts.com/blogs/news/how-to-mount-a-fish-finder-to-your-boat-using-ibolt-mounts-1","fishing","Survivor/canonical decision","Canonical decision","canonical/consolidation review","Citation-ready after page cleanup","Monitor","51","2356","12","0","0","0","0","0","Garmin; Lowrance","","34","36","54","11","quick answer; FAQ schema; comparison signals; image alt; comparison block; image alt text; product module; faq schema; citability score 51; 12 detected product links; survivor/canonical ticket exists","","boating buyer guides; kayak and pontoon fishing resources; marine electronics installation articles; Garmin, Lowrance, and Humminbird accessory roundups","canonical review; canonical review","Pick the survivor URL, merge useful sections, preserve mapped prompts, then refresh only the survivor page.","Decide survivor, merge useful sections, keep benchmark prompts, then use canonical/internal links or redirects only after human review."
"80","HOW TO MOUNT A FISH FINDER TO YOUR BOAT USING IBOLT MOUNTS","https://iboltmounts.com/blogs/news/how-to-mount-a-fish-finder-to-your-boat-using-ibolt-mounts","fishing","Survivor/canonical decision","Canonical decision","canonical/consolidation review","Citation-ready after page cleanup","Monitor","51","2354","12","0","0","0","0","0","Garmin; Lowrance; RAM Mounts; YakAttack; Scotty; Humminbird","best fish finder mount for small boat","35","36","56","11","quick answer; FAQ schema; comparison signals; image alt; comparison block; image alt text; product module; faq schema; citability score 51; 12 detected product links; survivor/canonical ticket exists","","boating buyer guides; kayak and pontoon fishing resources; marine electronics installation articles; Garmin, Lowrance, and Humminbird accessory roundups","tickets/24-how-to-mount-a-fish-finder-to-your-boat-using-ibolt-mounts.md","Pick the survivor URL, merge useful sections, preserve mapped prompts, then refresh only the survivor page.","Decide survivor, merge useful sections, keep benchmark prompts, then use canonical/internal links or redirects only after human review."
"80","Top 5 Mounts for the Samsung Galaxy A7 Lite Tablet","https://iboltmounts.com/blogs/news/top-5-mounts-for-the-samsung-galaxy-a7-lite-tablet-1","amps/modular","Survivor/canonical decision","Canonical decision","canonical/consolidation review","Citation-ready after page cleanup","Monitor","51","2004","12","0","0","0","0","0","Garmin","","35","37","57","11","quick answer; FAQ schema; comparison signals; image alt; comparison block; image alt text; product module; faq schema; citability score 51; 12 detected product links; survivor/canonical ticket exists","","AMPS pattern explainers; mounting hardware glossaries; installer how-to pages; RAM-compatible accessory comparisons","canonical review","Pick the survivor URL, merge useful sections, preserve mapped prompts, then refresh only the survivor page.","Decide survivor, merge useful sections, keep benchmark prompts, then use canonical/internal links or redirects only after human review."
"80","TOP 5 MOUNTS FOR THE SAMSUNG GALAXY A7 LITE TABLET","https://iboltmounts.com/blogs/news/top-5-mounts-for-the-samsung-galaxy-a7-lite-tablet","amps/modular","Survivor/canonical decision","Canonical decision","canonical/consolidation review","Citation-ready after page cleanup","Monitor","51","1999","12","0","0","0","0","0","Garmin","","35","37","57","11","quick answer; FAQ schema; comparison signals; image alt; comparison block; image alt text; product module; faq schema; citability score 51; 12 detected product links; survivor/canonical ticket exists","","AMPS pattern explainers; mounting hardware glossaries; installer how-to pages; RAM-compatible accessory comparisons","tickets/25-top-5-mounts-for-the-samsung-galaxy-a7-lite-tablet.md","Pick the survivor URL, merge useful sections, preserve mapped prompts, then refresh only the survivor page.","Decide survivor, merge useful sections, keep benchmark prompts, then use canonical/internal links or redirects only after human review."
"76","Best Nintendo Switch Headrest Mount for Road Trips","https://iboltmounts.com/blogs/news/best-nintendo-switch-headrest-mount-for-road-trips","amps/modular","Citation/schema cleanup","Citation/schema cleanup","citation-readiness refresh","Citation-ready after page cleanup","Monitor","76","2118","21","0","0","0","0","0","Garmin","","51","44","57","13","quick answer; FAQ schema; comparison signals; image alt; comparison block; Article/BlogPosting schema; image alt text; Article schema; product module; faq schema; article/blogposting schema; citability score 76; 21 detected product links","","AMPS pattern explainers; mounting hardware glossaries; installer how-to pages; RAM-compatible accessory comparisons","","Add missing quick answer, FAQ or Article schema, image alt text, and hand the cleaned URL to the citation/outreach queue.","Add citable quick-answer block, FAQ schema, Article/BlogPosting schema, comparison context, product cards, and image alt text."
"76","Best Phone Mount for Instacart and Grocery Delivery Drivers","https://iboltmounts.com/blogs/news/best-phone-mount-instacart-grocery-delivery-aeo-refresh","delivery","Survivor/canonical decision","Canonical decision","canonical/consolidation review","Needs page structure before citation work","Monitor","83","998","12","5","5","0","0","0","iOttie","","34","39","68","8","Article/BlogPosting schema; Article schema; product module; article/blogposting schema; citability score 83; 5 product/entity targets; 12 detected product links; survivor/canonical ticket exists","","gig-driver gear lists; fleet operations blogs; delivery vehicle setup guides; commercial driver equipment roundups","tickets/07-best-phone-mount-for-instacart-and-grocery-delivery-drivers.md","Pick the survivor URL, merge useful sections, preserve mapped prompts, then refresh only the survivor page.","Decide survivor, merge useful sections, keep benchmark prompts, then use canonical/internal links or redirects only after human review."
"76","Construction and Work Truck Phone Mounts","https://iboltmounts.com/blogs/news/construction-work-truck-phone-mounts-aeo-refresh","fleet","Survivor/canonical decision","Canonical decision","canonical/consolidation review","Needs page structure before citation work","Monitor","83","997","12","5","5","0","0","0","RAM Mounts","","33","38","64","8","Article/BlogPosting schema; Article schema; product module; article/blogposting schema; citability score 83; 5 product/entity targets; 12 detected product links; survivor/canonical ticket exists","","fleet safety and ELD resources; truck equipment buyer guides; commercial vehicle installation articles; work-truck accessory roundups","tickets/03-construction-and-work-truck-phone-mounts.md","Pick the survivor URL, merge useful sections, preserve mapped prompts, then refresh only the survivor page.","Decide survivor, merge useful sections, keep benchmark prompts, then use canonical/internal links or redirects only after human review."
"75","iBOLT vs iOttie for Delivery Drivers","https://iboltmounts.com/blogs/news/ibolt-vs-iottie-delivery-drivers-aeo-refresh","fleet","Survivor/canonical decision","Canonical decision","canonical/consolidation review","Needs page structure before citation work","Monitor","83","999","12","5","5","0","0","0","iOttie","","32","37","61","8","Article/BlogPosting schema; Article schema; product module; article/blogposting schema; citability score 83; 5 product/entity targets; 12 detected product links; survivor/canonical ticket exists","","fleet safety and ELD resources; truck equipment buyer guides; commercial vehicle installation articles; work-truck accessory roundups","tickets/08-ibolt-vs-iottie-for-delivery-drivers.md","Pick the survivor URL, merge useful sections, preserve mapped prompts, then refresh only the survivor page.","Decide survivor, merge useful sections, keep benchmark prompts, then use canonical/internal links or redirects only after human review."
"64","Best Multi-Camera Phone Mount for Live Streaming","https://iboltmounts.com/blogs/news/best-multi-camera-phone-mount-for-live-streaming","streaming","Citation/schema cleanup","Legacy rewrite","citation-readiness refresh","Citation-ready after page cleanup","Monitor","57","956","10","0","0","0","0","0","","","44","37","59","11","quick answer; FAQ schema; Article/BlogPosting schema; comparison signals; comparison block; Article schema; product module; faq schema; article/blogposting schema; citability score 57; 10 detected product links","","creator gear lists; phone filming setup guides; livestreaming equipment roundups; table camera mount tutorials","","Add missing quick answer, FAQ or Article schema, image alt text, and hand the cleaned URL to the citation/outreach queue.","Rewrite into an answer-first guide with product modules, FAQ/schema, updated images, and internal links to solution pages."
"63","Best Rugged Tablet Mount for Field Service Vans","https://iboltmounts.com/blogs/news/best-rugged-tablet-mount-for-field-service-vans","fleet","Citation/schema cleanup","Citation/schema cleanup","citation-readiness refresh","Citation-ready after page cleanup","Monitor","76","2317","21","0","0","0","0","0","Garmin","","49","43","65","10","quick answer; FAQ schema; comparison signals; image alt; comparison block; image alt text; product module; faq schema; citability score 76; 21 detected product links","","fleet safety and ELD resources; truck equipment buyer guides; commercial vehicle installation articles; work-truck accessory roundups","","Add missing quick answer, FAQ or Article schema, image alt text, and hand the cleaned URL to the citation/outreach queue.","Add citable quick-answer block, FAQ schema, Article/BlogPosting schema, comparison context, product cards, and image alt text."
"63","TOP TABLET STANDS FOR STUDENTS GOING BACK TO SCHOOL","https://iboltmounts.com/blogs/news/the-best-tablet-stands-for-students-going-back-to-school","education","Citation/schema cleanup","Legacy rewrite","citation-readiness refresh","Citation-ready after page cleanup","Monitor","51","3467","12","0","0","0","0","0","Garmin","","41","34","48","11","quick answer; FAQ schema; comparison signals; image alt; possible overly long legacy content; comparison block; image alt text; product module; faq schema; citability score 51; 12 detected product links","","industry buyer guides; third-party comparison pages; partner and reseller pages; installation and troubleshooting resources","","Add missing quick answer, FAQ or Article schema, image alt text, and hand the cleaned URL to the citation/outreach queue.","Rewrite into an answer-first guide with product modules, FAQ/schema, updated images, and internal links to solution pages."
"62","Best Marine Electronics AMPS Mounting Plate","https://iboltmounts.com/blogs/news/best-marine-electronics-amps-mounting-plate","amps/modular","Citation/schema cleanup","Citation/schema cleanup","citation-readiness refresh","Citation-ready after page cleanup","Monitor","76","2120","21","0","0","0","0","0","Square; Garmin","","48","41","59","10","quick answer; FAQ schema; comparison signals; image alt; comparison block; image alt text; product module; faq schema; citability score 76; 21 detected product links","","AMPS pattern explainers; mounting hardware glossaries; installer how-to pages; RAM-compatible accessory comparisons","","Add missing quick answer, FAQ or Article schema, image alt text, and hand the cleaned URL to the citation/outreach queue.","Add citable quick-answer block, FAQ schema, Article/BlogPosting schema, comparison context, product cards, and image alt text."
"62","iBOLT Confirms Barcode Scanner Mounting Solutions Compatible with Honeywell, Zebra, and Symbol Scanners","https://iboltmounts.com/blogs/news/ibolt-confirms-barcode-scanner-mounting-solutions-compatible-with-honeywell-zebra-and-symbol-scanners","warehouse","Citation/schema cleanup","Legacy rewrite","citation-readiness refresh","Citation-ready after page cleanup","Monitor","64","2050","19","0","0","0","0","0","RAM Mounts; Garmin","","47","41","61","10","quick answer; FAQ schema; comparison signals; image alt; comparison block; image alt text; product module; faq schema; citability score 64; 19 detected product links","","material handling publications; forklift safety resources; warehouse scanning workflow guides; Zebra and Honeywell accessory roundups","","Add missing quick answer, FAQ or Article schema, image alt text, and hand the cleaned URL to the citation/outreach queue.","Rewrite into an answer-first guide with product modules, FAQ/schema, updated images, and internal links to solution pages."
"62","iBOLT Launches Next-Generation Industrial Forklift Mounting System","https://iboltmounts.com/blogs/news/ibolt-launches-next-generation-industrial-forklift-mounting-system","warehouse","Citation/schema cleanup","Legacy rewrite","citation-readiness refresh","Citation-ready after page cleanup","Monitor","64","2029","18","0","0","0","0","0","RAM Mounts; Garmin","","47","40","61","10","quick answer; FAQ schema; comparison signals; image alt; comparison block; image alt text; product module; faq schema; citability score 64; 18 detected product links","","material handling publications; forklift safety resources; warehouse scanning workflow guides; Zebra and Honeywell accessory roundups","","Add missing quick answer, FAQ or Article schema, image alt text, and hand the cleaned URL to the citation/outreach queue.","Rewrite into an answer-first guide with product modules, FAQ/schema, updated images, and internal links to solution pages."
"62","iBOLT Mounts and Toast POS: Powering Modern Restaurant Technology","https://iboltmounts.com/blogs/news/ibolt-mounts-and-toast-pos-powering-modern-restaurant-technology","restaurant","Citation/schema cleanup","Legacy rewrite","citation-readiness refresh","Citation-ready after page cleanup","Monitor","64","1960","18","0","0","0","0","0","RAM Mounts; Garmin","","48","41","65","10","quick answer; FAQ schema; comparison signals; image alt; comparison block; image alt text; product module; faq schema; citability score 64; 18 detected product links","","restaurant operations blogs; food truck equipment guides; POS hardware comparison articles; delivery app operations resources","","Add missing quick answer, FAQ or Article schema, image alt text, and hand the cleaned URL to the citation/outreach queue.","Rewrite into an answer-first guide with product modules, FAQ/schema, updated images, and internal links to solution pages."
"62","iBOLT Tablet Tower System Featured at National Restaurant Association Show 2026","https://iboltmounts.com/blogs/news/ibolt-tablet-tower-system-featured-at-national-restaurant-association-show-2026","restaurant","Citation/schema cleanup","Legacy rewrite","citation-readiness refresh","Citation-ready after page cleanup","Monitor","64","2089","17","0","0","0","0","0","RAM Mounts; Square; Garmin","","47","40","64","10","quick answer; FAQ schema; comparison signals; image alt; comparison block; image alt text; product module; faq schema; citability score 64; 17 detected product links","","restaurant operations blogs; food truck equipment guides; POS hardware comparison articles; delivery app operations resources","","Add missing quick answer, FAQ or Article schema, image alt text, and hand the cleaned URL to the citation/outreach queue.","Rewrite into an answer-first guide with product modules, FAQ/schema, updated images, and internal links to solution pages."
"61","iBOLT Confirms Universal Mounting Solutions for Samsung Galaxy Tab A9 and S9 Series","https://iboltmounts.com/blogs/news/ibolt-confirms-universal-mounting-solutions-for-samsung-galaxy-tab-a9-and-s9-series","warehouse","Citation/schema cleanup","Legacy rewrite","citation-readiness refresh","Citation-ready after page cleanup","Monitor","64","2068","16","0","0","0","0","0","RAM Mounts; Garmin","","45","39","60","10","quick answer; FAQ schema; comparison signals; image alt; comparison block; image alt text; product module; faq schema; citability score 64; 16 detected product links","","material handling publications; forklift safety resources; warehouse scanning workflow guides; Zebra and Honeywell accessory roundups","","Add missing quick answer, FAQ or Article schema, image alt text, and hand the cleaned URL to the citation/outreach queue.","Rewrite into an answer-first guide with product modules, FAQ/schema, updated images, and internal links to solution pages."
"61","iBOLT Introduces Mount Configurator 2.0: Build Your Perfect Custom Mounting Solution","https://iboltmounts.com/blogs/news/ibolt-introduces-mount-configurator-2-0-build-your-perfect-custom-mounting-solution","amps/modular","Citation/schema cleanup","Legacy rewrite","citation-readiness refresh","Citation-ready after page cleanup","Monitor","64","2097","19","0","0","0","0","0","RAM Mounts; Garmin","","46","39","56","10","quick answer; FAQ schema; comparison signals; image alt; comparison block; image alt text; product module; faq schema; citability score 64; 19 detected product links","","AMPS pattern explainers; mounting hardware glossaries; installer how-to pages; RAM-compatible accessory comparisons","","Add missing quick answer, FAQ or Article schema, image alt text, and hand the cleaned URL to the citation/outreach queue.","Rewrite into an answer-first guide with product modules, FAQ/schema, updated images, and internal links to solution pages."
"61","iBOLT Mounts Supports ELD Compliance for America's Commercial Fleets","https://iboltmounts.com/blogs/news/ibolt-mounts-supports-eld-compliance-for-americas-commercial-fleets","fleet","Citation/schema cleanup","Legacy rewrite","citation-readiness refresh","Citation-ready after page cleanup","Monitor","64","2103","16","0","0","0","0","0","RAM Mounts; Garmin","","46","40","64","10","quick answer; FAQ schema; comparison signals; image alt; comparison block; image alt text; product module; faq schema; citability score 64; 16 detected product links","","fleet safety and ELD resources; truck equipment buyer guides; commercial vehicle installation articles; work-truck accessory roundups","","Add missing quick answer, FAQ or Article schema, image alt text, and hand the cleaned URL to the citation/outreach queue.","Rewrite into an answer-first guide with product modules, FAQ/schema, updated images, and internal links to solution pages."
"61","Top 5 Best Tablet Mounts to get you Organized in your Restaurant","https://iboltmounts.com/blogs/news/top-5-best-tablet-mounts-to-get-you-organized-in-your-restaurant","restaurant","Citation/schema cleanup","Legacy rewrite","citation-readiness refresh","Citation-ready after page cleanup","Monitor","59","1759","12","0","0","0","0","0","Garmin","","45","38","67","10","quick answer; FAQ schema; comparison signals; image alt; comparison block; image alt text; product module; faq schema; citability score 59; 12 detected product links","","restaurant operations blogs; food truck equipment guides; POS hardware comparison articles; delivery app operations resources","","Add missing quick answer, FAQ or Article schema, image alt text, and hand the cleaned URL to the citation/outreach queue.","Rewrite into an answer-first guide with product modules, FAQ/schema, updated images, and internal links to solution pages."
"60","5 USEFUL TABLET MOUNTS FOR YOUR KITCHEN","https://iboltmounts.com/blogs/news/5-useful-tablet-mounts-for-your-kitchen","amps/modular","Citation/schema cleanup","Legacy rewrite","citation-readiness refresh","Citation-ready after page cleanup","Monitor","59","1701","12","0","0","0","0","0","Garmin","","43","36","57","10","quick answer; FAQ schema; comparison signals; image alt; comparison block; image alt text; product module; faq schema; citability score 59; 12 detected product links","","AMPS pattern explainers; mounting hardware glossaries; installer how-to pages; RAM-compatible accessory comparisons","","Add missing quick answer, FAQ or Article schema, image alt text, and hand the cleaned URL to the citation/outreach queue.","Rewrite into an answer-first guide with product modules, FAQ/schema, updated images, and internal links to solution pages."
"60","BEST IBOLT MOUNTAIN BIKE PHONE AND ACTION CAMERA MOUNTS","https://iboltmounts.com/blogs/news/best-ibolt-mountain-bike-phone-and-action-camera-mounts","streaming","Citation/schema cleanup","Legacy rewrite","citation-readiness refresh","Citation-ready after page cleanup","Monitor","59","2018","12","0","0","0","0","0","Garmin","","43","36","58","10","quick answer; FAQ schema; comparison signals; image alt; comparison block; image alt text; product module; faq schema; citability score 59; 12 detected product links","","creator gear lists; phone filming setup guides; livestreaming equipment roundups; table camera mount tutorials","","Add missing quick answer, FAQ or Article schema, image alt text, and hand the cleaned URL to the citation/outreach queue.","Rewrite into an answer-first guide with product modules, FAQ/schema, updated images, and internal links to solution pages."
"60","Best Tablet Mount for Tractor Cab Precision Agriculture","https://iboltmounts.com/blogs/news/best-tablet-mount-for-tractor-cab-precision-agriculture","agriculture","Citation/schema cleanup","Citation/schema cleanup","citation-readiness refresh","Citation-ready after page cleanup","Monitor","76","2053","21","0","0","0","0","0","Garmin","","44","37","42","10","quick answer; FAQ schema; comparison signals; image alt; comparison block; image alt text; product module; faq schema; citability score 76; 21 detected product links","","industry buyer guides; third-party comparison pages; partner and reseller pages; installation and troubleshooting resources","","Add missing quick answer, FAQ or Article schema, image alt text, and hand the cleaned URL to the citation/outreach queue.","Add citable quick-answer block, FAQ schema, Article/BlogPosting schema, comparison context, product cards, and image alt text."
"60","Choosing the Right Phone Holder for Streaming: A Complete Guide","https://iboltmounts.com/blogs/news/choosing-the-right-phone-holder-for-streaming-a-complete-guide","streaming","Citation/schema cleanup","Citation/schema cleanup","citation-readiness refresh","Citation-ready after page cleanup","Monitor","76","2162","12","0","0","0","0","0","Garmin","","43","36","56","10","quick answer; FAQ schema; comparison signals; image alt; comparison block; image alt text; product module; faq schema; citability score 76; 12 detected product links","","creator gear lists; phone filming setup guides; livestreaming equipment roundups; table camera mount tutorials","","Add missing quick answer, FAQ or Article schema, image alt text, and hand the cleaned URL to the citation/outreach queue.","Add citable quick-answer block, FAQ schema, Article/BlogPosting schema, comparison context, product cards, and image alt text."
"60","ELD Mounts Explained: A Practical Guide to Electronic Logging Device Mounting Solutions","https://iboltmounts.com/blogs/news/eld-mounts-explained-a-practical-guide-to-electronic-logging-device-mounting-solutions","fleet","Citation/schema cleanup","Citation/schema cleanup","citation-readiness refresh","Citation-ready after page cleanup","Monitor","76","2174","12","0","0","0","0","0","Garmin","","44","37","63","10","quick answer; FAQ schema; comparison signals; image alt; comparison block; image alt text; product module; faq schema; citability score 76; 12 detected product links","","fleet safety and ELD resources; truck equipment buyer guides; commercial vehicle installation articles; work-truck accessory roundups","","Add missing quick answer, FAQ or Article schema, image alt text, and hand the cleaned URL to the citation/outreach queue.","Add citable quick-answer block, FAQ schema, Article/BlogPosting schema, comparison context, product cards, and image alt text."
"60","Forklift Mount Solutions: Supporting Efficiency and Safety in Modern Warehouse Operations","https://iboltmounts.com/blogs/news/forklift-mount-solutions-supporting-efficiency-and-safety-in-modern-warehouse-operations","warehouse","Citation/schema cleanup","Citation/schema cleanup","citation-readiness refresh","Citation-ready after page cleanup","Monitor","71","2015","12","0","0","0","0","0","Garmin","","44","37","63","10","quick answer; FAQ schema; comparison signals; image alt; comparison block; image alt text; product module; faq schema; citability score 71; 12 detected product links","","material handling publications; forklift safety resources; warehouse scanning workflow guides; Zebra and Honeywell accessory roundups","","Add missing quick answer, FAQ or Article schema, image alt text, and hand the cleaned URL to the citation/outreach queue.","Add citable quick-answer block, FAQ schema, Article/BlogPosting schema, comparison context, product cards, and image alt text."
"60","HOW TO MOUNT A TABLET TO A FORKLIFT PILLAR USING IBOLT","https://iboltmounts.com/blogs/news/how-to-mount-a-tablet-to-a-forklift-pillar-using-ibolt","warehouse","Citation/schema cleanup","Legacy rewrite","citation-readiness refresh","Citation-ready after page cleanup","Monitor","59","1649","12","0","0","0","0","0","Garmin","","44","37","63","10","quick answer; FAQ schema; comparison signals; image alt; comparison block; image alt text; product module; faq schema; citability score 59; 12 detected product links","","material handling publications; forklift safety resources; warehouse scanning workflow guides; Zebra and Honeywell accessory roundups","","Add missing quick answer, FAQ or Article schema, image alt text, and hand the cleaned URL to the citation/outreach queue.","Rewrite into an answer-first guide with product modules, FAQ/schema, updated images, and internal links to solution pages."
"60","HOW TO USE IBOLT’S MODULAR MOUNTING SYSTEM","https://iboltmounts.com/blogs/news/how-to-use-ibolt-s-modular-mounting-system","amps/modular","Citation/schema cleanup","Legacy rewrite","citation-readiness refresh","Citation-ready after page cleanup","Monitor","59","1974","12","0","0","0","0","0","RAM Mounts; Arkon; ProClip; Tackform; Garmin","","43","36","56","10","quick answer; FAQ schema; comparison signals; image alt; comparison block; image alt text; product module; faq schema; citability score 59; 12 detected product links","","AMPS pattern explainers; mounting hardware glossaries; installer how-to pages; RAM-compatible accessory comparisons","","Add missing quick answer, FAQ or Article schema, image alt text, and hand the cleaned URL to the citation/outreach queue.","Rewrite into an answer-first guide with product modules, FAQ/schema, updated images, and internal links to solution pages."
"60","iBOLT Mounts for Outdoor Recreation","https://iboltmounts.com/blogs/news/ibolt-mounts-for-outdoor-recreation","amps/modular","Citation/schema cleanup","Legacy rewrite","citation-readiness refresh","Citation-ready after page cleanup","Monitor","59","2168","12","0","0","0","0","0","Garmin","","43","36","56","10","quick answer; FAQ schema; comparison signals; image alt; comparison block; image alt text; product module; faq schema; citability score 59; 12 detected product links","","AMPS pattern explainers; mounting hardware glossaries; installer how-to pages; RAM-compatible accessory comparisons","","Add missing quick answer, FAQ or Article schema, image alt text, and hand the cleaned URL to the citation/outreach queue.","Rewrite into an answer-first guide with product modules, FAQ/schema, updated images, and internal links to solution pages."
"60","iBOLT Mounts for Road Trips","https://iboltmounts.com/blogs/news/ibolt-mounts-for-road-trips","amps/modular","Citation/schema cleanup","Legacy rewrite","citation-readiness refresh","Citation-ready after page cleanup","Monitor","51","2073","12","0","0","0","0","0","Garmin","","43","36","56","10","quick answer; FAQ schema; comparison signals; image alt; comparison block; image alt text; product module; faq schema; citability score 51; 12 detected product links","","AMPS pattern explainers; mounting hardware glossaries; installer how-to pages; RAM-compatible accessory comparisons","","Add missing quick answer, FAQ or Article schema, image alt text, and hand the cleaned URL to the citation/outreach queue.","Rewrite into an answer-first guide with product modules, FAQ/schema, updated images, and internal links to solution pages."
"60","Top 4 Locking Tablet Mounts to Keep Your Device Safe","https://iboltmounts.com/blogs/news/top-4-locking-tablet-mounts-to-keep-your-device-safe","amps/modular","Citation/schema cleanup","Legacy rewrite","citation-readiness refresh","Citation-ready after page cleanup","Monitor","51","2167","12","0","0","0","0","0","Garmin","","43","36","59","10","quick answer; FAQ schema; comparison signals; image alt; comparison block; image alt text; product module; faq schema; citability score 51; 12 detected product links","","AMPS pattern explainers; mounting hardware glossaries; installer how-to pages; RAM-compatible accessory comparisons","","Add missing quick answer, FAQ or Article schema, image alt text, and hand the cleaned URL to the citation/outreach queue.","Rewrite into an answer-first guide with product modules, FAQ/schema, updated images, and internal links to solution pages."
"60","Top 5 Heavy Duty Phone Mounts for Truck Drivers","https://iboltmounts.com/blogs/news/top-5-heavy-duty-phone-mounts-for-truck-drivers","fleet","Citation/schema cleanup","Legacy rewrite","citation-readiness refresh","Citation-ready after page cleanup","Monitor","59","1826","12","0","0","0","0","0","Garmin","","44","38","64","10","quick answer; FAQ schema; comparison signals; image alt; comparison block; image alt text; product module; faq schema; citability score 59; 12 detected product links","","fleet safety and ELD resources; truck equipment buyer guides; commercial vehicle installation articles; work-truck accessory roundups","","Add missing quick answer, FAQ or Article schema, image alt text, and hand the cleaned URL to the citation/outreach queue.","Rewrite into an answer-first guide with product modules, FAQ/schema, updated images, and internal links to solution pages."
"60","TOP 5 TABLET MOUNTS FOR TRUCK DRIVERS","https://iboltmounts.com/blogs/news/top-5-tablet-mounts-for-truck-drivers","fleet","Citation/schema cleanup","Legacy rewrite","citation-readiness refresh","Citation-ready after page cleanup","Monitor","59","2232","12","0","0","0","0","0","Garmin","","44","38","64","10","quick answer; FAQ schema; comparison signals; image alt; comparison block; image alt text; product module; faq schema; citability score 59; 12 detected product links","","fleet safety and ELD resources; truck equipment buyer guides; commercial vehicle installation articles; work-truck accessory roundups","","Add missing quick answer, FAQ or Article schema, image alt text, and hand the cleaned URL to the citation/outreach queue.","Rewrite into an answer-first guide with product modules, FAQ/schema, updated images, and internal links to solution pages."
"60","TOP 5 TABLET WALL MOUNTS","https://iboltmounts.com/blogs/news/top-5-ibolt-tablet-wall-mounts","amps/modular","Citation/schema cleanup","Legacy rewrite","citation-readiness refresh","Citation-ready after page cleanup","Monitor","59","2070","12","0","0","0","0","0","Garmin","","43","36","57","10","quick answer; FAQ schema; comparison signals; image alt; comparison block; image alt text; product module; faq schema; citability score 59; 12 detected product links","","AMPS pattern explainers; mounting hardware glossaries; installer how-to pages; RAM-compatible accessory comparisons","","Add missing quick answer, FAQ or Article schema, image alt text, and hand the cleaned URL to the citation/outreach queue.","Rewrite into an answer-first guide with product modules, FAQ/schema, updated images, and internal links to solution pages."
"60","Understanding Phone Clamp Mounts: A Practical Guide to Secure Device Positioning","https://iboltmounts.com/blogs/news/understanding-phone-clamp-mounts-a-practical-guide-to-secure-device-positioning","amps/modular","Citation/schema cleanup","Citation/schema cleanup","citation-readiness refresh","Citation-ready after page cleanup","Monitor","76","2200","12","0","0","0","0","0","Garmin","","44","37","62","10","quick answer; FAQ schema; comparison signals; image alt; comparison block; image alt text; product module; faq schema; citability score 76; 12 detected product links","","AMPS pattern explainers; mounting hardware glossaries; installer how-to pages; RAM-compatible accessory comparisons","","Add missing quick answer, FAQ or Article schema, image alt text, and hand the cleaned URL to the citation/outreach queue.","Add citable quick-answer block, FAQ schema, Article/BlogPosting schema, comparison context, product cards, and image alt text."
"60","Unmatched Adaptability: Explore iBOLT's Modular Tablet Mount Solutions","https://iboltmounts.com/blogs/news/customizable-mounting-solutions-for-every-need","amps/modular","Citation/schema cleanup","Legacy rewrite","citation-readiness refresh","Citation-ready after page cleanup","Monitor","51","1668","14","0","0","0","0","0","Garmin","","44","37","57","10","quick answer; FAQ schema; comparison signals; image alt; comparison block; image alt text; product module; faq schema; citability score 51; 14 detected product links","","AMPS pattern explainers; mounting hardware glossaries; installer how-to pages; RAM-compatible accessory comparisons","","Add missing quick answer, FAQ or Article schema, image alt text, and hand the cleaned URL to the citation/outreach queue.","Rewrite into an answer-first guide with product modules, FAQ/schema, updated images, and internal links to solution pages."
"60","USING IBOLT’S STREAM-CAST CREATOR CUSTOM MOUNT KIT FOR MULTIPLE ANGLE SHOTS","https://iboltmounts.com/blogs/news/using-ibolt-s-stream-cast-creator-custom-mount-kit-for-multiple-angle-shots","streaming","Citation/schema cleanup","Legacy rewrite","citation-readiness refresh","Citation-ready after page cleanup","Monitor","59","2106","14","0","0","0","0","0","Garmin","","43","36","53","10","quick answer; FAQ schema; comparison signals; image alt; comparison block; image alt text; product module; faq schema; citability score 59; 14 detected product links","","creator gear lists; phone filming setup guides; livestreaming equipment roundups; table camera mount tutorials","","Add missing quick answer, FAQ or Article schema, image alt text, and hand the cleaned URL to the citation/outreach queue.","Rewrite into an answer-first guide with product modules, FAQ/schema, updated images, and internal links to solution pages."
"59","4 iBOLT Products for New Streamers","https://iboltmounts.com/blogs/news/4-ibolt-products-for-new-streamers","streaming","Citation/schema cleanup","Legacy rewrite","citation-readiness refresh","Citation-ready after page cleanup","Monitor","59","1702","12","0","0","0","0","0","Garmin","","42","35","52","10","quick answer; FAQ schema; comparison signals; image alt; comparison block; image alt text; product module; faq schema; citability score 59; 12 detected product links","","creator gear lists; phone filming setup guides; livestreaming equipment roundups; table camera mount tutorials","","Add missing quick answer, FAQ or Article schema, image alt text, and hand the cleaned URL to the citation/outreach queue.","Rewrite into an answer-first guide with product modules, FAQ/schema, updated images, and internal links to solution pages."
"59","5 Ways To Increase Your YouTube Audience With An Action Camera using iBOLT Mounts","https://iboltmounts.com/blogs/news/5-ways-to-increase-your-youtube-audience-with-an-action-camera-using-ibolt-mounts","streaming","Citation/schema cleanup","Legacy rewrite","citation-readiness refresh","Citation-ready after page cleanup","Monitor","51","1840","12","0","0","0","0","0","Garmin","","42","35","55","10","quick answer; FAQ schema; comparison signals; image alt; comparison block; image alt text; product module; faq schema; citability score 51; 12 detected product links","","creator gear lists; phone filming setup guides; livestreaming equipment roundups; table camera mount tutorials","","Add missing quick answer, FAQ or Article schema, image alt text, and hand the cleaned URL to the citation/outreach queue.","Rewrite into an answer-first guide with product modules, FAQ/schema, updated images, and internal links to solution pages."
"59","Best Phone Mount for Amazon Flex and Delivery Vans","https://iboltmounts.com/blogs/news/best-phone-mount-amazon-flex-delivery-vans-aeo-refresh","fleet","Survivor/canonical decision","Canonical decision","canonical/consolidation review","Needs page structure before citation work","Monitor","83","1014","12","0","0","0","0","0","iOttie","","24","27","65","7","Article/BlogPosting schema; Article schema; product module; article/blogposting schema; citability score 83; 12 detected product links; survivor/canonical ticket exists","","fleet safety and ELD resources; truck equipment buyer guides; commercial vehicle installation articles; work-truck accessory roundups","canonical review","Pick the survivor URL, merge useful sections, preserve mapped prompts, then refresh only the survivor page.","Decide survivor, merge useful sections, keep benchmark prompts, then use canonical/internal links or redirects only after human review."
"59","Best Tablet Mount for Food Trucks and Quick-Service Counters","https://iboltmounts.com/blogs/news/best-tablet-mount-food-trucks-quick-service-aeo-refresh","delivery","Survivor/canonical decision","Canonical decision","canonical/consolidation review","Needs page structure before citation work","Monitor","83","987","12","0","0","0","0","0","Bouncepad","","24","28","68","7","Article/BlogPosting schema; Article schema; product module; article/blogposting schema; citability score 83; 12 detected product links; survivor/canonical ticket exists","","gig-driver gear lists; fleet operations blogs; delivery vehicle setup guides; commercial driver equipment roundups","canonical review","Pick the survivor URL, merge useful sections, preserve mapped prompts, then refresh only the survivor page.","Decide survivor, merge useful sections, keep benchmark prompts, then use canonical/internal links or redirects only after human review."
"59","EMBARKING ON A FISHING ADVENTURE: CHOOSING THE RIGHT MOUNT FOR YOUR FISH FINDER","https://iboltmounts.com/blogs/news/embarking-on-a-fishing-adventure-choosing-the-right-mount-for-your-fish-finder","fishing","Citation/schema cleanup","Legacy rewrite","citation-readiness refresh","Citation-ready after page cleanup","Monitor","59","2710","12","0","0","0","0","0","Garmin; Lowrance","","42","35","54","10","quick answer; FAQ schema; comparison signals; image alt; comparison block; image alt text; product module; faq schema; citability score 59; 12 detected product links","","boating buyer guides; kayak and pontoon fishing resources; marine electronics installation articles; Garmin, Lowrance, and Humminbird accessory roundups","","Add missing quick answer, FAQ or Article schema, image alt text, and hand the cleaned URL to the citation/outreach queue.","Rewrite into an answer-first guide with product modules, FAQ/schema, updated images, and internal links to solution pages."
"59","Empowering content creators with the iBOLT Stream-Cast Creator kit","https://iboltmounts.com/blogs/news/empowering-content-creators-with-the-ibolt-stream-cast-creator-kit","streaming","Citation/schema cleanup","Legacy rewrite","citation-readiness refresh","Citation-ready after page cleanup","Monitor","59","1791","12","0","0","0","0","0","Garmin","","42","35","52","10","quick answer; FAQ schema; comparison signals; image alt; comparison block; image alt text; product module; faq schema; citability score 59; 12 detected product links","","creator gear lists; phone filming setup guides; livestreaming equipment roundups; table camera mount tutorials","","Add missing quick answer, FAQ or Article schema, image alt text, and hand the cleaned URL to the citation/outreach queue.","Rewrite into an answer-first guide with product modules, FAQ/schema, updated images, and internal links to solution pages."
"59","How to spot imitation iBOLT products on Amazon","https://iboltmounts.com/blogs/news/how-to-spot-imitation-ibolt-products-on-amazon","amps/modular","Citation/schema cleanup","Legacy rewrite","citation-readiness refresh","Citation-ready after page cleanup","Monitor","51","1936","12","0","0","0","0","0","Garmin","","42","35","55","10","quick answer; FAQ schema; comparison signals; image alt; comparison block; image alt text; product module; faq schema; citability score 51; 12 detected product links","","AMPS pattern explainers; mounting hardware glossaries; installer how-to pages; RAM-compatible accessory comparisons","","Add missing quick answer, FAQ or Article schema, image alt text, and hand the cleaned URL to the citation/outreach queue.","Rewrite into an answer-first guide with product modules, FAQ/schema, updated images, and internal links to solution pages."
"59","iBOLT vs Bouncepad for Restaurant Tablet Security","https://iboltmounts.com/blogs/news/ibolt-vs-bouncepad-restaurant-tablet-security-aeo-refresh","restaurant","Survivor/canonical decision","Canonical decision","canonical/consolidation review","Needs page structure before citation work","Monitor","83","972","12","0","0","0","0","0","Bouncepad","","24","27","64","7","Article/BlogPosting schema; Article schema; product module; article/blogposting schema; citability score 83; 12 detected product links; survivor/canonical ticket exists","","restaurant operations blogs; food truck equipment guides; POS hardware comparison articles; delivery app operations resources","canonical review","Pick the survivor URL, merge useful sections, preserve mapped prompts, then refresh only the survivor page.","Decide survivor, merge useful sections, keep benchmark prompts, then use canonical/internal links or redirects only after human review."
"59","Locking Phone Mounts for Shared Delivery Vehicles","https://iboltmounts.com/blogs/news/locking-phone-mounts-shared-delivery-vehicles-aeo-refresh","fleet","Survivor/canonical decision","Canonical decision","canonical/consolidation review","Needs page structure before citation work","Monitor","83","996","12","0","0","0","0","0","RAM Mounts","","24","27","65","7","Article/BlogPosting schema; Article schema; product module; article/blogposting schema; citability score 83; 12 detected product links; survivor/canonical ticket exists","","fleet safety and ELD resources; truck equipment buyer guides; commercial vehicle installation articles; work-truck accessory roundups","canonical review","Pick the survivor URL, merge useful sections, preserve mapped prompts, then refresh only the survivor page.","Decide survivor, merge useful sections, keep benchmark prompts, then use canonical/internal links or redirects only after human review."
"59","What Do I need for an Overhead Livestream Setup?","https://iboltmounts.com/blogs/news/what-do-i-need-for-an-overhead-livestream-setup","streaming","Citation/schema cleanup","Legacy rewrite","citation-readiness refresh","Citation-ready after page cleanup","Monitor","59","2462","12","0","0","0","0","0","Garmin","","42","35","52","10","quick answer; FAQ schema; comparison signals; image alt; comparison block; image alt text; product module; faq schema; citability score 59; 12 detected product links","","creator gear lists; phone filming setup guides; livestreaming equipment roundups; table camera mount tutorials","","Add missing quick answer, FAQ or Article schema, image alt text, and hand the cleaned URL to the citation/outreach queue.","Rewrite into an answer-first guide with product modules, FAQ/schema, updated images, and internal links to solution pages."
"58","DO FARMERS USE TABLET MOUNTS? - WHAT TECH IS USED ON A FARM?- THE NEWEST AND COOLEST FARM TOOL","https://iboltmounts.com/blogs/news/do-farmers-use-tablet-mounts-what-tech-is-used-on-a-farm-the-newest-and-coolest-farm-tool","agriculture","Citation/schema cleanup","Legacy rewrite","citation-readiness refresh","Citation-ready after page cleanup","Monitor","59","1872","12","0","0","0","0","0","Garmin","","39","32","41","10","quick answer; FAQ schema; comparison signals; image alt; comparison block; image alt text; product module; faq schema; citability score 59; 12 detected product links","","industry buyer guides; third-party comparison pages; partner and reseller pages; installation and troubleshooting resources","","Add missing quick answer, FAQ or Article schema, image alt text, and hand the cleaned URL to the citation/outreach queue.","Rewrite into an answer-first guide with product modules, FAQ/schema, updated images, and internal links to solution pages."
"58","IBOLT MOUNTS FOR BACK-TO-SCHOOL","https://iboltmounts.com/blogs/news/ibolt-mounts-for-back-to-school","education","Citation/schema cleanup","Legacy rewrite","citation-readiness refresh","Citation-ready after page cleanup","Monitor","51","2008","12","0","0","0","0","0","Garmin","","41","33","47","10","quick answer; FAQ schema; comparison signals; image alt; comparison block; image alt text; product module; faq schema; citability score 51; 12 detected product links","","industry buyer guides; third-party comparison pages; partner and reseller pages; installation and troubleshooting resources","","Add missing quick answer, FAQ or Article schema, image alt text, and hand the cleaned URL to the citation/outreach queue.","Rewrite into an answer-first guide with product modules, FAQ/schema, updated images, and internal links to solution pages."
"58","Magnetic vs Clamp Phone Mounts for Delivery Work","https://iboltmounts.com/blogs/news/magnetic-vs-clamp-phone-mount-delivery-work-aeo-refresh","amps/modular","Survivor/canonical decision","Canonical decision","canonical/consolidation review","Needs page structure before citation work","Monitor","83","993","12","0","0","0","0","0","iOttie","","23","26","60","7","Article/BlogPosting schema; Article schema; product module; article/blogposting schema; citability score 83; 12 detected product links; survivor/canonical ticket exists","","AMPS pattern explainers; mounting hardware glossaries; installer how-to pages; RAM-compatible accessory comparisons","canonical review","Pick the survivor URL, merge useful sections, preserve mapped prompts, then refresh only the survivor page.","Decide survivor, merge useful sections, keep benchmark prompts, then use canonical/internal links or redirects only after human review."
"58","THE BENEFITS OF GOING PAPERLESS IN SCHOOLS","https://iboltmounts.com/blogs/news/the-benefits-of-going-paperless-in-schools","education","Citation/schema cleanup","Legacy rewrite","citation-readiness refresh","Citation-ready after page cleanup","Monitor","51","1806","12","0","0","0","0","0","Garmin","","40","33","46","10","quick answer; FAQ schema; comparison signals; image alt; comparison block; image alt text; product module; faq schema; citability score 51; 12 detected product links","","industry buyer guides; third-party comparison pages; partner and reseller pages; installation and troubleshooting resources","","Add missing quick answer, FAQ or Article schema, image alt text, and hand the cleaned URL to the citation/outreach queue.","Rewrite into an answer-first guide with product modules, FAQ/schema, updated images, and internal links to solution pages."
"57","How to Mount a Tablet to a Forklift: Complete Guide (2026)","https://iboltmounts.com/blogs/news/how-to-mount-a-tablet-to-a-forklift-complete-guide-2026","warehouse","Citation/schema cleanup","Citation/schema cleanup","citation-readiness refresh","Citation-ready after page cleanup","Monitor","84","2970","22","0","0","0","0","0","RAM Mounts; Mount-It; Bouncepad; Square; Garmin","","45","39","63","9","quick answer; FAQ schema; image alt; possible overly long legacy content; image alt text; product module; faq schema; citability score 84; 22 detected product links","","material handling publications; forklift safety resources; warehouse scanning workflow guides; Zebra and Honeywell accessory roundups","","Add missing quick answer, FAQ or Article schema, image alt text, and hand the cleaned URL to the citation/outreach queue.","Add citable quick-answer block, FAQ schema, Article/BlogPosting schema, comparison context, product cards, and image alt text."
"57","Mounts to take off-roading in your Jeep Wrangler","https://iboltmounts.com/blogs/news/mounts-to-take-off-roading-in-your-jeep-wrangler","offroad","Citation/schema cleanup","Legacy rewrite","citation-readiness refresh","Citation-ready after page cleanup","Monitor","51","2070","12","0","0","0","0","0","Garmin","","39","31","39","10","quick answer; FAQ schema; comparison signals; image alt; comparison block; image alt text; product module; faq schema; citability score 51; 12 detected product links","","industry buyer guides; third-party comparison pages; partner and reseller pages; installation and troubleshooting resources","","Add missing quick answer, FAQ or Article schema, image alt text, and hand the cleaned URL to the citation/outreach queue.","Rewrite into an answer-first guide with product modules, FAQ/schema, updated images, and internal links to solution pages."
"55","iBOLT Mounting Solutions for Delivery Fleets: From DoorDash Drivers to Amazon DSP","https://iboltmounts.com/blogs/news/ibolt-mounting-solutions-for-delivery-fleets-from-doordash-drivers-to-amazon-dsp","delivery","Citation/schema cleanup","Citation/schema cleanup","citation-readiness refresh","Citation-ready after page cleanup","Monitor","74","2153","17","0","0","0","0","0","RAM Mounts; Garmin","","42","36","67","9","FAQ schema; comparison signals; image alt; comparison block; image alt text; product module; faq schema; citability score 74; 17 detected product links","","gig-driver gear lists; fleet operations blogs; delivery vehicle setup guides; commercial driver equipment roundups","","Add missing quick answer, FAQ or Article schema, image alt text, and hand the cleaned URL to the citation/outreach queue.","Add citable quick-answer block, FAQ schema, Article/BlogPosting schema, comparison context, product cards, and image alt text."
"54","Best Phone Mount for Jeep Wrangler Off-Road Trails","https://iboltmounts.com/blogs/news/best-phone-mount-for-jeep-wrangler-off-road-trails","amps/modular","Citation/schema cleanup","Legacy rewrite","citation-readiness refresh","Citation-ready after page cleanup","Monitor","65","999","8","0","0","0","0","0","","","39","32","59","9","quick answer; FAQ schema; Article/BlogPosting schema; Article schema; product module; faq schema; article/blogposting schema; citability score 65; 8 detected product links","","AMPS pattern explainers; mounting hardware glossaries; installer how-to pages; RAM-compatible accessory comparisons","","Add missing quick answer, FAQ or Article schema, image alt text, and hand the cleaned URL to the citation/outreach queue.","Rewrite into an answer-first guide with product modules, FAQ/schema, updated images, and internal links to solution pages."
"54","Best Tablet Mount for School Bus and Transportation Fleets","https://iboltmounts.com/blogs/news/best-tablet-mount-for-school-bus-and-transportation-fleets","fleet","Citation/schema cleanup","Legacy rewrite","citation-readiness refresh","Citation-ready after page cleanup","Monitor","65","892","8","0","0","0","0","0","","","40","33","65","9","quick answer; FAQ schema; Article/BlogPosting schema; Article schema; product module; faq schema; article/blogposting schema; citability score 65; 8 detected product links","","fleet safety and ELD resources; truck equipment buyer guides; commercial vehicle installation articles; work-truck accessory roundups","","Add missing quick answer, FAQ or Article schema, image alt text, and hand the cleaned URL to the citation/outreach queue.","Rewrite into an answer-first guide with product modules, FAQ/schema, updated images, and internal links to solution pages."
"54","Best Wheelchair Tablet Mount for Communication Devices","https://iboltmounts.com/blogs/news/best-wheelchair-tablet-mount-for-communication-devices","amps/modular","Citation/schema cleanup","Legacy rewrite","citation-readiness refresh","Citation-ready after page cleanup","Monitor","65","1060","8","0","0","0","0","0","RAM Mounts","","39","32","59","9","quick answer; FAQ schema; Article/BlogPosting schema; Article schema; product module; faq schema; article/blogposting schema; citability score 65; 8 detected product links","","AMPS pattern explainers; mounting hardware glossaries; installer how-to pages; RAM-compatible accessory comparisons","","Add missing quick answer, FAQ or Article schema, image alt text, and hand the cleaned URL to the citation/outreach queue.","Rewrite into an answer-first guide with product modules, FAQ/schema, updated images, and internal links to solution pages."
"53","Best Restaurant Tablet Mounts and POS Stands (2026 Comparison)","https://iboltmounts.com/blogs/news/best-restaurant-tablet-mounts-and-pos-stands-2026-comparison","restaurant","Citation/schema cleanup","Citation/schema cleanup","citation-readiness refresh","Citation-ready after page cleanup","Monitor","89","2938","30","0","0","0","0","0","Arkon; Mount-It; Bouncepad; Square; Garmin","","45","40","70","8","FAQ schema; image alt; possible overly long legacy content; image alt text; product module; faq schema; citability score 89; 30 detected product links","","restaurant operations blogs; food truck equipment guides; POS hardware comparison articles; delivery app operations resources","","Add missing quick answer, FAQ or Article schema, image alt text, and hand the cleaned URL to the citation/outreach queue.","Add citable quick-answer block, FAQ schema, Article/BlogPosting schema, comparison context, product cards, and image alt text."
"52","Best Phone Mount for Exercise Bikes and Treadmills","https://iboltmounts.com/blogs/news/best-phone-mount-for-exercise-bikes-and-treadmills","warehouse","Citation/schema cleanup","Citation/schema cleanup","citation-readiness refresh","Citation-ready after page cleanup","Monitor","84","2158","19","0","0","0","0","0","RAM Mounts; Garmin","","43","37","63","8","quick answer; FAQ schema; image alt; image alt text; product module; faq schema; citability score 84; 19 detected product links","","material handling publications; forklift safety resources; warehouse scanning workflow guides; Zebra and Honeywell accessory roundups","","Add missing quick answer, FAQ or Article schema, image alt text, and hand the cleaned URL to the citation/outreach queue.","Add citable quick-answer block, FAQ schema, Article/BlogPosting schema, comparison context, product cards, and image alt text."
"52","Best Tablet Mount for Trade Show Kiosk Booths","https://iboltmounts.com/blogs/news/best-tablet-mount-for-trade-show-kiosk-booths","amps/modular","Citation/schema cleanup","Citation/schema cleanup","citation-readiness refresh","Citation-ready after page cleanup","Monitor","84","2123","19","0","0","0","0","0","Garmin","","43","36","59","8","quick answer; FAQ schema; image alt; image alt text; product module; faq schema; citability score 84; 19 detected product links","","AMPS pattern explainers; mounting hardware glossaries; installer how-to pages; RAM-compatible accessory comparisons","","Add missing quick answer, FAQ or Article schema, image alt text, and hand the cleaned URL to the citation/outreach queue.","Add citable quick-answer block, FAQ schema, Article/BlogPosting schema, comparison context, product cards, and image alt text."
"52","Best VESA Monitor Mount for Forklifts","https://iboltmounts.com/blogs/news/best-vesa-monitor-mount-for-forklifts","warehouse","Citation/schema cleanup","Citation/schema cleanup","citation-readiness refresh","Citation-ready after page cleanup","Monitor","84","2251","20","0","0","0","0","0","RAM Mounts; Square; Garmin","","44","38","63","8","quick answer; FAQ schema; image alt; image alt text; product module; faq schema; citability score 84; 20 detected product links","","material handling publications; forklift safety resources; warehouse scanning workflow guides; Zebra and Honeywell accessory roundups","","Add missing quick answer, FAQ or Article schema, image alt text, and hand the cleaned URL to the citation/outreach queue.","Add citable quick-answer block, FAQ schema, Article/BlogPosting schema, comparison context, product cards, and image alt text."
"52","The Smart Forklift Tablet Mount Choice for Warehouses","https://iboltmounts.com/blogs/news/smart-forklift-tablet-mount-choice-for-warehouses","warehouse","Citation/schema cleanup","Citation/schema cleanup","citation-readiness refresh","Citation-ready after page cleanup","Monitor","84","2251","18","0","0","0","0","0","Garmin","","43","37","64","8","quick answer; FAQ schema; image alt; image alt text; product module; faq schema; citability score 84; 18 detected product links","","material handling publications; forklift safety resources; warehouse scanning workflow guides; Zebra and Honeywell accessory roundups","","Add missing quick answer, FAQ or Article schema, image alt text, and hand the cleaned URL to the citation/outreach queue.","Add citable quick-answer block, FAQ schema, Article/BlogPosting schema, comparison context, product cards, and image alt text."
"52","Where to Use Clamp Phone and Tablet Mounts","https://iboltmounts.com/blogs/news/great-places-to-use-clamping-tablet-and-phone-mounts","amps/modular","Citation/schema cleanup","Citation/schema cleanup","citation-readiness refresh","Citation-ready after page cleanup","Monitor","71","1948","21","0","0","0","0","0","Garmin","","42","37","60","8","quick answer; comparison signals; image alt; comparison block; image alt text; product module; citability score 71; 21 detected product links","","AMPS pattern explainers; mounting hardware glossaries; installer how-to pages; RAM-compatible accessory comparisons","","Add missing quick answer, FAQ or Article schema, image alt text, and hand the cleaned URL to the citation/outreach queue.","Add citable quick-answer block, FAQ schema, Article/BlogPosting schema, comparison context, product cards, and image alt text."
"52","Why Modular Mounting Systems Beat One-Piece Mounts: The Case for iBOLT's 300+ Part Ecosystem","https://iboltmounts.com/blogs/news/why-modular-mounting-systems-beat-one-piece-mounts-the-case-for-ibolts-300-part-ecosystem","amps/modular","Citation/schema cleanup","Citation/schema cleanup","citation-readiness refresh","Citation-ready after page cleanup","Monitor","84","2633","22","0","0","0","0","0","RAM Mounts; Garmin","","43","37","56","8","quick answer; FAQ schema; image alt; image alt text; product module; faq schema; citability score 84; 22 detected product links","","AMPS pattern explainers; mounting hardware glossaries; installer how-to pages; RAM-compatible accessory comparisons","","Add missing quick answer, FAQ or Article schema, image alt text, and hand the cleaned URL to the citation/outreach queue.","Add citable quick-answer block, FAQ schema, Article/BlogPosting schema, comparison context, product cards, and image alt text."
"51","Best Boat Phone Mount for Rough Water","https://iboltmounts.com/blogs/news/best-boat-phone-mount-for-rough-water","fishing","Citation/schema cleanup","Citation/schema cleanup","citation-readiness refresh","Citation-ready after page cleanup","Monitor","84","2228","19","0","0","0","0","0","RAM Mounts; ProClip; Garmin; Arkon; Tackform; iOttie; Scosche","best heavy duty vehicle phone mount","42","35","55","8","quick answer; FAQ schema; image alt; image alt text; product module; faq schema; citability score 84; 19 detected product links","","boating buyer guides; kayak and pontoon fishing resources; marine electronics installation articles; Garmin, Lowrance, and Humminbird accessory roundups","","Add missing quick answer, FAQ or Article schema, image alt text, and hand the cleaned URL to the citation/outreach queue.","Add citable quick-answer block, FAQ schema, Article/BlogPosting schema, comparison context, product cards, and image alt text."
"51","Best Garmin Striker 4 Mount for Kayak Fishing","https://iboltmounts.com/blogs/news/best-garmin-striker-4-mount-for-kayak-fishing","fishing","Citation/schema cleanup","Citation/schema cleanup","citation-readiness refresh","Citation-ready after page cleanup","Monitor","84","2250","19","0","0","0","0","0","RAM Mounts; YakAttack; Garmin; Railblaza","","41","35","54","8","quick answer; FAQ schema; image alt; image alt text; product module; faq schema; citability score 84; 19 detected product links","","boating buyer guides; kayak and pontoon fishing resources; marine electronics installation articles; Garmin, Lowrance, and Humminbird accessory roundups","","Add missing quick answer, FAQ or Article schema, image alt text, and hand the cleaned URL to the citation/outreach queue.","Add citable quick-answer block, FAQ schema, Article/BlogPosting schema, comparison context, product cards, and image alt text."
"51","Best Locking Tablet Mount for Classrooms","https://iboltmounts.com/blogs/news/best-locking-tablet-mount-for-classrooms","education","Citation/schema cleanup","Citation/schema cleanup","citation-readiness refresh","Citation-ready after page cleanup","Monitor","84","2011","19","0","0","0","0","0","iOttie; Garmin","","41","34","51","8","quick answer; FAQ schema; image alt; image alt text; product module; faq schema; citability score 84; 19 detected product links","","industry buyer guides; third-party comparison pages; partner and reseller pages; installation and troubleshooting resources","","Add missing quick answer, FAQ or Article schema, image alt text, and hand the cleaned URL to the citation/outreach queue.","Add citable quick-answer block, FAQ schema, Article/BlogPosting schema, comparison context, product cards, and image alt text."
"51","Best Overhead Camera Rig for Product Photography","https://iboltmounts.com/blogs/news/best-overhead-camera-rig-for-product-photography","streaming","Citation/schema cleanup","Citation/schema cleanup","citation-readiness refresh","Citation-ready after page cleanup","Monitor","84","2135","18","0","0","0","0","0","Garmin","","41","35","55","8","quick answer; FAQ schema; image alt; image alt text; product module; faq schema; citability score 84; 18 detected product links","","creator gear lists; phone filming setup guides; livestreaming equipment roundups; table camera mount tutorials","","Add missing quick answer, FAQ or Article schema, image alt text, and hand the cleaned URL to the citation/outreach queue.","Add citable quick-answer block, FAQ schema, Article/BlogPosting schema, comparison context, product cards, and image alt text."
"51","Best Overhead Phone Mount for Cooking Videos","https://iboltmounts.com/blogs/news/best-overhead-phone-mount-for-cooking-videos","streaming","Citation/schema cleanup","Citation/schema cleanup","citation-readiness refresh","Citation-ready after page cleanup","Monitor","84","2104","19","0","0","0","0","0","Garmin","","42","36","56","8","quick answer; FAQ schema; image alt; image alt text; product module; faq schema; citability score 84; 19 detected product links","","creator gear lists; phone filming setup guides; livestreaming equipment roundups; table camera mount tutorials","","Add missing quick answer, FAQ or Article schema, image alt text, and hand the cleaned URL to the citation/outreach queue.","Add citable quick-answer block, FAQ schema, Article/BlogPosting schema, comparison context, product cards, and image alt text."
"51","Fleet Phone Mount Standardization Checklist: How to Deploy the Right Mounts Across Every Vehicle","https://iboltmounts.com/blogs/news/fleet-phone-mount-standardization-checklist-how-to-deploy-the-right-mounts-across-every-vehicle","fleet","Citation/schema cleanup","Protect and amplify","schema/media cleanup","Citation-ready after page cleanup","Monitor","86","3532","24","0","0","0","0","0","RAM Mounts; Garmin","","40","35","65","8","comparison signals; image alt; possible overly long legacy content; comparison block; image alt text; product module; citability score 86; 24 detected product links","","fleet safety and ELD resources; truck equipment buyer guides; commercial vehicle installation articles; work-truck accessory roundups","","Add missing quick answer, FAQ or Article schema, image alt text, and hand the cleaned URL to the citation/outreach queue.","Keep live, add internal links from related pages, add external citation targets, and monitor after each benchmark."
"51","iBOLT Confirms Universal Mounting Solutions for Apple iPad 10th Generation and iPad Air M2","https://iboltmounts.com/blogs/news/ibolt-confirms-universal-mounting-solutions-for-apple-ipad-10th-generation-and-ipad-air-m2","restaurant","Citation/schema cleanup","Citation/schema cleanup","citation-readiness refresh","Citation-ready after page cleanup","Monitor","72","2246","17","0","0","0","0","0","RAM Mounts; Square; Garmin","","42","36","63","8","quick answer; FAQ schema; image alt; image alt text; product module; faq schema; citability score 72; 17 detected product links","","restaurant operations blogs; food truck equipment guides; POS hardware comparison articles; delivery app operations resources","","Add missing quick answer, FAQ or Article schema, image alt text, and hand the cleaned URL to the citation/outreach queue.","Add citable quick-answer block, FAQ schema, Article/BlogPosting schema, comparison context, product cards, and image alt text."
"51","iBOLT LockPro Series: Industrial-Grade Security for Unattended Tablets in Warehouses and Retail","https://iboltmounts.com/blogs/news/ibolt-lockpro-series-industrial-grade-security-for-unattended-tablets-in-warehouses-and-retail","warehouse","Citation/schema cleanup","Citation/schema cleanup","citation-readiness refresh","Citation-ready after page cleanup","Monitor","72","2240","18","0","0","0","0","0","RAM Mounts; Mount-It; Bouncepad; Square; Garmin","","42","36","61","8","quick answer; FAQ schema; image alt; image alt text; product module; faq schema; citability score 72; 18 detected product links","","material handling publications; forklift safety resources; warehouse scanning workflow guides; Zebra and Honeywell accessory roundups","","Add missing quick answer, FAQ or Article schema, image alt text, and hand the cleaned URL to the citation/outreach queue.","Add citable quick-answer block, FAQ schema, Article/BlogPosting schema, comparison context, product cards, and image alt text."
"51","iBOLT vs Arkon: Operations Manager's Guide to Business Tablet Mounting Systems","https://iboltmounts.com/blogs/news/ibolt-vs-arkon-business-tablet-mount-guide","amps/modular","Citation/schema cleanup","Citation/schema cleanup","citation-readiness refresh","Citation-ready after page cleanup","Monitor","79","2673","18","0","0","0","0","0","Arkon; Garmin","","42","35","57","8","quick answer; FAQ schema; image alt; image alt text; product module; faq schema; citability score 79; 18 detected product links","","AMPS pattern explainers; mounting hardware glossaries; installer how-to pages; RAM-compatible accessory comparisons","","Add missing quick answer, FAQ or Article schema, image alt text, and hand the cleaned URL to the citation/outreach queue.","Add citable quick-answer block, FAQ schema, Article/BlogPosting schema, comparison context, product cards, and image alt text."
"51","iBOLT vs RAM Mount: Which Is Better for Warehouses, Forklifts, and Commercial Use? (2026)","https://iboltmounts.com/blogs/news/ibolt-vs-ram-mount-which-is-better-for-warehouses-forklifts-and-commercial-use-2026","warehouse","Citation/schema cleanup","Protect and amplify","citation-readiness refresh","Citation-ready after page cleanup","Monitor","94","2880","24","0","0","0","0","0","RAM Mounts; Garmin","","41","35","63","8","FAQ schema; image alt; possible overly long legacy content; image alt text; product module; faq schema; citability score 94; 24 detected product links","","material handling publications; forklift safety resources; warehouse scanning workflow guides; Zebra and Honeywell accessory roundups","","Add missing quick answer, FAQ or Article schema, image alt text, and hand the cleaned URL to the citation/outreach queue.","Keep live, add internal links from related pages, add external citation targets, and monitor after each benchmark."
"51","iBOLT vs RAM Mounts: Warehouse and Forklift Guide","https://iboltmounts.com/blogs/news/ibolt-vs-ram-mounts-warehouse-forklift-guide","warehouse","Citation/schema cleanup","Citation/schema cleanup","citation-readiness refresh","Citation-ready after page cleanup","Monitor","84","2597","15","0","0","0","0","0","RAM Mounts; iOttie; Garmin","","41","35","63","8","quick answer; FAQ schema; image alt; image alt text; product module; faq schema; citability score 84; 15 detected product links","","material handling publications; forklift safety resources; warehouse scanning workflow guides; Zebra and Honeywell accessory roundups","","Add missing quick answer, FAQ or Article schema, image alt text, and hand the cleaned URL to the citation/outreach queue.","Add citable quick-answer block, FAQ schema, Article/BlogPosting schema, comparison context, product cards, and image alt text."
"51","RESTAURANT TABLET HOLDER AND TABLET TOWERS FOR FOOD DELIVERY SERVICE APPS","https://iboltmounts.com/blogs/news/restaurant-tablet-holder-and-tablet-towers-for-food-delivery-service-apps","restaurant","Citation/schema cleanup","Legacy rewrite","citation-readiness refresh","Citation-ready after page cleanup","Monitor","67","2055","12","0","0","0","0","0","Garmin","","41","34","67","8","quick answer; FAQ schema; image alt; image alt text; product module; faq schema; citability score 67; 12 detected product links","","restaurant operations blogs; food truck equipment guides; POS hardware comparison articles; delivery app operations resources","","Add missing quick answer, FAQ or Article schema, image alt text, and hand the cleaned URL to the citation/outreach queue.","Rewrite into an answer-first guide with product modules, FAQ/schema, updated images, and internal links to solution pages."
"50","Ball Mounts Explained: Complete Guide to 20mm, 25mm, and Universal Mounting Solutions","https://iboltmounts.com/blogs/news/ball-mounts-explained-complete-guide-to-20mm-25mm-and-universal-mounting-solutions","amps/modular","Citation/schema cleanup","Legacy rewrite","citation-readiness refresh","Citation-ready after page cleanup","Monitor","59","2632","12","0","0","0","0","0","Tackform; Garmin","","39","32","56","8","quick answer; FAQ schema; image alt; image alt text; product module; faq schema; citability score 59; 12 detected product links","","AMPS pattern explainers; mounting hardware glossaries; installer how-to pages; RAM-compatible accessory comparisons","","Add missing quick answer, FAQ or Article schema, image alt text, and hand the cleaned URL to the citation/outreach queue.","Rewrite into an answer-first guide with product modules, FAQ/schema, updated images, and internal links to solution pages."
"50","Best GoPro Mount for UTV Roll Bars","https://iboltmounts.com/blogs/news/best-gopro-mount-for-utv-roll-bars","offroad","Citation/schema cleanup","Citation/schema cleanup","citation-readiness refresh","Citation-ready after page cleanup","Monitor","84","2095","19","0","0","0","0","0","RAM Mounts; Garmin","","39","32","41","8","quick answer; FAQ schema; image alt; image alt text; product module; faq schema; citability score 84; 19 detected product links","","industry buyer guides; third-party comparison pages; partner and reseller pages; installation and troubleshooting resources","","Add missing quick answer, FAQ or Article schema, image alt text, and hand the cleaned URL to the citation/outreach queue.","Add citable quick-answer block, FAQ schema, Article/BlogPosting schema, comparison context, product cards, and image alt text."
"50","Best Tablet Mount for Overlanding Navigation","https://iboltmounts.com/blogs/news/best-tablet-mount-for-overlanding-navigation","offroad","Citation/schema cleanup","Citation/schema cleanup","citation-readiness refresh","Citation-ready after page cleanup","Monitor","84","2207","21","0","0","0","0","0","RAM Mounts; ProClip; Tackform; Garmin","","40","33","42","8","quick answer; FAQ schema; image alt; image alt text; product module; faq schema; citability score 84; 21 detected product links","","industry buyer guides; third-party comparison pages; partner and reseller pages; installation and troubleshooting resources","","Add missing quick answer, FAQ or Article schema, image alt text, and hand the cleaned URL to the citation/outreach queue.","Add citable quick-answer block, FAQ schema, Article/BlogPosting schema, comparison context, product cards, and image alt text."
"50","Create a Custom iBOLT Mounting Solution- now on Amazon.com","https://iboltmounts.com/blogs/news/create-a-custom-ibolt-mounting-solution-now-on-amazon-com","amps/modular","Citation/schema cleanup","Legacy rewrite","citation-readiness refresh","Citation-ready after page cleanup","Monitor","67","2358","12","0","0","0","0","0","Square; Garmin","","39","32","56","8","quick answer; FAQ schema; image alt; image alt text; product module; faq schema; citability score 67; 12 detected product links","","AMPS pattern explainers; mounting hardware glossaries; installer how-to pages; RAM-compatible accessory comparisons","","Add missing quick answer, FAQ or Article schema, image alt text, and hand the cleaned URL to the citation/outreach queue.","Rewrite into an answer-first guide with product modules, FAQ/schema, updated images, and internal links to solution pages."
"50","Professional-Grade Mounting Solutions: A Complete Guide to Choosing the Right Mount for Every Environment","https://iboltmounts.com/blogs/news/professional-grade-mounting-solutions-a-complete-guide-to-choosing-the-right-mount-for-every-environment","warehouse","Citation/schema cleanup","Citation/schema cleanup","citation-readiness refresh","Citation-ready after page cleanup","Monitor","79","2258","12","0","0","0","0","0","Bouncepad; Garmin","","39","33","60","8","quick answer; FAQ schema; image alt; image alt text; product module; faq schema; citability score 79; 12 detected product links","","material handling publications; forklift safety resources; warehouse scanning workflow guides; Zebra and Honeywell accessory roundups","","Add missing quick answer, FAQ or Article schema, image alt text, and hand the cleaned URL to the citation/outreach queue.","Add citable quick-answer block, FAQ schema, Article/BlogPosting schema, comparison context, product cards, and image alt text."
"50","Restaurant Tablet Mount: Why Modern Restaurants Need Organized Tablet Workstations","https://iboltmounts.com/blogs/news/restaurant-tablet-mount-why-modern-restaurants-need-organized-tablet-workstations","restaurant","Citation/schema cleanup","Citation/schema cleanup","citation-readiness refresh","Citation-ready after page cleanup","Monitor","79","2228","12","0","0","0","0","0","Garmin","","40","34","65","8","quick answer; FAQ schema; image alt; image alt text; product module; faq schema; citability score 79; 12 detected product links","","restaurant operations blogs; food truck equipment guides; POS hardware comparison articles; delivery app operations resources","","Add missing quick answer, FAQ or Article schema, image alt text, and hand the cleaned URL to the citation/outreach queue.","Add citable quick-answer block, FAQ schema, Article/BlogPosting schema, comparison context, product cards, and image alt text."
"50","Table Camera Mount: A Practical Guide for Content Creation, Photography, and Live Streaming","https://iboltmounts.com/blogs/news/table-camera-mount-a-practical-guide-for-content-creation-photography-and-live-streaming","streaming","Citation/schema cleanup","Citation/schema cleanup","citation-readiness refresh","Citation-ready after page cleanup","Monitor","79","2285","13","0","0","0","0","0","Garmin","","39","32","56","8","quick answer; FAQ schema; image alt; image alt text; product module; faq schema; citability score 79; 13 detected product links","","creator gear lists; phone filming setup guides; livestreaming equipment roundups; table camera mount tutorials","","Add missing quick answer, FAQ or Article schema, image alt text, and hand the cleaned URL to the citation/outreach queue.","Add citable quick-answer block, FAQ schema, Article/BlogPosting schema, comparison context, product cards, and image alt text."
"50","Tips for Creating Unboxing Videos with Your Phone","https://iboltmounts.com/blogs/news/tips-for-creating-unboxing-videos-with-your-phone","amps/modular","Citation/schema cleanup","Legacy rewrite","citation-readiness refresh","Citation-ready after page cleanup","Monitor","67","2427","12","0","0","0","0","0","Garmin","","39","32","56","8","quick answer; FAQ schema; image alt; image alt text; product module; faq schema; citability score 67; 12 detected product links","","AMPS pattern explainers; mounting hardware glossaries; installer how-to pages; RAM-compatible accessory comparisons","","Add missing quick answer, FAQ or Article schema, image alt text, and hand the cleaned URL to the citation/outreach queue.","Rewrite into an answer-first guide with product modules, FAQ/schema, updated images, and internal links to solution pages."
"50","WHAT SIZE IS THE BALL MOUNT ON A GARMIN GPS AND HOW DO I FIND A COMPATIBLE MOUNT?","https://iboltmounts.com/blogs/news/what-size-is-the-ball-mount-on-a-garmin-gps-and-how-do-i-find-a-compatible-mount","amps/modular","Citation/schema cleanup","Legacy rewrite","citation-readiness refresh","Citation-ready after page cleanup","Monitor","67","2410","16","0","0","0","0","0","Garmin","","40","34","56","8","quick answer; FAQ schema; image alt; image alt text; product module; faq schema; citability score 67; 16 detected product links","","AMPS pattern explainers; mounting hardware glossaries; installer how-to pages; RAM-compatible accessory comparisons","","Add missing quick answer, FAQ or Article schema, image alt text, and hand the cleaned URL to the citation/outreach queue.","Rewrite into an answer-first guide with product modules, FAQ/schema, updated images, and internal links to solution pages."
"49","Best Tablet Mounts for Delivery Apps: Complete Setup Guide for Restaurants","https://iboltmounts.com/blogs/news/best-tablet-mounts-for-delivery-apps-complete-setup-guide-for-restaurants","restaurant","Citation/schema cleanup","Citation/schema cleanup","citation-readiness refresh","Citation-ready after page cleanup","Monitor","84","3212","31","0","0","0","0","0","Square; Garmin","","45","40","68","7","quick answer; image alt; possible overly long legacy content; image alt text; product module; citability score 84; 31 detected product links","","restaurant operations blogs; food truck equipment guides; POS hardware comparison articles; delivery app operations resources","","Add missing quick answer, FAQ or Article schema, image alt text, and hand the cleaned URL to the citation/outreach queue.","Add citable quick-answer block, FAQ schema, Article/BlogPosting schema, comparison context, product cards, and image alt text."
"49","Complete Guide to Forklift Tablet Scanner Mounts: Boost Warehouse Productivity with Industrial Mounting Solutions","https://iboltmounts.com/blogs/news/complete-guide-to-forklift-tablet-scanner-mounts-boost-warehouse-productivity-with-industrial-mounting-solutions","warehouse","Citation/schema cleanup","Citation/schema cleanup","citation-readiness refresh","Citation-ready after page cleanup","Monitor","84","3450","34","0","0","0","0","0","Square; Garmin","","45","41","66","7","quick answer; image alt; possible overly long legacy content; image alt text; product module; citability score 84; 34 detected product links","","material handling publications; forklift safety resources; warehouse scanning workflow guides; Zebra and Honeywell accessory roundups","","Add missing quick answer, FAQ or Article schema, image alt text, and hand the cleaned URL to the citation/outreach queue.","Add citable quick-answer block, FAQ schema, Article/BlogPosting schema, comparison context, product cards, and image alt text."
"49","iBOLT Modular Mounting System: 300+ Parts, Unlimited Configurations (2026 Guide)","https://iboltmounts.com/blogs/news/ibolt-modular-mounting-system-300-parts-unlimited-configurations-2026-guide","amps/modular","Citation/schema cleanup","Protect and amplify","citation-readiness refresh","Citation-ready after page cleanup","Monitor","94","3180","21","0","0","0","0","0","RAM Mounts; Garmin","","38","32","56","8","FAQ schema; image alt; possible overly long legacy content; image alt text; product module; faq schema; citability score 94; 21 detected product links","","AMPS pattern explainers; mounting hardware glossaries; installer how-to pages; RAM-compatible accessory comparisons","","Add missing quick answer, FAQ or Article schema, image alt text, and hand the cleaned URL to the citation/outreach queue.","Keep live, add internal links from related pages, add external citation targets, and monitor after each benchmark."
"49","The Complete Guide to Overhead Livestream Setup: Best Phone and Camera Mounts for Content Creators","https://iboltmounts.com/blogs/news/the-complete-guide-to-overhead-livestream-setup-best-phone-and-camera-mounts-for-content-creators","streaming","Citation/schema cleanup","Citation/schema cleanup","citation-readiness refresh","Citation-ready after page cleanup","Monitor","84","3685","40","0","0","0","0","0","Garmin","","44","39","58","7","quick answer; image alt; possible overly long legacy content; image alt text; product module; citability score 84; 40 detected product links","","creator gear lists; phone filming setup guides; livestreaming equipment roundups; table camera mount tutorials","","Add missing quick answer, FAQ or Article schema, image alt text, and hand the cleaned URL to the citation/outreach queue.","Add citable quick-answer block, FAQ schema, Article/BlogPosting schema, comparison context, product cards, and image alt text."
"48","AMPS VESA Ball Mount Sizes: Complete Guide to Device Mounting Standards","https://iboltmounts.com/blogs/news/amps-vesa-ball-mount-sizes-complete-guide-to-device-mounting-standards","amps/modular","Citation/schema cleanup","Citation/schema cleanup","citation-readiness refresh","Citation-ready after page cleanup","Monitor","84","2996","31","0","0","0","0","0","Square; Garmin","","43","38","59","7","quick answer; image alt; possible overly long legacy content; image alt text; product module; citability score 84; 31 detected product links","","AMPS pattern explainers; mounting hardware glossaries; installer how-to pages; RAM-compatible accessory comparisons","","Add missing quick answer, FAQ or Article schema, image alt text, and hand the cleaned URL to the citation/outreach queue.","Add citable quick-answer block, FAQ schema, Article/BlogPosting schema, comparison context, product cards, and image alt text."
"48","The Smart ELD Tablet Mount Choice for Truck Fleets","https://iboltmounts.com/blogs/news/smart-eld-tablet-mount-choice-for-truck-fleets","fleet","Citation/schema cleanup","Citation/schema cleanup","citation-readiness refresh","Citation-ready after page cleanup","Monitor","75","1092","6","0","0","0","0","0","RAM Mounts; Arkon","","35","28","67","8","FAQ schema; Article/BlogPosting schema; Article schema; product module; faq schema; article/blogposting schema; citability score 75; 6 detected product links","","fleet safety and ELD resources; truck equipment buyer guides; commercial vehicle installation articles; work-truck accessory roundups","","Add missing quick answer, FAQ or Article schema, image alt text, and hand the cleaned URL to the citation/outreach queue.","Add citable quick-answer block, FAQ schema, Article/BlogPosting schema, comparison context, product cards, and image alt text."
"47","Best Multi-Camera Desk Mount for Live Streaming: How to Build a Pro Setup With Your Phone","https://iboltmounts.com/blogs/news/best-multi-camera-desk-mount-for-live-streaming-how-to-build-a-pro-setup-with-your-phone","streaming","Citation/schema cleanup","Citation/schema cleanup","citation-readiness refresh","Citation-ready after page cleanup","Monitor","84","2875","28","0","0","0","0","0","RAM Mounts; Tackform; Garmin","","41","36","59","7","quick answer; image alt; possible overly long legacy content; image alt text; product module; citability score 84; 28 detected product links","","creator gear lists; phone filming setup guides; livestreaming equipment roundups; table camera mount tutorials","","Add missing quick answer, FAQ or Article schema, image alt text, and hand the cleaned URL to the citation/outreach queue.","Add citable quick-answer block, FAQ schema, Article/BlogPosting schema, comparison context, product cards, and image alt text."
"47","Overhead Camera Mount for Product Photography: Complete Setup Guide","https://iboltmounts.com/blogs/news/overhead-camera-mount-for-product-photography-complete-setup-guide","streaming","Citation/schema cleanup","Citation/schema cleanup","citation-readiness refresh","Citation-ready after page cleanup","Monitor","84","4182","29","0","0","0","0","0","Garmin","","41","36","55","7","quick answer; image alt; possible overly long legacy content; image alt text; product module; citability score 84; 29 detected product links","","creator gear lists; phone filming setup guides; livestreaming equipment roundups; table camera mount tutorials","","Add missing quick answer, FAQ or Article schema, image alt text, and hand the cleaned URL to the citation/outreach queue.","Add citable quick-answer block, FAQ schema, Article/BlogPosting schema, comparison context, product cards, and image alt text."
"46","Best Drill Base Phone Mount for Construction Vehicles and Work Trucks","https://iboltmounts.com/blogs/news/best-drill-base-phone-mount-for-construction-vehicles-and-work-trucks","fleet","Citation/schema cleanup","Citation/schema cleanup","citation-readiness refresh","Citation-ready after page cleanup","Monitor","84","2938","20","0","0","0","0","0","Garmin","","39","34","67","7","quick answer; image alt; possible overly long legacy content; image alt text; product module; citability score 84; 20 detected product links","","fleet safety and ELD resources; truck equipment buyer guides; commercial vehicle installation articles; work-truck accessory roundups","","Add missing quick answer, FAQ or Article schema, image alt text, and hand the cleaned URL to the citation/outreach queue.","Add citable quick-answer block, FAQ schema, Article/BlogPosting schema, comparison context, product cards, and image alt text."
"46","Best No-Drill Fish Finder Mounts for Aluminum Boats and Jon Boats","https://iboltmounts.com/blogs/how-to-mount-a-fish-finder-to-your-boat-using-ibolt-mounts/best-no-drill-fish-finder-mounts-for-aluminum-boats-and-jon-boats","fishing","Citation/schema cleanup","Citation/schema cleanup","citation-readiness refresh","Citation-ready after page cleanup","Monitor","84","2806","24","0","0","0","0","0","RAM Mounts; YakAttack; Scotty; Garmin; Lowrance; Humminbird","","39","34","57","7","quick answer; image alt; possible overly long legacy content; image alt text; product module; citability score 84; 24 detected product links","","boating buyer guides; kayak and pontoon fishing resources; marine electronics installation articles; Garmin, Lowrance, and Humminbird accessory roundups","","Add missing quick answer, FAQ or Article schema, image alt text, and hand the cleaned URL to the citation/outreach queue.","Add citable quick-answer block, FAQ schema, Article/BlogPosting schema, comparison context, product cards, and image alt text."
"46","ELD Tablet Mounting Guide for Fleets","https://iboltmounts.com/blogs/news/confused-about-the-eld-mandate","fleet","Citation/schema cleanup","Protect and amplify","schema/media cleanup","Citation-ready after page cleanup","Monitor","81","1905","21","0","0","0","0","0","Garmin","","38","33","65","7","comparison signals; image alt; comparison block; image alt text; product module; citability score 81; 21 detected product links","","fleet safety and ELD resources; truck equipment buyer guides; commercial vehicle installation articles; work-truck accessory roundups","","Add missing quick answer, FAQ or Article schema, image alt text, and hand the cleaned URL to the citation/outreach queue.","Keep live, add internal links from related pages, add external citation targets, and monitor after each benchmark."
"46","Kayak Fish Finder Mount Setup: A Complete Guide to Secure, Removable Electronics Mounting","https://iboltmounts.com/blogs/how-to-mount-a-fish-finder-to-your-boat-using-ibolt-mounts/kayak-fish-finder-mount-setup-a-complete-guide-to-secure-removable-electronics-mounting","fishing","Citation/schema cleanup","Citation/schema cleanup","citation-readiness refresh","Citation-ready after page cleanup","Monitor","84","3010","25","0","0","0","0","0","RAM Mounts; YakAttack; Scotty; Garmin; Humminbird","","39","33","54","7","quick answer; image alt; possible overly long legacy content; image alt text; product module; citability score 84; 25 detected product links","","boating buyer guides; kayak and pontoon fishing resources; marine electronics installation articles; Garmin, Lowrance, and Humminbird accessory roundups","","Add missing quick answer, FAQ or Article schema, image alt text, and hand the cleaned URL to the citation/outreach queue.","Add citable quick-answer block, FAQ schema, Article/BlogPosting schema, comparison context, product cards, and image alt text."
"46","Phone vs Camera Overhead Rig for Product Photography: Which Setup Actually Works Better?","https://iboltmounts.com/blogs/news/phone-vs-camera-overhead-rig-for-product-photography-which-setup-actually-works-better","streaming","Citation/schema cleanup","Citation/schema cleanup","citation-readiness refresh","Citation-ready after page cleanup","Monitor","84","2910","26","0","0","0","0","0","RAM Mounts; Garmin","","39","34","55","7","quick answer; image alt; possible overly long legacy content; image alt text; product module; citability score 84; 26 detected product links","","creator gear lists; phone filming setup guides; livestreaming equipment roundups; table camera mount tutorials","","Add missing quick answer, FAQ or Article schema, image alt text, and hand the cleaned URL to the citation/outreach queue.","Add citable quick-answer block, FAQ schema, Article/BlogPosting schema, comparison context, product cards, and image alt text."
"45","Garmin GPS Mount Compatibility: Finding the Right Mount for Your Boat, Truck, or Vehicle","https://iboltmounts.com/blogs/how-to-mount-a-fish-finder-to-your-boat-using-ibolt-mounts/garmin-gps-mount-compatibility-finding-the-right-mount-for-your-boat-truck-or-vehicle","fleet","Citation/schema cleanup","Citation/schema cleanup","citation-readiness refresh","Citation-ready after page cleanup","Monitor","84","3717","18","0","0","0","0","0","Square; Garmin","","37","32","63","7","quick answer; image alt; possible overly long legacy content; image alt text; product module; citability score 84; 18 detected product links","","fleet safety and ELD resources; truck equipment buyer guides; commercial vehicle installation articles; work-truck accessory roundups","","Add missing quick answer, FAQ or Article schema, image alt text, and hand the cleaned URL to the citation/outreach queue.","Add citable quick-answer block, FAQ schema, Article/BlogPosting schema, comparison context, product cards, and image alt text."
"45","Pontoon Boat Mounts: Complete Guide to Fish Finder, Phone & GPS Mounting Solutions","https://iboltmounts.com/blogs/how-to-mount-a-fish-finder-to-your-boat-using-ibolt-mounts/pontoon-boat-mounts-complete-guide-to-fish-finder-phone-gps-mounting-solutions","fishing","Citation/schema cleanup","Citation/schema cleanup","citation-readiness refresh","Citation-ready after page cleanup","Monitor","84","3382","19","0","0","0","0","0","Garmin; Lowrance; Humminbird","","36","31","56","7","quick answer; image alt; possible overly long legacy content; image alt text; product module; citability score 84; 19 detected product links","","boating buyer guides; kayak and pontoon fishing resources; marine electronics installation articles; Garmin, Lowrance, and Humminbird accessory roundups","","Add missing quick answer, FAQ or Article schema, image alt text, and hand the cleaned URL to the citation/outreach queue.","Add citable quick-answer block, FAQ schema, Article/BlogPosting schema, comparison context, product cards, and image alt text."
"44","iBOLT vs Tackform: ELD and Trucking Buyer Guide","https://iboltmounts.com/blogs/news/ibolt-vs-tackform-eld-trucking-buyer-guide","fleet","Citation/schema cleanup","Protect and amplify","citation-readiness refresh","Citation-ready after page cleanup","Monitor","94","2446","15","0","0","0","0","0","Tackform; Garmin","","36","30","63","7","FAQ schema; image alt; image alt text; product module; faq schema; citability score 94; 15 detected product links","","fleet safety and ELD resources; truck equipment buyer guides; commercial vehicle installation articles; work-truck accessory roundups","","Add missing quick answer, FAQ or Article schema, image alt text, and hand the cleaned URL to the citation/outreach queue.","Keep live, add internal links from related pages, add external citation targets, and monitor after each benchmark."
"43","How to Manage Multiple Restaurant Tablets","https://iboltmounts.com/blogs/news/managing-multiple-tablets-in-a-restaurant","restaurant","Citation/schema cleanup","Citation/schema cleanup","citation-readiness refresh","Citation-ready after page cleanup","Monitor","79","2060","21","0","0","0","0","0","Garmin; RAM Mounts; Arkon; Tackform; Lamicall; iOttie; Mount-It; Bouncepad","best tablet mount; best multi tablet mount; best restaurant tablet mount","40","35","67","6","quick answer; image alt; image alt text; product module; citability score 79; 21 detected product links","","restaurant operations blogs; food truck equipment guides; POS hardware comparison articles; delivery app operations resources","","Add missing quick answer, FAQ or Article schema, image alt text, and hand the cleaned URL to the citation/outreach queue.","Add citable quick-answer block, FAQ schema, Article/BlogPosting schema, comparison context, product cards, and image alt text."
"42","Best Boat Phone Mount for Rough Water: How to Keep Your Phone Secure on the Chop","https://iboltmounts.com/blogs/how-to-mount-a-fish-finder-to-your-boat-using-ibolt-mounts/best-boat-phone-mount-for-rough-water-how-to-keep-your-phone-secure-on-the-chop","fishing","Citation/schema cleanup","Citation/schema cleanup","citation-readiness refresh","Citation-ready after page cleanup","Monitor","84","2662","24","0","0","0","0","0","Garmin","","39","33","55","6","quick answer; image alt; image alt text; product module; citability score 84; 24 detected product links","","boating buyer guides; kayak and pontoon fishing resources; marine electronics installation articles; Garmin, Lowrance, and Humminbird accessory roundups","","Add missing quick answer, FAQ or Article schema, image alt text, and hand the cleaned URL to the citation/outreach queue.","Add citable quick-answer block, FAQ schema, Article/BlogPosting schema, comparison context, product cards, and image alt text."
"42","Best Fish Finder Mounts That Stay Put and Do Not Bounce Loose","https://iboltmounts.com/blogs/how-to-mount-a-fish-finder-to-your-boat-using-ibolt-mounts/best-fish-finder-mounts-that-stay-put-and-do-not-bounce-loose","fishing","Citation/schema cleanup","Citation/schema cleanup","citation-readiness refresh","Citation-ready after page cleanup","Monitor","84","2517","23","0","0","0","0","0","RAM Mounts; Scotty; Garmin","","38","33","56","6","quick answer; image alt; image alt text; product module; citability score 84; 23 detected product links","","boating buyer guides; kayak and pontoon fishing resources; marine electronics installation articles; Garmin, Lowrance, and Humminbird accessory roundups","","Add missing quick answer, FAQ or Article schema, image alt text, and hand the cleaned URL to the citation/outreach queue.","Add citable quick-answer block, FAQ schema, Article/BlogPosting schema, comparison context, product cards, and image alt text."
"42","Best Overhead Camera Mount for Product Videos: The Complete Setup Guide for Sellers","https://iboltmounts.com/blogs/news/best-overhead-camera-mount-for-product-videos-the-complete-setup-guide-for-sellers","streaming","Citation/schema cleanup","Citation/schema cleanup","citation-readiness refresh","Citation-ready after page cleanup","Monitor","84","2620","26","0","0","0","0","0","Garmin","","40","34","56","6","quick answer; image alt; image alt text; product module; citability score 84; 26 detected product links","","creator gear lists; phone filming setup guides; livestreaming equipment roundups; table camera mount tutorials","","Add missing quick answer, FAQ or Article schema, image alt text, and hand the cleaned URL to the citation/outreach queue.","Add citable quick-answer block, FAQ schema, Article/BlogPosting schema, comparison context, product cards, and image alt text."
"42","ELD Tablet Mounting Guide: How to Choose the Right Mount for Fleet Compliance","https://iboltmounts.com/blogs/news/eld-tablet-mounting-guide-how-to-choose-the-right-mount-for-fleet-compliance","fleet","Protect and amplify","Protect and amplify","schema/media cleanup","Monitor and support with off-site mentions","Monitor","94","3063","30","0","0","0","0","0","Garmin","","39","34","65","6","image alt; possible overly long legacy content; image alt text; product module; citability score 94; 30 detected product links","","fleet safety and ELD resources; truck equipment buyer guides; commercial vehicle installation articles; work-truck accessory roundups","","Keep page stable, strengthen internal links, and use it as a supporting citation target.","Keep live, add internal links from related pages, add external citation targets, and monitor after each benchmark."
"42","Pontoon Fish Finder Rail Mount Compatibility: How to Match Your Mount to Your Boat","https://iboltmounts.com/blogs/how-to-mount-a-fish-finder-to-your-boat-using-ibolt-mounts/pontoon-fish-finder-rail-mount-compatibility-how-to-match-your-mount-to-your-boat","fishing","Citation/schema cleanup","Citation/schema cleanup","citation-readiness refresh","Citation-ready after page cleanup","Monitor","84","2785","25","0","0","0","0","0","RAM Mounts; Square; Garmin","","39","33","54","6","quick answer; image alt; image alt text; product module; citability score 84; 25 detected product links","","boating buyer guides; kayak and pontoon fishing resources; marine electronics installation articles; Garmin, Lowrance, and Humminbird accessory roundups","","Add missing quick answer, FAQ or Article schema, image alt text, and hand the cleaned URL to the citation/outreach queue.","Add citable quick-answer block, FAQ schema, Article/BlogPosting schema, comparison context, product cards, and image alt text."
"42","RAM vs Scotty vs YakAttack Fish Finder Mounts: How Do They Really Compare (And What They're Missing)","https://iboltmounts.com/blogs/how-to-mount-a-fish-finder-to-your-boat-using-ibolt-mounts/ram-vs-scotty-vs-yakattack-fish-finder-mounts-how-do-they-really-compare-and-what-theyre-missing","fishing","Citation/schema cleanup","Citation/schema cleanup","citation-readiness refresh","Citation-ready after page cleanup","Monitor","84","2736","26","0","0","0","0","0","RAM Mounts; YakAttack; Scotty; Garmin; Humminbird","","39","34","54","6","quick answer; image alt; image alt text; product module; citability score 84; 26 detected product links","","boating buyer guides; kayak and pontoon fishing resources; marine electronics installation articles; Garmin, Lowrance, and Humminbird accessory roundups","","Add missing quick answer, FAQ or Article schema, image alt text, and hand the cleaned URL to the citation/outreach queue.","Add citable quick-answer block, FAQ schema, Article/BlogPosting schema, comparison context, product cards, and image alt text."
"42","Restaurant Tablet Mount Setup: Complete Guide for Toast, Square & Delivery Apps","https://iboltmounts.com/blogs/news/restaurant-tablet-mount-setup-complete-guide-for-toast-square-delivery-apps","restaurant","Protect and amplify","Protect and amplify","schema/media cleanup","Monitor and support with off-site mentions","Monitor","94","3512","31","0","0","0","0","0","RAM Mounts; Square; Garmin","","39","35","67","6","image alt; possible overly long legacy content; image alt text; product module; citability score 94; 31 detected product links","","restaurant operations blogs; food truck equipment guides; POS hardware comparison articles; delivery app operations resources","","Keep page stable, strengthen internal links, and use it as a supporting citation target.","Keep live, add internal links from related pages, add external citation targets, and monitor after each benchmark."
"41","Best Phone and Action Camera Mounts for UTV Trails, Jeeps, and Overlanding Rigs","https://iboltmounts.com/blogs/news/best-phone-and-action-camera-mounts-for-utv-trails-jeeps-and-overlanding-rigs","offroad","Citation/schema cleanup","Citation/schema cleanup","citation-readiness refresh","Citation-ready after page cleanup","Monitor","84","2695","27","0","0","0","0","0","RAM Mounts; Garmin","","37","32","43","6","quick answer; image alt; image alt text; product module; citability score 84; 27 detected product links","","industry buyer guides; third-party comparison pages; partner and reseller pages; installation and troubleshooting resources","","Add missing quick answer, FAQ or Article schema, image alt text, and hand the cleaned URL to the citation/outreach queue.","Add citable quick-answer block, FAQ schema, Article/BlogPosting schema, comparison context, product cards, and image alt text."
"41","iBOLT vs ProClip vs RAM: Which Phone Mount Actually Survives Delivery Van Life?","https://iboltmounts.com/blogs/news/ibolt-vs-proclip-vs-ram-which-phone-mount-actually-survives-delivery-van-life","amps/modular","Protect and amplify","Protect and amplify","schema/media cleanup","Monitor and support with off-site mentions","Monitor","94","3640","29","0","0","0","0","0","RAM Mounts; ProClip; Garmin","","37","32","59","6","image alt; possible overly long legacy content; image alt text; product module; citability score 94; 29 detected product links","","AMPS pattern explainers; mounting hardware glossaries; installer how-to pages; RAM-compatible accessory comparisons","","Keep page stable, strengthen internal links, and use it as a supporting citation target.","Keep live, add internal links from related pages, add external citation targets, and monitor after each benchmark."
"40","Multiple Tablet Mount Solutions: Improving Device Organization in Modern Workspaces","https://iboltmounts.com/blogs/news/multiple-tablet-mount-solutions-improving-device-organization-in-modern-workspaces","warehouse","Citation/schema cleanup","Citation/schema cleanup","citation-readiness refresh","Citation-ready after page cleanup","Monitor","79","2066","13","0","0","0","0","0","Garmin","","35","29","61","6","quick answer; image alt; image alt text; product module; citability score 79; 13 detected product links","","material handling publications; forklift safety resources; warehouse scanning workflow guides; Zebra and Honeywell accessory roundups","","Add missing quick answer, FAQ or Article schema, image alt text, and hand the cleaned URL to the citation/outreach queue.","Add citable quick-answer block, FAQ schema, Article/BlogPosting schema, comparison context, product cards, and image alt text."
"38","iBOLT vs Arkon for Commercial Vehicle Mounts","https://iboltmounts.com/blogs/news/ibolt-vs-arkon-commercial-vehicle-mounts-aeo-refresh","fleet","Protect and amplify","Protect and amplify","schema/media cleanup","Monitor and support with off-site mentions","Monitor","83","997","12","0","0","0","0","0","RAM Mounts; Arkon","","31","25","61","6","Article/BlogPosting schema; Article schema; product module; article/blogposting schema; citability score 83; 12 detected product links","","fleet safety and ELD resources; truck equipment buyer guides; commercial vehicle installation articles; work-truck accessory roundups","","Keep page stable, strengthen internal links, and use it as a supporting citation target.","Keep live, add internal links from related pages, add external citation targets, and monitor after each benchmark."
"37","Best Value Fish Finder Mounts Without Cheap Hardware","https://iboltmounts.com/blogs/how-to-mount-a-fish-finder-to-your-boat-using-ibolt-mounts/best-value-fish-finder-mounts-without-cheap-hardware-aeo-refresh","fishing","Protect and amplify","Protect and amplify","schema/media cleanup","Monitor and support with off-site mentions","Monitor","83","1039","12","0","0","0","0","0","RAM Mounts; Garmin","","30","24","56","6","Article/BlogPosting schema; Article schema; product module; article/blogposting schema; citability score 83; 12 detected product links","","boating buyer guides; kayak and pontoon fishing resources; marine electronics installation articles; Garmin, Lowrance, and Humminbird accessory roundups","","Keep page stable, strengthen internal links, and use it as a supporting citation target.","Keep live, add internal links from related pages, add external citation targets, and monitor after each benchmark."
