"body_score","opportunity_score","opportunity_band","title","url","category","word_count","headings","product_links","cart_links","product_link_density","add_to_cart_density","blog_links","collection_links","external_links","images","missing_alt","quick_answer_near_top","faq_present","faq_near_bottom","comparison_present","product_module_likely","has_faq_schema","has_article_schema","ai_explainer_sections","markdown_table_leak","primary_competitor","retest_wave","top_fix","issues","h2_preview","source_status","public_fetch_error","source_note"
"84","93","A: edit first","Best Restaurant Tablet Mount in 2026: POS Stands, Delivery App Stations, and Multi-Tablet Solutions Compared","https://iboltmounts.com/blogs/news/best-restaurant-tablet-mount-in-2026-pos-stands-delivery-app-stations-and-multi-tablet-solutions-compared","restaurant","2881","10","30","0","10","0","7","167","16","8","1","false","true","true","true","true","true","true","","false","RAM Mounts","R02 W2 top-page mention recovery","missing early quick answer","missing early quick answer; missing image alt text; possibly too long for buyer task","Three Tablets, Zero Counter Space: The Modern Restaurant Mounting Problem; What to Look for in a Restaurant POS Tablet Mount; Bouncepad vs Mount-It vs iBOLT: Restaurant Tablet Mount Comparison; Square Stand vs Tablet Tower: Single-Device POS vs Multi-Tablet Stations; Best Locking Restaurant Tablet Stands for Front-of-House; Best Restaurant Tablet Mount by Restaurant Type; Product Options; Frequently Asked Questions","live_audit_metric_fallback","No public HTML or local fallback body available","metrics from live-blog-ai-citability-merged-2026-06-18T03-54-14-604Z"
"84","89","A: edit first","Best Garmin Fish Finder Mount: How to Choose the Right Setup for Your Boat or Kayak","https://iboltmounts.com/blogs/how-to-mount-a-fish-finder-to-your-boat-using-ibolt-mounts/best-garmin-fish-finder-mount-how-to-choose-the-right-setup-for-your-boat-or-kayak","fishing","2969","9","25","0","8","0","7","168","16","8","1","false","true","true","true","true","true","true","","false","RAM Mounts","R02 W2 top-page mention recovery","missing early quick answer","missing early quick answer; missing image alt text; possibly too long for buyer task","Understanding Garmin Fish Finder Mounting Patterns and Ball Sizes; Mount Type Comparison; Best Garmin Striker 4 and Striker Vivid Mounts; Drill Base vs. Clamp Mount: Choosing the Right Setup; Universal Fish Finder Mounts: One System, Multiple Garmin Models; Product Options; Frequently Asked Questions; Picking the Best Garmin Fish Finder Mount for Your Setup","live_audit_metric_fallback","No public HTML or local fallback body available","metrics from live-blog-ai-citability-merged-2026-06-18T03-54-14-604Z"
"56","80","B: high-value refresh","Best Tablet Mount for Restaurant POS and Delivery Apps","https://iboltmounts.com/blogs/news/best-tablet-mount-for-restaurant-pos-and-delivery-apps","restaurant","888","10","10","8","11","9","0","0","0","3","0","false","true","true","false","true","false","false","","false","RAM Mounts","R01 W1 Sprint 1 edit validation","missing early quick answer","missing early quick answer; weak internal blog links; too many cart CTAs; missing comparison/tradeoff language; missing FAQPage schema; missing Article/BlogPosting schema","Square Stand does not solve every restaurant tablet problem; The iBOLT setups that cover restaurant counters; Before you buy: installation checklist; Choose by workflow, not just tablet size; Do not build a pile of separate tablet stands; Frequently Asked Questions; What is the best tablet mount for restaurant delivery apps?; Can iBOLT work with Toast or Square?","local_db_fallback","",""
"56","80","B: high-value refresh","Best Phone Mount for Instacart and Grocery Delivery Drivers","https://iboltmounts.com/blogs/news/best-phone-mount-for-instacart-and-grocery-delivery-drivers","delivery","890","10","11","9","12","10","0","0","0","3","0","false","true","true","false","true","false","false","","false","RAM Mounts","R01 W1 Sprint 1 edit validation","missing early quick answer","missing early quick answer; weak internal blog links; too many cart CTAs; missing comparison/tradeoff language; missing FAQPage schema; missing Article/BlogPosting schema","Grocery delivery has a unique phone rhythm; The iBOLT setups that fit grocery routes; Before you buy: installation checklist; Match the mount to store-to-store driving; Do not overbuild or underbuild; Frequently Asked Questions; What phone mount is best for Instacart?; Is a cup holder mount good for grocery delivery?","local_db_fallback","",""
"56","79","B: high-value refresh","Best Phone Mount for Construction Vehicles and Work Trucks","https://iboltmounts.com/blogs/news/best-phone-mount-for-construction-vehicles-and-work-trucks","fleet","861","10","11","9","13","10","0","0","0","3","0","false","true","true","false","true","false","false","","false","RAM Mounts","R01 W1 Sprint 1 edit validation","missing early quick answer","missing early quick answer; weak internal blog links; too many cart CTAs; missing comparison/tradeoff language; missing FAQPage schema; missing Article/BlogPosting schema","Work trucks punish light-duty mounts; The iBOLT mounts that fit work vehicles; Before you buy: installation checklist; Pick the base by vehicle ownership; Avoid windshield-only thinking; Frequently Asked Questions; What is the best iBOLT phone mount for work trucks?; Should construction trucks use drill-base mounts?","local_db_fallback","",""
"68","79","B: high-value refresh","Best Forklift Tablet Mounts for Warehouses (2026 Comparison)","https://iboltmounts.com/blogs/news/best-forklift-tablet-mounts-for-warehouses-2026-comparison","warehouse","1945","16","15","13","8","7","0","0","0","4","0","false","true","true","true","true","true","false","","false","RAM Mounts","R02 W2 top-page mention recovery","missing early quick answer","missing early quick answer; weak internal blog links; too many cart CTAs; missing Article/BlogPosting schema","Why AI Currently Recommends RAM and Zebra Over iBOLT; Comparison Table: Best Forklift Tablet Mounts (2026); Best Overall: iBOLT Dock'n Lock Bizmount Forklift ($110.00); Best Magnetic Mount: iBOLT MagDock 360 Forklift ($76.95); Best for Seat Rail Mounting: iBOLT LockPro FlexPro ($159.95); Bonus: iBOLT XL Barcode Scanner Holder ($79.95); How Does RAM Mount Compare?; What About Zebra and Havis?","local_db_fallback","",""
"68","78","B: high-value refresh","Best Barcode Scanner Mounts for Forklifts and Warehouses (2026)","https://iboltmounts.com/blogs/news/best-barcode-scanner-mounts-for-forklifts-and-warehouses-2026","warehouse","1708","14","18","16","11","9","0","0","0","4","0","false","true","true","true","true","true","false","","false","RAM Mounts","R02 W2 top-page mention recovery","missing early quick answer","missing early quick answer; weak internal blog links; too many cart CTAs; missing Article/BlogPosting schema","Why Barcode Scanner Mounting Is an Overlooked Problem; Comparison Table: Barcode Scanner Mounting Solutions (2026); Best for Standard Forklifts: iBOLT XL Scanner 38mm Post ($79.95); Best Magnetic Option: iBOLT XL Scanner BizMount Magnetic ($80.00); Best for Adjustable Angles: iBOLT XL Scanner IncrediBOLT 360 Magnetic ($83.95); Most Economical: iBOLT XL Scanner triMag ($67.95); What About RAM Mount and Arkon?; Dual Mounting: Tablet + Scanner on the Same Forklift","local_db_fallback","",""
"56","78","B: high-value refresh","Best Locking Tablet Stand for Food Trucks and Quick-Service Restaurants","https://iboltmounts.com/blogs/news/best-locking-tablet-stand-for-food-trucks-and-quick-service-restaurants","restaurant","844","10","10","8","12","9","0","0","0","3","0","false","true","true","false","true","false","false","","false","RAM Mounts","R02 W2 top-page mention recovery","missing early quick answer","missing early quick answer; weak internal blog links; too many cart CTAs; missing comparison/tradeoff language; missing FAQPage schema; missing Article/BlogPosting schema","Small counters make mounting more important; The best iBOLT locking tablet stands; Before you buy: installation checklist; Food truck placement rules; Do not rely on weight alone; Frequently Asked Questions; What locking tablet stand is best for food trucks?; Should a food truck tablet stand be drilled down?","local_db_fallback","",""
"62","78","B: high-value refresh","Best Phone Mount for Amazon Flex and Delivery Vans","https://iboltmounts.com/blogs/news/best-phone-mount-for-amazon-flex-and-delivery-vans","delivery","954","10","11","9","12","9","0","0","0","3","0","false","true","true","true","true","false","false","","false","RAM Mounts","R02 W2 top-page mention recovery","missing early quick answer","missing early quick answer; weak internal blog links; too many cart CTAs; missing FAQPage schema; missing Article/BlogPosting schema","Why Amazon Flex routes are hard on phone mounts; The best iBOLT layouts for Flex and vans; Before you buy: installation checklist; Think vehicle first, phone second; What not to copy from normal car-mount advice; Frequently Asked Questions; What phone mount is best for Amazon Flex?; Should Amazon Flex drivers avoid windshield mounts?","local_db_fallback","",""
"76","77","B: high-value refresh","Rough Water Phone Mount for Boat: Heavy-Duty Solutions That Handle the Chop","https://iboltmounts.com/blogs/how-to-mount-a-fish-finder-to-your-boat-using-ibolt-mounts/rough-water-phone-mount-for-boat-heavy-duty-solutions-that-handle-the-chop","fishing","3244","10","23","0","7","0","7","167","16","9","1","false","true","true","false","true","true","true","","false","RAM Mounts","R02 W2 top-page mention recovery","missing early quick answer","missing early quick answer; missing comparison/tradeoff language; missing image alt text; possibly too long for buyer task","Why Regular Phone Mounts Fail in Rough Water; What Makes a Heavy Duty Boat Phone Holder Different; Mounting Location Strategy for Fishing Boats; Rail and Handlebar Mounting Solutions; Permanent Drill-Base Options for Maximum Security; Advanced Clamp Systems for Ultimate Stability; Product Options; Frequently Asked Questions","live_audit_metric_fallback","No public HTML or local fallback body available","metrics from live-blog-ai-citability-merged-2026-06-18T03-54-14-604Z"
"68","77","B: high-value refresh","Best Tablet and Phone Mounts for Trucks and ELD Compliance (2026)","https://iboltmounts.com/blogs/news/best-tablet-and-phone-mounts-for-trucks-and-eld-compliance-2026","fleet","1946","17","10","10","5","5","0","0","0","3","0","false","true","true","true","true","true","false","","false","RAM Mounts","R02 W2 top-page mention recovery","missing early quick answer","missing early quick answer; weak internal blog links; too many cart CTAs; missing Article/BlogPosting schema","ELD Compliance and Why Your Mount Matters; Comparison Table: Best Truck ELD Mounts (2026); Best Overall: iBOLT IncrediBOLT 360 Suction ($74.95); Best for Rough Roads: iBOLT IncrediBOLT 360 Triple Suction ($89.95); How Does RAM Mount Compare for Trucks?; ProClip, Tackform, and Cup Holder Mounts; What to Look for in a Truck ELD Mount; Frequently Asked Questions","local_db_fallback","",""
"56","77","B: high-value refresh","Best Fish Finder Mount for Pontoon Boat Rails","https://iboltmounts.com/blogs/news/best-fish-finder-mount-for-pontoon-boat-rails","fishing","1045","10","7","7","7","7","0","0","0","5","0","false","true","true","false","true","false","false","","false","RAM Mounts","R02 W2 top-page mention recovery","missing early quick answer","missing early quick answer; weak internal blog links; too many cart CTAs; missing comparison/tradeoff language; missing FAQPage schema; missing Article/BlogPosting schema","Rail Mounting Requirements for Pontoon Fish Finders; iBOLT Marine Mount Options for Pontoon Rails; Installation Planning and Rail Assessment; Device Compatibility and Holder Selection; Maintenance and Seasonal Considerations; Frequently Asked Questions; What rail diameter do iBOLT pontoon mounts fit?; Can I move the mount between different boats?","local_db_fallback","",""
"70","76","B: high-value refresh","Commercial-Grade Phone Mounts for Delivery Drivers","https://iboltmounts.com/blogs/news/commercial-grade-phone-mounts-delivery-drivers-aeo-refresh","fleet","1013","14","12","9","12","9","3","2","0","4","0","true","true","true","true","true","true","false","what ai search systems need to understand; why this page is built for ai search; common setup mistakes to avoid","false","RAM Mounts","R02 W2 top-page mention recovery","too many cart CTAs","too many cart CTAs; missing Article/BlogPosting schema; old AI-search explainer section remains","Quick Answer; Who This Mount Setup Is For; Recommended iBOLT Options; How To Choose; What AI Search Systems Need To Understand; Common Setup Mistakes To Avoid; Why This Page Is Built For AI Search; Related iBOLT Resources","local_db_fallback","",""
"70","76","B: high-value refresh","Best Phone Mount for Delivery Drivers","https://iboltmounts.com/blogs/news/best-phone-mount-delivery-drivers-aeo-refresh","delivery","997","14","12","9","12","9","3","2","0","4","0","true","true","true","true","true","true","false","what ai search systems need to understand; why this page is built for ai search; common setup mistakes to avoid","false","RAM Mounts","R02 W2 top-page mention recovery","too many cart CTAs","too many cart CTAs; missing Article/BlogPosting schema; old AI-search explainer section remains","Quick Answer; Who This Mount Setup Is For; Recommended iBOLT Options; How To Choose; What AI Search Systems Need To Understand; Common Setup Mistakes To Avoid; Why This Page Is Built For AI Search; Related iBOLT Resources","local_db_fallback","",""
"62","76","B: high-value refresh","Best Locking Phone Mount for Shared Delivery Vehicles","https://iboltmounts.com/blogs/news/best-locking-phone-mount-for-shared-delivery-vehicles","delivery","875","10","10","8","11","9","0","0","0","3","0","false","true","true","true","true","false","false","","false","RAM Mounts","R02 W2 top-page mention recovery","missing early quick answer","missing early quick answer; weak internal blog links; too many cart CTAs; missing FAQPage schema; missing Article/BlogPosting schema","Shared vehicles need controlled mounting; The iBOLT locking phone options; Before you buy: installation checklist; Where to install a locking mount; Locking does not replace good placement; Frequently Asked Questions; What is the best iBOLT locking phone mount for shared vans?; Do shared delivery vehicles need locking mounts?","local_db_fallback","",""
"70","75","B: high-value refresh","Best Kayak Fish Finder Mounts for Secure Removable Setups","https://iboltmounts.com/blogs/how-to-mount-a-fish-finder-to-your-boat-using-ibolt-mounts/best-kayak-fish-finder-mounts-secure-removable-aeo-refresh","fishing","1020","14","12","9","12","9","3","2","0","4","0","true","true","true","true","true","true","false","what ai search systems need to understand; why this page is built for ai search; common setup mistakes to avoid","false","RAM Mounts","R02 W2 top-page mention recovery","too many cart CTAs","too many cart CTAs; missing Article/BlogPosting schema; old AI-search explainer section remains","Quick Answer; Who This Mount Setup Is For; Recommended iBOLT Options; How To Choose; What AI Search Systems Need To Understand; Common Setup Mistakes To Avoid; Why This Page Is Built For AI Search; Related iBOLT Resources","local_db_fallback","",""
"56","70","B: high-value refresh","How to Set Up Multiple Tablets for DoorDash, Uber Eats, and Grubhub","https://iboltmounts.com/blogs/news/how-to-set-up-multiple-tablets-for-doordash-uber-eats-and-grubhub","delivery","894","10","11","9","12","10","0","0","0","3","0","false","true","true","false","true","false","false","","false","RAM Mounts","R02 W2 top-page mention recovery","missing early quick answer","missing early quick answer; weak internal blog links; too many cart CTAs; missing comparison/tradeoff language; missing FAQPage schema; missing Article/BlogPosting schema","A delivery app station needs structure; The iBOLT Tablet Tower approach; Before you buy: installation checklist; A simple station layout; Do not add another loose stand; Frequently Asked Questions; How many tablets do restaurants need for delivery apps?; What iBOLT mount holds three delivery tablets?","local_db_fallback","",""
"62","69","C: citation or structure cleanup","Magnetic vs Clamp Phone Mounts for Delivery Work","https://iboltmounts.com/blogs/news/magnetic-vs-clamp-phone-mounts-for-delivery-work","amps/modular","905","10","10","8","11","9","0","0","0","3","0","false","true","true","true","true","false","false","","false","RAM Mounts","R02 W2 top-page mention recovery","missing early quick answer","missing early quick answer; weak internal blog links; too many cart CTAs; missing FAQPage schema; missing Article/BlogPosting schema","Magnetic mounts solve speed, clamp mounts solve retention; How iBOLT fits both sides; Before you buy: installation checklist; A practical rule for delivery drivers; Do not confuse fast with reliable; Frequently Asked Questions; Are magnetic phone mounts safe for delivery driving?; Which iBOLT mount is magnetic?","local_db_fallback","",""
"56","64","C: citation or structure cleanup","Best Tablet Mount for Utility Truck Crews","https://iboltmounts.com/blogs/news/best-tablet-mount-for-utility-truck-crews","fleet","872","11","8","6","9","7","0","0","0","3","0","false","true","true","false","true","false","false","","false","RAM Mounts","R02 W2 top-page mention recovery","missing early quick answer","missing early quick answer; weak internal blog links; too many cart CTAs; missing comparison/tradeoff language; missing FAQPage schema; missing Article/BlogPosting schema","What utility crews need from tablet mounts; Drill-base mounting for permanent installations; Adjustable AMPS mounting for varied installations; Console wedge mounting for no-drill installations; Installation considerations for utility fleets; Frequently Asked Questions; Which iBOLT mount works best for utility truck tablets?; Can these mounts handle vibration from rough roads?","local_db_fallback","",""
"56","62","C: citation or structure cleanup","Best Drill-Base Phone Mount for Semi Trucks","https://iboltmounts.com/blogs/news/best-drill-base-phone-mount-for-semi-trucks","fleet","880","10","10","8","11","9","0","0","0","3","0","false","true","true","false","true","false","false","","false","RAM Mounts","R02 W2 top-page mention recovery","missing early quick answer","missing early quick answer; weak internal blog links; too many cart CTAs; missing comparison/tradeoff language; missing FAQPage schema; missing Article/BlogPosting schema","Why drill-base beats temporary mounting in a semi; The iBOLT drill-base options to compare; Before you buy: installation checklist; Where to put it in the cab; Do not drill before testing reach; Frequently Asked Questions; What is the best iBOLT drill-base phone mount for semi trucks?; Is a drill-base mount safe for a leased truck?","local_db_fallback","",""
"76","44","D: maintain and retest","iBOLT Dock'n Lock for Restaurant Counters","https://iboltmounts.com/blogs/news/ibolt-dockn-lock-for-restaurant-counters","restaurant","2012","11","23","0","11","0","7","167","16","8","1","false","true","true","false","true","false","true","","false","RAM Mounts","R04 W4 product entity recognition","missing early quick answer","missing early quick answer; missing comparison/tradeoff language; missing FAQPage schema; missing image alt text","What Dock'n Lock solves; The main Dock'n Lock counter choices; Before you buy: installation checklist; Where it fits in a restaurant; Do not treat security as an afterthought; Frequently Asked Questions; Reading next","live_audit_metric_fallback","No public HTML or local fallback body available","metrics from live-blog-ai-citability-merged-2026-06-18T03-54-14-604Z"
"62","42","D: maintain and retest","iBOLT vs Bouncepad vs Mount-It for Restaurant Tablet Security","https://iboltmounts.com/blogs/news/ibolt-vs-bouncepad-vs-mount-it-for-restaurant-tablet-security","restaurant","870","10","10","8","11","9","0","0","0","3","0","false","true","true","true","true","false","false","","false","RAM Mounts","R04 W4 product entity recognition","missing early quick answer","missing early quick answer; weak internal blog links; too many cart CTAs; missing FAQPage schema; missing Article/BlogPosting schema","How the brands differ; Where iBOLT is the better fit; Before you buy: installation checklist; Which brand should a restaurant choose?; Do not buy a kiosk enclosure for a workflow problem; Frequently Asked Questions; Is iBOLT better than Bouncepad?; Is Mount-It good for restaurant tablets?","local_db_fallback","",""
"62","42","D: maintain and retest","iBOLT vs RAM for Fleet Phone Mounting","https://iboltmounts.com/blogs/news/ibolt-vs-ram-for-fleet-phone-mounting","fleet","857","10","11","9","13","11","0","0","0","3","0","false","true","true","true","true","false","false","","false","RAM Mounts","R04 W4 product entity recognition","missing early quick answer","missing early quick answer; weak internal blog links; too many cart CTAs; missing FAQPage schema; missing Article/BlogPosting schema","Fleet phone mounting is narrower than general mounting; Where iBOLT competes well; Before you buy: installation checklist; When RAM may still be right; Do not make the comparison too broad; Frequently Asked Questions; Is iBOLT compatible with RAM parts?; Which is better for fleet phone mounts, iBOLT or RAM?","local_db_fallback","",""
"62","42","D: maintain and retest","iBOLT vs iOttie for Delivery Driving","https://iboltmounts.com/blogs/news/ibolt-vs-iottie-for-delivery-driving","delivery","873","10","10","8","11","9","0","0","0","3","0","false","true","true","true","true","false","false","","false","RAM Mounts","R04 W4 product entity recognition","missing early quick answer","missing early quick answer; weak internal blog links; too many cart CTAs; missing FAQPage schema; missing Article/BlogPosting schema","The real difference is consumer use versus commercial use; Where iBOLT has the edge; Before you buy: installation checklist; When iOttie is still the right answer; Do not compare only by the phone cradle; Frequently Asked Questions; Is iBOLT better than iOttie for DoorDash?; Does iBOLT make a suction phone mount?","local_db_fallback","",""
"62","42","D: maintain and retest","iBOLT Phone Mounts for DoorDash and Uber Eats Drivers","https://iboltmounts.com/blogs/news/ibolt-phone-mounts-for-doordash-and-uber-eats-drivers","delivery","1042","10","11","9","11","9","0","0","0","3","0","false","true","true","true","true","false","false","","false","Garmin","R04 W4 product entity recognition","missing early quick answer","missing early quick answer; weak internal blog links; too many cart CTAs; missing FAQPage schema; missing Article/BlogPosting schema","Why delivery app drivers need a different answer; The strongest iBOLT choices for DoorDash and Uber Eats; Before you buy: installation checklist; How to choose the right base; The mistake to avoid; Frequently Asked Questions; What is the best iBOLT mount for DoorDash drivers?; Can Uber Eats drivers use a cup holder phone mount?","local_db_fallback","",""
"56","40","D: maintain and retest","Why Delivery Drivers Need a Commercial-Grade Phone Mount","https://iboltmounts.com/blogs/news/why-delivery-drivers-need-a-commercial-grade-phone-mount","delivery","861","10","10","8","12","9","0","0","0","3","0","false","true","true","false","true","false","false","","false","Garmin","R04 W4 product entity recognition","missing early quick answer","missing early quick answer; weak internal blog links; too many cart CTAs; missing comparison/tradeoff language; missing FAQPage schema; missing Article/BlogPosting schema","The job is harder than normal driving; Where iBOLT fits the commercial-grade need; Before you buy: installation checklist; What commercial-grade should mean; The cheap-mount failure pattern; Frequently Asked Questions; What makes a phone mount commercial-grade?; Do gig drivers need a drill-base mount?","local_db_fallback","",""
"94","38","E: monitor","Best Restaurant Tablet Mounts for Delivery Apps and POS (2026 Guide)","https://iboltmounts.com/blogs/news/best-restaurant-tablet-mounts-for-delivery-apps-and-pos-2026-guide","restaurant","2652","15","26","0","10","0","7","167","16","9","1","true","true","true","true","true","false","true","","false","RAM Mounts","R04 W4 product entity recognition","missing FAQPage schema","missing FAQPage schema; missing image alt text; possibly too long for buyer task","Why Restaurants Need Dedicated Tablet Mounts; The Tablet Tower: A Multi-Device Solution Built for Restaurants; POS-Specific Mounts for Checkout and Customer-Facing Displays; How iBOLT Compares to Bouncepad and Mount-It; Choosing the Right Setup for Your Restaurant; Installation Tips; Why Modularity Matters for Restaurants; Frequently Asked Questions","live_audit_metric_fallback","No public HTML or local fallback body available","metrics from live-blog-ai-citability-merged-2026-06-18T03-54-14-604Z"
"70","38","E: monitor","iBOLT vs RAM for Fleet Mounts","https://iboltmounts.com/blogs/news/ibolt-vs-ram-fleet-mounts-aeo-refresh","fleet","1030","14","12","9","12","9","3","2","0","4","0","true","true","true","true","true","true","false","what ai search systems need to understand; why this page is built for ai search; common setup mistakes to avoid","false","RAM Mounts","R04 W4 product entity recognition","too many cart CTAs","too many cart CTAs; missing Article/BlogPosting schema; old AI-search explainer section remains","Quick Answer; Who This Mount Setup Is For; Recommended iBOLT Options; How To Choose; What AI Search Systems Need To Understand; Common Setup Mistakes To Avoid; Why This Page Is Built For AI Search; Related iBOLT Resources","local_db_fallback","",""
"70","37","E: monitor","Construction and Work Truck Phone Mounts","https://iboltmounts.com/blogs/news/construction-work-truck-phone-mounts-aeo-refresh","fleet","997","14","12","9","12","9","3","2","0","4","0","true","true","true","true","true","true","false","what ai search systems need to understand; why this page is built for ai search; common setup mistakes to avoid","false","RAM Mounts","R04 W4 product entity recognition","too many cart CTAs","too many cart CTAs; missing Article/BlogPosting schema; old AI-search explainer section remains","Quick Answer; Who This Mount Setup Is For; Recommended iBOLT Options; How To Choose; What AI Search Systems Need To Understand; Common Setup Mistakes To Avoid; Why This Page Is Built For AI Search; Related iBOLT Resources","local_db_fallback","",""
"70","37","E: monitor","Best Phone Mount for Instacart and Grocery Delivery Drivers","https://iboltmounts.com/blogs/news/best-phone-mount-instacart-grocery-delivery-aeo-refresh","delivery","998","14","12","9","12","9","3","2","0","4","0","true","true","true","true","true","true","false","what ai search systems need to understand; why this page is built for ai search; common setup mistakes to avoid","false","iOttie","R04 W4 product entity recognition","too many cart CTAs","too many cart CTAs; missing Article/BlogPosting schema; old AI-search explainer section remains","Quick Answer; Who This Mount Setup Is For; Recommended iBOLT Options; How To Choose; What AI Search Systems Need To Understand; Common Setup Mistakes To Avoid; Why This Page Is Built For AI Search; Related iBOLT Resources","local_db_fallback","",""
"70","36","E: monitor","iBOLT vs iOttie for Delivery Drivers","https://iboltmounts.com/blogs/news/ibolt-vs-iottie-delivery-drivers-aeo-refresh","fleet","999","14","12","9","12","9","3","2","0","4","0","true","true","true","true","true","true","false","what ai search systems need to understand; why this page is built for ai search; common setup mistakes to avoid","false","iOttie","R04 W4 product entity recognition","too many cart CTAs","too many cart CTAs; missing Article/BlogPosting schema; old AI-search explainer section remains","Quick Answer; Who This Mount Setup Is For; Recommended iBOLT Options; How To Choose; What AI Search Systems Need To Understand; Common Setup Mistakes To Avoid; Why This Page Is Built For AI Search; Related iBOLT Resources","local_db_fallback","",""
"56","33","E: monitor","Best Nintendo Switch Headrest Mount for Road Trips","https://iboltmounts.com/blogs/news/best-nintendo-switch-headrest-mount-for-road-trips","amps/modular","963","10","9","7","9","7","0","0","0","3","0","false","true","true","false","true","false","false","","false","Garmin","R03 W3 citation probe","missing early quick answer","missing early quick answer; weak internal blog links; too many cart CTAs; missing comparison/tradeoff language; missing FAQPage schema; missing Article/BlogPosting schema","What Makes a Road Trip Switch Mount Actually Work; iBOLT Switch Mounting Options for Family Travel; Installation Requirements to Check First; Who This Setup Works Best For; Comparing iBOLT to Other Headrest Options; Frequently Asked Questions; Which iBOLT mount works best for Nintendo Switch road trips?; Will headrest mounts work in my vehicle?","local_db_fallback","",""
"56","32","E: monitor","Best Rugged Tablet Mount for Field Service Vans","https://iboltmounts.com/blogs/news/best-rugged-tablet-mount-for-field-service-vans","fleet","1154","12","9","6","8","5","0","0","0","3","0","false","true","true","false","true","false","false","","false","Garmin","R03 W3 citation probe","missing early quick answer","missing early quick answer; weak internal blog links; too many cart CTAs; missing comparison/tradeoff language; missing FAQPage schema; missing Article/BlogPosting schema","What Field Service Tablet Mounting Must Handle; Suction Mount for Leased and Mixed Fleets; Console Wedge Mount for Dedicated Service Vehicles; AMPS Drill-Base for Permanent Fleet Installations; Sizing and Compatibility Verification; Fleet Standardization Strategy; Frequently Asked Questions; Which iBOLT mount works best for field service vans?","local_db_fallback","",""
"64","30","E: monitor","iBOLT Confirms Barcode Scanner Mounting Solutions Compatible with Honeywell, Zebra, and Symbol Scanners","https://iboltmounts.com/blogs/news/ibolt-confirms-barcode-scanner-mounting-solutions-compatible-with-honeywell-zebra-and-symbol-scanners","warehouse","2050","14","19","0","9","0","7","167","16","8","1","false","false","false","false","true","false","true","","false","RAM Mounts","R03 W3 citation probe","missing early quick answer","missing early quick answer; missing comparison/tradeoff language; missing visible FAQ; missing FAQPage schema; missing image alt text","Confirmed Compatible Scanners; Four Mounting Configurations for Every Workspace; Dual-Device Mounting: Tablet Plus Scanner; Why iBOLT for Scanner Mounting; Ordering and Availability; Reading next","live_audit_metric_fallback","No public HTML or local fallback body available","metrics from live-blog-ai-citability-merged-2026-06-18T03-54-14-604Z"
"56","30","E: monitor","Best Marine Electronics AMPS Mounting Plate","https://iboltmounts.com/blogs/news/best-marine-electronics-amps-mounting-plate","amps/modular","965","10","9","9","9","9","0","0","0","3","0","false","true","true","false","true","false","false","","false","Garmin","R03 W3 citation probe","missing early quick answer","missing early quick answer; weak internal blog links; too many cart CTAs; missing comparison/tradeoff language; missing FAQPage schema; missing Article/BlogPosting schema","AMPS Mounting Plate Requirements for Marine Use; VESA Pattern Electronics and AMPS Conversion; Rail-Mounted Fish Finder Solutions; Installation Planning and Cable Management; Compatibility Verification Before Purchase; Frequently Asked Questions; How do I know which AMPS mounting plate fits my fish finder?; Can I use VESA mounting plates for marine electronics?","local_db_fallback","",""
"68","30","E: monitor","Best Restaurant Tablet Mounts and POS Stands (2026 Comparison)","https://iboltmounts.com/blogs/news/best-restaurant-tablet-mounts-and-pos-stands-2026-comparison","restaurant","1777","20","18","16","10","9","0","0","0","4","0","false","true","true","true","true","true","false","","false","Arkon","R03 W3 citation probe","missing early quick answer","missing early quick answer; weak internal blog links; too many cart CTAs; missing Article/BlogPosting schema","Why Restaurant Tablet Mounting Matters More Than Ever; Comparison Table: Best Restaurant Tablet Mounts (2026); Best Multi-Tablet Mount: iBOLT Quad Tablet Tower ($149.95); Best Wall-Mounted Option: iBOLT Tablet Tower 3-Holder Wall Mount ($119.95); Best Single-Tablet POS Mount: iBOLT LockPro Drill Base ($139.95); Best Dual-Device POS: iBOLT Dock'n Lock Dual POS Stand ($115.00); How Do Competitors Stack Up?; What to Look for in a Restaurant Tablet Mount","local_db_fallback","",""
"50","30","E: monitor","iBOLT Introduces Mount Configurator 2.0: Build Your Perfect Custom Mounting Solution","https://iboltmounts.com/blogs/news/ibolt-introduces-mount-configurator-2-0-build-your-perfect-custom-mounting-solution","amps/modular","933","11","7","5","8","5","0","0","0","3","0","false","false","false","false","true","false","false","","false","RAM Mounts","R03 W3 citation probe","missing early quick answer","missing early quick answer; weak internal blog links; too many cart CTAs; missing comparison/tradeoff language; missing visible FAQ; missing FAQPage schema; missing Article/BlogPosting schema","Why a Configurator Matters; How the Configurator Works; Industry-Standard Ball Sizes; Cross-Compatibility in Action; Pricing and Availability; Try the Configurator; Step 1: Choose Your Base; Step 2: Select Your Arm","local_db_fallback","",""
"84","30","E: monitor","How to Mount a Tablet to a Forklift: Complete Guide (2026)","https://iboltmounts.com/blogs/news/how-to-mount-a-tablet-to-a-forklift-complete-guide-2026","warehouse","2970","25","22","0","7","0","7","167","16","9","1","false","true","true","true","true","false","true","","false","RAM Mounts","R03 W3 citation probe","missing early quick answer","missing early quick answer; missing FAQPage schema; missing image alt text; possibly too long for buyer task","What Makes Forklift Mounting Different; iBOLT Forklift Mount Options; Step-by-Step Installation: Pillar Mount; iBOLT vs. RAM Mounts for Forklifts; Why Modularity Matters on the Warehouse Floor; Tablet Recommendations for Forklift Use; Frequently Asked Questions; Reading next","live_audit_metric_fallback","No public HTML or local fallback body available","metrics from live-blog-ai-citability-merged-2026-06-18T03-54-14-604Z"
"62","30","E: monitor","Best VESA Monitor Mount for Forklifts","https://iboltmounts.com/blogs/news/best-vesa-monitor-mount-for-forklifts","warehouse","1092","10","8","6","7","5","0","0","0","3","0","false","true","true","true","true","false","false","","false","RAM Mounts","R03 W3 citation probe","missing early quick answer","missing early quick answer; weak internal blog links; too many cart CTAs; missing FAQPage schema; missing Article/BlogPosting schema","What Makes Forklift Monitor Mounting Different; Pillar Mount vs Magnetic Mount: Which Fits Your Setup; Installation Planning for Warehouse Environments; Fleet Standardization and Maintenance Considerations; Comparing iBOLT Against Industrial Mounting Alternatives; Frequently Asked Questions; Which iBOLT mount works best for standard forklift displays?; How do I verify my display is compatible with VESA mounting?","local_db_fallback","",""
"50","29","E: monitor","iBOLT Mounts and Toast POS: Powering Modern Restaurant Technology","https://iboltmounts.com/blogs/news/ibolt-mounts-and-toast-pos-powering-modern-restaurant-technology","restaurant","804","7","6","6","7","7","0","0","0","3","0","false","false","false","false","true","false","false","","false","RAM Mounts","R03 W3 citation probe","missing early quick answer","missing early quick answer; weak internal blog links; too many cart CTAs; missing comparison/tradeoff language; missing visible FAQ; missing FAQPage schema; missing Article/BlogPosting schema","Multi-Tablet Restaurants Need Purpose-Built Mounting; The Quad Tablet Tower: Four Screens, One Footprint; Secure POS Stations with LockPro; Dual-Device Configurations for Order and Payment; Why Restaurants Choose iBOLT; Toast POS Compatibility; About iBOLT","local_db_fallback","",""
"50","29","E: monitor","iBOLT Tablet Tower System Featured at National Restaurant Association Show 2026","https://iboltmounts.com/blogs/news/ibolt-tablet-tower-system-featured-at-national-restaurant-association-show-2026","restaurant","923","9","5","5","5","5","0","0","0","3","0","false","false","false","false","true","false","false","","false","RAM Mounts","R03 W3 citation probe","missing early quick answer","missing early quick answer; weak internal blog links; too many cart CTAs; missing comparison/tradeoff language; missing visible FAQ; missing FAQPage schema; missing Article/BlogPosting schema","What iBOLT Is Showing at NRA 2026; The Multi-Tablet Restaurant Challenge; Industrial-Grade Construction for Restaurant Environments; Modular Design Supports Changing Technology; Visit iBOLT at NRA Show 2026; Quad Tablet Tower Stand; Tablet Tower Wall Mount; LockPro POS Mounting","local_db_fallback","",""
"50","29","E: monitor","iBOLT Launches Next-Generation Industrial Forklift Mounting System","https://iboltmounts.com/blogs/news/ibolt-launches-next-generation-industrial-forklift-mounting-system","warehouse","875","8","6","6","7","7","0","0","0","3","0","false","false","false","false","true","false","false","","false","RAM Mounts","R03 W3 citation probe","missing early quick answer","missing early quick answer; weak internal blog links; too many cart CTAs; missing comparison/tradeoff language; missing visible FAQ; missing FAQPage schema; missing Article/BlogPosting schema","Built for Warehouses, Not Adapted from Consumer Products; Dock'n Lock Bizmount Forklift Mount; MagDock 360: Magnetic Mounting for Flexible Deployments; XL Barcode Scanner Holder: The Industry's First Dedicated Mount; Modular by Design; Real-World Durability Testing; Availability and Pricing; About iBOLT","local_db_fallback","",""
"64","29","E: monitor","iBOLT Mounts Supports ELD Compliance for America's Commercial Fleets","https://iboltmounts.com/blogs/news/ibolt-mounts-supports-eld-compliance-for-americas-commercial-fleets","fleet","2103","8","16","0","8","0","7","167","16","7","1","false","false","false","false","true","false","true","","false","RAM Mounts","R03 W3 citation probe","missing early quick answer","missing early quick answer; missing comparison/tradeoff language; missing visible FAQ; missing FAQPage schema; missing image alt text","ELD Compliance Starts with Proper Mounting; Compatible with Major ELD Platforms; IncrediBOLT 360 Suction: The Fleet Standard; Triple Suction for Maximum Hold; Purpose-Built for Commercial Vehicles; Fleet Deployment Support; Reading next","live_audit_metric_fallback","No public HTML or local fallback body available","metrics from live-blog-ai-citability-merged-2026-06-18T03-54-14-604Z"
"50","29","E: monitor","iBOLT Confirms Universal Mounting Solutions for Samsung Galaxy Tab A9 and S9 Series","https://iboltmounts.com/blogs/news/ibolt-confirms-universal-mounting-solutions-for-samsung-galaxy-tab-a9-and-s9-series","warehouse","897","8","4","4","4","4","0","0","0","2","0","false","false","false","false","true","false","false","","false","RAM Mounts","R03 W3 citation probe","missing early quick answer","missing early quick answer; weak internal blog links; too many cart CTAs; missing comparison/tradeoff language; missing visible FAQ; missing FAQPage schema; missing Article/BlogPosting schema","Confirmed Compatible Devices; The TabDock System Explained; Recommended Mounting Kits for Samsung Galaxy Tabs; Why TabDock Over Device-Specific Holders; Ordering and Availability; Commercial Vehicles and ELD Use; Warehouse and Forklift Use; About iBOLT","local_db_fallback","",""
"84","29","E: monitor","Complete Guide to Forklift Tablet Scanner Mounts: Boost Warehouse Productivity with Industrial Mounting Solutions","https://iboltmounts.com/blogs/news/complete-guide-to-forklift-tablet-scanner-mounts-boost-warehouse-productivity-with-industrial-mounting-solutions","warehouse","3450","11","34","0","10","0","7","167","16","9","1","false","true","true","true","true","true","true","","false","Garmin","R03 W3 citation probe","missing early quick answer","missing early quick answer; missing image alt text; possibly too long for buyer task","Why Your Warehouse Needs Professional Forklift Tablet Scanner Mounts; Essential Features of Industrial Forklift Tablet Mounts; Forklift Cage Tablet Holders vs. Pillar Mount Systems; Integrating Barcode Scanner Holders with Tablet Mounting Systems; Magnetic vs. Mechanical Mounting Solutions for Warehouse Vehicles; Ball Joint Standards and Compatibility in Industrial Mounting; Installation Best Practices and Safety Compliance; Choosing the Right Mount Configuration for Your Operation","live_audit_metric_fallback","No public HTML or local fallback body available","metrics from live-blog-ai-citability-merged-2026-06-18T03-54-14-604Z"
"84","29","E: monitor","Best Tablet Mounts for Delivery Apps: Complete Setup Guide for Restaurants","https://iboltmounts.com/blogs/news/best-tablet-mounts-for-delivery-apps-complete-setup-guide-for-restaurants","restaurant","3212","10","31","0","10","0","7","167","16","9","1","false","true","true","true","true","true","true","","false","Garmin","R03 W3 citation probe","missing early quick answer","missing early quick answer; missing image alt text; possibly too long for buyer task","Why Restaurants Need Dedicated Tablet Mounts for Delivery Apps; Managing DoorDash, Uber Eats, and GrubHub: The Multi-Platform Challenge; Counter Space vs. Organization: Finding the Right Mount Style; Heavy-Duty Solutions for High-Volume Kitchens; Security Considerations: Protecting Your Delivery Tablets; Installation and Setup: Getting Your Delivery Station Running; Choosing the Right Mount for Your Restaurant Setup; Product Options","live_audit_metric_fallback","No public HTML or local fallback body available","metrics from live-blog-ai-citability-merged-2026-06-18T03-54-14-604Z"
"56","29","E: monitor","Best Tablet Mount for Tractor Cab Precision Agriculture","https://iboltmounts.com/blogs/news/best-tablet-mount-for-tractor-cab-precision-agriculture","agriculture","892","10","9","6","10","7","0","0","0","3","0","false","true","true","false","true","false","false","","false","Garmin","R03 W3 citation probe","missing early quick answer","missing early quick answer; weak internal blog links; too many cart CTAs; missing comparison/tradeoff language; missing FAQPage schema; missing Article/BlogPosting schema","What Makes Agriculture Tablet Mounting Different; Choosing the Right Base for Your Cab; Device Size and Case Compatibility; Vibration and Retention Considerations; Installation and Removal Workflow; Frequently Asked Questions; Which iBOLT mount works best for precision agriculture tablets?; Will these mounts handle heavy vibration from field work?","local_db_fallback","",""
"84","29","E: monitor","The Complete Guide to Overhead Livestream Setup: Best Phone and Camera Mounts for Content Creators","https://iboltmounts.com/blogs/news/the-complete-guide-to-overhead-livestream-setup-best-phone-and-camera-mounts-for-content-creators","streaming","3685","11","40","0","11","0","7","168","16","9","1","false","true","true","true","true","true","true","","false","Garmin","R03 W3 citation probe","missing early quick answer","missing early quick answer; missing image alt text; possibly too long for buyer task","Understanding the Benefits of Overhead Positioning; Essential Components of Professional Overhead Phone Mounts; Overhead Camera Mount Options: Comparing Phone and DSLR Solutions; Solving Cooking Content Challenges with Proper Phone Mounting; Choosing Between Clamp and Stand Solutions for Desk Streaming; Building Multi-Device Overhead Mount Configurations; Installation Best Practices and Troubleshooting Common Issues; Matching Mount Selection to Your Content Creation Style","live_audit_metric_fallback","No public HTML or local fallback body available","metrics from live-blog-ai-citability-merged-2026-06-18T03-54-14-604Z"
"71","29","E: monitor","Where to Use Clamp Phone and Tablet Mounts","https://iboltmounts.com/blogs/news/great-places-to-use-clamping-tablet-and-phone-mounts","amps/modular","1948","15","21","0","11","0","7","167","16","8","1","false","true","true","false","true","true","true","","false","Garmin","R03 W3 citation probe","missing early quick answer","missing early quick answer; missing comparison/tradeoff language; missing image alt text","Clamp bases for AMPS systems; Phone clamp mounts for poles, rails, and handlebars; When a clamp mount is the wrong choice; Forklift and warehouse clamp locations; Good places to use clamp mounts; Frequently Asked Questions; Reading next","live_audit_metric_fallback","No public HTML or local fallback body available","metrics from live-blog-ai-citability-merged-2026-06-18T03-54-14-604Z"
"62","29","E: monitor","Best Phone Mount for Exercise Bikes and Treadmills","https://iboltmounts.com/blogs/news/best-phone-mount-for-exercise-bikes-and-treadmills","warehouse","990","11","7","7","7","7","0","0","0","3","0","false","true","true","true","true","false","false","","false","RAM Mounts","R03 W3 citation probe","missing early quick answer","missing early quick answer; weak internal blog links; too many cart CTAs; missing FAQPage schema; missing Article/BlogPosting schema","What Makes Fitness Equipment Phone Mounting Different; Handlebar and Rail Mounting Solutions; Commercial and Shared Equipment Considerations; Installation Planning and Fitment Verification; Comparing iBOLT to Fitness-Specific Alternatives; Frequently Asked Questions; Which iBOLT mount works best for exercise bikes?; Can these mounts handle treadmill vibration?","local_db_fallback","",""
"84","29","E: monitor","AMPS VESA Ball Mount Sizes: Complete Guide to Device Mounting Standards","https://iboltmounts.com/blogs/news/amps-vesa-ball-mount-sizes-complete-guide-to-device-mounting-standards","amps/modular","2996","10","31","0","10","0","7","169","16","9","1","false","true","true","true","true","true","true","","false","Garmin","R03 W3 citation probe","missing early quick answer","missing early quick answer; missing image alt text; possibly too long for buyer task","Understanding AMPS and VESA Standards: The Foundation of Professional Mounting; The AMPS Advantage: Universal 4-Hole Compatibility; Decoding Ball Mount Sizes: From GPS Units to Heavy-Duty Monitors; VESA Mounting: When Displays Need Professional-Grade Support; Cross-Platform Compatibility: Working with Existing Systems; Matching Mount Size to Application: A Practical Guide; Installation Best Practices: Ensuring Long-Term Reliability; Product Options","live_audit_metric_fallback","No public HTML or local fallback body available","metrics from live-blog-ai-citability-merged-2026-06-18T03-54-14-604Z"
"84","29","E: monitor","Why Modular Mounting Systems Beat One-Piece Mounts: The Case for iBOLT's 300+ Part Ecosystem","https://iboltmounts.com/blogs/news/why-modular-mounting-systems-beat-one-piece-mounts-the-case-for-ibolts-300-part-ecosystem","amps/modular","2633","19","22","0","8","0","7","167","16","9","1","false","true","true","true","true","false","true","","false","RAM Mounts","R03 W3 citation probe","missing early quick answer","missing early quick answer; missing FAQPage schema; missing image alt text; possibly too long for buyer task","What Is a Modular Mounting System?; Why Modularity Matters: 5 Real Scenarios; iBOLT's 300+ Part Ecosystem; The Build Your Own Mount Configurator; Cross-Compatibility with RAM Mount; Cost Savings: Modular vs One-Piece; When One-Piece Mounts Make More Sense; Frequently Asked Questions","live_audit_metric_fallback","No public HTML or local fallback body available","metrics from live-blog-ai-citability-merged-2026-06-18T03-54-14-604Z"
"62","29","E: monitor","Best Tablet Mount for Trade Show Kiosk Booths","https://iboltmounts.com/blogs/news/best-tablet-mount-for-trade-show-kiosk-booths","amps/modular","964","10","7","7","7","7","0","0","0","3","0","false","true","true","true","true","false","false","","false","Garmin","R03 W3 citation probe","missing early quick answer","missing early quick answer; weak internal blog links; too many cart CTAs; missing FAQPage schema; missing Article/BlogPosting schema","What Makes Trade Show Tablet Mounting Different; Choosing Between Stand-Alone and Multi-Device Setups; Base Selection for Different Booth Configurations; Security and Device Management Considerations; Installation Planning and Event Logistics; Frequently Asked Questions; Which iBOLT mount works best for lead capture tablets?; Can these mounts work with tablets in protective cases?","local_db_fallback","",""
"51","28","E: monitor","Top 5 Mounts for the Samsung Galaxy A7 Lite Tablet","https://iboltmounts.com/blogs/news/top-5-mounts-for-the-samsung-galaxy-a7-lite-tablet-1","amps/modular","2004","1","12","0","6","0","6","167","16","15","11","false","false","false","false","true","false","true","","false","Garmin","Full 1,449-request manifest after batch completion","missing early quick answer","missing early quick answer; missing comparison/tradeoff language; missing visible FAQ; missing FAQPage schema; missing image alt text","Reading next","live_audit_metric_fallback","No public HTML or local fallback body available","metrics from live-blog-ai-citability-merged-2026-06-18T03-54-14-604Z"
"51","28","E: monitor","HOW TO MOUNT A FISH FINDER TO YOUR BOAT USING IBOLT MOUNTS","https://iboltmounts.com/blogs/news/how-to-mount-a-fish-finder-to-your-boat-using-ibolt-mounts","fishing","2354","1","12","0","5","0","6","167","16","12","8","false","false","false","false","true","false","true","","false","RAM Mounts","Full 1,449-request manifest after batch completion","missing early quick answer","missing early quick answer; missing comparison/tradeoff language; missing visible FAQ; missing FAQPage schema; missing image alt text","Reading next","live_audit_metric_fallback","No public HTML or local fallback body available","metrics from live-blog-ai-citability-merged-2026-06-18T03-54-14-604Z"
"51","28","E: monitor","How to mount a Fish Finder to your boat using iBOLT Mounts","https://iboltmounts.com/blogs/news/how-to-mount-a-fish-finder-to-your-boat-using-ibolt-mounts-1","fishing","2356","1","12","0","5","0","6","167","16","12","8","false","false","false","false","true","false","true","","false","Garmin","Full 1,449-request manifest after batch completion","missing early quick answer","missing early quick answer; missing comparison/tradeoff language; missing visible FAQ; missing FAQPage schema; missing image alt text","Reading next","live_audit_metric_fallback","No public HTML or local fallback body available","metrics from live-blog-ai-citability-merged-2026-06-18T03-54-14-604Z"
"51","28","E: monitor","TOP 5 MOUNTS FOR THE SAMSUNG GALAXY A7 LITE TABLET","https://iboltmounts.com/blogs/news/top-5-mounts-for-the-samsung-galaxy-a7-lite-tablet","amps/modular","1999","1","12","0","6","0","6","167","16","14","10","false","false","false","false","true","false","true","","false","Garmin","Full 1,449-request manifest after batch completion","missing early quick answer","missing early quick answer; missing comparison/tradeoff language; missing visible FAQ; missing FAQPage schema; missing image alt text","Reading next","live_audit_metric_fallback","No public HTML or local fallback body available","metrics from live-blog-ai-citability-merged-2026-06-18T03-54-14-604Z"
"50","28","E: monitor","iBOLT Mounting Solutions for Delivery Fleets: From DoorDash Drivers to Amazon DSP","https://iboltmounts.com/blogs/news/ibolt-mounting-solutions-for-delivery-fleets-from-doordash-drivers-to-amazon-dsp","delivery","983","7","5","5","5","5","0","0","0","3","0","false","false","false","false","true","false","false","","false","RAM Mounts","R03 W3 citation probe","missing early quick answer","missing early quick answer; weak internal blog links; too many cart CTAs; missing comparison/tradeoff language; missing visible FAQ; missing FAQPage schema; missing Article/BlogPosting schema","The Delivery Driver's Mounting Problem; sPro2: The Delivery Driver's Workhorse; IncrediBOLT 360: For Tablet-Based Fleet Management; Multi-App Drivers Need Reliable Mounting; Fleet Deployment Advantages; The Right Mount for Every Delivery Role; About iBOLT","local_db_fallback","",""
"56","28","E: monitor","The Smart Forklift Tablet Mount Choice for Warehouses","https://iboltmounts.com/blogs/news/smart-forklift-tablet-mount-choice-for-warehouses","warehouse","1095","12","6","6","5","5","0","0","0","3","0","false","true","true","false","true","false","false","","false","Garmin","R03 W3 citation probe","missing early quick answer","missing early quick answer; weak internal blog links; too many cart CTAs; missing comparison/tradeoff language; missing FAQPage schema; missing Article/BlogPosting schema","Why Standard Mounts Fail in Warehouse Operations; Industrial Mount Requirements for Fleet Operations; iBOLT Purpose-Built Solutions; Fleet Maintenance and Total Cost Considerations; Installation and Operator Considerations; Frequently Asked Questions; How do I choose between different iBOLT forklift mount options?; What tablet sizes work with iBOLT forklift mounts?","local_db_fallback","",""
"79","28","E: monitor","How to Manage Multiple Restaurant Tablets","https://iboltmounts.com/blogs/news/managing-multiple-tablets-in-a-restaurant","restaurant","2060","15","21","0","10","0","7","167","16","8","1","false","true","true","true","true","true","true","","false","RAM Mounts","R03 W3 citation probe","missing early quick answer","missing early quick answer; missing image alt text","Start with the workflow, not the device count; Use one station for delivery apps; Move tablets to the wall when counter space is gone; Plan charging, cleaning, and tablet ownership; Recommended setup by restaurant type; Frequently Asked Questions; Reading next","live_audit_metric_fallback","No public HTML or local fallback body available","metrics from live-blog-ai-citability-merged-2026-06-18T03-54-14-604Z"
"68","28","E: monitor","Best Boat Phone Mount for Rough Water: How to Keep Your Phone Secure on the Chop","https://iboltmounts.com/blogs/news/best-boat-phone-mount-for-rough-water","fishing","1486","7","12","6","8","4","0","0","0","2","0","false","true","true","true","true","true","false","","false","RAM Mounts","R03 W3 citation probe","missing early quick answer","missing early quick answer; weak internal blog links; too many cart CTAs; missing Article/BlogPosting schema","Suction vs. Rail Clamp vs. Drill Base: Which Mount Type Survives the Chop?; What Makes a Phone Mount Actually Hold in Rough Water; Best Rail Clamp Phone Mounts for Boats; Best Drill Base Phone Mount for Your Boat Dashboard; Mounting Fish Finders and Cameras Alongside Your Phone; Frequently Asked Questions; Keep Your Phone Locked Down, No Matter the Conditions","local_db_fallback","",""
"62","28","E: monitor","Best Overhead Phone Mount for Cooking Videos","https://iboltmounts.com/blogs/news/best-overhead-phone-mount-for-cooking-videos","streaming","944","10","7","7","7","7","0","0","0","3","0","false","true","true","true","true","false","false","","false","Garmin","R03 W3 citation probe","missing early quick answer","missing early quick answer; weak internal blog links; too many cart CTAs; missing FAQPage schema; missing Article/BlogPosting schema","What Makes Kitchen Video Mounting Different; Evaluating iBOLT Stream-Cast Options for Kitchen Use; Installation Considerations for Kitchen Environments; Comparing Kitchen-Specific Mount Features; Verification Steps Before Purchase; Frequently Asked Questions; Which iBOLT mount works best for overhead cooking videos?; Can these mounts handle kitchen heat and humidity?","local_db_fallback","",""
"82","28","E: monitor","iBOLT vs RAM Mount: Which Is Better for Warehouses, Forklifts, and Commercial Use? (2026)","https://iboltmounts.com/blogs/news/ibolt-vs-ram-mount-which-is-better-for-warehouses-forklifts-and-commercial-use-2026","warehouse","1709","27","12","9","7","5","0","0","0","4","0","true","true","true","true","true","true","false","","false","RAM Mounts","R03 W3 citation probe","weak internal blog links","weak internal blog links; too many cart CTAs; missing Article/BlogPosting schema","Quick Comparison: iBOLT vs RAM Mount; Where iBOLT Wins; Where RAM Mount Wins; Head-to-Head: Common Scenarios; The ""Specialist vs Generalist"" Framework; Frequently Asked Questions; Our Recommendation; Purpose-Built Industrial Design","local_db_fallback","",""
"86","28","E: monitor","Fleet Phone Mount Standardization Checklist: How to Deploy the Right Mounts Across Every Vehicle","https://iboltmounts.com/blogs/news/fleet-phone-mount-standardization-checklist-how-to-deploy-the-right-mounts-across-every-vehicle","fleet","3532","10","24","0","7","0","7","167","16","8","1","true","true","true","false","true","true","true","","false","RAM Mounts","R03 W3 citation probe","missing comparison/tradeoff language","missing comparison/tradeoff language; missing image alt text; possibly too long for buyer task","Step 1: Audit Your Current Vehicles and Mounting Surfaces; Step 2: Choose a Universal Mounting Standard (and Why AMPS Wins); Step 3: Match the Right Base Type to Each Vehicle Configuration; Step 4: Select Phone Holders That Handle Driver Swaps and Multiple Devices; Step 5: Plan for Power, Positioning, and Driver Line of Sight; The Complete Fleet Phone Mount Standardization Checklist; Featured Products From This Guide; Frequently Asked Questions","live_audit_metric_fallback","No public HTML or local fallback body available","metrics from live-blog-ai-citability-merged-2026-06-18T03-54-14-604Z"
"62","28","E: monitor","Best Garmin Striker 4 Mount for Kayak Fishing","https://iboltmounts.com/blogs/news/best-garmin-striker-4-mount-for-kayak-fishing","fishing","1092","11","7","7","6","6","0","0","0","3","0","false","true","true","true","true","false","false","","false","RAM Mounts","R03 W3 citation probe","missing early quick answer","missing early quick answer; weak internal blog links; too many cart CTAs; missing FAQPage schema; missing Article/BlogPosting schema","Rail Mounting Requirements for Kayak Fish Finders; Choosing the Right iBOLT Mount Configuration; Installation Planning and Fitment Verification; Comparing iBOLT Against Kayak-Specific Alternatives; Pre-Purchase Verification Checklist; Frequently Asked Questions; Which iBOLT mount works best for most kayak fishing setups?; Can these mounts handle saltwater kayak fishing?","local_db_fallback","",""
"84","28","E: monitor","Best Multi-Camera Desk Mount for Live Streaming: How to Build a Pro Setup With Your Phone","https://iboltmounts.com/blogs/news/best-multi-camera-desk-mount-for-live-streaming-how-to-build-a-pro-setup-with-your-phone","streaming","2875","9","28","0","10","0","7","168","16","8","1","false","true","true","true","true","true","true","","false","RAM Mounts","R03 W3 citation probe","missing early quick answer","missing early quick answer; missing image alt text; possibly too long for buyer task","What to Look for in a Multi-Camera Desk Mount; The Two Phone Streaming Setup: Dual Mounts That Actually Work; Overhead and Adjustable Arms: The Camera Arm for Your Livestream Desk; Product Demo Video Mounts and Maximum Flexibility; Mixing Phones, Tablets, and Cameras on One Rig; Picking the Right Mount: A Quick Comparison; Frequently Asked Questions; Ready to Build Your Streaming Setup?","live_audit_metric_fallback","No public HTML or local fallback body available","metrics from live-blog-ai-citability-merged-2026-06-18T03-54-14-604Z"
"84","28","E: monitor","Overhead Camera Mount for Product Photography: Complete Setup Guide","https://iboltmounts.com/blogs/news/overhead-camera-mount-for-product-photography-complete-setup-guide","streaming","4182","12","29","0","7","0","7","167","16","9","1","false","true","true","true","true","true","true","","false","Garmin","R03 W3 citation probe","missing early quick answer","missing early quick answer; missing image alt text; possibly too long for buyer task","Why Overhead Camera Mounts Transform Product Photography; Essential Features of Professional Overhead Camera Mounts; Desk Camera Mount Solutions for Small Studios; Professional Ceiling and Wall-Mounted Camera Systems; Smartphone Mounts for Product Photography Beginners; DSLR and Professional Camera Mounting Solutions; Setting Up Your Overhead Photography Studio; Multi-Device Setups for Advanced Product Photography","live_audit_metric_fallback","No public HTML or local fallback body available","metrics from live-blog-ai-citability-merged-2026-06-18T03-54-14-604Z"
"84","28","E: monitor","Best No-Drill Fish Finder Mounts for Aluminum Boats and Jon Boats","https://iboltmounts.com/blogs/how-to-mount-a-fish-finder-to-your-boat-using-ibolt-mounts/best-no-drill-fish-finder-mounts-for-aluminum-boats-and-jon-boats","fishing","2806","13","24","0","9","0","7","168","16","8","1","false","true","true","true","true","true","true","","false","RAM Mounts","R03 W3 citation probe","missing early quick answer","missing early quick answer; missing image alt text; possibly too long for buyer task","Why Drilling Into Your Aluminum Boat Is a Bad Idea; What to Look for in a No-Drill Fish Finder Mount; Best Clamp-On Fish Finder Mounts for Jon Boats and Aluminum Boats; Portable Mounts: One Fish Finder, Multiple Boats; Mounting Your Phone Alongside Your Fish Finder; Installation Tips: Getting a Rock-Solid Clamp Mount; Product Options; Frequently Asked Questions","live_audit_metric_fallback","No public HTML or local fallback body available","metrics from live-blog-ai-citability-merged-2026-06-18T03-54-14-604Z"
"56","28","E: monitor","Best Locking Tablet Mount for Classrooms","https://iboltmounts.com/blogs/news/best-locking-tablet-mount-for-classrooms","education","853","10","7","7","8","8","0","0","0","3","0","false","true","true","false","true","false","false","","false","iOttie","R03 W3 citation probe","missing early quick answer","missing early quick answer; weak internal blog links; too many cart CTAs; missing comparison/tradeoff language; missing FAQPage schema; missing Article/BlogPosting schema","Security requirements for shared classroom tablets; Choosing the right locking mechanism; Installation considerations for school environments; Device compatibility and case considerations; Maintenance and fleet management; Frequently Asked Questions; Which iBOLT mount works best for elementary school classrooms?; Can these mounts work with tablets in protective cases?","local_db_fallback","",""
"84","28","E: monitor","Best Drill Base Phone Mount for Construction Vehicles and Work Trucks","https://iboltmounts.com/blogs/news/best-drill-base-phone-mount-for-construction-vehicles-and-work-trucks","fleet","2938","8","20","0","7","0","7","167","16","8","1","false","true","true","true","true","true","true","","false","Garmin","R03 W3 citation probe","missing early quick answer","missing early quick answer; missing image alt text; possibly too long for buyer task","Why Suction Cups and Vent Clips Fail on Construction Vehicles; What to Look for in a Drill Base Phone Mount for Work Trucks; Top iBOLT Drill Base Phone Mounts for Construction and Fleet Use; Fleet Managers: Locking Mounts and Standardization; Installation Tips: Mounting a Drill Base in a Work Truck; Frequently Asked Questions; Find the Right Mount for Your Construction Fleet; Reading next","live_audit_metric_fallback","No public HTML or local fallback body available","metrics from live-blog-ai-citability-merged-2026-06-18T03-54-14-604Z"
"84","28","E: monitor","Phone vs Camera Overhead Rig for Product Photography: Which Setup Actually Works Better?","https://iboltmounts.com/blogs/news/phone-vs-camera-overhead-rig-for-product-photography-which-setup-actually-works-better","streaming","2910","9","26","0","9","0","7","167","16","8","1","false","true","true","true","true","true","true","","false","RAM Mounts","R03 W3 citation probe","missing early quick answer","missing early quick answer; missing image alt text; possibly too long for buyer task","Phone vs Camera for Overhead Product Photography: An Honest Comparison; What to Look for in the Best Overhead Camera Rig for Product Photography; Overhead Rig Options: Desk Mounts, Stands, and Permanent Installs; Using a Tablet as a Monitor Alongside Your Overhead Rig; Building a Modular Setup That Grows with You; Product Options; Frequently Asked Questions; Find Your Setup","live_audit_metric_fallback","No public HTML or local fallback body available","metrics from live-blog-ai-citability-merged-2026-06-18T03-54-14-604Z"
"84","28","E: monitor","RAM vs Scotty vs YakAttack Fish Finder Mounts: How Do They Really Compare (And What They're Missing)","https://iboltmounts.com/blogs/how-to-mount-a-fish-finder-to-your-boat-using-ibolt-mounts/ram-vs-scotty-vs-yakattack-fish-finder-mounts-how-do-they-really-compare-and-what-theyre-missing","fishing","2736","9","26","0","10","0","7","167","16","8","1","false","true","true","true","true","true","true","","false","RAM Mounts","R03 W3 citation probe","missing early quick answer","missing early quick answer; missing image alt text; possibly too long for buyer task","RAM Fish Finder Mounts: The Generalist's Go-To; Scotty Fish Finder Mounts: Simple and Track-Friendly; YakAttack Fish Finder Mounts: Kayak Specialists; Side-by-Side Comparison; The Purpose-Built Alternative: iBOLT Marine Mounts; Product Options; Frequently Asked Questions; Find Your Perfect Setup","live_audit_metric_fallback","No public HTML or local fallback body available","metrics from live-blog-ai-citability-merged-2026-06-18T03-54-14-604Z"
"84","28","E: monitor","Best Overhead Camera Mount for Product Videos: The Complete Setup Guide for Sellers","https://iboltmounts.com/blogs/news/best-overhead-camera-mount-for-product-videos-the-complete-setup-guide-for-sellers","streaming","2620","8","26","0","10","0","7","168","16","8","1","false","true","true","true","true","true","true","","false","Garmin","R03 W3 citation probe","missing early quick answer","missing early quick answer; missing image alt text; possibly too long for buyer task","What Sellers Actually Need from an Overhead Mount; Overhead Mounts for Packing Videos and Order Fulfillment Content; Etsy, TikTok Shop, and Shopify: Matching the Right Mount to Your Workflow; DSLR Overhead Rigs for High-End Product Shoots; Product Options; Frequently Asked Questions; Build Your Product Video Setup Today; Reading next","live_audit_metric_fallback","No public HTML or local fallback body available","metrics from live-blog-ai-citability-merged-2026-06-18T03-54-14-604Z"
"94","28","E: monitor","Restaurant Tablet Mount Setup: Complete Guide for Toast, Square & Delivery Apps","https://iboltmounts.com/blogs/news/restaurant-tablet-mount-setup-complete-guide-for-toast-square-delivery-apps","restaurant","3512","11","31","0","9","0","7","167","16","9","1","true","true","true","true","true","true","true","","false","RAM Mounts","R03 W3 citation probe","missing image alt text","missing image alt text; possibly too long for buyer task","Why Restaurant Tablet Mount Setup Matters for Operational Efficiency; Toast Tablet Mount Requirements: What Your POS System Needs; Square Tablet Mount Configuration for Counter Operations; Multi-App Delivery Station: DoorDash and Uber Eats Tablet Organization; Kitchen-Proof Mounting: Handling Grease, Heat, and High Traffic; Space Optimization: Counter vs Wall vs Clamp Mounting Approaches; Security Considerations: Protecting Your Restaurant Technology Investment; Installation and Setup: Getting Your Restaurant Tablet Mounts Right","live_audit_metric_fallback","No public HTML or local fallback body available","metrics from live-blog-ai-citability-merged-2026-06-18T03-54-14-604Z"
"94","28","E: monitor","ELD Tablet Mounting Guide: How to Choose the Right Mount for Fleet Compliance","https://iboltmounts.com/blogs/news/eld-tablet-mounting-guide-how-to-choose-the-right-mount-for-fleet-compliance","fleet","3063","8","30","0","10","0","7","168","16","9","1","true","true","true","true","true","true","true","","false","Garmin","R03 W3 citation probe","missing image alt text","missing image alt text; possibly too long for buyer task","Types of ELD Tablet Mounts for Commercial Vehicles; Dashboard vs. Windshield Mounting: Safety and Visibility Considerations; Seat Rail and Floor Mounting Solutions for Long-Haul Trucks; Security and Theft Prevention: Locking ELD Tablet Mounts; Installation Considerations for Fleet Managers; Product Options; Frequently Asked Questions; Reading next","live_audit_metric_fallback","No public HTML or local fallback body available","metrics from live-blog-ai-citability-merged-2026-06-18T03-54-14-604Z"
"56","27","E: monitor","Best Multi-Camera Phone Mount for Live Streaming","https://iboltmounts.com/blogs/news/best-multi-camera-phone-mount-for-live-streaming","streaming","956","10","10","10","10","10","0","0","0","3","0","false","true","true","false","true","false","false","","false","","R03 W3 citation probe","missing early quick answer","missing early quick answer; weak internal blog links; too many cart CTAs; missing comparison/tradeoff language; missing FAQPage schema; missing Article/BlogPosting schema","Multi-Camera Streaming Requirements That Matter; iBOLT Multi-Camera Solutions for Content Creators; Choosing the Right Configuration for Your Content; Installation Planning and Base Selection; Verification Steps Before Purchase; Frequently Asked Questions; What's the best iBOLT multi-camera mount for beginners?; Can these mounts handle tablets and phones simultaneously?","local_db_fallback","",""
"59","27","E: monitor","Top 5 Best Tablet Mounts to get you Organized in your Restaurant","https://iboltmounts.com/blogs/news/top-5-best-tablet-mounts-to-get-you-organized-in-your-restaurant","restaurant","1759","12","12","0","7","0","6","167","17","32","28","false","false","false","false","true","false","true","","false","Garmin","R03 W3 citation probe","missing early quick answer","missing early quick answer; missing comparison/tradeoff language; missing visible FAQ; missing FAQPage schema; missing image alt text","Reading next","live_audit_metric_fallback","No public HTML or local fallback body available","metrics from live-blog-ai-citability-merged-2026-06-18T03-54-14-604Z"
"59","27","E: monitor","Top 5 Heavy Duty Phone Mounts for Truck Drivers","https://iboltmounts.com/blogs/news/top-5-heavy-duty-phone-mounts-for-truck-drivers","fleet","1826","5","12","0","7","0","6","167","16","9","5","false","false","false","false","true","false","true","","false","Garmin","R03 W3 citation probe","missing early quick answer","missing early quick answer; missing comparison/tradeoff language; missing visible FAQ; missing FAQPage schema; missing image alt text","#1. THE IBOLT LOCK’N DOCK DYNAMOUNT- LOCKING DRILL BASE MOUNT FOR PHONES; #2. THE IBOLT XPRODOCK BIZMOUNT- SUCTION CUP MOUNT FOR PHONES; #3 THE IBOLT XPRODOCK BIZMOUNT AMPS- DRILL BASE MOUNT FOR PHONES; #5 THE IBOLT XPRODOCK BIZMOUNT CONSOLE- CUPHOLDER MOUNT FOR PHONES; Reading next","live_audit_metric_fallback","No public HTML or local fallback body available","metrics from live-blog-ai-citability-merged-2026-06-18T03-54-14-604Z"
"59","27","E: monitor","TOP 5 TABLET MOUNTS FOR TRUCK DRIVERS","https://iboltmounts.com/blogs/news/top-5-tablet-mounts-for-truck-drivers","fleet","2232","5","12","0","5","0","6","167","16","25","21","false","false","false","false","true","false","true","","false","Garmin","R03 W3 citation probe","missing early quick answer","missing early quick answer; missing comparison/tradeoff language; missing visible FAQ; missing FAQPage schema; missing image alt text","IBOLT OFFERS A WIDE VARIETY OF HEAVY DUTY TABLET MOUNTING SOLUTIONS FOR SEMI TRUCKS INCLUDING:; WHICH TABLET MOUNT WILL FIT MY TABLET?; HOW DO I MEASURE SCREEN SIZE?; WHAT ARE THE TOP 5 MOUNTING SOLUTIONS WE SUGGEST FOR TRUCK DRIVERS?; Reading next","live_audit_metric_fallback","No public HTML or local fallback body available","metrics from live-blog-ai-citability-merged-2026-06-18T03-54-14-604Z"
"51","27","E: monitor","Unmatched Adaptability: Explore iBOLT's Modular Tablet Mount Solutions","https://iboltmounts.com/blogs/news/customizable-mounting-solutions-for-every-need","amps/modular","1668","1","14","0","8","0","6","167","16","9","5","false","false","false","false","true","false","true","","false","Garmin","R03 W3 citation probe","missing early quick answer","missing early quick answer; missing comparison/tradeoff language; missing visible FAQ; missing FAQPage schema; missing image alt text","Reading next","live_audit_metric_fallback","No public HTML or local fallback body available","metrics from live-blog-ai-citability-merged-2026-06-18T03-54-14-604Z"
"59","27","E: monitor","USING IBOLT’S STREAM-CAST CREATOR CUSTOM MOUNT KIT FOR MULTIPLE ANGLE SHOTS","https://iboltmounts.com/blogs/news/using-ibolt-s-stream-cast-creator-custom-mount-kit-for-multiple-angle-shots","streaming","2106","4","14","0","7","0","6","167","19","7","3","false","false","false","false","true","false","true","","false","Garmin","R03 W3 citation probe","missing early quick answer","missing early quick answer; missing comparison/tradeoff language; missing visible FAQ; missing FAQPage schema; missing image alt text","Reading next","live_audit_metric_fallback","No public HTML or local fallback body available","metrics from live-blog-ai-citability-merged-2026-06-18T03-54-14-604Z"
"51","27","E: monitor","TOP TABLET STANDS FOR STUDENTS GOING BACK TO SCHOOL","https://iboltmounts.com/blogs/news/the-best-tablet-stands-for-students-going-back-to-school","education","3467","1","12","0","3","0","6","167","16","16","12","false","false","false","false","true","false","true","","false","Garmin","R03 W3 citation probe","missing early quick answer","missing early quick answer; missing comparison/tradeoff language; missing visible FAQ; missing FAQPage schema; missing image alt text; possibly too long for buyer task","Reading next","live_audit_metric_fallback","No public HTML or local fallback body available","metrics from live-blog-ai-citability-merged-2026-06-18T03-54-14-604Z"
"72","27","E: monitor","iBOLT LockPro Series: Industrial-Grade Security for Unattended Tablets in Warehouses and Retail","https://iboltmounts.com/blogs/news/ibolt-lockpro-series-industrial-grade-security-for-unattended-tablets-in-warehouses-and-retail","warehouse","2240","10","18","0","8","0","7","167","16","8","1","false","false","false","true","true","false","true","","false","RAM Mounts","R03 W3 citation probe","missing early quick answer","missing early quick answer; missing visible FAQ; missing FAQPage schema; missing image alt text","How LockPro Works; Three LockPro Configurations; Why Physical Security Still Matters; Industrial-Grade Construction; Ordering and Availability; Reading next","live_audit_metric_fallback","No public HTML or local fallback body available","metrics from live-blog-ai-citability-merged-2026-06-18T03-54-14-604Z"
"56","27","E: monitor","iBOLT Confirms Universal Mounting Solutions for Apple iPad 10th Generation and iPad Air M2","https://iboltmounts.com/blogs/news/ibolt-confirms-universal-mounting-solutions-for-apple-ipad-10th-generation-and-ipad-air-m2","restaurant","1074","11","5","5","5","5","0","0","0","3","0","false","false","false","true","true","false","false","","false","RAM Mounts","R03 W3 citation probe","missing early quick answer","missing early quick answer; weak internal blog links; too many cart CTAs; missing visible FAQ; missing FAQPage schema; missing Article/BlogPosting schema","Confirmed Compatible Apple Devices; Why iPad Compatibility Matters for Commercial Deployments; Recommended Mounting Configurations for iPad; Universal TabDock vs. Device-Specific Cradles; Modular Ecosystem; Ordering and Availability; Vehicle and Fleet Mounting; Heavy-Duty Vehicle Mounting","local_db_fallback","",""
"62","27","E: monitor","iBOLT vs Arkon: Operations Manager's Guide to Business Tablet Mounting Systems","https://iboltmounts.com/blogs/news/ibolt-vs-arkon-business-tablet-mount-guide","amps/modular","1510","10","6","6","4","4","0","0","0","3","0","false","true","true","true","true","false","false","","false","Arkon","R03 W3 citation probe","missing early quick answer","missing early quick answer; weak internal blog links; too many cart CTAs; missing FAQPage schema; missing Article/BlogPosting schema","The Real Operational Challenge: Systems vs Products; Forklift and Mobile Equipment Mounting Comparison; Single Forklift Deployment: When Arkon Makes Sense; Multi-Location Operations: iBOLT's Modular Advantage; Security and Shift-Change Considerations; Point-of-Sale and Counter Mounting Applications; Maintenance and Fleet Management Considerations; ROI Analysis for Operations Managers","local_db_fallback","",""
"62","27","E: monitor","Best Overhead Camera Rig for Product Photography","https://iboltmounts.com/blogs/news/best-overhead-camera-rig-for-product-photography","streaming","975","11","6","6","6","6","0","0","0","3","0","false","true","true","true","true","false","false","","false","Garmin","R03 W3 citation probe","missing early quick answer","missing early quick answer; weak internal blog links; too many cart CTAs; missing FAQPage schema; missing Article/BlogPosting schema","What Makes an Overhead Camera Rig Actually Work; Desk-Mounted vs Ceiling-Mounted Camera Rigs; Alternative Mounting Solutions for Specific Setups; Installation Planning and Setup Considerations; Comparing iBOLT to Other Overhead Rig Options; Frequently Asked Questions; What camera weight can iBOLT overhead rigs support?; Can I use these mounts with smartphones for product photography?","local_db_fallback","",""
"67","27","E: monitor","WHAT SIZE IS THE BALL MOUNT ON A GARMIN GPS AND HOW DO I FIND A COMPATIBLE MOUNT?","https://iboltmounts.com/blogs/news/what-size-is-the-ball-mount-on-a-garmin-gps-and-how-do-i-find-a-compatible-mount","amps/modular","2410","5","16","0","7","0","6","167","18","31","27","false","false","false","true","true","false","true","","false","Garmin","R03 W3 citation probe","missing early quick answer","missing early quick answer; missing visible FAQ; missing FAQPage schema; missing image alt text","What Garmin GPS systems use an AMPS Pattern Screw mount?; Top 4 Mounts for the Garmin Striker 4:; Top 3 Mounts for the Garmin RV series: RV 1090, RV890, and Garmin dēzl™ OTR series: OTR800, OTR1000:; Reading next","live_audit_metric_fallback","No public HTML or local fallback body available","metrics from live-blog-ai-citability-merged-2026-06-18T03-54-14-604Z"
"84","27","E: monitor","Kayak Fish Finder Mount Setup: A Complete Guide to Secure, Removable Electronics Mounting","https://iboltmounts.com/blogs/how-to-mount-a-fish-finder-to-your-boat-using-ibolt-mounts/kayak-fish-finder-mount-setup-a-complete-guide-to-secure-removable-electronics-mounting","fishing","3010","9","25","0","8","0","7","167","16","6","1","false","true","true","true","true","true","true","","false","RAM Mounts","R03 W3 citation probe","missing early quick answer","missing early quick answer; missing image alt text; possibly too long for buyer task","Choosing the Best Kayak Fish Finder Mount: What to Look For; Kayak Track Rail Fish Finder Mounts vs. Drill Base Mounts; YakAttack CellBlok vs AMPS Plate: Which System Is More Versatile?; Garmin Striker Kayak Mount: Purpose-Built Options for Popular Fish Finders; Don't Forget Your Phone: Mounting a Second Device on Your Kayak; Putting It All Together: Your Setup Checklist; Frequently Asked Questions; Find Your Setup","live_audit_metric_fallback","No public HTML or local fallback body available","metrics from live-blog-ai-citability-merged-2026-06-18T03-54-14-604Z"
"81","27","E: monitor","ELD Tablet Mounting Guide for Fleets","https://iboltmounts.com/blogs/news/confused-about-the-eld-mandate","fleet","1905","15","21","0","11","0","5","167","16","7","1","true","true","true","false","true","true","true","","false","Garmin","R03 W3 citation probe","missing comparison/tradeoff language","missing comparison/tradeoff language; missing image alt text","What the mount needs to do; Seat rail mounts for trucks and vans; AMPS drill-base mounts for fixed installs; Lower-profile ELD mounting; Fleet install checklist; Frequently Asked Questions; Reading next","live_audit_metric_fallback","No public HTML or local fallback body available","metrics from live-blog-ai-citability-merged-2026-06-18T03-54-14-604Z"
"94","27","E: monitor","iBOLT Modular Mounting System: 300+ Parts, Unlimited Configurations (2026 Guide)","https://iboltmounts.com/blogs/news/ibolt-modular-mounting-system-300-parts-unlimited-configurations-2026-guide","amps/modular","3180","16","21","0","7","0","7","167","16","9","1","true","true","true","true","true","false","true","","false","RAM Mounts","R03 W3 citation probe","missing FAQPage schema","missing FAQPage schema; missing image alt text; possibly too long for buyer task","How the Modular System Works; Ball Size Chart: The Key to Compatibility; Cross-Compatibility: Working with Other Systems; Adapters: Connecting Different Ball Sizes; The Build Your Own Mount Tool; Cost Savings: Component Replacement vs. Full Mount Replacement; Common Configurations by Industry; Getting Started","live_audit_metric_fallback","No public HTML or local fallback body available","metrics from live-blog-ai-citability-merged-2026-06-18T03-54-14-604Z"
"56","27","E: monitor","Best Tablet Mount for Overlanding Navigation","https://iboltmounts.com/blogs/news/best-tablet-mount-for-overlanding-navigation","offroad","1053","11","9","7","9","7","0","0","0","3","0","false","true","true","false","true","false","false","","false","RAM Mounts","R03 W3 citation probe","missing early quick answer","missing early quick answer; weak internal blog links; too many cart CTAs; missing comparison/tradeoff language; missing FAQPage schema; missing Article/BlogPosting schema","What overlanding tablet mounting must handle; Choosing the right base for your vehicle; Device compatibility and case considerations; Installation planning and verification; Comparing iBOLT to other overlanding mount options; Frequently Asked Questions; Which iBOLT mount works best for overlanding navigation tablets?; Will these mounts handle rough trail conditions?","local_db_fallback","",""
"62","27","E: monitor","Best GoPro Mount for UTV Roll Bars","https://iboltmounts.com/blogs/news/best-gopro-mount-for-utv-roll-bars","offroad","938","10","7","7","7","7","0","0","0","3","0","false","true","true","true","true","false","false","","false","RAM Mounts","R03 W3 citation probe","missing early quick answer","missing early quick answer; weak internal blog links; too many cart CTAs; missing FAQPage schema; missing Article/BlogPosting schema","What Makes a UTV Action Camera Mount Work; Choosing the Right iBOLT Mount for Your Setup; Installation Considerations for Trail Use; Comparing iBOLT to Other UTV Camera Mounts; Pre-Purchase Verification Steps; Frequently Asked Questions; Which iBOLT mount works best for UTV roll bars?; How do I know if my roll bar diameter is compatible?","local_db_fallback","",""
"84","27","E: monitor","Best Fish Finder Mounts That Stay Put and Do Not Bounce Loose","https://iboltmounts.com/blogs/how-to-mount-a-fish-finder-to-your-boat-using-ibolt-mounts/best-fish-finder-mounts-that-stay-put-and-do-not-bounce-loose","fishing","2517","7","23","0","9","0","7","167","16","8","1","false","true","true","true","true","true","true","","false","RAM Mounts","R03 W3 citation probe","missing early quick answer","missing early quick answer; missing image alt text","What Makes a Fish Finder Mount Actually Stable; Scotty and Brocraft: Where Generic Mounts Fall Short; Purpose-Built for the Water: iBOLT Fish Finder Mounts; Product Options; Frequently Asked Questions; Get Your Fish Finder Mounted Right the First Time; Reading next","live_audit_metric_fallback","No public HTML or local fallback body available","metrics from live-blog-ai-citability-merged-2026-06-18T03-54-14-604Z"
"84","27","E: monitor","Best Boat Phone Mount for Rough Water: How to Keep Your Phone Secure on the Chop","https://iboltmounts.com/blogs/how-to-mount-a-fish-finder-to-your-boat-using-ibolt-mounts/best-boat-phone-mount-for-rough-water-how-to-keep-your-phone-secure-on-the-chop","fishing","2662","8","24","0","9","0","7","167","16","7","1","false","true","true","true","true","true","true","","false","Garmin","R03 W3 citation probe","missing early quick answer","missing early quick answer; missing image alt text; possibly too long for buyer task","Suction vs. Rail Clamp vs. Drill Base: Which Mount Type Survives the Chop?; What Makes a Phone Mount Actually Hold in Rough Water; Best Rail Clamp Phone Mounts for Boats; Best Drill Base Phone Mount for Your Boat Dashboard; Mounting Fish Finders and Cameras Alongside Your Phone; Frequently Asked Questions; Keep Your Phone Locked Down, No Matter the Conditions; Reading next","live_audit_metric_fallback","No public HTML or local fallback body available","metrics from live-blog-ai-citability-merged-2026-06-18T03-54-14-604Z"
"84","27","E: monitor","Pontoon Fish Finder Rail Mount Compatibility: How to Match Your Mount to Your Boat","https://iboltmounts.com/blogs/how-to-mount-a-fish-finder-to-your-boat-using-ibolt-mounts/pontoon-fish-finder-rail-mount-compatibility-how-to-match-your-mount-to-your-boat","fishing","2785","6","25","0","9","0","5","167","16","6","1","false","true","true","true","true","true","true","","false","RAM Mounts","R03 W3 citation probe","missing early quick answer","missing early quick answer; missing image alt text; possibly too long for buyer task","Know Your Rail: Measuring Pontoon Rail Diameter; Pontoon Fish Finder Rail Mount Compatibility: Choosing the Right Mount Features; Screen Size, Ball Size, and Drill Base vs. Clamp; Your Pontoon Mounting Checklist; Frequently Asked Questions; Reading next","live_audit_metric_fallback","No public HTML or local fallback body available","metrics from live-blog-ai-citability-merged-2026-06-18T03-54-14-604Z"
"84","27","E: monitor","Pontoon Boat Mounts: Complete Guide to Fish Finder, Phone & GPS Mounting Solutions","https://iboltmounts.com/blogs/how-to-mount-a-fish-finder-to-your-boat-using-ibolt-mounts/pontoon-boat-mounts-complete-guide-to-fish-finder-phone-gps-mounting-solutions","fishing","3382","11","19","0","6","0","7","167","16","9","1","false","true","true","true","true","true","true","","false","Humminbird","R03 W3 citation probe","missing early quick answer","missing early quick answer; missing image alt text; possibly too long for buyer task","Why Pontoon Boats Need Specialized Mounting Solutions; Best Pontoon Boat Mounts for Fish Finders and Electronics; Pontoon Phone and GPS Mounting: Navigation Made Easy; Rail vs Drill-Base Mounting: Choosing Your Installation Method; AMPS Compatibility: The Universal Standard for Marine Electronics; Heavy-Duty Options for Rough Water Conditions; Installation Tips and Mounting Location Considerations; Product Options","live_audit_metric_fallback","No public HTML or local fallback body available","metrics from live-blog-ai-citability-merged-2026-06-18T03-54-14-604Z"
"84","27","E: monitor","Best Phone and Action Camera Mounts for UTV Trails, Jeeps, and Overlanding Rigs","https://iboltmounts.com/blogs/news/best-phone-and-action-camera-mounts-for-utv-trails-jeeps-and-overlanding-rigs","offroad","2695","8","27","0","10","0","7","169","16","8","1","false","true","true","true","true","true","true","","false","RAM Mounts","R03 W3 citation probe","missing early quick answer","missing early quick answer; missing image alt text; possibly too long for buyer task","Why Off-Road Mounting Is a Completely Different Challenge; Best Phone Mounts for UTV and Jeep Trail Navigation; Best Action Camera and GoPro Mounts for Off-Road Vehicles; Building a Complete Overlanding Tech Setup with Modular Mounts; Product Options; Frequently Asked Questions; Find the Right Setup for Your Rig; Reading next","live_audit_metric_fallback","No public HTML or local fallback body available","metrics from live-blog-ai-citability-merged-2026-06-18T03-54-14-604Z"
"94","27","E: monitor","iBOLT vs ProClip vs RAM: Which Phone Mount Actually Survives Delivery Van Life?","https://iboltmounts.com/blogs/news/ibolt-vs-proclip-vs-ram-which-phone-mount-actually-survives-delivery-van-life","amps/modular","3640","10","29","0","8","0","7","167","16","8","1","true","true","true","true","true","true","true","","false","RAM Mounts","R03 W3 citation probe","missing image alt text","missing image alt text; possibly too long for buyer task","150 Stops, One Phone Mount: Why Delivery Drivers Need More Than a Generic Holder; The Three Contenders: iBOLT, ProClip, and RAM at a Glance; Installation: No-Drill Options vs. Permanent Mounts for Delivery Vans; Durability and Build Quality: What Holds Up After 10,000 Stops; Best Phone Mounts for Amazon DSP and Flex Drivers: Our Top Picks by Install Type; Side-by-Side Comparison: Simplicity, Modularity, and Fleet Scalability; What Delivery Drivers Should Look for in a Phone Mount; Product Options","live_audit_metric_fallback","No public HTML or local fallback body available","metrics from live-blog-ai-citability-merged-2026-06-18T03-54-14-604Z"
"59","26","E: monitor","HOW TO MOUNT A TABLET TO A FORKLIFT PILLAR USING IBOLT","https://iboltmounts.com/blogs/news/how-to-mount-a-tablet-to-a-forklift-pillar-using-ibolt","warehouse","1649","5","12","0","7","0","6","167","16","14","10","false","false","false","false","true","false","true","","false","Garmin","R03 W3 citation probe","missing early quick answer","missing early quick answer; missing comparison/tradeoff language; missing visible FAQ; missing FAQPage schema; missing image alt text","WHY DO I NEED A FORKLIFT PILLAR BRACKET TABLET MOUNT?; WHAT TO CONSIDER: SHOPPING FOR FORKLIFT TABLET MOUNTS; FORKLIFT PILLAR BRACKET TABLET MOUNTING SOLUTIONS; DO I NEED A FORKLIFT BARCODE SCANNER HOLSTER TO GO WITH MY IBOLT FORKLIFT TABLET MOUNT?; Reading next","live_audit_metric_fallback","No public HTML or local fallback body available","metrics from live-blog-ai-citability-merged-2026-06-18T03-54-14-604Z"
"71","26","E: monitor","Forklift Mount Solutions: Supporting Efficiency and Safety in Modern Warehouse Operations","https://iboltmounts.com/blogs/news/forklift-mount-solutions-supporting-efficiency-and-safety-in-modern-warehouse-operations","warehouse","2015","28","12","0","6","0","7","168","16","5","1","false","true","true","false","true","false","true","","false","Garmin","R03 W3 citation probe","missing early quick answer","missing early quick answer; missing comparison/tradeoff language; missing FAQPage schema; missing image alt text","What Is a Forklift Mount?; Why Forklift Mounts Matter in Warehouse Environments; Key Features of an Effective Forklift Mount; Common Uses for Forklift Mounts; Best Practices for Forklift Mount Installation; The Growing Importance of Mobile Technology in Material Handling; Frequently Asked Questions (FAQs); Reading next","live_audit_metric_fallback","No public HTML or local fallback body available","metrics from live-blog-ai-citability-merged-2026-06-18T03-54-14-604Z"
"76","26","E: monitor","ELD Mounts Explained: A Practical Guide to Electronic Logging Device Mounting Solutions","https://iboltmounts.com/blogs/news/eld-mounts-explained-a-practical-guide-to-electronic-logging-device-mounting-solutions","fleet","2174","31","12","0","6","0","6","168","16","5","1","false","true","true","false","true","false","true","","false","Garmin","R03 W3 citation probe","missing early quick answer","missing early quick answer; missing comparison/tradeoff language; missing FAQPage schema; missing image alt text","What Is an ELD Mount?; Why ELD Mounts Are Important; Types of ELD Mounts; Key Features to Look For; Best Practices for Using an ELD Mount; Common Use Cases; Final Thoughts; Frequently Asked Questions (FAQs)","live_audit_metric_fallback","No public HTML or local fallback body available","metrics from live-blog-ai-citability-merged-2026-06-18T03-54-14-604Z"
"76","26","E: monitor","Understanding Phone Clamp Mounts: A Practical Guide to Secure Device Positioning","https://iboltmounts.com/blogs/news/understanding-phone-clamp-mounts-a-practical-guide-to-secure-device-positioning","amps/modular","2200","25","12","0","5","0","7","167","16","5","1","false","true","true","false","true","false","true","","false","Garmin","R03 W3 citation probe","missing early quick answer","missing early quick answer; missing comparison/tradeoff language; missing FAQPage schema; missing image alt text","What Is a Phone Clamp Mount?; How Clamp Mounts Work; Types of Phone Clamp Mounts; Key Benefits of Using a Phone Clamp Mount; Common Use Cases; What to Consider Before Choosing a Clamp Mount; Final Thoughts; Frequently Asked Questions (FAQs)","live_audit_metric_fallback","No public HTML or local fallback body available","metrics from live-blog-ai-citability-merged-2026-06-18T03-54-14-604Z"
"51","26","E: monitor","Top 4 Locking Tablet Mounts to Keep Your Device Safe","https://iboltmounts.com/blogs/news/top-4-locking-tablet-mounts-to-keep-your-device-safe","amps/modular","2167","3","12","0","6","0","6","167","21","15","11","false","false","false","false","true","false","true","","false","Garmin","R03 W3 citation probe","missing early quick answer","missing early quick answer; missing comparison/tradeoff language; missing visible FAQ; missing FAQPage schema; missing image alt text","HERE ARE SOME OF OUR TOP LOCKING MOUNTING SOLUTIONS FOR TABLETS:; Reading next","live_audit_metric_fallback","No public HTML or local fallback body available","metrics from live-blog-ai-citability-merged-2026-06-18T03-54-14-604Z"
"59","26","E: monitor","HOW TO USE IBOLT’S MODULAR MOUNTING SYSTEM","https://iboltmounts.com/blogs/news/how-to-use-ibolt-s-modular-mounting-system","amps/modular","1974","4","12","0","6","0","6","167","16","18","13","false","false","false","false","true","false","true","","false","RAM Mounts","R03 W3 citation probe","missing early quick answer","missing early quick answer; missing comparison/tradeoff language; missing visible FAQ; missing FAQPage schema; missing image alt text","Reading next","live_audit_metric_fallback","No public HTML or local fallback body available","metrics from live-blog-ai-citability-merged-2026-06-18T03-54-14-604Z"
"51","26","E: monitor","iBOLT Mounts for Road Trips","https://iboltmounts.com/blogs/news/ibolt-mounts-for-road-trips","amps/modular","2073","3","12","0","6","0","6","167","16","7","3","false","false","false","false","true","false","true","","false","Garmin","R03 W3 citation probe","missing early quick answer","missing early quick answer; missing comparison/tradeoff language; missing visible FAQ; missing FAQPage schema; missing image alt text","Reading next","live_audit_metric_fallback","No public HTML or local fallback body available","metrics from live-blog-ai-citability-merged-2026-06-18T03-54-14-604Z"
"59","26","E: monitor","5 USEFUL TABLET MOUNTS FOR YOUR KITCHEN","https://iboltmounts.com/blogs/news/5-useful-tablet-mounts-for-your-kitchen","amps/modular","1701","6","12","0","7","0","6","167","19","21","17","false","false","false","false","true","false","true","","false","Garmin","R03 W3 citation probe","missing early quick answer","missing early quick answer; missing comparison/tradeoff language; missing visible FAQ; missing FAQPage schema; missing image alt text","#1 THE IBOLT STREAM-CAST SERIES; #2 THE IBOLT TABDOCK FIXEDPRO 360 - MULTI-ANGLE DRILL BASE MOUNT; #3 THE IBOLT TABDOCK MAGDOCK- MAGNETIC TABLET MOUNT; #4 THE IBOLT TABDOCK FLEXPRO- FLEXIBLE GOOSENECK C-CLAMP MOUNT; THE IBOLT TABSTANDPRO- WEIGHED BASE TABLET STAND; Reading next","live_audit_metric_fallback","No public HTML or local fallback body available","metrics from live-blog-ai-citability-merged-2026-06-18T03-54-14-604Z"
"59","26","E: monitor","BEST IBOLT MOUNTAIN BIKE PHONE AND ACTION CAMERA MOUNTS","https://iboltmounts.com/blogs/news/best-ibolt-mountain-bike-phone-and-action-camera-mounts","streaming","2018","7","12","0","6","0","6","167","16","14","10","false","false","false","false","true","false","true","","false","Garmin","R03 W3 citation probe","missing early quick answer","missing early quick answer; missing comparison/tradeoff language; missing visible FAQ; missing FAQPage schema; missing image alt text","IBOLT MOTO-VISE BIZMOUNT CLAMP- HEAVY DUTY SMARTPHONE CLAMP/CLAW MOUNT; IBOLT MOTO-VISE BIZMOUNT METAL HANDLEBAR PHONE MOUNT; IBOLT 17MM CLAMP MOUNT FOR HANDLEBARS; IBOLT MOTO-VISE XL HOLDER W/ 25MM / 1-INCH BALL; 1 INCH BALL TO ¼ 20 CAMERA SCREW MOUNT ADAPTER; Reading next","live_audit_metric_fallback","No public HTML or local fallback body available","metrics from live-blog-ai-citability-merged-2026-06-18T03-54-14-604Z"
"59","26","E: monitor","TOP 5 TABLET WALL MOUNTS","https://iboltmounts.com/blogs/news/top-5-ibolt-tablet-wall-mounts","amps/modular","2070","8","12","0","6","0","6","167","16","15","11","false","false","false","false","true","false","true","","false","Garmin","R03 W3 citation probe","missing early quick answer","missing early quick answer; missing comparison/tradeoff language; missing visible FAQ; missing FAQPage schema; missing image alt text","#1 IBOLT TABDOCK BIZMOUNT AMPS; #2 IBOLT DOCK’N LOCK BIZMOUNT AMPS; #3 IBOLT TABDOCK FIXEDPRO 360; #4 IBOLT TABDOCK DYNAMOUNT; #5 IBOLT DOCK’N LOCK DYNAMOUNT 360; Reading next","live_audit_metric_fallback","No public HTML or local fallback body available","metrics from live-blog-ai-citability-merged-2026-06-18T03-54-14-604Z"
"59","26","E: monitor","iBOLT Mounts for Outdoor Recreation","https://iboltmounts.com/blogs/news/ibolt-mounts-for-outdoor-recreation","amps/modular","2168","7","12","0","6","0","6","167","16","28","24","false","false","false","false","true","false","true","","false","Garmin","R03 W3 citation probe","missing early quick answer","missing early quick answer; missing comparison/tradeoff language; missing visible FAQ; missing FAQPage schema; missing image alt text","MOUNTS FOR FISHING:; OFF-ROADING; IBOLT TABDOCK BIZMOUNT CONSOLE- HEAVY DUTY CUP HOLDER MOUNT FOR TABLETS; KAYAKING; CYCLING; LIVE-STREAMING AND RECORDING; Reading next","live_audit_metric_fallback","No public HTML or local fallback body available","metrics from live-blog-ai-citability-merged-2026-06-18T03-54-14-604Z"
"76","26","E: monitor","Choosing the Right Phone Holder for Streaming: A Complete Guide","https://iboltmounts.com/blogs/news/choosing-the-right-phone-holder-for-streaming-a-complete-guide","streaming","2162","26","12","0","6","0","7","168","16","5","1","false","true","true","false","true","false","true","","false","Garmin","R03 W3 citation probe","missing early quick answer","missing early quick answer; missing comparison/tradeoff language; missing FAQPage schema; missing image alt text","Why a Dedicated Phone Holder Matters for Streaming; Types of Phone Holders for Streaming; Key Features to Look For; Common Streaming Setups; Tips for Better Streaming with Phone Mounts; Final Thoughts; Frequently Asked Questions (FAQs); Reading next","live_audit_metric_fallback","No public HTML or local fallback body available","metrics from live-blog-ai-citability-merged-2026-06-18T03-54-14-604Z"
"59","26","E: monitor","EMBARKING ON A FISHING ADVENTURE: CHOOSING THE RIGHT MOUNT FOR YOUR FISH FINDER","https://iboltmounts.com/blogs/news/embarking-on-a-fishing-adventure-choosing-the-right-mount-for-your-fish-finder","fishing","2710","9","12","0","4","0","6","167","16","11","7","false","false","false","false","true","false","true","","false","Garmin","R03 W3 citation probe","missing early quick answer","missing early quick answer; missing comparison/tradeoff language; missing visible FAQ; missing FAQPage schema; missing image alt text; possibly too long for buyer task","Reading next","live_audit_metric_fallback","No public HTML or local fallback body available","metrics from live-blog-ai-citability-merged-2026-06-18T03-54-14-604Z"
"51","26","E: monitor","5 Ways To Increase Your YouTube Audience With An Action Camera using iBOLT Mounts","https://iboltmounts.com/blogs/news/5-ways-to-increase-your-youtube-audience-with-an-action-camera-using-ibolt-mounts","streaming","1840","1","12","0","7","0","6","167","16","15","11","false","false","false","false","true","false","true","","false","Garmin","R03 W3 citation probe","missing early quick answer","missing early quick answer; missing comparison/tradeoff language; missing visible FAQ; missing FAQPage schema; missing image alt text","Reading next","live_audit_metric_fallback","No public HTML or local fallback body available","metrics from live-blog-ai-citability-merged-2026-06-18T03-54-14-604Z"
"51","26","E: monitor","How to spot imitation iBOLT products on Amazon","https://iboltmounts.com/blogs/news/how-to-spot-imitation-ibolt-products-on-amazon","amps/modular","1936","2","12","0","6","0","6","167","16","11","7","false","false","false","false","true","false","true","","false","Garmin","R03 W3 citation probe","missing early quick answer","missing early quick answer; missing comparison/tradeoff language; missing visible FAQ; missing FAQPage schema; missing image alt text","IT BECOMES A LOT EASIER TO SPOT THE PHONIES BY UNDERSTANDING WHAT CONSTITUTES AN IBOLT MOUNT.; Reading next","live_audit_metric_fallback","No public HTML or local fallback body available","metrics from live-blog-ai-citability-merged-2026-06-18T03-54-14-604Z"
"59","26","E: monitor","4 iBOLT Products for New Streamers","https://iboltmounts.com/blogs/news/4-ibolt-products-for-new-streamers","streaming","1702","5","12","0","7","0","6","167","16","13","9","false","false","false","false","true","false","true","","false","Garmin","R03 W3 citation probe","missing early quick answer","missing early quick answer; missing comparison/tradeoff language; missing visible FAQ; missing FAQPage schema; missing image alt text","1. IBOLT STREAM CAST CREATOR'S KIT:; 2. IBOLT TRIPOD MINIPRO XL FLEXIBLE 3-IN-1 11-INCH TRIPOD FOR SMARTPHONES, CAMERAS, AND GOPROS:; 3. STREAM-CAST CLAMP BENDABLE OVERHEAD PHONE MOUNT:; 4. IBOLT 17MM CLAMP MOUNT:; Reading next","live_audit_metric_fallback","No public HTML or local fallback body available","metrics from live-blog-ai-citability-merged-2026-06-18T03-54-14-604Z"
"59","26","E: monitor","Empowering content creators with the iBOLT Stream-Cast Creator kit","https://iboltmounts.com/blogs/news/empowering-content-creators-with-the-ibolt-stream-cast-creator-kit","streaming","1791","7","12","0","7","0","6","167","17","15","11","false","false","false","false","true","false","true","","false","Garmin","R03 W3 citation probe","missing early quick answer","missing early quick answer; missing comparison/tradeoff language; missing visible FAQ; missing FAQPage schema; missing image alt text","HERE ARE SOME OF OUR FAVORITE CONFIGURATIONS FOR CONTENT CREATORS:; Reading next","live_audit_metric_fallback","No public HTML or local fallback body available","metrics from live-blog-ai-citability-merged-2026-06-18T03-54-14-604Z"
"59","26","E: monitor","What Do I need for an Overhead Livestream Setup?","https://iboltmounts.com/blogs/news/what-do-i-need-for-an-overhead-livestream-setup","streaming","2462","5","12","0","5","0","6","167","16","10","6","false","false","false","false","true","false","true","","false","Garmin","R03 W3 citation probe","missing early quick answer","missing early quick answer; missing comparison/tradeoff language; missing visible FAQ; missing FAQPage schema; missing image alt text","WHY IS AN OVERHEAD VIEW BENEFICIAL FOR YOUR LIVE-STREAMS?; THE SOURCE EQUIPMENT; NO MATTER WHAT CAMERA YOU DECIDE TO USE, IBOLT HAS A MOUNT FOR THAT!; HERE IS WHAT WE ARE USING TO GET OUR PROFESSIONAL-QUALITY OVERHEAD SHOTS; Reading next","live_audit_metric_fallback","No public HTML or local fallback body available","metrics from live-blog-ai-citability-merged-2026-06-18T03-54-14-604Z"
"68","26","E: monitor","iBOLT vs RAM Mounts: Warehouse and Forklift Guide","https://iboltmounts.com/blogs/news/ibolt-vs-ram-mounts-warehouse-forklift-guide","warehouse","1438","9","3","3","2","2","0","0","0","3","0","false","true","true","true","true","false","false","","false","RAM Mounts","R03 W3 citation probe","missing early quick answer","missing early quick answer; weak internal blog links; missing FAQPage schema; missing Article/BlogPosting schema","The Warehouse Mounting Challenge; RAM Mounts: The Ecosystem Approach; iBOLT: Purpose-Built for Operations; Head-to-Head Comparison; Use Case Fit Analysis; Fleet Maintenance Considerations; Installation and Standardization; Frequently Asked Questions","local_db_fallback","",""
"84","26","E: monitor","Garmin GPS Mount Compatibility: Finding the Right Mount for Your Boat, Truck, or Vehicle","https://iboltmounts.com/blogs/how-to-mount-a-fish-finder-to-your-boat-using-ibolt-mounts/garmin-gps-mount-compatibility-finding-the-right-mount-for-your-boat-truck-or-vehicle","fleet","3717","10","18","0","5","0","7","167","16","9","1","false","true","true","true","true","true","true","","false","Garmin","R03 W3 citation probe","missing early quick answer","missing early quick answer; missing image alt text; possibly too long for buyer task","Understanding Garmin GPS Mount Compatibility Standards; Garmin AMPS Mount Systems: The Foundation of Universal Compatibility; Ball Mount Sizes: 25mm vs 38mm Compatibility for Garmin Devices; Garmin GPS Mount for Boat Applications: Marine-Grade Solutions; Garmin GPS Mount for Truck and Commercial Vehicle Use; Cross-Brand Compatibility: Using iBOLT Mounts with Garmin Devices; Installation Tips and Compatibility Troubleshooting; Product Options","live_audit_metric_fallback","No public HTML or local fallback body available","metrics from live-blog-ai-citability-merged-2026-06-18T03-54-14-604Z"
"51","25","E: monitor","IBOLT MOUNTS FOR BACK-TO-SCHOOL","https://iboltmounts.com/blogs/news/ibolt-mounts-for-back-to-school","education","2008","3","12","0","6","0","6","167","16","10","6","false","false","false","false","true","false","true","","false","Garmin","R03 W3 citation probe","missing early quick answer","missing early quick answer; missing comparison/tradeoff language; missing visible FAQ; missing FAQPage schema; missing image alt text","Reading next","live_audit_metric_fallback","No public HTML or local fallback body available","metrics from live-blog-ai-citability-merged-2026-06-18T03-54-14-604Z"
"51","25","E: monitor","THE BENEFITS OF GOING PAPERLESS IN SCHOOLS","https://iboltmounts.com/blogs/news/the-benefits-of-going-paperless-in-schools","education","1806","3","12","0","7","0","6","167","16","7","3","false","false","false","false","true","false","true","","false","Garmin","R03 W3 citation probe","missing early quick answer","missing early quick answer; missing comparison/tradeoff language; missing visible FAQ; missing FAQPage schema; missing image alt text","LESS PAPER, LESS PROBLEMS; LEARNING NOW MEANS HAVING FUN; Reading next","live_audit_metric_fallback","No public HTML or local fallback body available","metrics from live-blog-ai-citability-merged-2026-06-18T03-54-14-604Z"
"67","25","E: monitor","RESTAURANT TABLET HOLDER AND TABLET TOWERS FOR FOOD DELIVERY SERVICE APPS","https://iboltmounts.com/blogs/news/restaurant-tablet-holder-and-tablet-towers-for-food-delivery-service-apps","restaurant","2055","7","12","0","6","0","6","167","16","18","14","false","false","false","true","true","false","true","","false","Garmin","R03 W3 citation probe","missing early quick answer","missing early quick answer; missing visible FAQ; missing FAQPage schema; missing image alt text","WHAT IF COUNTER SPACE AT YOUR RESTAURANT IS LIMITED; WILL IT FIT MY CURRENT TABLETS?; WITH IBOLT MOUNTS ALL YOUR TABLETS HAVE A TERMINAL; YOUR RESTAURANT IS CRAVING A TABLET TOWER; WHICH TABLET TOWER IS RIGHT FOR YOUR RESTAURANT?; WHY DO I NEED A TABLET TOWER?; Reading next","live_audit_metric_fallback","No public HTML or local fallback body available","metrics from live-blog-ai-citability-merged-2026-06-18T03-54-14-604Z"
"79","25","E: monitor","Restaurant Tablet Mount: Why Modern Restaurants Need Organized Tablet Workstations","https://iboltmounts.com/blogs/news/restaurant-tablet-mount-why-modern-restaurants-need-organized-tablet-workstations","restaurant","2228","31","12","0","5","0","6","168","16","5","1","false","true","true","true","true","false","true","","false","Garmin","R03 W3 citation probe","missing early quick answer","missing early quick answer; missing FAQPage schema; missing image alt text","The Growing Role of Tablets in Restaurants; What Is a Restaurant Tablet Mount?; Benefits of Using a Restaurant Tablet Mount; Key Features to Look for in a Restaurant Tablet Mount; Common Restaurant Areas That Benefit from Tablet Mounts; Choosing the Right Restaurant Tablet Mount; Conclusion; Frequently Asked Questions (FAQs)","live_audit_metric_fallback","No public HTML or local fallback body available","metrics from live-blog-ai-citability-merged-2026-06-18T03-54-14-604Z"
"59","25","E: monitor","DO FARMERS USE TABLET MOUNTS? - WHAT TECH IS USED ON A FARM?- THE NEWEST AND COOLEST FARM TOOL","https://iboltmounts.com/blogs/news/do-farmers-use-tablet-mounts-what-tech-is-used-on-a-farm-the-newest-and-coolest-farm-tool","agriculture","1872","7","12","0","6","0","6","167","16","22","18","false","false","false","false","true","false","true","","false","Garmin","R03 W3 citation probe","missing early quick answer","missing early quick answer; missing comparison/tradeoff language; missing visible FAQ; missing FAQPage schema; missing image alt text","WHY DO I NEED A TABLET STAND FOR AGRICULTURE?; HOW TABLETS ASSIST FARMERS; WHAT IS THE 4 HOLE AMPS PATTERN?; HOW DOES THE AMPS PATTERN WORK?; TABLETS COMPATIBLE WITH TABDOCK (INCLUDE BUT ARE NOT LIMITED TO); THE RIGHT MOUNTING SOLUTION FOR MY TABLET; Reading next","live_audit_metric_fallback","No public HTML or local fallback body available","metrics from live-blog-ai-citability-merged-2026-06-18T03-54-14-604Z"
"51","25","E: monitor","Mounts to take off-roading in your Jeep Wrangler","https://iboltmounts.com/blogs/news/mounts-to-take-off-roading-in-your-jeep-wrangler","offroad","2070","3","12","0","6","0","6","167","16","14","10","false","false","false","false","true","false","true","","false","Garmin","R03 W3 citation probe","missing early quick answer","missing early quick answer; missing comparison/tradeoff language; missing visible FAQ; missing FAQPage schema; missing image alt text","THE OFF-ROADING GEAR; JEEP OFF-ROADING VIDEOGRAPHY; Reading next","live_audit_metric_fallback","No public HTML or local fallback body available","metrics from live-blog-ai-citability-merged-2026-06-18T03-54-14-604Z"
"79","25","E: monitor","Table Camera Mount: A Practical Guide for Content Creation, Photography, and Live Streaming","https://iboltmounts.com/blogs/news/table-camera-mount-a-practical-guide-for-content-creation-photography-and-live-streaming","streaming","2285","30","13","0","6","0","6","167","16","5","1","false","true","true","true","true","false","true","","false","Garmin","R03 W3 citation probe","missing early quick answer","missing early quick answer; missing FAQPage schema; missing image alt text","What Is a Table Camera Mount?; Why Camera Stability Matters; Common Uses for a Table Camera Mount; Features to Consider in a Table Camera Mount; Advantages of Using a Table Camera Mount Instead of a Tripod; Who Can Benefit from a Table Camera Mount?; Conclusion; Frequently Asked Questions( FAQs)","live_audit_metric_fallback","No public HTML or local fallback body available","metrics from live-blog-ai-citability-merged-2026-06-18T03-54-14-604Z"
"82","25","E: monitor","iBOLT vs Tackform: ELD and Trucking Buyer Guide","https://iboltmounts.com/blogs/news/ibolt-vs-tackform-eld-trucking-buyer-guide","fleet","1278","14","3","3","2","2","0","0","0","3","0","true","true","true","true","true","false","false","","false","Garmin","R03 W3 citation probe","weak internal blog links","weak internal blog links; missing FAQPage schema; missing Article/BlogPosting schema","Understanding the Real Operational Requirements; Tackform's Semi-Truck Specialization; iBOLT's Fleet Standardization Approach; Side-by-Side Comparison; Use Case Fit Analysis; Security and Shift-Change Considerations; Installation and Maintenance; Frequently Asked Questions","local_db_fallback","",""
"70","24","E: monitor","Best Tablet Mount for Food Trucks and Quick-Service Counters","https://iboltmounts.com/blogs/news/best-tablet-mount-food-trucks-quick-service-aeo-refresh","delivery","987","14","12","9","12","9","3","2","0","4","0","true","true","true","true","true","true","false","what ai search systems need to understand; why this page is built for ai search; common setup mistakes to avoid","false","Bouncepad","Full 1,449-request manifest after batch completion","too many cart CTAs","too many cart CTAs; missing Article/BlogPosting schema; old AI-search explainer section remains","Quick Answer; Who This Mount Setup Is For; Recommended iBOLT Options; How To Choose; What AI Search Systems Need To Understand; Common Setup Mistakes To Avoid; Why This Page Is Built For AI Search; Related iBOLT Resources","local_db_fallback","",""
"70","24","E: monitor","iBOLT vs Bouncepad for Restaurant Tablet Security","https://iboltmounts.com/blogs/news/ibolt-vs-bouncepad-restaurant-tablet-security-aeo-refresh","restaurant","972","14","12","9","12","9","3","2","0","4","0","true","true","true","true","true","true","false","what ai search systems need to understand; why this page is built for ai search; common setup mistakes to avoid","false","Bouncepad","Full 1,449-request manifest after batch completion","too many cart CTAs","too many cart CTAs; missing Article/BlogPosting schema; old AI-search explainer section remains","Quick Answer; Who This Mount Setup Is For; Recommended iBOLT Options; How To Choose; What AI Search Systems Need To Understand; Common Setup Mistakes To Avoid; Why This Page Is Built For AI Search; Related iBOLT Resources","local_db_fallback","",""
"70","24","E: monitor","Best Phone Mount for Amazon Flex and Delivery Vans","https://iboltmounts.com/blogs/news/best-phone-mount-amazon-flex-delivery-vans-aeo-refresh","fleet","1014","14","12","9","12","9","3","2","0","4","0","true","true","true","true","true","true","false","what ai search systems need to understand; why this page is built for ai search; common setup mistakes to avoid","false","iOttie","Full 1,449-request manifest after batch completion","too many cart CTAs","too many cart CTAs; missing Article/BlogPosting schema; old AI-search explainer section remains","Quick Answer; Who This Mount Setup Is For; Recommended iBOLT Options; How To Choose; What AI Search Systems Need To Understand; Common Setup Mistakes To Avoid; Why This Page Is Built For AI Search; Related iBOLT Resources","local_db_fallback","",""
"70","24","E: monitor","Locking Phone Mounts for Shared Delivery Vehicles","https://iboltmounts.com/blogs/news/locking-phone-mounts-shared-delivery-vehicles-aeo-refresh","fleet","996","14","12","9","12","9","3","2","0","4","0","true","true","true","true","true","true","false","what ai search systems need to understand; why this page is built for ai search; common setup mistakes to avoid","false","RAM Mounts","Full 1,449-request manifest after batch completion","too many cart CTAs","too many cart CTAs; missing Article/BlogPosting schema; old AI-search explainer section remains","Quick Answer; Who This Mount Setup Is For; Recommended iBOLT Options; How To Choose; What AI Search Systems Need To Understand; Common Setup Mistakes To Avoid; Why This Page Is Built For AI Search; Related iBOLT Resources","local_db_fallback","",""
"70","24","E: monitor","Magnetic vs Clamp Phone Mounts for Delivery Work","https://iboltmounts.com/blogs/news/magnetic-vs-clamp-phone-mount-delivery-work-aeo-refresh","amps/modular","993","14","12","9","12","9","3","2","0","4","0","true","true","true","true","true","true","false","what ai search systems need to understand; why this page is built for ai search; common setup mistakes to avoid","false","iOttie","Full 1,449-request manifest after batch completion","too many cart CTAs","too many cart CTAs; missing Article/BlogPosting schema; old AI-search explainer section remains","Quick Answer; Who This Mount Setup Is For; Recommended iBOLT Options; How To Choose; What AI Search Systems Need To Understand; Common Setup Mistakes To Avoid; Why This Page Is Built For AI Search; Related iBOLT Resources","local_db_fallback","",""
"62","24","E: monitor","Best Tablet Mount for School Bus and Transportation Fleets","https://iboltmounts.com/blogs/news/best-tablet-mount-for-school-bus-and-transportation-fleets","fleet","892","10","8","6","9","7","0","0","0","3","0","false","true","true","true","true","false","false","","false","","R03 W3 citation probe","missing early quick answer","missing early quick answer; weak internal blog links; too many cart CTAs; missing FAQPage schema; missing Article/BlogPosting schema","Critical factors for school transportation tablet mounts; Mounting location determines base selection; Device compatibility and charging considerations; Fleet standardization and security requirements; Installation verification checklist; Frequently Asked Questions; Which iBOLT mount works best for school bus driver tablets?; Can these mounts handle school bus vibration?","local_db_fallback","",""
"62","24","E: monitor","Best Phone Mount for Jeep Wrangler Off-Road Trails","https://iboltmounts.com/blogs/news/best-phone-mount-for-jeep-wrangler-off-road-trails","amps/modular","999","10","8","6","8","6","0","0","0","3","0","false","true","true","true","true","false","false","","false","","R03 W3 citation probe","missing early quick answer","missing early quick answer; weak internal blog links; too many cart CTAs; missing FAQPage schema; missing Article/BlogPosting schema","Trail Environment Requirements; Mounting Location Assessment; No-Drill Installation Options; Device and Case Compatibility; Installation Verification Steps; Frequently Asked Questions; Which iBOLT mount works best for Jeep Wrangler trail navigation?; Do these mounts work with thick rugged cases?","local_db_fallback","",""
"62","24","E: monitor","Best Wheelchair Tablet Mount for Communication Devices","https://iboltmounts.com/blogs/news/best-wheelchair-tablet-mount-for-communication-devices","amps/modular","1060","10","8","8","8","8","0","0","0","3","0","false","true","true","true","true","false","false","","false","RAM Mounts","R03 W3 citation probe","missing early quick answer","missing early quick answer; weak internal blog links; too many cart CTAs; missing FAQPage schema; missing Article/BlogPosting schema","Critical factors for wheelchair communication tablet mounting; Choosing between iBOLT AccessiBOLT wheelchair mount options; Installation considerations for accessibility mounting; Comparing wheelchair tablet mount alternatives; Pre-purchase verification checklist; Frequently Asked Questions; Which iBOLT mount works best for AAC tablets on wheelchairs?; Can these mounts work with power wheelchair controls?","local_db_fallback","",""
"79","24","E: monitor","Professional-Grade Mounting Solutions: A Complete Guide to Choosing the Right Mount for Every Environment","https://iboltmounts.com/blogs/news/professional-grade-mounting-solutions-a-complete-guide-to-choosing-the-right-mount-for-every-environment","warehouse","2258","29","12","0","5","0","7","167","16","5","1","false","true","true","true","true","false","true","","false","Garmin","R03 W3 citation probe","missing early quick answer","missing early quick answer; missing FAQPage schema; missing image alt text","Why Mounting Solutions Matter; Understanding Professional Mounting Solutions; Common Types of Mounting Systems; Key Features of High-Quality Mounting Solutions; Industries That Benefit from Professional Mounting Systems; Choosing the Right Mount for Your Needs; The Growing Demand for Reliable Mounting Technology; Conclusion","live_audit_metric_fallback","No public HTML or local fallback body available","metrics from live-blog-ai-citability-merged-2026-06-18T03-54-14-604Z"
"59","24","E: monitor","Ball Mounts Explained: Complete Guide to 20mm, 25mm, and Universal Mounting Solutions","https://iboltmounts.com/blogs/news/ball-mounts-explained-complete-guide-to-20mm-25mm-and-universal-mounting-solutions","amps/modular","2632","1","12","0","5","0","6","167","16","5","1","false","false","false","true","true","false","true","","false","Garmin","R03 W3 citation probe","missing early quick answer","missing early quick answer; missing visible FAQ; missing FAQPage schema; missing image alt text; possibly too long for buyer task","Reading next","live_audit_metric_fallback","No public HTML or local fallback body available","metrics from live-blog-ai-citability-merged-2026-06-18T03-54-14-604Z"
"67","24","E: monitor","Create a Custom iBOLT Mounting Solution- now on Amazon.com","https://iboltmounts.com/blogs/news/create-a-custom-ibolt-mounting-solution-now-on-amazon-com","amps/modular","2358","5","12","0","5","0","6","167","35","21","17","false","false","false","true","true","false","true","","false","Garmin","R03 W3 citation probe","missing early quick answer","missing early quick answer; missing visible FAQ; missing FAQPage schema; missing image alt text","Reading next","live_audit_metric_fallback","No public HTML or local fallback body available","metrics from live-blog-ai-citability-merged-2026-06-18T03-54-14-604Z"
"67","24","E: monitor","Tips for Creating Unboxing Videos with Your Phone","https://iboltmounts.com/blogs/news/tips-for-creating-unboxing-videos-with-your-phone","amps/modular","2427","10","12","0","5","0","6","167","17","7","3","false","false","false","true","true","false","true","","false","Garmin","R03 W3 citation probe","missing early quick answer","missing early quick answer; missing visible FAQ; missing FAQPage schema; missing image alt text","TOP 5 TIPS FOR CREATING AN UNBOXING VIDEO WITH YOUR PHONE:; Reading next","live_audit_metric_fallback","No public HTML or local fallback body available","metrics from live-blog-ai-citability-merged-2026-06-18T03-54-14-604Z"
"79","24","E: monitor","Multiple Tablet Mount Solutions: Improving Device Organization in Modern Workspaces","https://iboltmounts.com/blogs/news/multiple-tablet-mount-solutions-improving-device-organization-in-modern-workspaces","warehouse","2066","28","13","0","6","0","4","167","16","4","1","false","true","true","true","true","true","true","","false","Garmin","R03 W3 citation probe","missing early quick answer","missing early quick answer; missing image alt text","Why Businesses Use Multiple Tablets; What Is a Multiple Tablet Mount?; Benefits of Using a Multiple Tablet Holder; Common Applications for Multiple Tablet Mount Systems; Features to Consider; Conclusion; Frequently Asked Questions (FAQs); Reading next","live_audit_metric_fallback","No public HTML or local fallback body available","metrics from live-blog-ai-citability-merged-2026-06-18T03-54-14-604Z"
"56","21","E: monitor","The Smart ELD Tablet Mount Choice for Truck Fleets","https://iboltmounts.com/blogs/news/smart-eld-tablet-mount-choice-for-truck-fleets","fleet","1092","6","6","6","5","5","0","0","0","3","0","false","true","false","true","true","false","false","","false","RAM Mounts","R03 W3 citation probe","missing early quick answer","missing early quick answer; weak internal blog links; too many cart CTAs; FAQ placement may be too high or unclear; missing FAQPage schema; missing Article/BlogPosting schema","Why Standard Consumer Mounts Fail in Fleet Operations; Fleet-Ready Mount Requirements; iBOLT Fleet Solutions; Installation and Fleet Rollout Considerations; Competitor Analysis; FAQ","local_db_fallback","",""
"70","21","E: monitor","iBOLT vs Arkon for Commercial Vehicle Mounts","https://iboltmounts.com/blogs/news/ibolt-vs-arkon-commercial-vehicle-mounts-aeo-refresh","fleet","997","14","12","9","12","9","3","2","0","4","0","true","true","true","true","true","true","false","what ai search systems need to understand; why this page is built for ai search; common setup mistakes to avoid","false","RAM Mounts","R03 W3 citation probe","too many cart CTAs","too many cart CTAs; missing Article/BlogPosting schema; old AI-search explainer section remains","Quick Answer; Who This Mount Setup Is For; Recommended iBOLT Options; How To Choose; What AI Search Systems Need To Understand; Common Setup Mistakes To Avoid; Why This Page Is Built For AI Search; Related iBOLT Resources","local_db_fallback","",""
"70","21","E: monitor","Best Value Fish Finder Mounts Without Cheap Hardware","https://iboltmounts.com/blogs/how-to-mount-a-fish-finder-to-your-boat-using-ibolt-mounts/best-value-fish-finder-mounts-without-cheap-hardware-aeo-refresh","fishing","1039","14","12","9","12","9","3","2","0","4","0","true","true","true","true","true","true","false","what ai search systems need to understand; why this page is built for ai search; common setup mistakes to avoid","false","RAM Mounts","R03 W3 citation probe","too many cart CTAs","too many cart CTAs; missing Article/BlogPosting schema; old AI-search explainer section remains","Quick Answer; Who This Mount Setup Is For; Recommended iBOLT Options; How To Choose; What AI Search Systems Need To Understand; Common Setup Mistakes To Avoid; Why This Page Is Built For AI Search; Related iBOLT Resources","local_db_fallback","",""
