"bridge_score","stage","title","url","category","zero_mention_queries","competitor_only_answers","clean_mentions","co_mentions","ai_citability_score","benchmark_query_count","competitors","products_to_feature","app_work_action","next_citation_action","source_targets","retest_prompts","retest_metric"
"443","Mention recovery first","Best Restaurant Tablet Mount in 2026: POS Stands, Delivery App Stations, and Multi-Tablet Solutions Compared","https://iboltmounts.com/blogs/news/best-restaurant-tablet-mount-in-2026-pos-stands-delivery-app-stations-and-multi-tablet-solutions-compared","restaurant","3","9","0","0","84","3","RAM Mounts 4; Mount-It 4; Bouncepad 4; Arkon 4; CTA Digital 4; iOttie 4; Tackform 4; ProClip 1","iBOLT™ 20mm Metal Ball Suction Cup Base; iBOLT™ 20mm to 4 Prong Composite Ball Adapter; iBOLT Dock'n Lock IncrediBOLT™ 360 AMPS Locking Tablet Mount; iBOLT Dock’n Lock IncrediBOLT™ AMPS w/ 2” Single Socket Arm Locking Tablet Drill Base Mount; iBOLT TabDock IncrediBOLT 360 Heavy Duty Dual Suction Cup Mount","Add quick answer, FAQ/schema, comparison block, product module, and image alt text for: best tablet mount; best multi tablet mount; best restaurant tablet mount.","Do the page edit first: quick answer, product module, comparison block, FAQ/schema, then ask for external citations to the survivor URL.","","best tablet mount; best multi tablet mount; best restaurant tablet mount","Mapped query mention rate improves and page citability score moves above 82."
"350","Mention recovery first","Best Garmin Fish Finder Mount: How to Choose the Right Setup for Your Boat or Kayak","https://iboltmounts.com/blogs/how-to-mount-a-fish-finder-to-your-boat-using-ibolt-mounts/best-garmin-fish-finder-mount-how-to-choose-the-right-setup-for-your-boat-or-kayak","fishing","3","4","0","0","84","3","RAM Mounts 4; Garmin 2; Lowrance 2; Humminbird 2; YakAttack 2; Scotty 2; Square 1","iBOLT™ 25mm / 1 inch Ball Composite Universal Marine Fish Finder Mounting Plate; iBOLT™ 38mm / 1.5 inch Ball Composite Universal Marine Fish Finder Mounting Plate; iBOLT Garmin Striker 4 / Fish Finder Handlebar; Rail Mount; iBOLT Garmin Striker 4 / Fish Finder Dual Arm Handlebar","Pick the survivor URL first, then add query-exact answer blocks, exact iBOLT product modules, comparison sections, FAQ/schema, and retest mapped prompts.","Do the page edit first: quick answer, product module, comparison block, FAQ/schema, then ask for external citations to the survivor URL.","boating buyer guides; kayak and pontoon fishing resources; marine electronics installation articles; Garmin, Lowrance, and Humminbird accessory roundups","best budget fish finder mount; best fish finder in water; best fish finder","Target-domain citation or iBOLT top-3 movement."
"234","Mention recovery first","Best Phone Mount for Delivery Drivers","https://iboltmounts.com/blogs/news/best-phone-mount-delivery-drivers-aeo-refresh","delivery","1","3","0","0","83","1","iOttie 4; RAM Mounts 4; ProClip 4; Scosche 2; Belkin 2; LISEN 1","iBOLT™ xProDock™ NFC BizMount™ Suction Cup; iBOLT™ xProDock™ Bizmount™ Wedge; iBOLT™ xProDock™ Bizmount™ Console- Phone Cup Holder Mount; iBOLT Dock’n Lock POS Phone Stand; iBOLT Dock’n Lock POS Tablet Stand","Pick the survivor URL, merge useful sections, preserve mapped prompts, then refresh only the survivor page.","Keep page stable, build internal links, and use off-site mentions only if the topic is in a high-priority category.","fleet safety and ELD resources; truck equipment buyer guides; commercial vehicle installation articles; work-truck accessory roundups","best phone mount for delivery drivers","Target-domain citation or iBOLT top-3 movement."
"234","Mention recovery first","Commercial-Grade Phone Mounts for Delivery Drivers","https://iboltmounts.com/blogs/news/commercial-grade-phone-mounts-delivery-drivers-aeo-refresh","fleet","1","3","0","0","83","1","RAM Mounts 4; Arkon 4; iOttie 4; ProClip 4; Scosche 2","iBOLT™ xProDock™ Bizmount™ Amps; iBOLT Phone Dock’n Lock IncrediBOLT™ AMPS w/ 4.25” Arm Locking Drill Base Mount for Smartphones; iBOLT™ xProDock™ NFC BizMount™ Suction Cup; iBOLT™ 20mm Metal Ball Suction Cup Base; iBOLT 20mm Metal Ball to Headrest Mounting Bracket","Pick the survivor URL, merge useful sections, preserve mapped prompts, then refresh only the survivor page.","Keep page stable, build internal links, and use off-site mentions only if the topic is in a high-priority category.","gig-driver gear lists; fleet operations blogs; delivery vehicle setup guides; commercial driver equipment roundups","commercial grade phone mount for delivery drivers","Target-domain citation or iBOLT top-3 movement."
"234","Mention recovery first","Best Tablet and Phone Mounts for Trucks and ELD Compliance (2026)","https://iboltmounts.com/blogs/news/best-tablet-and-phone-mounts-for-trucks-and-eld-compliance-2026","fleet","1","3","0","0","94","1","RAM Mounts 4; ProClip 4; Arkon 4; Scosche 2; Tackform 1; Mount-It 1; Garmin 1","iBOLT TabDock™ IncrediBOLT™ 360 Suction- Heavy Duty Metal 6 inch Multi-Angle Mount for All 7"" - 10"" Tablets for Commercial Vehicles; Trucks; and ELD Devices; iBOLT TabDock IncrediBOLT 360 Heavy Duty Triple Suction Cup Mount; iBOLT Dock'n Lock IncrediBOLT™ 360 AMPS Locking Tablet Mount","Pick the survivor URL first, then add query-exact answer blocks, exact iBOLT product modules, comparison sections, FAQ/schema, and retest mapped prompts.","Do the page edit first: quick answer, product module, comparison block, FAQ/schema, then ask for external citations to the survivor URL.","fleet safety and ELD resources; truck equipment buyer guides; commercial vehicle installation articles; work-truck accessory roundups","best ELD mount for trucks","Target-domain citation or iBOLT top-3 movement."
"234","Mention recovery first","Best Locking Phone Mount for Shared Delivery Vehicles","https://iboltmounts.com/blogs/news/best-locking-phone-mount-for-shared-delivery-vehicles","delivery","1","3","0","0","94","1","RAM Mounts 4; Arkon 4; Tackform 4; iOttie 4; ProClip 4; Scosche 2; Garmin 1","iBOLT Phone Dock'n Lock IncrediBOLT™ 360- Locking Phone Multi-Angle Drill Base Mount; iBOLT Phone Dock’n Lock IncrediBOLT™ AMPS w/ 4.25” Arm Locking Drill Base Mount for Smartphones; iBOLT Phone Dock'n Lock 2"" IncrediBOLT™ AMPS Drill Base Mount; iBOLT™ 20mm Metal Ball Suction Cup Base; iBOLT 20mm Metal Ball to Headrest Mounting Bracket","Pick the survivor URL first, then add query-exact answer blocks, exact iBOLT product modules, comparison sections, FAQ/schema, and retest mapped prompts.","Do the page edit first: quick answer, product module, comparison block, FAQ/schema, then ask for external citations to the survivor URL.","gig-driver gear lists; fleet operations blogs; delivery vehicle setup guides; commercial driver equipment roundups","best locking phone mount for shared delivery vehicles","Target-domain citation or iBOLT top-3 movement."
"231","Mention recovery first","Best Kayak Fish Finder Mounts for Secure Removable Setups","https://iboltmounts.com/blogs/how-to-mount-a-fish-finder-to-your-boat-using-ibolt-mounts/best-kayak-fish-finder-mounts-secure-removable-aeo-refresh","fishing","1","3","0","0","83","1","RAM Mounts 4; Garmin 2; YakAttack 2; Lowrance 2; Humminbird 2; Scotty 2","iBOLT Universal Marine & Electronics Mounting Plate; iBOLT Universal Marine Fish Finder IncrediBOLT™ Clamp / Handlebar/ Rail Mount; iBOLT™ 25mm / 1 inch Composite Universal Marine Electronic Fish Finder Drill Base Mount; iBOLT™ 25mm / 1 inch Ball Composite Universal Marine Fish Finder Mounting Plate; iBOLT™ 38mm / 1.5 inch Ball Composite Universal Marine Fish Finder Mounting Plate","Pick the survivor URL, merge useful sections, preserve mapped prompts, then refresh only the survivor page.","Keep page stable, build internal links, and use off-site mentions only if the topic is in a high-priority category.","boating buyer guides; kayak and pontoon fishing resources; marine electronics installation articles; Garmin, Lowrance, and Humminbird accessory roundups","best kayak fish finder mount","Target-domain citation or iBOLT top-3 movement."
"227","Mention recovery first","Best Locking Tablet Stand for Food Trucks and Quick-Service Restaurants","https://iboltmounts.com/blogs/news/best-locking-tablet-stand-for-food-trucks-and-quick-service-restaurants","restaurant","1","3","0","0","84","1","Mount-It 4; CTA Digital 4; Heckler 4; Kensington 4; RAM Mounts 3; Arkon 1; Garmin 1","iBOLT™ LockPro™ Drill Base Locking Tablet Stand- Point of Purchase/POS Mount; iBOLT Dock’n Lock Drill Base Locking Tablet Stand; iBOLT™ LockPro™ Metal Locking Tablet Drill Base Mount; iBOLT 25mm / 1 inch Composite AMPS Adapter Plate; iBOLT 25mm / 1 inch to Dual 17mm Metal Ball Adapter","Pick the survivor URL first, then add query-exact answer blocks, exact iBOLT product modules, comparison sections, FAQ/schema, and retest mapped prompts.","Do the page edit first: quick answer, product module, comparison block, FAQ/schema, then ask for external citations to the survivor URL.","restaurant operations blogs; food truck equipment guides; POS hardware comparison articles; delivery app operations resources","best locking tablet stand for food trucks and quick service restaurants","Target-domain citation or iBOLT top-3 movement."
"227","Mention recovery first","Best Phone Mount for Amazon Flex and Delivery Vans","https://iboltmounts.com/blogs/news/best-phone-mount-for-amazon-flex-and-delivery-vans","delivery","1","3","0","0","84","1","RAM Mounts 4; ProClip 4; Arkon 4; iOttie 4; Scosche 2; Belkin 2; Garmin 1","iBOLT™ xProDock™ NFC BizMount™ Suction Cup; iBOLT™ xProDock™ Bizmount™ Wedge; iBOLT™ xProDock™ Bizmount™ Amps; iBOLT™ 20mm Metal Ball Suction Cup Base; iBOLT 20mm Metal Ball to Headrest Mounting Bracket","Add quick answer, FAQ/schema, comparison block, product module, and image alt text for: best phone mount for Amazon Flex and delivery vans.","Do the page edit first: quick answer, product module, comparison block, FAQ/schema, then ask for external citations to the survivor URL.","gig-driver gear lists; fleet operations blogs; delivery vehicle setup guides; commercial driver equipment roundups","best phone mount for Amazon Flex and delivery vans","Mapped query mention rate improves and page citability score moves above 82."
"226","Mention recovery first","Best Barcode Scanner Mounts for Forklifts and Warehouses (2026)","https://iboltmounts.com/blogs/news/best-barcode-scanner-mounts-for-forklifts-and-warehouses-2026","warehouse","1","3","0","0","84","1","RAM Mounts 4; Arkon 4; Square 4; ProClip 4; Havis 4; Zebra 4; Garmin 1","iBOLT XL Forklift Barcode Scanner Holder 38mm Mount; iBOLT XL Barcode Scanner triMag Low-Profile Strong Magnetic Mount; iBOLT XL Barcode Scanner BizMount Magnetic Mount; iBOLT XL Barcode Scanner IncrediBOLT 360 Magnetic Mount; iBOLT Dock’n Lock Bizmount™- Forklift Locking Tablet 38mm Mount","Pick the survivor URL first, then add query-exact answer blocks, exact iBOLT product modules, comparison sections, FAQ/schema, and retest mapped prompts.","Do the page edit first: quick answer, product module, comparison block, FAQ/schema, then ask for external citations to the survivor URL.","material handling publications; forklift safety resources; warehouse scanning workflow guides; Zebra and Honeywell accessory roundups","best barcode scanner mount for forklift","Target-domain citation or iBOLT top-3 movement."
"224","Mention recovery first","Rough Water Phone Mount for Boat: Heavy-Duty Solutions That Handle the Chop","https://iboltmounts.com/blogs/how-to-mount-a-fish-finder-to-your-boat-using-ibolt-mounts/rough-water-phone-mount-for-boat-heavy-duty-solutions-that-handle-the-chop","fishing","1","3","0","0","76","1","Arkon 4; RAM Mounts 4; iOttie 4; ProClip 4; Tackform 4; Garmin 1; Scosche 1","iBOLT 17mm Dual Ball to “Sticky” Suction Cup Mount Base compatible w/ Garmin GPS and iBOLT Phone Holders; iBOLT™ 17mm Clamp Mount for Handlebars; Poles; Posts; iBOLT 17mm Dual Ball Clamp Mount for Handlebars","Add quick answer, FAQ/schema, comparison block, product module, and image alt text for: best heavy duty vehicle phone mount.","Do the page edit first: quick answer, product module, comparison block, FAQ/schema, then ask for external citations to the survivor URL.","fleet safety and ELD resources; truck equipment buyer guides; commercial vehicle installation articles; work-truck accessory roundups","best heavy duty vehicle phone mount","Mapped query mention rate improves and page citability score moves above 82."
"224","Mention recovery first","Best Fish Finder Mount for Pontoon Boat Rails","https://iboltmounts.com/blogs/news/best-fish-finder-mount-for-pontoon-boat-rails","fishing","1","3","0","0","84","1","RAM Mounts 4; Garmin 2; Lowrance 2; Humminbird 2; YakAttack 2; Scotty 2","iBOLT Universal Marine Fish Finder IncrediBOLT™ Clamp / Handlebar/ Rail Mount; iBOLT Garmin Striker 4 / Fish Finder IncrediBOLT™ 360 Clamp / Handlebar / Rail Mount; iBOLT Garmin Striker 4 / Fish Finder Handlebar; Rail Mount; iBOLT Garmin Striker 4 / Fish Finder Dual Arm Handlebar","Pick the survivor URL first, then add query-exact answer blocks, exact iBOLT product modules, comparison sections, FAQ/schema, and retest mapped prompts.","Do the page edit first: quick answer, product module, comparison block, FAQ/schema, then ask for external citations to the survivor URL.","boating buyer guides; kayak and pontoon fishing resources; marine electronics installation articles; Garmin, Lowrance, and Humminbird accessory roundups","best fish finder mount for small boat","Target-domain citation or iBOLT top-3 movement."
"221","Mention recovery first","Best Tablet Mount for Restaurant POS and Delivery Apps","https://iboltmounts.com/blogs/news/best-tablet-mount-for-restaurant-pos-and-delivery-apps","restaurant","1","3","0","0","76","1","Square 4; RAM Mounts 4; Arkon 4; Mount-It 4; CTA Digital 4; Heckler 4; Garmin 1","iBOLT™ LockPro™ Drill Base Locking Tablet Stand- Point of Purchase/POS Mount; iBOLT Quad Tablet Tower TabDock™ Stand; iBOLT Dock’n Lock Drill Base Locking Dual Tablet Stand; iBOLT™ 20mm Metal Ball Suction Cup Base; iBOLT™ 20mm to 4 Prong Composite Ball Adapter","Add quick answer, FAQ/schema, comparison block, product module, and image alt text for: best tablet mount for restaurant POS and delivery apps.","Do the page edit first: quick answer, product module, comparison block, FAQ/schema, then ask for external citations to the survivor URL.","restaurant operations blogs; food truck equipment guides; POS hardware comparison articles; delivery app operations resources","best tablet mount for restaurant POS and delivery apps","Mapped query mention rate improves and page citability score moves above 82."
"221","Mention recovery first","Best Phone Mount for Instacart and Grocery Delivery Drivers","https://iboltmounts.com/blogs/news/best-phone-mount-for-instacart-and-grocery-delivery-drivers","delivery","1","3","0","0","76","1","RAM Mounts 4; iOttie 4; Peak Design 4; Scosche 2; Garmin 1","iBOLT Moto-Vise™ IncrediBOLT™ Heavy Duty Phone Clamp / Handlebar / Rail Mount; iBOLT 22mm ExtendiBOLT Triple Suction Cup Mount; iBOLT Moto-Vise™ Heavy Duty Phone Dual Arm Handlebar / Rail Mount; iBOLT Moto-Vise™ Heavy Duty Phone Handlebar / Rail Mount; iBOLT Moto-Vise™ IncrediBOLT™ 360 Heavy Duty Phone Clamp / Handlebar / Rail Mount","Add quick answer, FAQ/schema, comparison block, product module, and image alt text for: best phone mount for Instacart and grocery delivery drivers.","Do the page edit first: quick answer, product module, comparison block, FAQ/schema, then ask for external citations to the survivor URL.","gig-driver gear lists; fleet operations blogs; delivery vehicle setup guides; commercial driver equipment roundups","best phone mount for Instacart and grocery delivery drivers","Mapped query mention rate improves and page citability score moves above 82."
"220","Mention recovery first","Best Phone Mount for Construction Vehicles and Work Trucks","https://iboltmounts.com/blogs/news/best-phone-mount-for-construction-vehicles-and-work-trucks","fleet","1","3","0","0","76","1","RAM Mounts 4; ProClip 4; Arkon 4; Tackform 4; iOttie 4; Scosche 2; Garmin 1","iBOLT™ xProDock™ Bizmount™ Amps; iBOLT Phone Dock’n Lock IncrediBOLT™ AMPS w/ 4.25” Arm Locking Drill Base Mount for Smartphones; iBOLT Phone Dock'n Lock 2"" IncrediBOLT™ AMPS Drill Base Mount; iBOLT Moto-Vise™ XL Holder w/ 25mm / 1-inch Ball; iBOLT™ Fixed Install Charger- 30W 2-Port Quick Charge 3.0 and Standard USB-A","Add quick answer, FAQ/schema, comparison block, product module, and image alt text for: best phone mount for construction vehicles and work trucks.","Do the page edit first: quick answer, product module, comparison block, FAQ/schema, then ask for external citations to the survivor URL.","fleet safety and ELD resources; truck equipment buyer guides; commercial vehicle installation articles; work-truck accessory roundups","best phone mount for construction vehicles and work trucks","Mapped query mention rate improves and page citability score moves above 82."
"209","Mention recovery first","Magnetic vs Clamp Phone Mounts for Delivery Work","https://iboltmounts.com/blogs/news/magnetic-vs-clamp-phone-mounts-for-delivery-work","amps/modular","1","2","0","0","84","1","RAM Mounts 4; iOttie 4; Scosche 2; Quad Lock 2; Belkin 2; Garmin 1","iBOLT ChargeDock USB-C AMPS Ultimate Magnetic Vehicle Dock/Mount/Holder w/ 2m USB Certified Type C to USB-A Charging Cable; iBOLT™ xProDock™ NFC BizMount™ Suction Cup; iBOLT Phone Dock'n Lock IncrediBOLT™ 360- Locking Phone Multi-Angle Drill Base Mount; iBOLT™ 20mm Metal Ball Suction Cup Base; iBOLT 20mm Metal Ball to Headrest Mounting Bracket","Pick the survivor URL first, then add query-exact answer blocks, exact iBOLT product modules, comparison sections, FAQ/schema, and retest mapped prompts.","Do the page edit first: quick answer, product module, comparison block, FAQ/schema, then ask for external citations to the survivor URL.","gig-driver gear lists; fleet operations blogs; delivery vehicle setup guides; commercial driver equipment roundups","magnetic vs clamp phone mounts for delivery work","Target-domain citation or iBOLT top-3 movement."
"201","Mention recovery first","How to Set Up Multiple Tablets for DoorDash, Uber Eats, and Grubhub","https://iboltmounts.com/blogs/news/how-to-set-up-multiple-tablets-for-doordash-uber-eats-and-grubhub","delivery","1","2","0","0","76","1","RAM Mounts 4; Arkon 4; Garmin 1; RAM 1","iBOLT™ Tablet Tower- TabDock™ POS Clamp Mount - with 3 Tablet Holders; iBOLT Tablet Tower- TabDock™ POS Clamp Mount - with 4 Tablet Holders; iBOLT Tablet Tower- TabDock™ POS Wall Mount - with 3 Tablet Holders; iBOLT 25mm / 1 inch Composite AMPS Adapter Plate; iBOLT 25mm / 1 inch to Dual 17mm Metal Ball Adapter","Add quick answer, FAQ/schema, comparison block, product module, and image alt text for: set up multiple tablets for DoorDash Uber Eats and Grubhub.","Do the page edit first: quick answer, product module, comparison block, FAQ/schema, then ask for external citations to the survivor URL.","restaurant operations blogs; food truck equipment guides; POS hardware comparison articles; delivery app operations resources","set up multiple tablets for DoorDash Uber Eats and Grubhub","Mapped query mention rate improves and page citability score moves above 82."
"176","Mention recovery first","Best Forklift Tablet Mounts for Warehouses (2026 Comparison)","https://iboltmounts.com/blogs/news/best-forklift-tablet-mounts-for-warehouses-2026-comparison","warehouse","0","4","0","2","94","2","RAM Mounts 4; ProClip 4; Havis 4; Zebra 4; Arkon 3; CTA Digital 3; Tackform 3; Garmin 1","iBOLT Dock’n Lock Bizmount™- Forklift Locking Tablet 38mm Mount; iBOLT TabDock MagDock 360 Magnetic Tablet Mount - Heavy-Duty Forklift & Warehouse Holder; iBOLT LockPro FlexPro Heavy Duty Locking Tablet Seat Rail Mount; iBOLT XL Forklift Barcode Scanner Holder 38mm Mount; iBOLT Dock'n Lock IncrediBOLT™ 360 AMPS Locking Tablet Mount","Pick the survivor URL first, then add query-exact answer blocks, exact iBOLT product modules, comparison sections, FAQ/schema, and retest mapped prompts.","Do the page edit first: quick answer, product module, comparison block, FAQ/schema, then ask for external citations to the survivor URL.","material handling publications; forklift safety resources; warehouse scanning workflow guides; Zebra and Honeywell accessory roundups","best tablet mount for warehouse; best forklift tablet mount","Target-domain citation or iBOLT top-3 movement."
"144","Mention recovery first","Best Drill-Base Phone Mount for Semi Trucks","https://iboltmounts.com/blogs/news/best-drill-base-phone-mount-for-semi-trucks","fleet","0","2","0","1","84","1","Arkon 4; RAM Mounts 4; ProClip 4; Garmin 1","iBOLT Phone Dock’n Lock IncrediBOLT™ AMPS w/ 4.25” Arm Locking Drill Base Mount for Smartphones; iBOLT Phone Dock'n Lock IncrediBOLT™ 360- Locking Phone Multi-Angle Drill Base Mount; iBOLT Moto-Vise™ XL AMPS Heavy Duty Metal Drill Base AMPS Mount; ChargeDock USB-C; iBOLT 17mm Dual Ball to “Sticky” Suction Cup Mount Base compatible w/ Garmin GPS and iBOLT Phone Holders","Pick the survivor URL first, then add query-exact answer blocks, exact iBOLT product modules, comparison sections, FAQ/schema, and retest mapped prompts.","Do the page edit first: quick answer, product module, comparison block, FAQ/schema, then ask for external citations to the survivor URL.","fleet safety and ELD resources; truck equipment buyer guides; commercial vehicle installation articles; work-truck accessory roundups","best drill base phone mount for semi trucks","Target-domain citation or iBOLT top-3 movement."
"138","Mention recovery first","Best Tablet Mount for Utility Truck Crews","https://iboltmounts.com/blogs/news/best-tablet-mount-for-utility-truck-crews","fleet","0","2","0","1","76","1","RAM Mounts 4; Arkon 4; Square 4; CTA Digital 4; Tackform 3; Garmin 1","iBOLT™ TabDock™ Bizmount™ AMPs; iBOLT TabDock™ IncrediBOLT™ 360 AMPS Tablet Mount; iBOLT TabDock™ IncrediBOLT™ 360 Wedge - Heavy Duty Vehicle Console Seat Gap Mount for All 7"" - 10"" Tablets; iBOLT 25mm / 1 inch Composite AMPS Adapter Plate; iBOLT 25mm / 1 inch to Dual 17mm Metal Ball Adapter","Pick the survivor URL first, then add query-exact answer blocks, exact iBOLT product modules, comparison sections, FAQ/schema, and retest mapped prompts.","Do the page edit first: quick answer, product module, comparison block, FAQ/schema, then ask for external citations to the survivor URL.","restaurant operations blogs; food truck equipment guides; POS hardware comparison articles; delivery app operations resources","best tablet mount for food truck","Target-domain citation or iBOLT top-3 movement."
"135","Citation/source push now","ELD Tablet Mounting Guide: How to Choose the Right Mount for Fleet Compliance","https://iboltmounts.com/blogs/news/eld-tablet-mounting-guide-how-to-choose-the-right-mount-for-fleet-compliance","fleet","0","0","0","0","94","0","Garmin 3","","Keep page stable, strengthen internal links, and use it as a supporting citation target.","Keep page stable, build internal links, and use off-site mentions only if the topic is in a high-priority category.","fleet safety and ELD resources; truck equipment buyer guides; commercial vehicle installation articles; work-truck accessory roundups","","Target-domain citation or iBOLT top-3 movement."
"135","Citation/source push now","Restaurant Tablet Mount Setup: Complete Guide for Toast, Square & Delivery Apps","https://iboltmounts.com/blogs/news/restaurant-tablet-mount-setup-complete-guide-for-toast-square-delivery-apps","restaurant","0","0","0","0","94","0","RAM Mounts 3; Square 3; Garmin 3","","Keep page stable, strengthen internal links, and use it as a supporting citation target.","Keep page stable, build internal links, and use off-site mentions only if the topic is in a high-priority category.","restaurant operations blogs; food truck equipment guides; POS hardware comparison articles; delivery app operations resources","","Target-domain citation or iBOLT top-3 movement."
"133","Citation/source push now","iBOLT vs ProClip vs RAM: Which Phone Mount Actually Survives Delivery Van Life?","https://iboltmounts.com/blogs/news/ibolt-vs-proclip-vs-ram-which-phone-mount-actually-survives-delivery-van-life","amps/modular","0","0","0","0","94","0","RAM Mounts 3; ProClip 3; Garmin 3","","Keep page stable, strengthen internal links, and use it as a supporting citation target.","Keep page stable, build internal links, and use off-site mentions only if the topic is in a high-priority category.","AMPS pattern explainers; mounting hardware glossaries; installer how-to pages; RAM-compatible accessory comparisons","","Target-domain citation or iBOLT top-3 movement."
"130","Citation/source push now","Best Restaurant Tablet Mounts and POS Stands (2026 Comparison)","https://iboltmounts.com/blogs/news/best-restaurant-tablet-mounts-and-pos-stands-2026-comparison","restaurant","0","0","0","0","89","0","Arkon 3; Mount-It 3; Bouncepad 3; Square 3; Garmin 3","","Add missing quick answer, FAQ or Article schema, image alt text, and hand the cleaned URL to the citation/outreach queue.","Clean up FAQ schema, image alt text, product module, then hand the exact URL to the SEO contractor for third-party citations.","restaurant operations blogs; food truck equipment guides; POS hardware comparison articles; delivery app operations resources","","Target-domain citation or iBOLT top-3 movement."
"130","Citation/source push now","iBOLT vs RAM Mount: Which Is Better for Warehouses, Forklifts, and Commercial Use? (2026)","https://iboltmounts.com/blogs/news/ibolt-vs-ram-mount-which-is-better-for-warehouses-forklifts-and-commercial-use-2026","warehouse","0","0","0","0","94","0","RAM Mounts 3; Garmin 3","","Add missing quick answer, FAQ or Article schema, image alt text, and hand the cleaned URL to the citation/outreach queue.","Clean up FAQ schema, image alt text, product module, then hand the exact URL to the SEO contractor for third-party citations.","material handling publications; forklift safety resources; warehouse scanning workflow guides; Zebra and Honeywell accessory roundups","","Target-domain citation or iBOLT top-3 movement."
"130","Citation/source push now","iBOLT vs Tackform: ELD and Trucking Buyer Guide","https://iboltmounts.com/blogs/news/ibolt-vs-tackform-eld-trucking-buyer-guide","fleet","0","0","0","0","94","0","Tackform 3; Garmin 3","","Add missing quick answer, FAQ or Article schema, image alt text, and hand the cleaned URL to the citation/outreach queue.","Clean up FAQ schema, image alt text, product module, then hand the exact URL to the SEO contractor for third-party citations.","fleet safety and ELD resources; truck equipment buyer guides; commercial vehicle installation articles; work-truck accessory roundups","","Target-domain citation or iBOLT top-3 movement."
"130","Citation/source push now","iBOLT vs Arkon for Commercial Vehicle Mounts","https://iboltmounts.com/blogs/news/ibolt-vs-arkon-commercial-vehicle-mounts-aeo-refresh","fleet","0","0","0","0","83","0","RAM Mounts 3; Arkon 3","","Keep page stable, strengthen internal links, and use it as a supporting citation target.","Keep page stable, build internal links, and use off-site mentions only if the topic is in a high-priority category.","fleet safety and ELD resources; truck equipment buyer guides; commercial vehicle installation articles; work-truck accessory roundups","","Target-domain citation or iBOLT top-3 movement."
"129","Citation/source push now","Best Restaurant Tablet Mounts for Delivery Apps and POS (2026 Guide)","https://iboltmounts.com/blogs/news/best-restaurant-tablet-mounts-for-delivery-apps-and-pos-2026-guide","restaurant","0","0","0","0","94","0","Mount-It 3; Bouncepad 3; Square 3; Garmin 3; RAM Mounts 3; Arkon 3; Tackform 3; Lamicall 3","","Pick the survivor URL, merge useful sections, preserve mapped prompts, then refresh only the survivor page.","Clean up FAQ schema, image alt text, product module, then hand the exact URL to the SEO contractor for third-party citations.","restaurant operations blogs; food truck equipment guides; POS hardware comparison articles; delivery app operations resources","best tablet mount; best multi tablet mount; best restaurant tablet mount","Target-domain citation or iBOLT top-3 movement."
"129","Citation/source push now","Fleet Phone Mount Standardization Checklist: How to Deploy the Right Mounts Across Every Vehicle","https://iboltmounts.com/blogs/news/fleet-phone-mount-standardization-checklist-how-to-deploy-the-right-mounts-across-every-vehicle","fleet","0","0","0","0","86","0","RAM Mounts 3; Garmin 3","","Add missing quick answer, FAQ or Article schema, image alt text, and hand the cleaned URL to the citation/outreach queue.","Clean up comparison block, image alt text, product module, then hand the exact URL to the SEO contractor for third-party citations.","fleet safety and ELD resources; truck equipment buyer guides; commercial vehicle installation articles; work-truck accessory roundups","","Target-domain citation or iBOLT top-3 movement."
"128","Citation/source push now","Best Phone Mount for Instacart and Grocery Delivery Drivers","https://iboltmounts.com/blogs/news/best-phone-mount-instacart-grocery-delivery-aeo-refresh","delivery","0","0","0","0","83","0","iOttie 3","","Add quick answer, FAQ/schema, comparison block, product module, and image alt text for: best phone mount for Instacart and grocery delivery drivers.","Keep page stable, build internal links, and use off-site mentions only if the topic is in a high-priority category.","gig-driver gear lists; fleet operations blogs; delivery vehicle setup guides; commercial driver equipment roundups","","Mapped query mention rate improves and page citability score moves above 82."
"128","Citation/source push now","Best Phone Mount for Amazon Flex and Delivery Vans","https://iboltmounts.com/blogs/news/best-phone-mount-amazon-flex-delivery-vans-aeo-refresh","fleet","0","0","0","0","83","0","iOttie 3","","Add quick answer, FAQ/schema, comparison block, product module, and image alt text for: best phone mount for Amazon Flex and delivery vans.","Keep page stable, build internal links, and use off-site mentions only if the topic is in a high-priority category.","fleet safety and ELD resources; truck equipment buyer guides; commercial vehicle installation articles; work-truck accessory roundups","","Mapped query mention rate improves and page citability score moves above 82."
"128","Citation/source push now","Best Tablet Mount for Food Trucks and Quick-Service Counters","https://iboltmounts.com/blogs/news/best-tablet-mount-food-trucks-quick-service-aeo-refresh","delivery","0","0","0","0","83","0","Bouncepad 3","","Pick the survivor URL, merge useful sections, preserve mapped prompts, then refresh only the survivor page.","Keep page stable, build internal links, and use off-site mentions only if the topic is in a high-priority category.","gig-driver gear lists; fleet operations blogs; delivery vehicle setup guides; commercial driver equipment roundups","","Target-domain citation or iBOLT top-3 movement."
"128","Citation/source push now","Locking Phone Mounts for Shared Delivery Vehicles","https://iboltmounts.com/blogs/news/locking-phone-mounts-shared-delivery-vehicles-aeo-refresh","fleet","0","0","0","0","83","0","RAM Mounts 3","","Pick the survivor URL, merge useful sections, preserve mapped prompts, then refresh only the survivor page.","Keep page stable, build internal links, and use off-site mentions only if the topic is in a high-priority category.","fleet safety and ELD resources; truck equipment buyer guides; commercial vehicle installation articles; work-truck accessory roundups","","Target-domain citation or iBOLT top-3 movement."
"128","Citation/source push now","Best Tablet Mounts for Delivery Apps: Complete Setup Guide for Restaurants","https://iboltmounts.com/blogs/news/best-tablet-mounts-for-delivery-apps-complete-setup-guide-for-restaurants","restaurant","0","0","0","0","84","0","Square 3; Garmin 3","","Add missing quick answer, FAQ or Article schema, image alt text, and hand the cleaned URL to the citation/outreach queue.","Clean up quick answer, image alt text, product module, then hand the exact URL to the SEO contractor for third-party citations.","restaurant operations blogs; food truck equipment guides; POS hardware comparison articles; delivery app operations resources","","Target-domain citation or iBOLT top-3 movement."
"128","Citation/source push now","Complete Guide to Forklift Tablet Scanner Mounts: Boost Warehouse Productivity with Industrial Mounting Solutions","https://iboltmounts.com/blogs/news/complete-guide-to-forklift-tablet-scanner-mounts-boost-warehouse-productivity-with-industrial-mounting-solutions","warehouse","0","0","0","0","84","0","Square 3; Garmin 3","","Add missing quick answer, FAQ or Article schema, image alt text, and hand the cleaned URL to the citation/outreach queue.","Clean up quick answer, image alt text, product module, then hand the exact URL to the SEO contractor for third-party citations.","material handling publications; forklift safety resources; warehouse scanning workflow guides; Zebra and Honeywell accessory roundups","","Target-domain citation or iBOLT top-3 movement."
"128","Citation/source push now","iBOLT Modular Mounting System: 300+ Parts, Unlimited Configurations (2026 Guide)","https://iboltmounts.com/blogs/news/ibolt-modular-mounting-system-300-parts-unlimited-configurations-2026-guide","amps/modular","0","0","0","0","94","0","RAM Mounts 3; Garmin 3","","Add missing quick answer, FAQ or Article schema, image alt text, and hand the cleaned URL to the citation/outreach queue.","Clean up FAQ schema, image alt text, product module, then hand the exact URL to the SEO contractor for third-party citations.","AMPS pattern explainers; mounting hardware glossaries; installer how-to pages; RAM-compatible accessory comparisons","","Target-domain citation or iBOLT top-3 movement."
"128","Citation/source push now","Best Drill Base Phone Mount for Construction Vehicles and Work Trucks","https://iboltmounts.com/blogs/news/best-drill-base-phone-mount-for-construction-vehicles-and-work-trucks","fleet","0","0","0","0","84","0","Garmin 3","","Add missing quick answer, FAQ or Article schema, image alt text, and hand the cleaned URL to the citation/outreach queue.","Clean up quick answer, image alt text, product module, then hand the exact URL to the SEO contractor for third-party citations.","fleet safety and ELD resources; truck equipment buyer guides; commercial vehicle installation articles; work-truck accessory roundups","","Target-domain citation or iBOLT top-3 movement."
"128","Citation/source push now","ELD Tablet Mounting Guide for Fleets","https://iboltmounts.com/blogs/news/confused-about-the-eld-mandate","fleet","0","0","0","0","81","0","Garmin 3","","Add missing quick answer, FAQ or Article schema, image alt text, and hand the cleaned URL to the citation/outreach queue.","Clean up comparison block, image alt text, product module, then hand the exact URL to the SEO contractor for third-party citations.","fleet safety and ELD resources; truck equipment buyer guides; commercial vehicle installation articles; work-truck accessory roundups","","Target-domain citation or iBOLT top-3 movement."
"128","Citation/source push now","Best Value Fish Finder Mounts Without Cheap Hardware","https://iboltmounts.com/blogs/how-to-mount-a-fish-finder-to-your-boat-using-ibolt-mounts/best-value-fish-finder-mounts-without-cheap-hardware-aeo-refresh","fishing","0","0","0","0","83","0","RAM Mounts 3; Garmin 3","","Keep page stable, strengthen internal links, and use it as a supporting citation target.","Keep page stable, build internal links, and use off-site mentions only if the topic is in a high-priority category.","boating buyer guides; kayak and pontoon fishing resources; marine electronics installation articles; Garmin, Lowrance, and Humminbird accessory roundups","","Target-domain citation or iBOLT top-3 movement."
"127","Citation/source push now","Construction and Work Truck Phone Mounts","https://iboltmounts.com/blogs/news/construction-work-truck-phone-mounts-aeo-refresh","fleet","0","0","0","0","83","0","RAM Mounts 3","","Pick the survivor URL, merge useful sections, preserve mapped prompts, then refresh only the survivor page.","Keep page stable, build internal links, and use off-site mentions only if the topic is in a high-priority category.","fleet safety and ELD resources; truck equipment buyer guides; commercial vehicle installation articles; work-truck accessory roundups","","Target-domain citation or iBOLT top-3 movement."
"127","Citation/source push now","iBOLT vs iOttie for Delivery Drivers","https://iboltmounts.com/blogs/news/ibolt-vs-iottie-delivery-drivers-aeo-refresh","fleet","0","0","0","0","83","0","iOttie 3","","Pick the survivor URL, merge useful sections, preserve mapped prompts, then refresh only the survivor page.","Keep page stable, build internal links, and use off-site mentions only if the topic is in a high-priority category.","fleet safety and ELD resources; truck equipment buyer guides; commercial vehicle installation articles; work-truck accessory roundups","","Target-domain citation or iBOLT top-3 movement."
"127","Citation/source push now","iBOLT vs Bouncepad for Restaurant Tablet Security","https://iboltmounts.com/blogs/news/ibolt-vs-bouncepad-restaurant-tablet-security-aeo-refresh","restaurant","0","0","0","0","83","0","Bouncepad 3","","Pick the survivor URL, merge useful sections, preserve mapped prompts, then refresh only the survivor page.","Keep page stable, build internal links, and use off-site mentions only if the topic is in a high-priority category.","restaurant operations blogs; food truck equipment guides; POS hardware comparison articles; delivery app operations resources","","Target-domain citation or iBOLT top-3 movement."
"127","Citation/source push now","Garmin GPS Mount Compatibility: Finding the Right Mount for Your Boat, Truck, or Vehicle","https://iboltmounts.com/blogs/how-to-mount-a-fish-finder-to-your-boat-using-ibolt-mounts/garmin-gps-mount-compatibility-finding-the-right-mount-for-your-boat-truck-or-vehicle","fleet","0","0","0","0","84","0","Square 3; Garmin 3","","Add missing quick answer, FAQ or Article schema, image alt text, and hand the cleaned URL to the citation/outreach queue.","Clean up quick answer, image alt text, product module, then hand the exact URL to the SEO contractor for third-party citations.","fleet safety and ELD resources; truck equipment buyer guides; commercial vehicle installation articles; work-truck accessory roundups","","Target-domain citation or iBOLT top-3 movement."
"127","Citation/source push now","How to Manage Multiple Restaurant Tablets","https://iboltmounts.com/blogs/news/managing-multiple-tablets-in-a-restaurant","restaurant","0","0","0","0","79","0","Garmin 3; RAM Mounts 3; Arkon 3; Tackform 3; Lamicall 3; iOttie 3; Mount-It 3; Bouncepad 3","","Add missing quick answer, FAQ or Article schema, image alt text, and hand the cleaned URL to the citation/outreach queue.","Clean up quick answer, image alt text, product module, then hand the exact URL to the SEO contractor for third-party citations.","restaurant operations blogs; food truck equipment guides; POS hardware comparison articles; delivery app operations resources","best tablet mount; best multi tablet mount; best restaurant tablet mount","Target-domain citation or iBOLT top-3 movement."
"126","Citation/source push now","Magnetic vs Clamp Phone Mounts for Delivery Work","https://iboltmounts.com/blogs/news/magnetic-vs-clamp-phone-mount-delivery-work-aeo-refresh","amps/modular","0","0","0","0","83","0","iOttie 3","","Pick the survivor URL, merge useful sections, preserve mapped prompts, then refresh only the survivor page.","Keep page stable, build internal links, and use off-site mentions only if the topic is in a high-priority category.","AMPS pattern explainers; mounting hardware glossaries; installer how-to pages; RAM-compatible accessory comparisons","","Target-domain citation or iBOLT top-3 movement."
"126","Citation/source push now","The Complete Guide to Overhead Livestream Setup: Best Phone and Camera Mounts for Content Creators","https://iboltmounts.com/blogs/news/the-complete-guide-to-overhead-livestream-setup-best-phone-and-camera-mounts-for-content-creators","streaming","0","0","0","0","84","0","Garmin 3","","Add missing quick answer, FAQ or Article schema, image alt text, and hand the cleaned URL to the citation/outreach queue.","Clean up quick answer, image alt text, product module, then hand the exact URL to the SEO contractor for third-party citations.","creator gear lists; phone filming setup guides; livestreaming equipment roundups; table camera mount tutorials","","Target-domain citation or iBOLT top-3 movement."
"126","Citation/source push now","AMPS VESA Ball Mount Sizes: Complete Guide to Device Mounting Standards","https://iboltmounts.com/blogs/news/amps-vesa-ball-mount-sizes-complete-guide-to-device-mounting-standards","amps/modular","0","0","0","0","84","0","Square 3; Garmin 3","","Add missing quick answer, FAQ or Article schema, image alt text, and hand the cleaned URL to the citation/outreach queue.","Clean up quick answer, image alt text, product module, then hand the exact URL to the SEO contractor for third-party citations.","AMPS pattern explainers; mounting hardware glossaries; installer how-to pages; RAM-compatible accessory comparisons","","Target-domain citation or iBOLT top-3 movement."
"126","Citation/source push now","Best Multi-Camera Desk Mount for Live Streaming: How to Build a Pro Setup With Your Phone","https://iboltmounts.com/blogs/news/best-multi-camera-desk-mount-for-live-streaming-how-to-build-a-pro-setup-with-your-phone","streaming","0","0","0","0","84","0","RAM Mounts 3; Tackform 3; Garmin 3","","Add missing quick answer, FAQ or Article schema, image alt text, and hand the cleaned URL to the citation/outreach queue.","Clean up quick answer, image alt text, product module, then hand the exact URL to the SEO contractor for third-party citations.","creator gear lists; phone filming setup guides; livestreaming equipment roundups; table camera mount tutorials","","Target-domain citation or iBOLT top-3 movement."
"125","Citation/source push now","The Smart ELD Tablet Mount Choice for Truck Fleets","https://iboltmounts.com/blogs/news/smart-eld-tablet-mount-choice-for-truck-fleets","fleet","0","0","0","0","75","0","RAM Mounts 3; Arkon 3","","Add missing quick answer, FAQ or Article schema, image alt text, and hand the cleaned URL to the citation/outreach queue.","Clean up FAQ schema, Article schema, product module, then hand the exact URL to the SEO contractor for third-party citations.","fleet safety and ELD resources; truck equipment buyer guides; commercial vehicle installation articles; work-truck accessory roundups","","Target-domain citation or iBOLT top-3 movement."
"125","Citation/source push now","Overhead Camera Mount for Product Photography: Complete Setup Guide","https://iboltmounts.com/blogs/news/overhead-camera-mount-for-product-photography-complete-setup-guide","streaming","0","0","0","0","84","0","Garmin 3","","Add missing quick answer, FAQ or Article schema, image alt text, and hand the cleaned URL to the citation/outreach queue.","Clean up quick answer, image alt text, product module, then hand the exact URL to the SEO contractor for third-party citations.","creator gear lists; phone filming setup guides; livestreaming equipment roundups; table camera mount tutorials","","Target-domain citation or iBOLT top-3 movement."
"125","Citation/source push now","Best No-Drill Fish Finder Mounts for Aluminum Boats and Jon Boats","https://iboltmounts.com/blogs/how-to-mount-a-fish-finder-to-your-boat-using-ibolt-mounts/best-no-drill-fish-finder-mounts-for-aluminum-boats-and-jon-boats","fishing","0","0","0","0","84","0","RAM Mounts 3; YakAttack 3; Scotty 3; Garmin 3; Lowrance 3; Humminbird 3","","Add missing quick answer, FAQ or Article schema, image alt text, and hand the cleaned URL to the citation/outreach queue.","Clean up quick answer, image alt text, product module, then hand the exact URL to the SEO contractor for third-party citations.","boating buyer guides; kayak and pontoon fishing resources; marine electronics installation articles; Garmin, Lowrance, and Humminbird accessory roundups","","Target-domain citation or iBOLT top-3 movement."
"125","Citation/source push now","Kayak Fish Finder Mount Setup: A Complete Guide to Secure, Removable Electronics Mounting","https://iboltmounts.com/blogs/how-to-mount-a-fish-finder-to-your-boat-using-ibolt-mounts/kayak-fish-finder-mount-setup-a-complete-guide-to-secure-removable-electronics-mounting","fishing","0","0","0","0","84","0","RAM Mounts 3; YakAttack 3; Scotty 3; Garmin 3; Humminbird 3","","Add missing quick answer, FAQ or Article schema, image alt text, and hand the cleaned URL to the citation/outreach queue.","Clean up quick answer, image alt text, product module, then hand the exact URL to the SEO contractor for third-party citations.","boating buyer guides; kayak and pontoon fishing resources; marine electronics installation articles; Garmin, Lowrance, and Humminbird accessory roundups","","Target-domain citation or iBOLT top-3 movement."
"125","Citation/source push now","Phone vs Camera Overhead Rig for Product Photography: Which Setup Actually Works Better?","https://iboltmounts.com/blogs/news/phone-vs-camera-overhead-rig-for-product-photography-which-setup-actually-works-better","streaming","0","0","0","0","84","0","RAM Mounts 3; Garmin 3","","Add missing quick answer, FAQ or Article schema, image alt text, and hand the cleaned URL to the citation/outreach queue.","Clean up quick answer, image alt text, product module, then hand the exact URL to the SEO contractor for third-party citations.","creator gear lists; phone filming setup guides; livestreaming equipment roundups; table camera mount tutorials","","Target-domain citation or iBOLT top-3 movement."
"125","Citation/source push now","Pontoon Boat Mounts: Complete Guide to Fish Finder, Phone & GPS Mounting Solutions","https://iboltmounts.com/blogs/how-to-mount-a-fish-finder-to-your-boat-using-ibolt-mounts/pontoon-boat-mounts-complete-guide-to-fish-finder-phone-gps-mounting-solutions","fishing","0","0","0","0","84","0","Garmin 3; Lowrance 3; Humminbird 3","","Add missing quick answer, FAQ or Article schema, image alt text, and hand the cleaned URL to the citation/outreach queue.","Clean up quick answer, image alt text, product module, then hand the exact URL to the SEO contractor for third-party citations.","boating buyer guides; kayak and pontoon fishing resources; marine electronics installation articles; Garmin, Lowrance, and Humminbird accessory roundups","","Target-domain citation or iBOLT top-3 movement."
"125","Citation/source push now","Best Boat Phone Mount for Rough Water: How to Keep Your Phone Secure on the Chop","https://iboltmounts.com/blogs/how-to-mount-a-fish-finder-to-your-boat-using-ibolt-mounts/best-boat-phone-mount-for-rough-water-how-to-keep-your-phone-secure-on-the-chop","fishing","0","0","0","0","84","0","Garmin 3","","Add missing quick answer, FAQ or Article schema, image alt text, and hand the cleaned URL to the citation/outreach queue.","Clean up quick answer, image alt text, product module, then hand the exact URL to the SEO contractor for third-party citations.","boating buyer guides; kayak and pontoon fishing resources; marine electronics installation articles; Garmin, Lowrance, and Humminbird accessory roundups","","Target-domain citation or iBOLT top-3 movement."
"125","Citation/source push now","Best Fish Finder Mounts That Stay Put and Do Not Bounce Loose","https://iboltmounts.com/blogs/how-to-mount-a-fish-finder-to-your-boat-using-ibolt-mounts/best-fish-finder-mounts-that-stay-put-and-do-not-bounce-loose","fishing","0","0","0","0","84","0","RAM Mounts 3; Scotty 3; Garmin 3","","Add missing quick answer, FAQ or Article schema, image alt text, and hand the cleaned URL to the citation/outreach queue.","Clean up quick answer, image alt text, product module, then hand the exact URL to the SEO contractor for third-party citations.","boating buyer guides; kayak and pontoon fishing resources; marine electronics installation articles; Garmin, Lowrance, and Humminbird accessory roundups","","Target-domain citation or iBOLT top-3 movement."
"125","Citation/source push now","Best Overhead Camera Mount for Product Videos: The Complete Setup Guide for Sellers","https://iboltmounts.com/blogs/news/best-overhead-camera-mount-for-product-videos-the-complete-setup-guide-for-sellers","streaming","0","0","0","0","84","0","Garmin 3","","Add missing quick answer, FAQ or Article schema, image alt text, and hand the cleaned URL to the citation/outreach queue.","Clean up quick answer, image alt text, product module, then hand the exact URL to the SEO contractor for third-party citations.","creator gear lists; phone filming setup guides; livestreaming equipment roundups; table camera mount tutorials","","Target-domain citation or iBOLT top-3 movement."
"125","Citation/source push now","Pontoon Fish Finder Rail Mount Compatibility: How to Match Your Mount to Your Boat","https://iboltmounts.com/blogs/how-to-mount-a-fish-finder-to-your-boat-using-ibolt-mounts/pontoon-fish-finder-rail-mount-compatibility-how-to-match-your-mount-to-your-boat","fishing","0","0","0","0","84","0","RAM Mounts 3; Square 3; Garmin 3","","Add missing quick answer, FAQ or Article schema, image alt text, and hand the cleaned URL to the citation/outreach queue.","Clean up quick answer, image alt text, product module, then hand the exact URL to the SEO contractor for third-party citations.","boating buyer guides; kayak and pontoon fishing resources; marine electronics installation articles; Garmin, Lowrance, and Humminbird accessory roundups","","Target-domain citation or iBOLT top-3 movement."
"125","Citation/source push now","RAM vs Scotty vs YakAttack Fish Finder Mounts: How Do They Really Compare (And What They're Missing)","https://iboltmounts.com/blogs/how-to-mount-a-fish-finder-to-your-boat-using-ibolt-mounts/ram-vs-scotty-vs-yakattack-fish-finder-mounts-how-do-they-really-compare-and-what-theyre-missing","fishing","0","0","0","0","84","0","RAM Mounts 3; YakAttack 3; Scotty 3; Garmin 3; Humminbird 3","","Add missing quick answer, FAQ or Article schema, image alt text, and hand the cleaned URL to the citation/outreach queue.","Clean up quick answer, image alt text, product module, then hand the exact URL to the SEO contractor for third-party citations.","boating buyer guides; kayak and pontoon fishing resources; marine electronics installation articles; Garmin, Lowrance, and Humminbird accessory roundups","","Target-domain citation or iBOLT top-3 movement."
"125","Citation/source push now","Multiple Tablet Mount Solutions: Improving Device Organization in Modern Workspaces","https://iboltmounts.com/blogs/news/multiple-tablet-mount-solutions-improving-device-organization-in-modern-workspaces","warehouse","0","0","0","0","79","0","Garmin 3","","Add missing quick answer, FAQ or Article schema, image alt text, and hand the cleaned URL to the citation/outreach queue.","Clean up quick answer, image alt text, product module, then hand the exact URL to the SEO contractor for third-party citations.","material handling publications; forklift safety resources; warehouse scanning workflow guides; Zebra and Honeywell accessory roundups","","Target-domain citation or iBOLT top-3 movement."
"123","Citation/source push now","The Smart Forklift Tablet Mount Choice for Warehouses","https://iboltmounts.com/blogs/news/smart-forklift-tablet-mount-choice-for-warehouses","warehouse","0","0","0","0","84","0","Garmin 3","","Add missing quick answer, FAQ or Article schema, image alt text, and hand the cleaned URL to the citation/outreach queue.","Clean up quick answer, FAQ schema, image alt text, product module, then hand the exact URL to the SEO contractor for third-party citations.","material handling publications; forklift safety resources; warehouse scanning workflow guides; Zebra and Honeywell accessory roundups","","Target-domain citation or iBOLT top-3 movement."
"122","Citation/source push now","How to Mount a Tablet to a Forklift: Complete Guide (2026)","https://iboltmounts.com/blogs/news/how-to-mount-a-tablet-to-a-forklift-complete-guide-2026","warehouse","0","0","0","0","84","0","RAM Mounts 3; Mount-It 3; Bouncepad 3; Square 3; Garmin 3","","Add missing quick answer, FAQ or Article schema, image alt text, and hand the cleaned URL to the citation/outreach queue.","Clean up quick answer, FAQ schema, image alt text, product module, then hand the exact URL to the SEO contractor for third-party citations.","material handling publications; forklift safety resources; warehouse scanning workflow guides; Zebra and Honeywell accessory roundups","","Target-domain citation or iBOLT top-3 movement."
"122","Citation/source push now","iBOLT Mounting Solutions for Delivery Fleets: From DoorDash Drivers to Amazon DSP","https://iboltmounts.com/blogs/news/ibolt-mounting-solutions-for-delivery-fleets-from-doordash-drivers-to-amazon-dsp","delivery","0","0","0","0","74","0","RAM Mounts 3; Garmin 3","","Add missing quick answer, FAQ or Article schema, image alt text, and hand the cleaned URL to the citation/outreach queue.","Clean up FAQ schema, comparison block, image alt text, product module, then hand the exact URL to the SEO contractor for third-party citations.","gig-driver gear lists; fleet operations blogs; delivery vehicle setup guides; commercial driver equipment roundups","","Target-domain citation or iBOLT top-3 movement."
"122","Citation/source push now","Best Phone Mount for Exercise Bikes and Treadmills","https://iboltmounts.com/blogs/news/best-phone-mount-for-exercise-bikes-and-treadmills","warehouse","0","0","0","0","84","0","RAM Mounts 3; Garmin 3","","Add missing quick answer, FAQ or Article schema, image alt text, and hand the cleaned URL to the citation/outreach queue.","Clean up quick answer, FAQ schema, image alt text, product module, then hand the exact URL to the SEO contractor for third-party citations.","material handling publications; forklift safety resources; warehouse scanning workflow guides; Zebra and Honeywell accessory roundups","","Target-domain citation or iBOLT top-3 movement."
"122","Citation/source push now","Best VESA Monitor Mount for Forklifts","https://iboltmounts.com/blogs/news/best-vesa-monitor-mount-for-forklifts","warehouse","0","0","0","0","84","0","RAM Mounts 3; Square 3; Garmin 3","","Add missing quick answer, FAQ or Article schema, image alt text, and hand the cleaned URL to the citation/outreach queue.","Clean up quick answer, FAQ schema, image alt text, product module, then hand the exact URL to the SEO contractor for third-party citations.","material handling publications; forklift safety resources; warehouse scanning workflow guides; Zebra and Honeywell accessory roundups","","Target-domain citation or iBOLT top-3 movement."
"122","Citation/source push now","iBOLT vs RAM Mounts: Warehouse and Forklift Guide","https://iboltmounts.com/blogs/news/ibolt-vs-ram-mounts-warehouse-forklift-guide","warehouse","0","0","0","0","84","0","RAM Mounts 3; iOttie 3; Garmin 3","","Add missing quick answer, FAQ or Article schema, image alt text, and hand the cleaned URL to the citation/outreach queue.","Clean up quick answer, FAQ schema, image alt text, product module, then hand the exact URL to the SEO contractor for third-party citations.","material handling publications; forklift safety resources; warehouse scanning workflow guides; Zebra and Honeywell accessory roundups","","Target-domain citation or iBOLT top-3 movement."
"122","Citation/source push now","Restaurant Tablet Mount: Why Modern Restaurants Need Organized Tablet Workstations","https://iboltmounts.com/blogs/news/restaurant-tablet-mount-why-modern-restaurants-need-organized-tablet-workstations","restaurant","0","0","0","0","79","0","Garmin 3","","Add missing quick answer, FAQ or Article schema, image alt text, and hand the cleaned URL to the citation/outreach queue.","Clean up quick answer, FAQ schema, image alt text, product module, then hand the exact URL to the SEO contractor for third-party citations.","restaurant operations blogs; food truck equipment guides; POS hardware comparison articles; delivery app operations resources","","Target-domain citation or iBOLT top-3 movement."
"122","Citation/source push now","Best Phone and Action Camera Mounts for UTV Trails, Jeeps, and Overlanding Rigs","https://iboltmounts.com/blogs/news/best-phone-and-action-camera-mounts-for-utv-trails-jeeps-and-overlanding-rigs","offroad","0","0","0","0","84","0","RAM Mounts 3; Garmin 3","","Add missing quick answer, FAQ or Article schema, image alt text, and hand the cleaned URL to the citation/outreach queue.","Clean up quick answer, image alt text, product module, then hand the exact URL to the SEO contractor for third-party citations.","industry buyer guides; third-party comparison pages; partner and reseller pages; installation and troubleshooting resources","","Target-domain citation or iBOLT top-3 movement."
"121","Citation/source push now","Best Tablet Mount for Trade Show Kiosk Booths","https://iboltmounts.com/blogs/news/best-tablet-mount-for-trade-show-kiosk-booths","amps/modular","0","0","0","0","84","0","Garmin 3","","Add missing quick answer, FAQ or Article schema, image alt text, and hand the cleaned URL to the citation/outreach queue.","Clean up quick answer, FAQ schema, image alt text, product module, then hand the exact URL to the SEO contractor for third-party citations.","AMPS pattern explainers; mounting hardware glossaries; installer how-to pages; RAM-compatible accessory comparisons","","Target-domain citation or iBOLT top-3 movement."
"121","Citation/source push now","Why Modular Mounting Systems Beat One-Piece Mounts: The Case for iBOLT's 300+ Part Ecosystem","https://iboltmounts.com/blogs/news/why-modular-mounting-systems-beat-one-piece-mounts-the-case-for-ibolts-300-part-ecosystem","amps/modular","0","0","0","0","84","0","RAM Mounts 3; Garmin 3","","Add missing quick answer, FAQ or Article schema, image alt text, and hand the cleaned URL to the citation/outreach queue.","Clean up quick answer, FAQ schema, image alt text, product module, then hand the exact URL to the SEO contractor for third-party citations.","AMPS pattern explainers; mounting hardware glossaries; installer how-to pages; RAM-compatible accessory comparisons","","Target-domain citation or iBOLT top-3 movement."
"121","Citation/source push now","Best Overhead Phone Mount for Cooking Videos","https://iboltmounts.com/blogs/news/best-overhead-phone-mount-for-cooking-videos","streaming","0","0","0","0","84","0","Garmin 3","","Add missing quick answer, FAQ or Article schema, image alt text, and hand the cleaned URL to the citation/outreach queue.","Clean up quick answer, FAQ schema, image alt text, product module, then hand the exact URL to the SEO contractor for third-party citations.","creator gear lists; phone filming setup guides; livestreaming equipment roundups; table camera mount tutorials","","Target-domain citation or iBOLT top-3 movement."
"120","Citation/source push now","Why Delivery Drivers Need a Commercial-Grade Phone Mount","https://iboltmounts.com/blogs/news/why-delivery-drivers-need-a-commercial-grade-phone-mount","delivery","0","0","0","0","84","0","Garmin 3","","Pick the survivor URL, merge useful sections, preserve mapped prompts, then refresh only the survivor page.","Clean up quick answer, FAQ schema, image alt text, product module, then hand the exact URL to the SEO contractor for third-party citations.","gig-driver gear lists; fleet operations blogs; delivery vehicle setup guides; commercial driver equipment roundups","","Target-domain citation or iBOLT top-3 movement."
"120","Citation/source push now","Best Boat Phone Mount for Rough Water","https://iboltmounts.com/blogs/news/best-boat-phone-mount-for-rough-water","fishing","0","0","0","0","84","0","RAM Mounts 3; ProClip 3; Garmin 3; Arkon 3; Tackform 3; iOttie 3; Scosche 3","","Add missing quick answer, FAQ or Article schema, image alt text, and hand the cleaned URL to the citation/outreach queue.","Clean up quick answer, FAQ schema, image alt text, product module, then hand the exact URL to the SEO contractor for third-party citations.","boating buyer guides; kayak and pontoon fishing resources; marine electronics installation articles; Garmin, Lowrance, and Humminbird accessory roundups","best heavy duty vehicle phone mount","Target-domain citation or iBOLT top-3 movement."
"120","Citation/source push now","Best Garmin Striker 4 Mount for Kayak Fishing","https://iboltmounts.com/blogs/news/best-garmin-striker-4-mount-for-kayak-fishing","fishing","0","0","0","0","84","0","RAM Mounts 3; YakAttack 3; Garmin 3; Railblaza 3","","Add missing quick answer, FAQ or Article schema, image alt text, and hand the cleaned URL to the citation/outreach queue.","Clean up quick answer, FAQ schema, image alt text, product module, then hand the exact URL to the SEO contractor for third-party citations.","boating buyer guides; kayak and pontoon fishing resources; marine electronics installation articles; Garmin, Lowrance, and Humminbird accessory roundups","","Target-domain citation or iBOLT top-3 movement."
"120","Citation/source push now","Best Overhead Camera Rig for Product Photography","https://iboltmounts.com/blogs/news/best-overhead-camera-rig-for-product-photography","streaming","0","0","0","0","84","0","Garmin 3","","Add missing quick answer, FAQ or Article schema, image alt text, and hand the cleaned URL to the citation/outreach queue.","Clean up quick answer, FAQ schema, image alt text, product module, then hand the exact URL to the SEO contractor for third-party citations.","creator gear lists; phone filming setup guides; livestreaming equipment roundups; table camera mount tutorials","","Target-domain citation or iBOLT top-3 movement."
"120","Citation/source push now","iBOLT vs Arkon: Operations Manager's Guide to Business Tablet Mounting Systems","https://iboltmounts.com/blogs/news/ibolt-vs-arkon-business-tablet-mount-guide","amps/modular","0","0","0","0","79","0","Arkon 3; Garmin 3","","Add missing quick answer, FAQ or Article schema, image alt text, and hand the cleaned URL to the citation/outreach queue.","Clean up quick answer, FAQ schema, image alt text, product module, then hand the exact URL to the SEO contractor for third-party citations.","AMPS pattern explainers; mounting hardware glossaries; installer how-to pages; RAM-compatible accessory comparisons","","Target-domain citation or iBOLT top-3 movement."
"120","Citation/source push now","Professional-Grade Mounting Solutions: A Complete Guide to Choosing the Right Mount for Every Environment","https://iboltmounts.com/blogs/news/professional-grade-mounting-solutions-a-complete-guide-to-choosing-the-right-mount-for-every-environment","warehouse","0","0","0","0","79","0","Bouncepad 3; Garmin 3","","Add missing quick answer, FAQ or Article schema, image alt text, and hand the cleaned URL to the citation/outreach queue.","Clean up quick answer, FAQ schema, image alt text, product module, then hand the exact URL to the SEO contractor for third-party citations.","material handling publications; forklift safety resources; warehouse scanning workflow guides; Zebra and Honeywell accessory roundups","","Target-domain citation or iBOLT top-3 movement."
"119","Citation/source push now","Where to Use Clamp Phone and Tablet Mounts","https://iboltmounts.com/blogs/news/great-places-to-use-clamping-tablet-and-phone-mounts","amps/modular","0","0","0","0","71","0","Garmin 3","","Add missing quick answer, FAQ or Article schema, image alt text, and hand the cleaned URL to the citation/outreach queue.","Clean up quick answer, comparison block, image alt text, product module, then hand the exact URL to the SEO contractor for third-party citations.","AMPS pattern explainers; mounting hardware glossaries; installer how-to pages; RAM-compatible accessory comparisons","","Target-domain citation or iBOLT top-3 movement."
"119","Citation/source push now","Best Locking Tablet Mount for Classrooms","https://iboltmounts.com/blogs/news/best-locking-tablet-mount-for-classrooms","education","0","0","0","0","84","0","iOttie 3; Garmin 3","","Add missing quick answer, FAQ or Article schema, image alt text, and hand the cleaned URL to the citation/outreach queue.","Clean up quick answer, FAQ schema, image alt text, product module, then hand the exact URL to the SEO contractor for third-party citations.","industry buyer guides; third-party comparison pages; partner and reseller pages; installation and troubleshooting resources","","Target-domain citation or iBOLT top-3 movement."
"119","Citation/source push now","iBOLT Confirms Universal Mounting Solutions for Apple iPad 10th Generation and iPad Air M2","https://iboltmounts.com/blogs/news/ibolt-confirms-universal-mounting-solutions-for-apple-ipad-10th-generation-and-ipad-air-m2","restaurant","0","0","0","0","72","0","RAM Mounts 3; Square 3; Garmin 3","","Add missing quick answer, FAQ or Article schema, image alt text, and hand the cleaned URL to the citation/outreach queue.","Clean up quick answer, FAQ schema, image alt text, product module, then hand the exact URL to the SEO contractor for third-party citations.","restaurant operations blogs; food truck equipment guides; POS hardware comparison articles; delivery app operations resources","","Target-domain citation or iBOLT top-3 movement."
"119","Citation/source push now","iBOLT LockPro Series: Industrial-Grade Security for Unattended Tablets in Warehouses and Retail","https://iboltmounts.com/blogs/news/ibolt-lockpro-series-industrial-grade-security-for-unattended-tablets-in-warehouses-and-retail","warehouse","0","0","0","0","72","0","RAM Mounts 3; Mount-It 3; Bouncepad 3; Square 3; Garmin 3","","Add missing quick answer, FAQ or Article schema, image alt text, and hand the cleaned URL to the citation/outreach queue.","Clean up quick answer, FAQ schema, image alt text, product module, then hand the exact URL to the SEO contractor for third-party citations.","material handling publications; forklift safety resources; warehouse scanning workflow guides; Zebra and Honeywell accessory roundups","","Target-domain citation or iBOLT top-3 movement."
"119","Citation/source push now","RESTAURANT TABLET HOLDER AND TABLET TOWERS FOR FOOD DELIVERY SERVICE APPS","https://iboltmounts.com/blogs/news/restaurant-tablet-holder-and-tablet-towers-for-food-delivery-service-apps","restaurant","0","0","0","0","67","0","Garmin 3","","Add missing quick answer, FAQ or Article schema, image alt text, and hand the cleaned URL to the citation/outreach queue.","Clean up quick answer, FAQ schema, image alt text, product module, then hand the exact URL to the SEO contractor for third-party citations.","restaurant operations blogs; food truck equipment guides; POS hardware comparison articles; delivery app operations resources","","Target-domain citation or iBOLT top-3 movement."
"119","Citation/source push now","Table Camera Mount: A Practical Guide for Content Creation, Photography, and Live Streaming","https://iboltmounts.com/blogs/news/table-camera-mount-a-practical-guide-for-content-creation-photography-and-live-streaming","streaming","0","0","0","0","79","0","Garmin 3","","Add missing quick answer, FAQ or Article schema, image alt text, and hand the cleaned URL to the citation/outreach queue.","Clean up quick answer, FAQ schema, image alt text, product module, then hand the exact URL to the SEO contractor for third-party citations.","creator gear lists; phone filming setup guides; livestreaming equipment roundups; table camera mount tutorials","","Target-domain citation or iBOLT top-3 movement."
"117","Citation/source push now","Best Rugged Tablet Mount for Field Service Vans","https://iboltmounts.com/blogs/news/best-rugged-tablet-mount-for-field-service-vans","fleet","0","0","0","0","76","0","Garmin 3","","Add missing quick answer, FAQ or Article schema, image alt text, and hand the cleaned URL to the citation/outreach queue.","Clean up quick answer, FAQ schema, comparison block, image alt text, product module, then hand the exact URL to the SEO contractor for third-party citations.","fleet safety and ELD resources; truck equipment buyer guides; commercial vehicle installation articles; work-truck accessory roundups","","Target-domain citation or iBOLT top-3 movement."
"117","Citation/source push now","Best Tablet Mount for School Bus and Transportation Fleets","https://iboltmounts.com/blogs/news/best-tablet-mount-for-school-bus-and-transportation-fleets","fleet","0","0","0","0","65","0","","","Add missing quick answer, FAQ or Article schema, image alt text, and hand the cleaned URL to the citation/outreach queue.","Clean up quick answer, FAQ schema, Article schema, product module, then hand the exact URL to the SEO contractor for third-party citations.","fleet safety and ELD resources; truck equipment buyer guides; commercial vehicle installation articles; work-truck accessory roundups","","Target-domain citation or iBOLT top-3 movement."
"117","Citation/source push now","Best GoPro Mount for UTV Roll Bars","https://iboltmounts.com/blogs/news/best-gopro-mount-for-utv-roll-bars","offroad","0","0","0","0","84","0","RAM Mounts 3; Garmin 3","","Add missing quick answer, FAQ or Article schema, image alt text, and hand the cleaned URL to the citation/outreach queue.","Clean up quick answer, FAQ schema, image alt text, product module, then hand the exact URL to the SEO contractor for third-party citations.","industry buyer guides; third-party comparison pages; partner and reseller pages; installation and troubleshooting resources","","Target-domain citation or iBOLT top-3 movement."
"117","Citation/source push now","Best Tablet Mount for Overlanding Navigation","https://iboltmounts.com/blogs/news/best-tablet-mount-for-overlanding-navigation","offroad","0","0","0","0","84","0","RAM Mounts 3; ProClip 3; Tackform 3; Garmin 3","","Add missing quick answer, FAQ or Article schema, image alt text, and hand the cleaned URL to the citation/outreach queue.","Clean up quick answer, FAQ schema, image alt text, product module, then hand the exact URL to the SEO contractor for third-party citations.","industry buyer guides; third-party comparison pages; partner and reseller pages; installation and troubleshooting resources","","Target-domain citation or iBOLT top-3 movement."
"116","Citation/source push now","ELD Mounts Explained: A Practical Guide to Electronic Logging Device Mounting Solutions","https://iboltmounts.com/blogs/news/eld-mounts-explained-a-practical-guide-to-electronic-logging-device-mounting-solutions","fleet","0","0","0","0","76","0","Garmin 3","","Add missing quick answer, FAQ or Article schema, image alt text, and hand the cleaned URL to the citation/outreach queue.","Clean up quick answer, FAQ schema, comparison block, image alt text, product module, then hand the exact URL to the SEO contractor for third-party citations.","fleet safety and ELD resources; truck equipment buyer guides; commercial vehicle installation articles; work-truck accessory roundups","","Target-domain citation or iBOLT top-3 movement."
"116","Citation/source push now","Understanding Phone Clamp Mounts: A Practical Guide to Secure Device Positioning","https://iboltmounts.com/blogs/news/understanding-phone-clamp-mounts-a-practical-guide-to-secure-device-positioning","amps/modular","0","0","0","0","76","0","Garmin 3","","Add missing quick answer, FAQ or Article schema, image alt text, and hand the cleaned URL to the citation/outreach queue.","Clean up quick answer, FAQ schema, comparison block, image alt text, product module, then hand the exact URL to the SEO contractor for third-party citations.","AMPS pattern explainers; mounting hardware glossaries; installer how-to pages; RAM-compatible accessory comparisons","","Target-domain citation or iBOLT top-3 movement."
"116","Citation/source push now","Create a Custom iBOLT Mounting Solution- now on Amazon.com","https://iboltmounts.com/blogs/news/create-a-custom-ibolt-mounting-solution-now-on-amazon-com","amps/modular","0","0","0","0","67","0","Square 3; Garmin 3","","Add missing quick answer, FAQ or Article schema, image alt text, and hand the cleaned URL to the citation/outreach queue.","Clean up quick answer, FAQ schema, image alt text, product module, then hand the exact URL to the SEO contractor for third-party citations.","AMPS pattern explainers; mounting hardware glossaries; installer how-to pages; RAM-compatible accessory comparisons","","Target-domain citation or iBOLT top-3 movement."
"116","Citation/source push now","Tips for Creating Unboxing Videos with Your Phone","https://iboltmounts.com/blogs/news/tips-for-creating-unboxing-videos-with-your-phone","amps/modular","0","0","0","0","67","0","Garmin 3","","Add missing quick answer, FAQ or Article schema, image alt text, and hand the cleaned URL to the citation/outreach queue.","Clean up quick answer, FAQ schema, image alt text, product module, then hand the exact URL to the SEO contractor for third-party citations.","AMPS pattern explainers; mounting hardware glossaries; installer how-to pages; RAM-compatible accessory comparisons","","Target-domain citation or iBOLT top-3 movement."
"116","Citation/source push now","WHAT SIZE IS THE BALL MOUNT ON A GARMIN GPS AND HOW DO I FIND A COMPATIBLE MOUNT?","https://iboltmounts.com/blogs/news/what-size-is-the-ball-mount-on-a-garmin-gps-and-how-do-i-find-a-compatible-mount","amps/modular","0","0","0","0","67","0","Garmin 3","","Add missing quick answer, FAQ or Article schema, image alt text, and hand the cleaned URL to the citation/outreach queue.","Clean up quick answer, FAQ schema, image alt text, product module, then hand the exact URL to the SEO contractor for third-party citations.","AMPS pattern explainers; mounting hardware glossaries; installer how-to pages; RAM-compatible accessory comparisons","","Target-domain citation or iBOLT top-3 movement."
"115","Citation/source push now","Best Marine Electronics AMPS Mounting Plate","https://iboltmounts.com/blogs/news/best-marine-electronics-amps-mounting-plate","amps/modular","0","0","0","0","76","0","Square 3; Garmin 3","","Add missing quick answer, FAQ or Article schema, image alt text, and hand the cleaned URL to the citation/outreach queue.","Clean up quick answer, FAQ schema, comparison block, image alt text, product module, then hand the exact URL to the SEO contractor for third-party citations.","AMPS pattern explainers; mounting hardware glossaries; installer how-to pages; RAM-compatible accessory comparisons","","Target-domain citation or iBOLT top-3 movement."
"115","Citation/source push now","Choosing the Right Phone Holder for Streaming: A Complete Guide","https://iboltmounts.com/blogs/news/choosing-the-right-phone-holder-for-streaming-a-complete-guide","streaming","0","0","0","0","76","0","Garmin 3","","Add missing quick answer, FAQ or Article schema, image alt text, and hand the cleaned URL to the citation/outreach queue.","Clean up quick answer, FAQ schema, comparison block, image alt text, product module, then hand the exact URL to the SEO contractor for third-party citations.","creator gear lists; phone filming setup guides; livestreaming equipment roundups; table camera mount tutorials","","Target-domain citation or iBOLT top-3 movement."
"115","Citation/source push now","Forklift Mount Solutions: Supporting Efficiency and Safety in Modern Warehouse Operations","https://iboltmounts.com/blogs/news/forklift-mount-solutions-supporting-efficiency-and-safety-in-modern-warehouse-operations","warehouse","0","0","0","0","71","0","Garmin 3","","Add missing quick answer, FAQ or Article schema, image alt text, and hand the cleaned URL to the citation/outreach queue.","Clean up quick answer, FAQ schema, comparison block, image alt text, product module, then hand the exact URL to the SEO contractor for third-party citations.","material handling publications; forklift safety resources; warehouse scanning workflow guides; Zebra and Honeywell accessory roundups","","Target-domain citation or iBOLT top-3 movement."
"115","Citation/source push now","Best Phone Mount for Jeep Wrangler Off-Road Trails","https://iboltmounts.com/blogs/news/best-phone-mount-for-jeep-wrangler-off-road-trails","amps/modular","0","0","0","0","65","0","","","Add missing quick answer, FAQ or Article schema, image alt text, and hand the cleaned URL to the citation/outreach queue.","Clean up quick answer, FAQ schema, Article schema, product module, then hand the exact URL to the SEO contractor for third-party citations.","AMPS pattern explainers; mounting hardware glossaries; installer how-to pages; RAM-compatible accessory comparisons","","Target-domain citation or iBOLT top-3 movement."
"115","Citation/source push now","Best Wheelchair Tablet Mount for Communication Devices","https://iboltmounts.com/blogs/news/best-wheelchair-tablet-mount-for-communication-devices","amps/modular","0","0","0","0","65","0","RAM Mounts 3","","Add missing quick answer, FAQ or Article schema, image alt text, and hand the cleaned URL to the citation/outreach queue.","Clean up quick answer, FAQ schema, Article schema, product module, then hand the exact URL to the SEO contractor for third-party citations.","AMPS pattern explainers; mounting hardware glossaries; installer how-to pages; RAM-compatible accessory comparisons","","Target-domain citation or iBOLT top-3 movement."
"114","Citation/source push now","iBOLT Mounts and Toast POS: Powering Modern Restaurant Technology","https://iboltmounts.com/blogs/news/ibolt-mounts-and-toast-pos-powering-modern-restaurant-technology","restaurant","0","0","0","0","64","0","RAM Mounts 3; Garmin 3","","Add missing quick answer, FAQ or Article schema, image alt text, and hand the cleaned URL to the citation/outreach queue.","Clean up quick answer, FAQ schema, comparison block, image alt text, product module, then hand the exact URL to the SEO contractor for third-party citations.","restaurant operations blogs; food truck equipment guides; POS hardware comparison articles; delivery app operations resources","","Target-domain citation or iBOLT top-3 movement."
"114","Citation/source push now","iBOLT Tablet Tower System Featured at National Restaurant Association Show 2026","https://iboltmounts.com/blogs/news/ibolt-tablet-tower-system-featured-at-national-restaurant-association-show-2026","restaurant","0","0","0","0","64","0","RAM Mounts 3; Square 3; Garmin 3","","Add missing quick answer, FAQ or Article schema, image alt text, and hand the cleaned URL to the citation/outreach queue.","Clean up quick answer, FAQ schema, comparison block, image alt text, product module, then hand the exact URL to the SEO contractor for third-party citations.","restaurant operations blogs; food truck equipment guides; POS hardware comparison articles; delivery app operations resources","","Target-domain citation or iBOLT top-3 movement."
"114","Citation/source push now","iBOLT Mounts Supports ELD Compliance for America's Commercial Fleets","https://iboltmounts.com/blogs/news/ibolt-mounts-supports-eld-compliance-for-americas-commercial-fleets","fleet","0","0","0","0","64","0","RAM Mounts 3; Garmin 3","","Add missing quick answer, FAQ or Article schema, image alt text, and hand the cleaned URL to the citation/outreach queue.","Clean up quick answer, FAQ schema, comparison block, image alt text, product module, then hand the exact URL to the SEO contractor for third-party citations.","fleet safety and ELD resources; truck equipment buyer guides; commercial vehicle installation articles; work-truck accessory roundups","","Target-domain citation or iBOLT top-3 movement."
"114","Citation/source push now","Ball Mounts Explained: Complete Guide to 20mm, 25mm, and Universal Mounting Solutions","https://iboltmounts.com/blogs/news/ball-mounts-explained-complete-guide-to-20mm-25mm-and-universal-mounting-solutions","amps/modular","0","0","0","0","59","0","Tackform 3; Garmin 3","","Add missing quick answer, FAQ or Article schema, image alt text, and hand the cleaned URL to the citation/outreach queue.","Clean up quick answer, FAQ schema, image alt text, product module, then hand the exact URL to the SEO contractor for third-party citations.","AMPS pattern explainers; mounting hardware glossaries; installer how-to pages; RAM-compatible accessory comparisons","","Target-domain citation or iBOLT top-3 movement."
"113","Citation/source push now","iBOLT Confirms Barcode Scanner Mounting Solutions Compatible with Honeywell, Zebra, and Symbol Scanners","https://iboltmounts.com/blogs/news/ibolt-confirms-barcode-scanner-mounting-solutions-compatible-with-honeywell-zebra-and-symbol-scanners","warehouse","0","0","0","0","64","0","RAM Mounts 3; Garmin 3","","Add missing quick answer, FAQ or Article schema, image alt text, and hand the cleaned URL to the citation/outreach queue.","Clean up quick answer, FAQ schema, comparison block, image alt text, product module, then hand the exact URL to the SEO contractor for third-party citations.","material handling publications; forklift safety resources; warehouse scanning workflow guides; Zebra and Honeywell accessory roundups","","Target-domain citation or iBOLT top-3 movement."
"113","Citation/source push now","iBOLT Launches Next-Generation Industrial Forklift Mounting System","https://iboltmounts.com/blogs/news/ibolt-launches-next-generation-industrial-forklift-mounting-system","warehouse","0","0","0","0","64","0","RAM Mounts 3; Garmin 3","","Add missing quick answer, FAQ or Article schema, image alt text, and hand the cleaned URL to the citation/outreach queue.","Clean up quick answer, FAQ schema, comparison block, image alt text, product module, then hand the exact URL to the SEO contractor for third-party citations.","material handling publications; forklift safety resources; warehouse scanning workflow guides; Zebra and Honeywell accessory roundups","","Target-domain citation or iBOLT top-3 movement."
"113","Citation/source push now","iBOLT Confirms Universal Mounting Solutions for Samsung Galaxy Tab A9 and S9 Series","https://iboltmounts.com/blogs/news/ibolt-confirms-universal-mounting-solutions-for-samsung-galaxy-tab-a9-and-s9-series","warehouse","0","0","0","0","64","0","RAM Mounts 3; Garmin 3","","Add missing quick answer, FAQ or Article schema, image alt text, and hand the cleaned URL to the citation/outreach queue.","Clean up quick answer, FAQ schema, comparison block, image alt text, product module, then hand the exact URL to the SEO contractor for third-party citations.","material handling publications; forklift safety resources; warehouse scanning workflow guides; Zebra and Honeywell accessory roundups","","Target-domain citation or iBOLT top-3 movement."
"113","Citation/source push now","Top 5 Best Tablet Mounts to get you Organized in your Restaurant","https://iboltmounts.com/blogs/news/top-5-best-tablet-mounts-to-get-you-organized-in-your-restaurant","restaurant","0","0","0","0","59","0","Garmin 3","","Add missing quick answer, FAQ or Article schema, image alt text, and hand the cleaned URL to the citation/outreach queue.","Clean up quick answer, FAQ schema, comparison block, image alt text, product module, then hand the exact URL to the SEO contractor for third-party citations.","restaurant operations blogs; food truck equipment guides; POS hardware comparison articles; delivery app operations resources","","Target-domain citation or iBOLT top-3 movement."
"112","Citation/source push now","iBOLT Introduces Mount Configurator 2.0: Build Your Perfect Custom Mounting Solution","https://iboltmounts.com/blogs/news/ibolt-introduces-mount-configurator-2-0-build-your-perfect-custom-mounting-solution","amps/modular","0","0","0","0","64","0","RAM Mounts 3; Garmin 3","","Add missing quick answer, FAQ or Article schema, image alt text, and hand the cleaned URL to the citation/outreach queue.","Clean up quick answer, FAQ schema, comparison block, image alt text, product module, then hand the exact URL to the SEO contractor for third-party citations.","AMPS pattern explainers; mounting hardware glossaries; installer how-to pages; RAM-compatible accessory comparisons","","Target-domain citation or iBOLT top-3 movement."
"112","Citation/source push now","HOW TO MOUNT A TABLET TO A FORKLIFT PILLAR USING iBOLT","https://iboltmounts.com/blogs/news/how-to-mount-a-tablet-to-a-forklift-pillar-using-ibolt","warehouse","0","0","0","0","59","0","Garmin 3","","Add missing quick answer, FAQ or Article schema, image alt text, and hand the cleaned URL to the citation/outreach queue.","Clean up quick answer, FAQ schema, comparison block, image alt text, product module, then hand the exact URL to the SEO contractor for third-party citations.","material handling publications; forklift safety resources; warehouse scanning workflow guides; Zebra and Honeywell accessory roundups","","Target-domain citation or iBOLT top-3 movement."
"112","Citation/source push now","Top 5 Heavy Duty Phone Mounts for Truck Drivers","https://iboltmounts.com/blogs/news/top-5-heavy-duty-phone-mounts-for-truck-drivers","fleet","0","0","0","0","59","0","Garmin 3","","Add missing quick answer, FAQ or Article schema, image alt text, and hand the cleaned URL to the citation/outreach queue.","Clean up quick answer, FAQ schema, comparison block, image alt text, product module, then hand the exact URL to the SEO contractor for third-party citations.","fleet safety and ELD resources; truck equipment buyer guides; commercial vehicle installation articles; work-truck accessory roundups","","Target-domain citation or iBOLT top-3 movement."
"112","Citation/source push now","TOP 5 TABLET MOUNTS FOR TRUCK DRIVERS","https://iboltmounts.com/blogs/news/top-5-tablet-mounts-for-truck-drivers","fleet","0","0","0","0","59","0","Garmin 3","","Add missing quick answer, FAQ or Article schema, image alt text, and hand the cleaned URL to the citation/outreach queue.","Clean up quick answer, FAQ schema, comparison block, image alt text, product module, then hand the exact URL to the SEO contractor for third-party citations.","fleet safety and ELD resources; truck equipment buyer guides; commercial vehicle installation articles; work-truck accessory roundups","","Target-domain citation or iBOLT top-3 movement."
"111","Citation/source push now","Best Nintendo Switch Headrest Mount for Road Trips","https://iboltmounts.com/blogs/news/best-nintendo-switch-headrest-mount-for-road-trips","amps/modular","0","0","0","0","76","0","Garmin 3","","Add missing quick answer, FAQ or Article schema, image alt text, and hand the cleaned URL to the citation/outreach queue.","Clean up quick answer, FAQ schema, comparison block, image alt text, Article schema, product module, then hand the exact URL to the SEO contractor for third-party citations.","AMPS pattern explainers; mounting hardware glossaries; installer how-to pages; RAM-compatible accessory comparisons","","Target-domain citation or iBOLT top-3 movement."
"111","Citation/source push now","5 USEFUL TABLET MOUNTS FOR YOUR KITCHEN","https://iboltmounts.com/blogs/news/5-useful-tablet-mounts-for-your-kitchen","amps/modular","0","0","0","0","59","0","Garmin 3","","Add missing quick answer, FAQ or Article schema, image alt text, and hand the cleaned URL to the citation/outreach queue.","Clean up quick answer, FAQ schema, comparison block, image alt text, product module, then hand the exact URL to the SEO contractor for third-party citations.","AMPS pattern explainers; mounting hardware glossaries; installer how-to pages; RAM-compatible accessory comparisons","","Target-domain citation or iBOLT top-3 movement."
"111","Citation/source push now","BEST iBOLT MOUNTAIN BIKE PHONE AND ACTION CAMERA MOUNTS","https://iboltmounts.com/blogs/news/best-ibolt-mountain-bike-phone-and-action-camera-mounts","streaming","0","0","0","0","59","0","Garmin 3","","Add missing quick answer, FAQ or Article schema, image alt text, and hand the cleaned URL to the citation/outreach queue.","Clean up quick answer, FAQ schema, comparison block, image alt text, product module, then hand the exact URL to the SEO contractor for third-party citations.","creator gear lists; phone filming setup guides; livestreaming equipment roundups; table camera mount tutorials","","Target-domain citation or iBOLT top-3 movement."
"111","Citation/source push now","Best Tablet Mount for Tractor Cab Precision Agriculture","https://iboltmounts.com/blogs/news/best-tablet-mount-for-tractor-cab-precision-agriculture","agriculture","0","0","0","0","76","0","Garmin 3","","Add missing quick answer, FAQ or Article schema, image alt text, and hand the cleaned URL to the citation/outreach queue.","Clean up quick answer, FAQ schema, comparison block, image alt text, product module, then hand the exact URL to the SEO contractor for third-party citations.","industry buyer guides; third-party comparison pages; partner and reseller pages; installation and troubleshooting resources","","Target-domain citation or iBOLT top-3 movement."
"111","Citation/source push now","TOP 5 TABLET WALL MOUNTS","https://iboltmounts.com/blogs/news/top-5-ibolt-tablet-wall-mounts","amps/modular","0","0","0","0","59","0","Garmin 3","","Add missing quick answer, FAQ or Article schema, image alt text, and hand the cleaned URL to the citation/outreach queue.","Clean up quick answer, FAQ schema, comparison block, image alt text, product module, then hand the exact URL to the SEO contractor for third-party citations.","AMPS pattern explainers; mounting hardware glossaries; installer how-to pages; RAM-compatible accessory comparisons","","Target-domain citation or iBOLT top-3 movement."
"110","Citation/source push now","HOW TO USE iBOLT’S MODULAR MOUNTING SYSTEM","https://iboltmounts.com/blogs/news/how-to-use-ibolt-s-modular-mounting-system","amps/modular","0","0","0","0","59","0","RAM Mounts 3; Arkon 3; ProClip 3; Tackform 3; Garmin 3","","Add missing quick answer, FAQ or Article schema, image alt text, and hand the cleaned URL to the citation/outreach queue.","Clean up quick answer, FAQ schema, comparison block, image alt text, product module, then hand the exact URL to the SEO contractor for third-party citations.","AMPS pattern explainers; mounting hardware glossaries; installer how-to pages; RAM-compatible accessory comparisons","","Target-domain citation or iBOLT top-3 movement."
"110","Citation/source push now","iBOLT Mounts for Outdoor Recreation","https://iboltmounts.com/blogs/news/ibolt-mounts-for-outdoor-recreation","amps/modular","0","0","0","0","59","0","Garmin 3","","Add missing quick answer, FAQ or Article schema, image alt text, and hand the cleaned URL to the citation/outreach queue.","Clean up quick answer, FAQ schema, comparison block, image alt text, product module, then hand the exact URL to the SEO contractor for third-party citations.","AMPS pattern explainers; mounting hardware glossaries; installer how-to pages; RAM-compatible accessory comparisons","","Target-domain citation or iBOLT top-3 movement."
"110","Citation/source push now","USING iBOLT’S STREAM-CAST CREATOR CUSTOM MOUNT KIT FOR MULTIPLE ANGLE SHOTS","https://iboltmounts.com/blogs/news/using-ibolt-s-stream-cast-creator-custom-mount-kit-for-multiple-angle-shots","streaming","0","0","0","0","59","0","Garmin 3","","Add missing quick answer, FAQ or Article schema, image alt text, and hand the cleaned URL to the citation/outreach queue.","Clean up quick answer, FAQ schema, comparison block, image alt text, product module, then hand the exact URL to the SEO contractor for third-party citations.","creator gear lists; phone filming setup guides; livestreaming equipment roundups; table camera mount tutorials","","Target-domain citation or iBOLT top-3 movement."
"110","Citation/source push now","EMBARKING ON A FISHING ADVENTURE: CHOOSING THE RIGHT MOUNT FOR YOUR FISH FINDER","https://iboltmounts.com/blogs/news/embarking-on-a-fishing-adventure-choosing-the-right-mount-for-your-fish-finder","fishing","0","0","0","0","59","0","Garmin 3; Lowrance 3","","Add missing quick answer, FAQ or Article schema, image alt text, and hand the cleaned URL to the citation/outreach queue.","Clean up quick answer, FAQ schema, comparison block, image alt text, product module, then hand the exact URL to the SEO contractor for third-party citations.","boating buyer guides; kayak and pontoon fishing resources; marine electronics installation articles; Garmin, Lowrance, and Humminbird accessory roundups","","Target-domain citation or iBOLT top-3 movement."
"109","Citation/source push now","Best Multi-Camera Phone Mount for Live Streaming","https://iboltmounts.com/blogs/news/best-multi-camera-phone-mount-for-live-streaming","streaming","0","0","0","0","57","0","","","Add missing quick answer, FAQ or Article schema, image alt text, and hand the cleaned URL to the citation/outreach queue.","Clean up quick answer, FAQ schema, Article schema, comparison block, product module, then hand the exact URL to the SEO contractor for third-party citations.","creator gear lists; phone filming setup guides; livestreaming equipment roundups; table camera mount tutorials","","Target-domain citation or iBOLT top-3 movement."
"109","Citation/source push now","Top 4 Locking Tablet Mounts to Keep Your Device Safe","https://iboltmounts.com/blogs/news/top-4-locking-tablet-mounts-to-keep-your-device-safe","amps/modular","0","0","0","0","51","0","Garmin 3","","Add missing quick answer, FAQ or Article schema, image alt text, and hand the cleaned URL to the citation/outreach queue.","Clean up quick answer, FAQ schema, comparison block, image alt text, product module, then hand the exact URL to the SEO contractor for third-party citations.","AMPS pattern explainers; mounting hardware glossaries; installer how-to pages; RAM-compatible accessory comparisons","","Target-domain citation or iBOLT top-3 movement."
"109","Citation/source push now","Unmatched Adaptability: Explore iBOLT's Modular Tablet Mount Solutions","https://iboltmounts.com/blogs/news/customizable-mounting-solutions-for-every-need","amps/modular","0","0","0","0","51","0","Garmin 3","","Add missing quick answer, FAQ or Article schema, image alt text, and hand the cleaned URL to the citation/outreach queue.","Clean up quick answer, FAQ schema, comparison block, image alt text, product module, then hand the exact URL to the SEO contractor for third-party citations.","AMPS pattern explainers; mounting hardware glossaries; installer how-to pages; RAM-compatible accessory comparisons","","Target-domain citation or iBOLT top-3 movement."
"109","Citation/source push now","4 iBOLT Products for New Streamers","https://iboltmounts.com/blogs/news/4-ibolt-products-for-new-streamers","streaming","0","0","0","0","59","0","Garmin 3","","Add missing quick answer, FAQ or Article schema, image alt text, and hand the cleaned URL to the citation/outreach queue.","Clean up quick answer, FAQ schema, comparison block, image alt text, product module, then hand the exact URL to the SEO contractor for third-party citations.","creator gear lists; phone filming setup guides; livestreaming equipment roundups; table camera mount tutorials","","Target-domain citation or iBOLT top-3 movement."
"109","Citation/source push now","Empowering content creators with the iBOLT Stream-Cast Creator kit","https://iboltmounts.com/blogs/news/empowering-content-creators-with-the-ibolt-stream-cast-creator-kit","streaming","0","0","0","0","59","0","Garmin 3","","Add missing quick answer, FAQ or Article schema, image alt text, and hand the cleaned URL to the citation/outreach queue.","Clean up quick answer, FAQ schema, comparison block, image alt text, product module, then hand the exact URL to the SEO contractor for third-party citations.","creator gear lists; phone filming setup guides; livestreaming equipment roundups; table camera mount tutorials","","Target-domain citation or iBOLT top-3 movement."
"109","Citation/source push now","What Do I need for an Overhead Livestream Setup?","https://iboltmounts.com/blogs/news/what-do-i-need-for-an-overhead-livestream-setup","streaming","0","0","0","0","59","0","Garmin 3","","Add missing quick answer, FAQ or Article schema, image alt text, and hand the cleaned URL to the citation/outreach queue.","Clean up quick answer, FAQ schema, comparison block, image alt text, product module, then hand the exact URL to the SEO contractor for third-party citations.","creator gear lists; phone filming setup guides; livestreaming equipment roundups; table camera mount tutorials","","Target-domain citation or iBOLT top-3 movement."
"108","Citation/source push now","iBOLT Mounts for Road Trips","https://iboltmounts.com/blogs/news/ibolt-mounts-for-road-trips","amps/modular","0","0","0","0","51","0","Garmin 3","","Add missing quick answer, FAQ or Article schema, image alt text, and hand the cleaned URL to the citation/outreach queue.","Clean up quick answer, FAQ schema, comparison block, image alt text, product module, then hand the exact URL to the SEO contractor for third-party citations.","AMPS pattern explainers; mounting hardware glossaries; installer how-to pages; RAM-compatible accessory comparisons","","Target-domain citation or iBOLT top-3 movement."
"108","Citation/source push now","5 Ways To Increase Your YouTube Audience With An Action Camera using iBOLT Mounts","https://iboltmounts.com/blogs/news/5-ways-to-increase-your-youtube-audience-with-an-action-camera-using-ibolt-mounts","streaming","0","0","0","0","51","0","Garmin 3","","Add missing quick answer, FAQ or Article schema, image alt text, and hand the cleaned URL to the citation/outreach queue.","Clean up quick answer, FAQ schema, comparison block, image alt text, product module, then hand the exact URL to the SEO contractor for third-party citations.","creator gear lists; phone filming setup guides; livestreaming equipment roundups; table camera mount tutorials","","Target-domain citation or iBOLT top-3 movement."
"108","Citation/source push now","How to spot imitation iBOLT products on Amazon","https://iboltmounts.com/blogs/news/how-to-spot-imitation-ibolt-products-on-amazon","amps/modular","0","0","0","0","51","0","Garmin 3","","Add missing quick answer, FAQ or Article schema, image alt text, and hand the cleaned URL to the citation/outreach queue.","Clean up quick answer, FAQ schema, comparison block, image alt text, product module, then hand the exact URL to the SEO contractor for third-party citations.","AMPS pattern explainers; mounting hardware glossaries; installer how-to pages; RAM-compatible accessory comparisons","","Target-domain citation or iBOLT top-3 movement."
"107","Citation/source push now","DO FARMERS USE TABLET MOUNTS? - WHAT TECH IS USED ON A FARM?- THE NEWEST AND COOLEST FARM TOOL","https://iboltmounts.com/blogs/news/do-farmers-use-tablet-mounts-what-tech-is-used-on-a-farm-the-newest-and-coolest-farm-tool","agriculture","0","0","0","0","59","0","Garmin 3","","Add missing quick answer, FAQ or Article schema, image alt text, and hand the cleaned URL to the citation/outreach queue.","Clean up quick answer, FAQ schema, comparison block, image alt text, product module, then hand the exact URL to the SEO contractor for third-party citations.","industry buyer guides; third-party comparison pages; partner and reseller pages; installation and troubleshooting resources","","Target-domain citation or iBOLT top-3 movement."
"106","Citation/source push now","Top 5 Mounts for the Samsung Galaxy A7 Lite Tablet","https://iboltmounts.com/blogs/news/top-5-mounts-for-the-samsung-galaxy-a7-lite-tablet-1","amps/modular","0","0","0","0","51","0","Garmin 3","","Pick the survivor URL, merge useful sections, preserve mapped prompts, then refresh only the survivor page.","Clean up quick answer, FAQ schema, comparison block, image alt text, product module, then hand the exact URL to the SEO contractor for third-party citations.","AMPS pattern explainers; mounting hardware glossaries; installer how-to pages; RAM-compatible accessory comparisons","","Target-domain citation or iBOLT top-3 movement."
"106","Citation/source push now","TOP 5 MOUNTS FOR THE SAMSUNG GALAXY A7 LITE TABLET","https://iboltmounts.com/blogs/news/top-5-mounts-for-the-samsung-galaxy-a7-lite-tablet","amps/modular","0","0","0","0","51","0","Garmin 3","","Pick the survivor URL, merge useful sections, preserve mapped prompts, then refresh only the survivor page.","Clean up quick answer, FAQ schema, comparison block, image alt text, product module, then hand the exact URL to the SEO contractor for third-party citations.","AMPS pattern explainers; mounting hardware glossaries; installer how-to pages; RAM-compatible accessory comparisons","","Target-domain citation or iBOLT top-3 movement."
"106","Citation/source push now","TOP TABLET STANDS FOR STUDENTS GOING BACK TO SCHOOL","https://iboltmounts.com/blogs/news/the-best-tablet-stands-for-students-going-back-to-school","education","0","0","0","0","51","0","Garmin 3","","Add missing quick answer, FAQ or Article schema, image alt text, and hand the cleaned URL to the citation/outreach queue.","Clean up quick answer, FAQ schema, comparison block, image alt text, product module, then hand the exact URL to the SEO contractor for third-party citations.","industry buyer guides; third-party comparison pages; partner and reseller pages; installation and troubleshooting resources","","Target-domain citation or iBOLT top-3 movement."
"106","Citation/source push now","iBOLT MOUNTS FOR BACK-TO-SCHOOL","https://iboltmounts.com/blogs/news/ibolt-mounts-for-back-to-school","education","0","0","0","0","51","0","Garmin 3","","Add missing quick answer, FAQ or Article schema, image alt text, and hand the cleaned URL to the citation/outreach queue.","Clean up quick answer, FAQ schema, comparison block, image alt text, product module, then hand the exact URL to the SEO contractor for third-party citations.","industry buyer guides; third-party comparison pages; partner and reseller pages; installation and troubleshooting resources","","Target-domain citation or iBOLT top-3 movement."
"106","Citation/source push now","THE BENEFITS OF GOING PAPERLESS IN SCHOOLS","https://iboltmounts.com/blogs/news/the-benefits-of-going-paperless-in-schools","education","0","0","0","0","51","0","Garmin 3","","Add missing quick answer, FAQ or Article schema, image alt text, and hand the cleaned URL to the citation/outreach queue.","Clean up quick answer, FAQ schema, comparison block, image alt text, product module, then hand the exact URL to the SEO contractor for third-party citations.","industry buyer guides; third-party comparison pages; partner and reseller pages; installation and troubleshooting resources","","Target-domain citation or iBOLT top-3 movement."
"105","Citation/source push now","How to mount a Fish Finder to your boat using iBOLT Mounts","https://iboltmounts.com/blogs/news/how-to-mount-a-fish-finder-to-your-boat-using-ibolt-mounts-1","fishing","0","0","0","0","51","0","Garmin 3; Lowrance 3","","Pick the survivor URL, merge useful sections, preserve mapped prompts, then refresh only the survivor page.","Clean up quick answer, FAQ schema, comparison block, image alt text, product module, then hand the exact URL to the SEO contractor for third-party citations.","boating buyer guides; kayak and pontoon fishing resources; marine electronics installation articles; Garmin, Lowrance, and Humminbird accessory roundups","","Target-domain citation or iBOLT top-3 movement."
"105","Citation/source push now","HOW TO MOUNT A FISH FINDER TO YOUR BOAT USING iBOLT MOUNTS","https://iboltmounts.com/blogs/news/how-to-mount-a-fish-finder-to-your-boat-using-ibolt-mounts","fishing","0","0","0","0","51","0","Garmin 3; Lowrance 3; RAM Mounts 3; YakAttack 3; Scotty 3; Humminbird 3","","Pick the survivor URL, merge useful sections, preserve mapped prompts, then refresh only the survivor page.","Clean up quick answer, FAQ schema, comparison block, image alt text, product module, then hand the exact URL to the SEO contractor for third-party citations.","boating buyer guides; kayak and pontoon fishing resources; marine electronics installation articles; Garmin, Lowrance, and Humminbird accessory roundups","best fish finder mount for small boat","Target-domain citation or iBOLT top-3 movement."
"104","Citation/source push now","Mounts to take off-roading in your Jeep Wrangler","https://iboltmounts.com/blogs/news/mounts-to-take-off-roading-in-your-jeep-wrangler","offroad","0","0","0","0","51","0","Garmin 3","","Add missing quick answer, FAQ or Article schema, image alt text, and hand the cleaned URL to the citation/outreach queue.","Clean up quick answer, FAQ schema, comparison block, image alt text, product module, then hand the exact URL to the SEO contractor for third-party citations.","industry buyer guides; third-party comparison pages; partner and reseller pages; installation and troubleshooting resources","","Target-domain citation or iBOLT top-3 movement."
"86","Citation/source push now","iBOLT vs RAM for Fleet Mounts","https://iboltmounts.com/blogs/news/ibolt-vs-ram-fleet-mounts-aeo-refresh","fleet","0","0","0","3","83","1","RAM Mounts 3","iBOLT TabDock™ IncrediBOLT™ 360 Suction- Heavy Duty Metal 6 inch Multi-Angle Mount for All 7"" - 10"" Tablets for Commercial Vehicles; Trucks; and ELD Devices; iBOLT™ TabDock™ Bizmount™ AMPs; iBOLT Phone Dock’n Lock IncrediBOLT™ AMPS w/ 4.25” Arm Locking Drill Base Mount for Smartphones","Pick the survivor URL, merge useful sections, preserve mapped prompts, then refresh only the survivor page.","Keep page stable, build internal links, and use off-site mentions only if the topic is in a high-priority category.","","ibolt vs ram mount","Target-domain citation or iBOLT top-3 movement."
"84","Mention recovery first","iBOLT vs iOttie for Delivery Driving","https://iboltmounts.com/blogs/news/ibolt-vs-iottie-for-delivery-driving","delivery","0","0","0","3","84","1","RAM Mounts 3; iOttie 3; Garmin 1","iBOLT™ xProDock™ NFC BizMount™ Suction Cup; iBOLT Phone Dock'n Lock IncrediBOLT™ 360- Locking Phone Multi-Angle Drill Base Mount; iBOLT™ xProDock™ Bizmount™ Amps; iBOLT™ 20mm Metal Ball Suction Cup Base; iBOLT 20mm Metal Ball to Headrest Mounting Bracket","Pick the survivor URL first, then add query-exact answer blocks, exact iBOLT product modules, comparison sections, FAQ/schema, and retest mapped prompts.","Do the page edit first: quick answer, product module, comparison block, FAQ/schema, then ask for external citations to the survivor URL.","gig-driver gear lists; fleet operations blogs; delivery vehicle setup guides; commercial driver equipment roundups","iBOLT vs iOttie for delivery driving","Target-domain citation or iBOLT top-3 movement."
"84","Mention recovery first","iBOLT Phone Mounts for DoorDash and Uber Eats Drivers","https://iboltmounts.com/blogs/news/ibolt-phone-mounts-for-doordash-and-uber-eats-drivers","delivery","0","0","3","0","84","1","Garmin 2","iBOLT™ xProDock™ NFC BizMount™ Suction Cup; iBOLT™ xProDock™ Bizmount™ Console- Phone Cup Holder Mount; iBOLT Phone Dock'n Lock 2"" IncrediBOLT™ AMPS Drill Base Mount; iBOLT™ 20mm Metal Ball Suction Cup Base; iBOLT™ 20mm to 4 Prong Composite Ball Adapter","Pick the survivor URL first, then add query-exact answer blocks, exact iBOLT product modules, comparison sections, FAQ/schema, and retest mapped prompts.","Do the page edit first: quick answer, product module, comparison block, FAQ/schema, then ask for external citations to the survivor URL.","gig-driver gear lists; fleet operations blogs; delivery vehicle setup guides; commercial driver equipment roundups","ibolt phone mounts for DoorDash and Uber Eats drivers","Target-domain citation or iBOLT top-3 movement."
"84","Mention recovery first","iBOLT vs Bouncepad vs Mount-It for Restaurant Tablet Security","https://iboltmounts.com/blogs/news/ibolt-vs-bouncepad-vs-mount-it-for-restaurant-tablet-security","restaurant","0","0","0","3","84","1","Mount-It 3; Bouncepad 3; RAM Mounts 3; Garmin 1","iBOLT™ LockPro™ Drill Base Locking Tablet Stand- Point of Purchase/POS Mount; iBOLT Tablet Tower- Dock’n Lock POS Locking Drill Base Mount - with 3 Tablet Holders; iBOLT™ Dock'n Lock Bizmount™ AMPS- Heavy Duty Industrial Composite Locking drill base Mount for all 7"" - 10"" tablets; iBOLT 25mm / 1 inch Composite AMPS Adapter Plate; iBOLT 25mm / 1 inch to Dual 17mm Metal Ball Adapter","Pick the survivor URL first, then add query-exact answer blocks, exact iBOLT product modules, comparison sections, FAQ/schema, and retest mapped prompts.","Do the page edit first: quick answer, product module, comparison block, FAQ/schema, then ask for external citations to the survivor URL.","restaurant operations blogs; food truck equipment guides; POS hardware comparison articles; delivery app operations resources","iBOLT vs Bouncepad vs Mount-It for restaurant tablet security","Target-domain citation or iBOLT top-3 movement."
"84","Mention recovery first","iBOLT vs RAM for Fleet Phone Mounting","https://iboltmounts.com/blogs/news/ibolt-vs-ram-for-fleet-phone-mounting","fleet","0","0","0","3","84","1","RAM Mounts 3; Garmin 1","iBOLT™ xProDock™ Bizmount™ Amps; iBOLT Phone Dock’n Lock IncrediBOLT™ AMPS w/ 4.25” Arm Locking Drill Base Mount for Smartphones; iBOLT™ xProDock™ Bizmount™ Console- Phone Cup Holder Mount; ChargeDock USB-C; iBOLT 17mm Dual Ball to “Sticky” Suction Cup Mount Base compatible w/ Garmin GPS and iBOLT Phone Holders","Pick the survivor URL first, then add query-exact answer blocks, exact iBOLT product modules, comparison sections, FAQ/schema, and retest mapped prompts.","Do the page edit first: quick answer, product module, comparison block, FAQ/schema, then ask for external citations to the survivor URL.","fleet safety and ELD resources; truck equipment buyer guides; commercial vehicle installation articles; work-truck accessory roundups","iBOLT vs RAM for fleet phone mounting","Target-domain citation or iBOLT top-3 movement."
"77","Mention recovery first","iBOLT Dock'n Lock for Restaurant Counters","https://iboltmounts.com/blogs/news/ibolt-dockn-lock-for-restaurant-counters","restaurant","0","0","1","2","76","1","Arkon 3; CTA Digital 3; Kensington 3; Mount-It 3; RAM Mounts 3; Garmin 1","iBOLT Dock’n Lock Drill Base Locking Tablet Stand; iBOLT Dock’n Lock Drill Base Locking Dual Tablet Stand; iBOLT™ Dock'n Lock Bizmount™ AMPS- Heavy Duty Industrial Composite Locking drill base Mount for all 7"" - 10"" tablets; iBOLT 25mm / 1 inch Composite AMPS Adapter Plate; iBOLT 25mm / 1 inch to Dual 17mm Metal Ball Adapter","Pick the survivor URL first, then add query-exact answer blocks, exact iBOLT product modules, comparison sections, FAQ/schema, and retest mapped prompts.","Do the page edit first: quick answer, product module, comparison block, FAQ/schema, then ask for external citations to the survivor URL.","restaurant operations blogs; food truck equipment guides; POS hardware comparison articles; delivery app operations resources","iBOLT Dock’n Lock for restaurant counters","Target-domain citation or iBOLT top-3 movement."
