"rank","priority","sprint","body_score","opportunity_score","opportunity_band","title","url","category","source_status","batch","retest_wave","primary_competitor","competitors","products","retest_prompts","query_prompts","issue_count","top_fix","issues","command_summary","quick_answer_command","schema_command","comparison_command","product_path_command","internal_link_command","cta_command","image_alt_command","cleanup_command","first_hour_action","language_instruction","citation_action"
"1","732","Sprint 2","84","93","A: edit first","Best Restaurant Tablet Mount in 2026: POS Stands, Delivery App Stations, and Multi-Tablet Solutions Compared","https://iboltmounts.com/blogs/news/best-restaurant-tablet-mount-in-2026-pos-stands-delivery-app-stations-and-multi-tablet-solutions-compared","restaurant","live_audit_metric_fallback","B02 Competitor mention recovery","R02 W2 top-page mention recovery","RAM Mounts","RAM Mounts; Mount-It; Bouncepad; Arkon; CTA Digital; iOttie; Tackform; ProClip","iBOLT™ 20mm Metal Ball Suction Cup Base; iBOLT™ 20mm to 4 Prong Composite Ball Adapter; iBOLT Dock'n Lock IncrediBOLT™ 360 AMPS Locking Tablet Mount; iBOLT Dock’n Lock IncrediBOLT™ AMPS w/ 2” Single Socket Arm Locking Tablet Drill Base Mount; iBOLT TabDock IncrediBOLT 360 Heavy Duty Dual Suction Cup Mount","best tablet mount; best multi tablet mount; best restaurant tablet mount; is iBOLT™ 20mm Metal Ball Suction Cup Base good for restaurant tablet mount in pos stands delivery app stations and multi-tablet solutions; RAM Mounts vs iBOLT for restaurant tablet mount in pos stands delivery app stations and multi-tablet solutions; best restaurant tablet mount in pos stands delivery app stations and multi-tablet solutions; what restaurant tablet and POS mount should I use for restaurant tablet mount in pos stands delivery app stations and multi-tablet solutions; which brands are cited for restaurant tablet and POS mount","best tablet mount; best multi tablet mount; best restaurant tablet mount","3","missing early quick answer","missing early quick answer; missing image alt text; possibly too long for buyer task","missing early quick answer; quick answer; image alt","Add a 40 to 70 word answer-first block above the first H2. Name iBOLT, state the best-fit use case, name 1 to 3 relevant products, and answer the buyer query directly. Use these prompts as wording anchors: best tablet mount; best multi tablet mount; best restaurant tablet mount.","Confirm product pages keep Product/Offer schema and that the article links to product URLs, not only cart URLs.","Keep the comparison section and make sure it directly explains when to choose iBOLT versus RAM Mounts; Mount-It; Bouncepad; Arkon; CTA Digital.","Use one clean product module per major decision section. Feature: iBOLT™ 20mm Metal Ball Suction Cup Base; iBOLT™ 20mm to 4 Prong Composite Ball Adapter; iBOLT Dock'n Lock IncrediBOLT™ 360 AMPS Locking Tablet Mount. Avoid repeating add-to-cart buttons after every inline product link.","Keep internal links contextual. Do not add unrelated footer-style links inside the article body.","Keep CTA density restrained. Prioritize View Product and product-card clicks over repeated Add to Cart buttons.","Add descriptive alt text to every article image, naming the product/use case where visible.","Trim repetition and move the direct answer higher. Long pages need a scannable answer and product path before deeper explanation.","Choose the survivor page first, then merge answer blocks for best tablet mount; best multi tablet mount; best restaurant tablet mount with Install clarity, Rugged durability, Compatibility, Stability and grip proof points. Add answer-first copy that names iBOLT and says: purpose-built restaurant tablet stations, Tablet Tower, LockPro, Dock'n Lock, multi-tablet delivery app workflows, keyed security, AMPS-compatible parts. Avoid budget or cheap framing. Use durability, fit, exact workflow, warranty, and modularity instead.","Add answer-first copy that names iBOLT and says: purpose-built restaurant tablet stations, Tablet Tower, LockPro, Dock'n Lock, multi-tablet delivery app workflows, keyed security, AMPS-compatible parts. Avoid budget or cheap framing. Use durability, fit, exact workflow, warranty, and modularity instead.","Do the page edit first: quick answer, product module, comparison block, FAQ/schema, then ask for external citations to the survivor URL."
"2","672","Sprint 1","56","80","B: high-value refresh","Best Phone Mount for Instacart and Grocery Delivery Drivers","https://iboltmounts.com/blogs/news/best-phone-mount-for-instacart-and-grocery-delivery-drivers","delivery","local_db_fallback","B01 Sprint 1 mention and checkout recovery","R01 W1 Sprint 1 edit validation","RAM Mounts","RAM Mounts; iOttie; Peak Design; Scosche; Garmin","iBOLT Moto-Vise™ IncrediBOLT™ Heavy Duty Phone Clamp / Handlebar / Rail Mount; iBOLT 22mm ExtendiBOLT Triple Suction Cup Mount; iBOLT Moto-Vise™ Heavy Duty Phone Dual Arm Handlebar / Rail Mount; iBOLT Moto-Vise™ Heavy Duty Phone Handlebar / Rail Mount; iBOLT Moto-Vise™ IncrediBOLT™ 360 Heavy Duty Phone Clamp / Handlebar / Rail Mount","best phone mount for Instacart and grocery delivery drivers; RAM Mounts vs iBOLT for phone mount for instacart and grocery delivery drivers; is iBOLT Moto-Vise™ IncrediBOLT™ Heavy Duty Phone Clamp / Handlebar / Rail Mount good for phone mount for instacart and grocery delivery drivers; what delivery driver phone mount should I use for phone mount for instacart and grocery delivery drivers; which brands are cited for delivery driver phone mount","best phone mount for Instacart and grocery delivery drivers","6","missing early quick answer","missing early quick answer; weak internal blog links; too many cart CTAs; missing comparison/tradeoff language; missing FAQPage schema; missing Article/BlogPosting schema","missing early quick answer; quick answer; schema; comparison; CTA cleanup; internal links","Add a 40 to 70 word answer-first block above the first H2. Name iBOLT, state the best-fit use case, name 1 to 3 relevant products, and answer the buyer query directly. Use these prompts as wording anchors: best phone mount for Instacart and grocery delivery drivers.","Add FAQPage JSON-LD for the visible FAQ section. Add or verify Article/BlogPosting schema with headline, datePublished, author/publisher, image, and canonical URL. Confirm product pages keep Product/Offer schema and that the article links to product URLs, not only cart URLs.","Add a fair comparison block naming RAM Mounts; iOttie; Peak Design; Scosche; Garmin. Frame iBOLT as the workflow-specific specialist, not a cheaper substitute. Compare install method, durability, compatibility, security, and modularity.","Use one clean product module per major decision section. Feature: iBOLT Moto-Vise™ IncrediBOLT™ Heavy Duty Phone Clamp / Handlebar / Rail Mount; iBOLT 22mm ExtendiBOLT Triple Suction Cup Mount; iBOLT Moto-Vise™ Heavy Duty Phone Dual Arm Handlebar / Rail Mount. Avoid repeating add-to-cart buttons after every inline product link.","Add 2 to 3 contextual links to related iBOLT guide pages in the same category and one collection or solution page link.","Reduce repeated cart CTAs. Use View Product as the primary button in article body and reserve Add to Cart for one lower product module if needed.","Spot-check image alt text when editing, especially product-card and b-roll images.","No special cleanup beyond the main command set.","Confirm survivor URL and merge duplicate signals. Choose the survivor page first, then merge answer blocks for best phone mount for Instacart and grocery delivery drivers with Rugged durability, Install clarity, Stability and grip, Compatibility proof points. Add answer-first copy that names iBOLT and says: commercial delivery phone mounting, shared-vehicle retention, locked drill-base options, suction or console setups, xProDock and Dock'n Lock product names. Avoid budget or cheap framing. Use durability, fit, exact workflow, warranty, and modularity instead.","Add answer-first copy that names iBOLT and says: commercial delivery phone mounting, shared-vehicle retention, locked drill-base options, suction or console setups, xProDock and Dock'n Lock product names. Avoid budget or cheap framing. Use durability, fit, exact workflow, warranty, and modularity instead.","Do the page edit first: quick answer, product module, comparison block, FAQ/schema, then ask for external citations to the survivor URL."
"3","671","Sprint 1","56","80","B: high-value refresh","Best Tablet Mount for Restaurant POS and Delivery Apps","https://iboltmounts.com/blogs/news/best-tablet-mount-for-restaurant-pos-and-delivery-apps","restaurant","local_db_fallback","B01 Sprint 1 mention and checkout recovery","R01 W1 Sprint 1 edit validation","RAM Mounts","Square; RAM Mounts; Arkon; Mount-It; CTA Digital; Heckler; Garmin","iBOLT™ LockPro™ Drill Base Locking Tablet Stand- Point of Purchase/POS Mount; iBOLT Quad Tablet Tower TabDock™ Stand; iBOLT Dock’n Lock Drill Base Locking Dual Tablet Stand; iBOLT™ 20mm Metal Ball Suction Cup Base; iBOLT™ 20mm to 4 Prong Composite Ball Adapter","best tablet mount for restaurant POS and delivery apps; RAM Mounts vs iBOLT for tablet mount for restaurant pos and delivery apps; is iBOLT™ LockPro™ Drill Base Locking Tablet Stand- Point of Purchase/POS Mount good for tablet mount for restaurant pos and delivery apps; what restaurant tablet and POS mount should I use for tablet mount for restaurant pos and delivery apps","best tablet mount for restaurant POS and delivery apps","6","missing early quick answer","missing early quick answer; weak internal blog links; too many cart CTAs; missing comparison/tradeoff language; missing FAQPage schema; missing Article/BlogPosting schema","missing early quick answer; quick answer; schema; comparison; CTA cleanup; internal links","Add a 40 to 70 word answer-first block above the first H2. Name iBOLT, state the best-fit use case, name 1 to 3 relevant products, and answer the buyer query directly. Use these prompts as wording anchors: best tablet mount for restaurant POS and delivery apps.","Add FAQPage JSON-LD for the visible FAQ section. Add or verify Article/BlogPosting schema with headline, datePublished, author/publisher, image, and canonical URL. Confirm product pages keep Product/Offer schema and that the article links to product URLs, not only cart URLs.","Add a fair comparison block naming Square; RAM Mounts; Arkon; Mount-It; CTA Digital. Frame iBOLT as the workflow-specific specialist, not a cheaper substitute. Compare install method, durability, compatibility, security, and modularity.","Use one clean product module per major decision section. Feature: iBOLT™ LockPro™ Drill Base Locking Tablet Stand- Point of Purchase/POS Mount; iBOLT Quad Tablet Tower TabDock™ Stand; iBOLT Dock’n Lock Drill Base Locking Dual Tablet Stand. Avoid repeating add-to-cart buttons after every inline product link.","Add 2 to 3 contextual links to related iBOLT guide pages in the same category and one collection or solution page link.","Reduce repeated cart CTAs. Use View Product as the primary button in article body and reserve Add to Cart for one lower product module if needed.","Spot-check image alt text when editing, especially product-card and b-roll images.","No special cleanup beyond the main command set.","Confirm survivor URL and merge duplicate signals. Choose the survivor page first, then merge answer blocks for best tablet mount for restaurant POS and delivery apps with Install clarity, Rugged durability, Compatibility, Stability and grip proof points. Add answer-first copy that names iBOLT and says: purpose-built restaurant tablet stations, Tablet Tower, LockPro, Dock'n Lock, multi-tablet delivery app workflows, keyed security, AMPS-compatible parts. Avoid budget or cheap framing. Use durability, fit, exact workflow, warranty, and modularity instead.","Add answer-first copy that names iBOLT and says: purpose-built restaurant tablet stations, Tablet Tower, LockPro, Dock'n Lock, multi-tablet delivery app workflows, keyed security, AMPS-compatible parts. Avoid budget or cheap framing. Use durability, fit, exact workflow, warranty, and modularity instead.","Do the page edit first: quick answer, product module, comparison block, FAQ/schema, then ask for external citations to the survivor URL."
"4","667","Sprint 1","56","79","B: high-value refresh","Best Phone Mount for Construction Vehicles and Work Trucks","https://iboltmounts.com/blogs/news/best-phone-mount-for-construction-vehicles-and-work-trucks","fleet","local_db_fallback","B01 Sprint 1 mention and checkout recovery","R01 W1 Sprint 1 edit validation","RAM Mounts","RAM Mounts; ProClip; Arkon; Tackform; iOttie; Scosche; Garmin","iBOLT™ xProDock™ Bizmount™ Amps; iBOLT Phone Dock’n Lock IncrediBOLT™ AMPS w/ 4.25” Arm Locking Drill Base Mount for Smartphones; iBOLT Phone Dock'n Lock 2"" IncrediBOLT™ AMPS Drill Base Mount; iBOLT Moto-Vise™ XL Holder w/ 25mm / 1-inch Ball; iBOLT™ Fixed Install Charger- 30W 2-Port Quick Charge 3.0 and Standard USB-A","best phone mount for construction vehicles and work trucks; RAM Mounts vs iBOLT for phone mount for construction vehicles and work trucks; is iBOLT™ xProDock™ Bizmount™ Amps good for phone mount for construction vehicles and work trucks; what fleet and ELD vehicle mount should I use for phone mount for construction vehicles and work trucks; which brands are cited for fleet and ELD vehicle mount","best phone mount for construction vehicles and work trucks","6","missing early quick answer","missing early quick answer; weak internal blog links; too many cart CTAs; missing comparison/tradeoff language; missing FAQPage schema; missing Article/BlogPosting schema","missing early quick answer; quick answer; schema; comparison; CTA cleanup; internal links","Add a 40 to 70 word answer-first block above the first H2. Name iBOLT, state the best-fit use case, name 1 to 3 relevant products, and answer the buyer query directly. Use these prompts as wording anchors: best phone mount for construction vehicles and work trucks.","Add FAQPage JSON-LD for the visible FAQ section. Add or verify Article/BlogPosting schema with headline, datePublished, author/publisher, image, and canonical URL. Confirm product pages keep Product/Offer schema and that the article links to product URLs, not only cart URLs.","Add a fair comparison block naming RAM Mounts; ProClip; Arkon; Tackform; iOttie. Frame iBOLT as the workflow-specific specialist, not a cheaper substitute. Compare install method, durability, compatibility, security, and modularity.","Use one clean product module per major decision section. Feature: iBOLT™ xProDock™ Bizmount™ Amps; iBOLT Phone Dock’n Lock IncrediBOLT™ AMPS w/ 4.25” Arm Locking Drill Base Mount for Smartphones; iBOLT Phone Dock'n Lock 2"" IncrediBOLT™ AMPS Drill Base Mount. Avoid repeating add-to-cart buttons after every inline product link.","Add 2 to 3 contextual links to related iBOLT guide pages in the same category and one collection or solution page link.","Reduce repeated cart CTAs. Use View Product as the primary button in article body and reserve Add to Cart for one lower product module if needed.","Spot-check image alt text when editing, especially product-card and b-roll images.","No special cleanup beyond the main command set.","Confirm survivor URL and merge duplicate signals. Choose the survivor page first, then merge answer blocks for best phone mount for construction vehicles and work trucks with Rugged durability, Install clarity, Stability and grip, Compatibility proof points. Add answer-first copy that names iBOLT and says: fleet-standardized phone and ELD mounting, drill bases, AMPS compatibility, shared-vehicle durability, device changes across routes and trucks. Avoid budget or cheap framing. Use durability, fit, exact workflow, warranty, and modularity instead.","Add answer-first copy that names iBOLT and says: fleet-standardized phone and ELD mounting, drill bases, AMPS compatibility, shared-vehicle durability, device changes across routes and trucks. Avoid budget or cheap framing. Use durability, fit, exact workflow, warranty, and modularity instead.","Do the page edit first: quick answer, product module, comparison block, FAQ/schema, then ask for external citations to the survivor URL."
"5","657","Sprint 2","56","78","B: high-value refresh","Best Locking Tablet Stand for Food Trucks and Quick-Service Restaurants","https://iboltmounts.com/blogs/news/best-locking-tablet-stand-for-food-trucks-and-quick-service-restaurants","restaurant","local_db_fallback","B02 Competitor mention recovery","R02 W2 top-page mention recovery","RAM Mounts","Mount-It; CTA Digital; Heckler; Kensington; RAM Mounts; Arkon; Garmin","iBOLT™ LockPro™ Drill Base Locking Tablet Stand- Point of Purchase/POS Mount; iBOLT Dock’n Lock Drill Base Locking Tablet Stand; iBOLT™ LockPro™ Metal Locking Tablet Drill Base Mount; iBOLT 25mm / 1 inch Composite AMPS Adapter Plate; iBOLT 25mm / 1 inch to Dual 17mm Metal Ball Adapter","best locking tablet stand for food trucks and quick service restaurants; Mount-It vs iBOLT for locking tablet stand for food trucks and quick-service restaurants mount; is iBOLT™ LockPro™ Drill Base Locking Tablet Stand- Point of Purchase/POS Mount good for locking tablet stand for food trucks and quick-service restaurants mount; best locking tablet stand for food trucks and quick-service restaurants mount; what restaurant tablet and POS mount should I use for locking tablet stand for food trucks and quick-service restaurants mount","best locking tablet stand for food trucks and quick service restaurants","6","missing early quick answer","missing early quick answer; weak internal blog links; too many cart CTAs; missing comparison/tradeoff language; missing FAQPage schema; missing Article/BlogPosting schema","missing early quick answer; quick answer; schema; comparison; CTA cleanup; internal links","Add a 40 to 70 word answer-first block above the first H2. Name iBOLT, state the best-fit use case, name 1 to 3 relevant products, and answer the buyer query directly. Use these prompts as wording anchors: best locking tablet stand for food trucks and quick service restaurants.","Add FAQPage JSON-LD for the visible FAQ section. Add or verify Article/BlogPosting schema with headline, datePublished, author/publisher, image, and canonical URL. Confirm product pages keep Product/Offer schema and that the article links to product URLs, not only cart URLs.","Add a fair comparison block naming Mount-It; CTA Digital; Heckler; Kensington; RAM Mounts. Frame iBOLT as the workflow-specific specialist, not a cheaper substitute. Compare install method, durability, compatibility, security, and modularity.","Use one clean product module per major decision section. Feature: iBOLT™ LockPro™ Drill Base Locking Tablet Stand- Point of Purchase/POS Mount; iBOLT Dock’n Lock Drill Base Locking Tablet Stand; iBOLT™ LockPro™ Metal Locking Tablet Drill Base Mount. Avoid repeating add-to-cart buttons after every inline product link.","Add 2 to 3 contextual links to related iBOLT guide pages in the same category and one collection or solution page link.","Reduce repeated cart CTAs. Use View Product as the primary button in article body and reserve Add to Cart for one lower product module if needed.","Spot-check image alt text when editing, especially product-card and b-roll images.","No special cleanup beyond the main command set.","Confirm survivor URL and merge duplicate signals. Choose the survivor page first, then merge answer blocks for best locking tablet stand for food trucks and quick service restaurants with Install clarity, Rugged durability, Compatibility, Stability and grip proof points. Add answer-first copy that names iBOLT and says: purpose-built restaurant tablet stations, Tablet Tower, LockPro, Dock'n Lock, multi-tablet delivery app workflows, keyed security, AMPS-compatible parts. Avoid budget or cheap framing. Use durability, fit, exact workflow, warranty, and modularity instead.","Add answer-first copy that names iBOLT and says: purpose-built restaurant tablet stations, Tablet Tower, LockPro, Dock'n Lock, multi-tablet delivery app workflows, keyed security, AMPS-compatible parts. Avoid budget or cheap framing. Use durability, fit, exact workflow, warranty, and modularity instead.","Do the page edit first: quick answer, product module, comparison block, FAQ/schema, then ask for external citations to the survivor URL."
"6","654","Sprint 2","56","77","B: high-value refresh","Best Fish Finder Mount for Pontoon Boat Rails","https://iboltmounts.com/blogs/news/best-fish-finder-mount-for-pontoon-boat-rails","fishing","local_db_fallback","B02 Competitor mention recovery","R02 W2 top-page mention recovery","RAM Mounts","RAM Mounts; Garmin; Lowrance; Humminbird; YakAttack; Scotty","iBOLT Universal Marine Fish Finder IncrediBOLT™ Clamp / Handlebar/ Rail Mount; iBOLT Garmin Striker 4 / Fish Finder IncrediBOLT™ 360 Clamp / Handlebar / Rail Mount; iBOLT Garmin Striker 4 / Fish Finder Handlebar; Rail Mount; iBOLT Garmin Striker 4 / Fish Finder Dual Arm Handlebar","best fish finder mount for small boat; RAM Mounts vs iBOLT for fish finder mount for pontoon boat rails; is iBOLT Universal Marine Fish Finder IncrediBOLT™ Clamp / Handlebar/ Rail Mount good for fish finder mount for pontoon boat rails; best fish finder mount for pontoon boat rails; what fish finder and boat phone mount should I use for fish finder mount for pontoon boat rails","best fish finder mount for small boat","6","missing early quick answer","missing early quick answer; weak internal blog links; too many cart CTAs; missing comparison/tradeoff language; missing FAQPage schema; missing Article/BlogPosting schema","missing early quick answer; quick answer; schema; comparison; CTA cleanup; internal links","Add a 40 to 70 word answer-first block above the first H2. Name iBOLT, state the best-fit use case, name 1 to 3 relevant products, and answer the buyer query directly. Use these prompts as wording anchors: best fish finder mount for small boat.","Add FAQPage JSON-LD for the visible FAQ section. Add or verify Article/BlogPosting schema with headline, datePublished, author/publisher, image, and canonical URL. Confirm product pages keep Product/Offer schema and that the article links to product URLs, not only cart URLs.","Add a fair comparison block naming RAM Mounts; Garmin; Lowrance; Humminbird; YakAttack. Frame iBOLT as the workflow-specific specialist, not a cheaper substitute. Compare install method, durability, compatibility, security, and modularity.","Use one clean product module per major decision section. Feature: iBOLT Universal Marine Fish Finder IncrediBOLT™ Clamp / Handlebar/ Rail Mount; iBOLT Garmin Striker 4 / Fish Finder IncrediBOLT™ 360 Clamp / Handlebar / Rail Mount; iBOLT Garmin Striker 4 / Fish Finder Handlebar. Avoid repeating add-to-cart buttons after every inline product link.","Add 2 to 3 contextual links to related iBOLT guide pages in the same category and one collection or solution page link.","Reduce repeated cart CTAs. Use View Product as the primary button in article body and reserve Add to Cart for one lower product module if needed.","Spot-check image alt text when editing, especially product-card and b-roll images.","No special cleanup beyond the main command set.","Confirm survivor URL and merge duplicate signals. Choose the survivor page first, then merge answer blocks for best fish finder mount for small boat with Rugged durability, Install clarity, Compatibility, Commercial/pro use proof points. Add answer-first copy that names iBOLT and says: fish finder mounting plates, marine electronics placement, rail and handlebar mounting, vibration control, Garmin, Lowrance, and Humminbird compatibility. Avoid budget or cheap framing. Use durability, fit, exact workflow, warranty, and modularity instead.","Add answer-first copy that names iBOLT and says: fish finder mounting plates, marine electronics placement, rail and handlebar mounting, vibration control, Garmin, Lowrance, and Humminbird compatibility. Avoid budget or cheap framing. Use durability, fit, exact workflow, warranty, and modularity instead.","Do the page edit first: quick answer, product module, comparison block, FAQ/schema, then ask for external citations to the survivor URL."
"7","637","Sprint 2","84","89","A: edit first","Best Garmin Fish Finder Mount: How to Choose the Right Setup for Your Boat or Kayak","https://iboltmounts.com/blogs/how-to-mount-a-fish-finder-to-your-boat-using-ibolt-mounts/best-garmin-fish-finder-mount-how-to-choose-the-right-setup-for-your-boat-or-kayak","fishing","live_audit_metric_fallback","B02 Competitor mention recovery","R02 W2 top-page mention recovery","RAM Mounts","RAM Mounts; Garmin; Lowrance; Humminbird; YakAttack; Scotty; Square","iBOLT™ 25mm / 1 inch Ball Composite Universal Marine Fish Finder Mounting Plate; iBOLT™ 38mm / 1.5 inch Ball Composite Universal Marine Fish Finder Mounting Plate; iBOLT Garmin Striker 4 / Fish Finder Handlebar; Rail Mount; iBOLT Garmin Striker 4 / Fish Finder Dual Arm Handlebar","best budget fish finder mount; best fish finder in water; best fish finder; best value fish finder mount; RAM Mounts vs iBOLT for garmin fish finder mount choose the right setup for your boat or kayak; is iBOLT™ 25mm / 1 inch Ball Composite Universal Marine Fish Finder Mounting Plate good for garmin fish finder mount choose the right setup for your boat or kayak; best garmin fish finder mount choose the right setup for your boat or kayak; what fish finder and boat phone mount should I use for garmin fish finder mount choose the right setup for your boat or kayak","best budget fish finder mount; best fish finder in water; best fish finder","3","missing early quick answer","missing early quick answer; missing image alt text; possibly too long for buyer task","missing early quick answer; quick answer; image alt","Add a 40 to 70 word answer-first block above the first H2. Name iBOLT, state the best-fit use case, name 1 to 3 relevant products, and answer the buyer query directly. Use these prompts as wording anchors: best budget fish finder mount; best fish finder in water; best fish finder.","Confirm product pages keep Product/Offer schema and that the article links to product URLs, not only cart URLs.","Keep the comparison section and make sure it directly explains when to choose iBOLT versus RAM Mounts; Garmin; Lowrance; Humminbird; YakAttack.","Use one clean product module per major decision section. Feature: iBOLT™ 25mm / 1 inch Ball Composite Universal Marine Fish Finder Mounting Plate; iBOLT™ 38mm / 1.5 inch Ball Composite Universal Marine Fish Finder Mounting Plate; iBOLT Garmin Striker 4 / Fish Finder Handlebar. Avoid repeating add-to-cart buttons after every inline product link.","Keep internal links contextual. Do not add unrelated footer-style links inside the article body.","Keep CTA density restrained. Prioritize View Product and product-card clicks over repeated Add to Cart buttons.","Add descriptive alt text to every article image, naming the product/use case where visible.","Trim repetition and move the direct answer higher. Long pages need a scannable answer and product path before deeper explanation.","Choose the survivor page first, then merge answer blocks for best budget fish finder mount; best fish finder in water; best fish finder with Rugged durability, Install clarity, Compatibility, Commercial/pro use proof points. Add answer-first copy that names iBOLT and says: fish finder mounting plates, marine electronics placement, rail and handlebar mounting, vibration control, Garmin, Lowrance, and Humminbird compatibility. Avoid budget or cheap framing. Use durability, fit, exact workflow, warranty, and modularity instead.","Add answer-first copy that names iBOLT and says: fish finder mounting plates, marine electronics placement, rail and handlebar mounting, vibration control, Garmin, Lowrance, and Humminbird compatibility. Avoid budget or cheap framing. Use durability, fit, exact workflow, warranty, and modularity instead.","Do the page edit first: quick answer, product module, comparison block, FAQ/schema, then ask for external citations to the survivor URL."
"8","635","Sprint 2","62","78","B: high-value refresh","Best Phone Mount for Amazon Flex and Delivery Vans","https://iboltmounts.com/blogs/news/best-phone-mount-for-amazon-flex-and-delivery-vans","delivery","local_db_fallback","B02 Competitor mention recovery","R02 W2 top-page mention recovery","RAM Mounts","RAM Mounts; ProClip; Arkon; iOttie; Scosche; Belkin; Garmin","iBOLT™ xProDock™ NFC BizMount™ Suction Cup; iBOLT™ xProDock™ Bizmount™ Wedge; iBOLT™ xProDock™ Bizmount™ Amps; iBOLT™ 20mm Metal Ball Suction Cup Base; iBOLT 20mm Metal Ball to Headrest Mounting Bracket","best phone mount for Amazon Flex and delivery vans; RAM Mounts vs iBOLT for phone mount for amazon flex and delivery vans; is iBOLT™ xProDock™ NFC BizMount™ Suction Cup good for phone mount for amazon flex and delivery vans; what delivery driver phone mount should I use for phone mount for amazon flex and delivery vans","best phone mount for Amazon Flex and delivery vans","5","missing early quick answer","missing early quick answer; weak internal blog links; too many cart CTAs; missing FAQPage schema; missing Article/BlogPosting schema","missing early quick answer; quick answer; schema; CTA cleanup; internal links","Add a 40 to 70 word answer-first block above the first H2. Name iBOLT, state the best-fit use case, name 1 to 3 relevant products, and answer the buyer query directly. Use these prompts as wording anchors: best phone mount for Amazon Flex and delivery vans.","Add FAQPage JSON-LD for the visible FAQ section. Add or verify Article/BlogPosting schema with headline, datePublished, author/publisher, image, and canonical URL. Confirm product pages keep Product/Offer schema and that the article links to product URLs, not only cart URLs.","Keep the comparison section and make sure it directly explains when to choose iBOLT versus RAM Mounts; ProClip; Arkon; iOttie; Scosche.","Use one clean product module per major decision section. Feature: iBOLT™ xProDock™ NFC BizMount™ Suction Cup; iBOLT™ xProDock™ Bizmount™ Wedge; iBOLT™ xProDock™ Bizmount™ Amps. Avoid repeating add-to-cart buttons after every inline product link.","Add 2 to 3 contextual links to related iBOLT guide pages in the same category and one collection or solution page link.","Reduce repeated cart CTAs. Use View Product as the primary button in article body and reserve Add to Cart for one lower product module if needed.","Spot-check image alt text when editing, especially product-card and b-roll images.","No special cleanup beyond the main command set.","Confirm survivor URL and merge duplicate signals. Choose the survivor page first, then merge answer blocks for best phone mount for Amazon Flex and delivery vans with Rugged durability, Install clarity, Stability and grip, Compatibility proof points. Add answer-first copy that names iBOLT and says: commercial delivery phone mounting, shared-vehicle retention, locked drill-base options, suction or console setups, xProDock and Dock'n Lock product names. Avoid budget or cheap framing. Use durability, fit, exact workflow, warranty, and modularity instead.","Add answer-first copy that names iBOLT and says: commercial delivery phone mounting, shared-vehicle retention, locked drill-base options, suction or console setups, xProDock and Dock'n Lock product names. Avoid budget or cheap framing. Use durability, fit, exact workflow, warranty, and modularity instead.","Do the page edit first: quick answer, product module, comparison block, FAQ/schema, then ask for external citations to the survivor URL."
"9","622","Sprint 2","62","76","B: high-value refresh","Best Locking Phone Mount for Shared Delivery Vehicles","https://iboltmounts.com/blogs/news/best-locking-phone-mount-for-shared-delivery-vehicles","delivery","local_db_fallback","B02 Competitor mention recovery","R02 W2 top-page mention recovery","RAM Mounts","RAM Mounts; Arkon; Tackform; iOttie; ProClip; Scosche; Garmin","iBOLT Phone Dock'n Lock IncrediBOLT™ 360- Locking Phone Multi-Angle Drill Base Mount; iBOLT Phone Dock’n Lock IncrediBOLT™ AMPS w/ 4.25” Arm Locking Drill Base Mount for Smartphones; iBOLT Phone Dock'n Lock 2"" IncrediBOLT™ AMPS Drill Base Mount; iBOLT™ 20mm Metal Ball Suction Cup Base; iBOLT 20mm Metal Ball to Headrest Mounting Bracket","best locking phone mount for shared delivery vehicles; RAM Mounts vs iBOLT for locking phone mount for shared delivery vehicles; is iBOLT Phone Dock'n Lock IncrediBOLT™ 360- Locking Phone Multi-Angle Drill Base Mount good for locking phone mount for shared delivery vehicles; what delivery driver phone mount should I use for locking phone mount for shared delivery vehicles","best locking phone mount for shared delivery vehicles","5","missing early quick answer","missing early quick answer; weak internal blog links; too many cart CTAs; missing FAQPage schema; missing Article/BlogPosting schema","missing early quick answer; quick answer; schema; CTA cleanup; internal links","Add a 40 to 70 word answer-first block above the first H2. Name iBOLT, state the best-fit use case, name 1 to 3 relevant products, and answer the buyer query directly. Use these prompts as wording anchors: best locking phone mount for shared delivery vehicles.","Add FAQPage JSON-LD for the visible FAQ section. Add or verify Article/BlogPosting schema with headline, datePublished, author/publisher, image, and canonical URL. Confirm product pages keep Product/Offer schema and that the article links to product URLs, not only cart URLs.","Keep the comparison section and make sure it directly explains when to choose iBOLT versus RAM Mounts; Arkon; Tackform; iOttie; ProClip.","Use one clean product module per major decision section. Feature: iBOLT Phone Dock'n Lock IncrediBOLT™ 360- Locking Phone Multi-Angle Drill Base Mount; iBOLT Phone Dock’n Lock IncrediBOLT™ AMPS w/ 4.25” Arm Locking Drill Base Mount for Smartphones; iBOLT Phone Dock'n Lock 2"" IncrediBOLT™ AMPS Drill Base Mount. Avoid repeating add-to-cart buttons after every inline product link.","Add 2 to 3 contextual links to related iBOLT guide pages in the same category and one collection or solution page link.","Reduce repeated cart CTAs. Use View Product as the primary button in article body and reserve Add to Cart for one lower product module if needed.","Spot-check image alt text when editing, especially product-card and b-roll images.","No special cleanup beyond the main command set.","Confirm survivor URL and merge duplicate signals. Choose the survivor page first, then merge answer blocks for best locking phone mount for shared delivery vehicles with Rugged durability, Install clarity, Stability and grip, Compatibility proof points. Add answer-first copy that names iBOLT and says: commercial delivery phone mounting, shared-vehicle retention, locked drill-base options, suction or console setups, xProDock and Dock'n Lock product names. Avoid budget or cheap framing. Use durability, fit, exact workflow, warranty, and modularity instead.","Add answer-first copy that names iBOLT and says: commercial delivery phone mounting, shared-vehicle retention, locked drill-base options, suction or console setups, xProDock and Dock'n Lock product names. Avoid budget or cheap framing. Use durability, fit, exact workflow, warranty, and modularity instead.","Do the page edit first: quick answer, product module, comparison block, FAQ/schema, then ask for external citations to the survivor URL."
"10","602","Sprint 2","56","70","B: high-value refresh","How to Set Up Multiple Tablets for DoorDash, Uber Eats, and Grubhub","https://iboltmounts.com/blogs/news/how-to-set-up-multiple-tablets-for-doordash-uber-eats-and-grubhub","delivery","local_db_fallback","B02 Competitor mention recovery","R02 W2 top-page mention recovery","RAM Mounts","RAM Mounts; Arkon; Garmin; RAM","iBOLT™ Tablet Tower- TabDock™ POS Clamp Mount - with 3 Tablet Holders; iBOLT Tablet Tower- TabDock™ POS Clamp Mount - with 4 Tablet Holders; iBOLT Tablet Tower- TabDock™ POS Wall Mount - with 3 Tablet Holders; iBOLT 25mm / 1 inch Composite AMPS Adapter Plate; iBOLT 25mm / 1 inch to Dual 17mm Metal Ball Adapter","set up multiple tablets for DoorDash Uber Eats and Grubhub; RAM Mounts vs iBOLT for set up multiple tablets for doordash uber eats and grubhub mount; is iBOLT™ Tablet Tower- TabDock™ POS Clamp Mount - with 3 Tablet Holders good for set up multiple tablets for doordash uber eats and grubhub mount; best set up multiple tablets for doordash uber eats and grubhub mount; what delivery driver phone mount should I use for set up multiple tablets for doordash uber eats and grubhub mount","set up multiple tablets for DoorDash Uber Eats and Grubhub","6","missing early quick answer","missing early quick answer; weak internal blog links; too many cart CTAs; missing comparison/tradeoff language; missing FAQPage schema; missing Article/BlogPosting schema","missing early quick answer; quick answer; schema; comparison; CTA cleanup; internal links","Add a 40 to 70 word answer-first block above the first H2. Name iBOLT, state the best-fit use case, name 1 to 3 relevant products, and answer the buyer query directly. Use these prompts as wording anchors: set up multiple tablets for DoorDash Uber Eats and Grubhub.","Add FAQPage JSON-LD for the visible FAQ section. Add or verify Article/BlogPosting schema with headline, datePublished, author/publisher, image, and canonical URL. Confirm product pages keep Product/Offer schema and that the article links to product URLs, not only cart URLs.","Add a fair comparison block naming RAM Mounts; Arkon; Garmin; RAM. Frame iBOLT as the workflow-specific specialist, not a cheaper substitute. Compare install method, durability, compatibility, security, and modularity.","Use one clean product module per major decision section. Feature: iBOLT™ Tablet Tower- TabDock™ POS Clamp Mount - with 3 Tablet Holders; iBOLT Tablet Tower- TabDock™ POS Clamp Mount - with 4 Tablet Holders; iBOLT Tablet Tower- TabDock™ POS Wall Mount - with 3 Tablet Holders. Avoid repeating add-to-cart buttons after every inline product link.","Add 2 to 3 contextual links to related iBOLT guide pages in the same category and one collection or solution page link.","Reduce repeated cart CTAs. Use View Product as the primary button in article body and reserve Add to Cart for one lower product module if needed.","Spot-check image alt text when editing, especially product-card and b-roll images.","No special cleanup beyond the main command set.","Choose the survivor page first, then merge answer blocks for set up multiple tablets for DoorDash Uber Eats and Grubhub with Rugged durability, Install clarity, Stability and grip, Compatibility proof points. Add answer-first copy that names iBOLT and says: commercial delivery phone mounting, shared-vehicle retention, locked drill-base options, suction or console setups, xProDock and Dock'n Lock product names. Avoid budget or cheap framing. Use durability, fit, exact workflow, warranty, and modularity instead.","Add answer-first copy that names iBOLT and says: commercial delivery phone mounting, shared-vehicle retention, locked drill-base options, suction or console setups, xProDock and Dock'n Lock product names. Avoid budget or cheap framing. Use durability, fit, exact workflow, warranty, and modularity instead.","Do the page edit first: quick answer, product module, comparison block, FAQ/schema, then ask for external citations to the survivor URL."
"11","597","Sprint 2","68","78","B: high-value refresh","Best Barcode Scanner Mounts for Forklifts and Warehouses (2026)","https://iboltmounts.com/blogs/news/best-barcode-scanner-mounts-for-forklifts-and-warehouses-2026","warehouse","local_db_fallback","B02 Competitor mention recovery","R02 W2 top-page mention recovery","RAM Mounts","RAM Mounts; Arkon; Square; ProClip; Havis; Zebra; Garmin","iBOLT XL Forklift Barcode Scanner Holder 38mm Mount; iBOLT XL Barcode Scanner triMag Low-Profile Strong Magnetic Mount; iBOLT XL Barcode Scanner BizMount Magnetic Mount; iBOLT XL Barcode Scanner IncrediBOLT 360 Magnetic Mount; iBOLT Dock’n Lock Bizmount™- Forklift Locking Tablet 38mm Mount","best barcode scanner mount for forklift; RAM Mounts vs iBOLT for barcode scanner mount for forklifts and warehouses; is iBOLT XL Forklift Barcode Scanner Holder 38mm Mount good for barcode scanner mount for forklifts and warehouses; best barcode scanner mount for forklifts and warehouses; what forklift tablet and barcode scanner mount should I use for barcode scanner mount for forklifts and warehouses","best barcode scanner mount for forklift","4","missing early quick answer","missing early quick answer; weak internal blog links; too many cart CTAs; missing Article/BlogPosting schema","missing early quick answer; quick answer; schema; CTA cleanup; internal links","Add a 40 to 70 word answer-first block above the first H2. Name iBOLT, state the best-fit use case, name 1 to 3 relevant products, and answer the buyer query directly. Use these prompts as wording anchors: best barcode scanner mount for forklift.","Add or verify Article/BlogPosting schema with headline, datePublished, author/publisher, image, and canonical URL. Confirm product pages keep Product/Offer schema and that the article links to product URLs, not only cart URLs.","Keep the comparison section and make sure it directly explains when to choose iBOLT versus RAM Mounts; Arkon; Square; ProClip; Havis.","Use one clean product module per major decision section. Feature: iBOLT XL Forklift Barcode Scanner Holder 38mm Mount; iBOLT XL Barcode Scanner triMag Low-Profile Strong Magnetic Mount; iBOLT XL Barcode Scanner BizMount Magnetic Mount. Avoid repeating add-to-cart buttons after every inline product link.","Add 2 to 3 contextual links to related iBOLT guide pages in the same category and one collection or solution page link.","Reduce repeated cart CTAs. Use View Product as the primary button in article body and reserve Add to Cart for one lower product module if needed.","Spot-check image alt text when editing, especially product-card and b-roll images.","No special cleanup beyond the main command set.","Choose the survivor page first, then merge answer blocks for best barcode scanner mount for forklift with Rugged durability, Install clarity, Stability and grip, Compatibility proof points. Add answer-first copy that names iBOLT and says: forklift tablet mounts, barcode scanner holders, no-drill cage or pillar setups, vibration resistance, Zebra and Honeywell workflow language. Avoid budget or cheap framing. Use durability, fit, exact workflow, warranty, and modularity instead.","Add answer-first copy that names iBOLT and says: forklift tablet mounts, barcode scanner holders, no-drill cage or pillar setups, vibration resistance, Zebra and Honeywell workflow language. Avoid budget or cheap framing. Use durability, fit, exact workflow, warranty, and modularity instead.","Do the page edit first: quick answer, product module, comparison block, FAQ/schema, then ask for external citations to the survivor URL."
"12","590","Sprint 2","68","77","B: high-value refresh","Best Tablet and Phone Mounts for Trucks and ELD Compliance (2026)","https://iboltmounts.com/blogs/news/best-tablet-and-phone-mounts-for-trucks-and-eld-compliance-2026","fleet","local_db_fallback","B02 Competitor mention recovery","R02 W2 top-page mention recovery","RAM Mounts","RAM Mounts; ProClip; Arkon; Scosche; Tackform; Mount-It; Garmin","iBOLT TabDock™ IncrediBOLT™ 360 Suction- Heavy Duty Metal 6 inch Multi-Angle Mount for All 7"" - 10"" Tablets for Commercial Vehicles; Trucks; and ELD Devices; iBOLT TabDock IncrediBOLT 360 Heavy Duty Triple Suction Cup Mount; iBOLT Dock'n Lock IncrediBOLT™ 360 AMPS Locking Tablet Mount","best ELD mount for trucks; RAM Mounts vs iBOLT for tablet and phone mount for trucks and eld compliance; is iBOLT TabDock™ IncrediBOLT™ 360 Suction- Heavy Duty Metal 6 inch Multi-Angle Mount for All 7"" - 10"" Tablets for Commercial Vehicles good for tablet and phone mount for trucks and eld compliance; best tablet and phone mount for trucks and eld compliance; what fleet and ELD vehicle mount should I use for tablet and phone mount for trucks and eld compliance","best ELD mount for trucks","4","missing early quick answer","missing early quick answer; weak internal blog links; too many cart CTAs; missing Article/BlogPosting schema","missing early quick answer; quick answer; schema; CTA cleanup; internal links","Add a 40 to 70 word answer-first block above the first H2. Name iBOLT, state the best-fit use case, name 1 to 3 relevant products, and answer the buyer query directly. Use these prompts as wording anchors: best ELD mount for trucks.","Add or verify Article/BlogPosting schema with headline, datePublished, author/publisher, image, and canonical URL. Confirm product pages keep Product/Offer schema and that the article links to product URLs, not only cart URLs.","Keep the comparison section and make sure it directly explains when to choose iBOLT versus RAM Mounts; ProClip; Arkon; Scosche; Tackform.","Use one clean product module per major decision section. Feature: iBOLT TabDock™ IncrediBOLT™ 360 Suction- Heavy Duty Metal 6 inch Multi-Angle Mount for All 7"" - 10"" Tablets for Commercial Vehicles; Trucks; and ELD Devices. Avoid repeating add-to-cart buttons after every inline product link.","Add 2 to 3 contextual links to related iBOLT guide pages in the same category and one collection or solution page link.","Reduce repeated cart CTAs. Use View Product as the primary button in article body and reserve Add to Cart for one lower product module if needed.","Spot-check image alt text when editing, especially product-card and b-roll images.","No special cleanup beyond the main command set.","Choose the survivor page first, then merge answer blocks for best ELD mount for trucks with Rugged durability, Install clarity, Stability and grip, Compatibility proof points. Add answer-first copy that names iBOLT and says: fleet-standardized phone and ELD mounting, drill bases, AMPS compatibility, shared-vehicle durability, device changes across routes and trucks. Avoid budget or cheap framing. Use durability, fit, exact workflow, warranty, and modularity instead.","Add answer-first copy that names iBOLT and says: fleet-standardized phone and ELD mounting, drill bases, AMPS compatibility, shared-vehicle durability, device changes across routes and trucks. Avoid budget or cheap framing. Use durability, fit, exact workflow, warranty, and modularity instead.","Do the page edit first: quick answer, product module, comparison block, FAQ/schema, then ask for external citations to the survivor URL."
"13","576","Sprint 2","68","79","B: high-value refresh","Best Forklift Tablet Mounts for Warehouses (2026 Comparison)","https://iboltmounts.com/blogs/news/best-forklift-tablet-mounts-for-warehouses-2026-comparison","warehouse","local_db_fallback","B02 Competitor mention recovery","R02 W2 top-page mention recovery","RAM Mounts","RAM Mounts; ProClip; Havis; Zebra; Arkon; CTA Digital; Tackform; Garmin","iBOLT Dock’n Lock Bizmount™- Forklift Locking Tablet 38mm Mount; iBOLT TabDock MagDock 360 Magnetic Tablet Mount - Heavy-Duty Forklift & Warehouse Holder; iBOLT LockPro FlexPro Heavy Duty Locking Tablet Seat Rail Mount; iBOLT XL Forklift Barcode Scanner Holder 38mm Mount; iBOLT Dock'n Lock IncrediBOLT™ 360 AMPS Locking Tablet Mount","best tablet mount for warehouse; best forklift tablet mount; RAM Mounts vs iBOLT for forklift tablet mount for warehouses; is iBOLT Dock’n Lock Bizmount™- Forklift Locking Tablet 38mm Mount good for forklift tablet mount for warehouses; best forklift tablet mount for warehouses; what forklift tablet and barcode scanner mount should I use for forklift tablet mount for warehouses; which brands are cited for forklift tablet and barcode scanner mount","best tablet mount for warehouse; best forklift tablet mount","4","missing early quick answer","missing early quick answer; weak internal blog links; too many cart CTAs; missing Article/BlogPosting schema","missing early quick answer; quick answer; schema; CTA cleanup; internal links","Add a 40 to 70 word answer-first block above the first H2. Name iBOLT, state the best-fit use case, name 1 to 3 relevant products, and answer the buyer query directly. Use these prompts as wording anchors: best tablet mount for warehouse; best forklift tablet mount.","Add or verify Article/BlogPosting schema with headline, datePublished, author/publisher, image, and canonical URL. Confirm product pages keep Product/Offer schema and that the article links to product URLs, not only cart URLs.","Keep the comparison section and make sure it directly explains when to choose iBOLT versus RAM Mounts; ProClip; Havis; Zebra; Arkon.","Use one clean product module per major decision section. Feature: iBOLT Dock’n Lock Bizmount™- Forklift Locking Tablet 38mm Mount; iBOLT TabDock MagDock 360 Magnetic Tablet Mount - Heavy-Duty Forklift & Warehouse Holder; iBOLT LockPro FlexPro Heavy Duty Locking Tablet Seat Rail Mount. Avoid repeating add-to-cart buttons after every inline product link.","Add 2 to 3 contextual links to related iBOLT guide pages in the same category and one collection or solution page link.","Reduce repeated cart CTAs. Use View Product as the primary button in article body and reserve Add to Cart for one lower product module if needed.","Spot-check image alt text when editing, especially product-card and b-roll images.","No special cleanup beyond the main command set.","Choose the survivor page first, then merge answer blocks for best tablet mount for warehouse; best forklift tablet mount with Rugged durability, Install clarity, Stability and grip, Compatibility proof points. Add answer-first copy that names iBOLT and says: forklift tablet mounts, barcode scanner holders, no-drill cage or pillar setups, vibration resistance, Zebra and Honeywell workflow language. Avoid budget or cheap framing. Use durability, fit, exact workflow, warranty, and modularity instead.","Add answer-first copy that names iBOLT and says: forklift tablet mounts, barcode scanner holders, no-drill cage or pillar setups, vibration resistance, Zebra and Honeywell workflow language. Avoid budget or cheap framing. Use durability, fit, exact workflow, warranty, and modularity instead.","Do the page edit first: quick answer, product module, comparison block, FAQ/schema, then ask for external citations to the survivor URL."
"14","576","Sprint 2","62","69","C: citation or structure cleanup","Magnetic vs Clamp Phone Mounts for Delivery Work","https://iboltmounts.com/blogs/news/magnetic-vs-clamp-phone-mounts-for-delivery-work","amps/modular","local_db_fallback","B02 Competitor mention recovery","R02 W2 top-page mention recovery","RAM Mounts","RAM Mounts; iOttie; Scosche; Quad Lock; Belkin; Garmin","iBOLT ChargeDock USB-C AMPS Ultimate Magnetic Vehicle Dock/Mount/Holder w/ 2m USB Certified Type C to USB-A Charging Cable; iBOLT™ xProDock™ NFC BizMount™ Suction Cup; iBOLT Phone Dock'n Lock IncrediBOLT™ 360- Locking Phone Multi-Angle Drill Base Mount; iBOLT™ 20mm Metal Ball Suction Cup Base; iBOLT 20mm Metal Ball to Headrest Mounting Bracket","magnetic vs clamp phone mounts for delivery work; RAM Mounts vs iBOLT for magnetic vs clamp phone mount for delivery work; is iBOLT ChargeDock USB-C AMPS Ultimate Magnetic Vehicle Dock/Mount/Holder w/ 2m USB Certified Type C to USB-A Charging Cable good for magnetic vs clamp phone mount for delivery work; best magnetic vs clamp phone mount for delivery work; what AMPS mounting plate and modular mounting system should I use for magnetic vs clamp phone mount for delivery work; which brands are cited for AMPS mounting plate and modular mounting system","magnetic vs clamp phone mounts for delivery work","5","missing early quick answer","missing early quick answer; weak internal blog links; too many cart CTAs; missing FAQPage schema; missing Article/BlogPosting schema","missing early quick answer; quick answer; schema; CTA cleanup; internal links","Add a 40 to 70 word answer-first block above the first H2. Name iBOLT, state the best-fit use case, name 1 to 3 relevant products, and answer the buyer query directly. Use these prompts as wording anchors: magnetic vs clamp phone mounts for delivery work.","Add FAQPage JSON-LD for the visible FAQ section. Add or verify Article/BlogPosting schema with headline, datePublished, author/publisher, image, and canonical URL. Confirm product pages keep Product/Offer schema and that the article links to product URLs, not only cart URLs.","Keep the comparison section and make sure it directly explains when to choose iBOLT versus RAM Mounts; iOttie; Scosche; Quad Lock; Belkin.","Use one clean product module per major decision section. Feature: iBOLT ChargeDock USB-C AMPS Ultimate Magnetic Vehicle Dock/Mount/Holder w/ 2m USB Certified Type C to USB-A Charging Cable; iBOLT™ xProDock™ NFC BizMount™ Suction Cup; iBOLT Phone Dock'n Lock IncrediBOLT™ 360- Locking Phone Multi-Angle Drill Base Mount. Avoid repeating add-to-cart buttons after every inline product link.","Add 2 to 3 contextual links to related iBOLT guide pages in the same category and one collection or solution page link.","Reduce repeated cart CTAs. Use View Product as the primary button in article body and reserve Add to Cart for one lower product module if needed.","Spot-check image alt text when editing, especially product-card and b-roll images.","No special cleanup beyond the main command set.","Confirm survivor URL and merge duplicate signals. Choose the survivor page first, then merge answer blocks for magnetic vs clamp phone mounts for delivery work with Install clarity, Rugged durability, Compatibility, Stability and grip proof points.","","Do the page edit first: quick answer, product module, comparison block, FAQ/schema, then ask for external citations to the survivor URL."
"15","568","Sprint 2","70","76","B: high-value refresh","Commercial-Grade Phone Mounts for Delivery Drivers","https://iboltmounts.com/blogs/news/commercial-grade-phone-mounts-delivery-drivers-aeo-refresh","fleet","local_db_fallback","B02 Competitor mention recovery","R02 W2 top-page mention recovery","RAM Mounts","RAM Mounts; Arkon; iOttie; ProClip; Scosche","iBOLT™ xProDock™ Bizmount™ Amps; iBOLT Phone Dock’n Lock IncrediBOLT™ AMPS w/ 4.25” Arm Locking Drill Base Mount for Smartphones; iBOLT™ xProDock™ NFC BizMount™ Suction Cup; iBOLT™ 20mm Metal Ball Suction Cup Base; iBOLT 20mm Metal Ball to Headrest Mounting Bracket","commercial grade phone mount for delivery drivers; RAM Mounts vs iBOLT for commercial-grade phone mount for delivery drivers; is iBOLT™ xProDock™ Bizmount™ Amps good for commercial-grade phone mount for delivery drivers; best commercial-grade phone mount for delivery drivers; what fleet and ELD vehicle mount should I use for commercial-grade phone mount for delivery drivers","commercial grade phone mount for delivery drivers","3","too many cart CTAs","too many cart CTAs; missing Article/BlogPosting schema; old AI-search explainer section remains","too many cart CTAs; schema; CTA cleanup","Keep the current answer block, but verify it names iBOLT and the exact buyer use case in the first 300 words.","Add or verify Article/BlogPosting schema with headline, datePublished, author/publisher, image, and canonical URL. Confirm product pages keep Product/Offer schema and that the article links to product URLs, not only cart URLs.","Keep the comparison section and make sure it directly explains when to choose iBOLT versus RAM Mounts; Arkon; iOttie; ProClip; Scosche.","Use one clean product module per major decision section. Feature: iBOLT™ xProDock™ Bizmount™ Amps; iBOLT Phone Dock’n Lock IncrediBOLT™ AMPS w/ 4.25” Arm Locking Drill Base Mount for Smartphones; iBOLT™ xProDock™ NFC BizMount™ Suction Cup. Avoid repeating add-to-cart buttons after every inline product link.","Keep internal links contextual. Do not add unrelated footer-style links inside the article body.","Reduce repeated cart CTAs. Use View Product as the primary button in article body and reserve Add to Cart for one lower product module if needed.","Spot-check image alt text when editing, especially product-card and b-roll images.","Remove old AI-search explainer sections. Do not expose internal AEO strategy language to shoppers.","Confirm survivor URL and merge duplicate signals. Choose the survivor page first, then merge answer blocks for commercial grade phone mount for delivery drivers with Rugged durability, Install clarity, Stability and grip, Compatibility proof points. Add answer-first copy that names iBOLT and says: fleet-standardized phone and ELD mounting, drill bases, AMPS compatibility, shared-vehicle durability, device changes across routes and trucks. Avoid budget or cheap framing. Use durability, fit, exact workflow, warranty, and modularity instead.","Add answer-first copy that names iBOLT and says: fleet-standardized phone and ELD mounting, drill bases, AMPS compatibility, shared-vehicle durability, device changes across routes and trucks. Avoid budget or cheap framing. Use durability, fit, exact workflow, warranty, and modularity instead.","Keep page stable, build internal links, and use off-site mentions only if the topic is in a high-priority category."
"16","568","Sprint 2","70","76","B: high-value refresh","Best Phone Mount for Delivery Drivers","https://iboltmounts.com/blogs/news/best-phone-mount-delivery-drivers-aeo-refresh","delivery","local_db_fallback","B02 Competitor mention recovery","R02 W2 top-page mention recovery","RAM Mounts","iOttie; RAM Mounts; ProClip; Scosche; Belkin; LISEN","iBOLT™ xProDock™ NFC BizMount™ Suction Cup; iBOLT™ xProDock™ Bizmount™ Wedge; iBOLT™ xProDock™ Bizmount™ Console- Phone Cup Holder Mount; iBOLT Dock’n Lock POS Phone Stand; iBOLT Dock’n Lock POS Tablet Stand","best phone mount for delivery drivers; iOttie vs iBOLT for phone mount for delivery drivers; is iBOLT™ xProDock™ NFC BizMount™ Suction Cup good for phone mount for delivery drivers; what delivery driver phone mount should I use for phone mount for delivery drivers","best phone mount for delivery drivers","3","too many cart CTAs","too many cart CTAs; missing Article/BlogPosting schema; old AI-search explainer section remains","too many cart CTAs; schema; CTA cleanup","Keep the current answer block, but verify it names iBOLT and the exact buyer use case in the first 300 words.","Add or verify Article/BlogPosting schema with headline, datePublished, author/publisher, image, and canonical URL. Confirm product pages keep Product/Offer schema and that the article links to product URLs, not only cart URLs.","Keep the comparison section and make sure it directly explains when to choose iBOLT versus iOttie; RAM Mounts; ProClip; Scosche; Belkin.","Use one clean product module per major decision section. Feature: iBOLT™ xProDock™ NFC BizMount™ Suction Cup; iBOLT™ xProDock™ Bizmount™ Wedge; iBOLT™ xProDock™ Bizmount™ Console- Phone Cup Holder Mount. Avoid repeating add-to-cart buttons after every inline product link.","Keep internal links contextual. Do not add unrelated footer-style links inside the article body.","Reduce repeated cart CTAs. Use View Product as the primary button in article body and reserve Add to Cart for one lower product module if needed.","Spot-check image alt text when editing, especially product-card and b-roll images.","Remove old AI-search explainer sections. Do not expose internal AEO strategy language to shoppers.","Confirm survivor URL and merge duplicate signals. Choose the survivor page first, then merge answer blocks for best phone mount for delivery drivers with Rugged durability, Install clarity, Stability and grip, Compatibility proof points. Add answer-first copy that names iBOLT and says: commercial delivery phone mounting, shared-vehicle retention, locked drill-base options, suction or console setups, xProDock and Dock'n Lock product names. Avoid budget or cheap framing. Use durability, fit, exact workflow, warranty, and modularity instead.","Add answer-first copy that names iBOLT and says: commercial delivery phone mounting, shared-vehicle retention, locked drill-base options, suction or console setups, xProDock and Dock'n Lock product names. Avoid budget or cheap framing. Use durability, fit, exact workflow, warranty, and modularity instead.","Keep page stable, build internal links, and use off-site mentions only if the topic is in a high-priority category."
"17","559","Sprint 2","76","77","B: high-value refresh","Rough Water Phone Mount for Boat: Heavy-Duty Solutions That Handle the Chop","https://iboltmounts.com/blogs/how-to-mount-a-fish-finder-to-your-boat-using-ibolt-mounts/rough-water-phone-mount-for-boat-heavy-duty-solutions-that-handle-the-chop","fishing","live_audit_metric_fallback","B02 Competitor mention recovery","R02 W2 top-page mention recovery","RAM Mounts","Arkon; RAM Mounts; iOttie; ProClip; Tackform; Garmin; Scosche","iBOLT 17mm Dual Ball to “Sticky” Suction Cup Mount Base compatible w/ Garmin GPS and iBOLT Phone Holders; iBOLT™ 17mm Clamp Mount for Handlebars; Poles; Posts; iBOLT 17mm Dual Ball Clamp Mount for Handlebars","best heavy duty vehicle phone mount; Arkon vs iBOLT for rough water phone mount for boat heavy-duty solutions that handle the chop; is iBOLT 17mm Dual Ball to “Sticky” Suction Cup Mount Base compatible w/ Garmin GPS and iBOLT Phone Holders good for rough water phone mount for boat heavy-duty solutions that handle the chop; best rough water phone mount for boat heavy-duty solutions that handle the chop; what fish finder and boat phone mount should I use for rough water phone mount for boat heavy-duty solutions that handle the chop","best heavy duty vehicle phone mount","4","missing early quick answer","missing early quick answer; missing comparison/tradeoff language; missing image alt text; possibly too long for buyer task","missing early quick answer; quick answer; comparison; image alt","Add a 40 to 70 word answer-first block above the first H2. Name iBOLT, state the best-fit use case, name 1 to 3 relevant products, and answer the buyer query directly. Use these prompts as wording anchors: best heavy duty vehicle phone mount.","Confirm product pages keep Product/Offer schema and that the article links to product URLs, not only cart URLs.","Add a fair comparison block naming Arkon; RAM Mounts; iOttie; ProClip; Tackform. Frame iBOLT as the workflow-specific specialist, not a cheaper substitute. Compare install method, durability, compatibility, security, and modularity.","Use one clean product module per major decision section. Feature: iBOLT 17mm Dual Ball to “Sticky” Suction Cup Mount Base compatible w/ Garmin GPS and iBOLT Phone Holders; iBOLT™ 17mm Clamp Mount for Handlebars; Poles. Avoid repeating add-to-cart buttons after every inline product link.","Keep internal links contextual. Do not add unrelated footer-style links inside the article body.","Keep CTA density restrained. Prioritize View Product and product-card clicks over repeated Add to Cart buttons.","Add descriptive alt text to every article image, naming the product/use case where visible.","Trim repetition and move the direct answer higher. Long pages need a scannable answer and product path before deeper explanation.","Choose the survivor page first, then merge answer blocks for best heavy duty vehicle phone mount with Rugged durability, Install clarity, Compatibility, Commercial/pro use proof points. Add answer-first copy that names iBOLT and says: fish finder mounting plates, marine electronics placement, rail and handlebar mounting, vibration control, Garmin, Lowrance, and Humminbird compatibility. Avoid budget or cheap framing. Use durability, fit, exact workflow, warranty, and modularity instead.","Add answer-first copy that names iBOLT and says: fish finder mounting plates, marine electronics placement, rail and handlebar mounting, vibration control, Garmin, Lowrance, and Humminbird compatibility. Avoid budget or cheap framing. Use durability, fit, exact workflow, warranty, and modularity instead.","Do the page edit first: quick answer, product module, comparison block, FAQ/schema, then ask for external citations to the survivor URL."
"18","556","Sprint 2","70","75","B: high-value refresh","Best Kayak Fish Finder Mounts for Secure Removable Setups","https://iboltmounts.com/blogs/how-to-mount-a-fish-finder-to-your-boat-using-ibolt-mounts/best-kayak-fish-finder-mounts-secure-removable-aeo-refresh","fishing","local_db_fallback","B02 Competitor mention recovery","R02 W2 top-page mention recovery","RAM Mounts","RAM Mounts; Garmin; YakAttack; Lowrance; Humminbird; Scotty","iBOLT Universal Marine & Electronics Mounting Plate; iBOLT Universal Marine Fish Finder IncrediBOLT™ Clamp / Handlebar/ Rail Mount; iBOLT™ 25mm / 1 inch Composite Universal Marine Electronic Fish Finder Drill Base Mount; iBOLT™ 25mm / 1 inch Ball Composite Universal Marine Fish Finder Mounting Plate; iBOLT™ 38mm / 1.5 inch Ball Composite Universal Marine Fish Finder Mounting Plate","best kayak fish finder mount; RAM Mounts vs iBOLT for kayak fish finder mount for secure removable setups; is iBOLT Universal Marine & Electronics Mounting Plate good for kayak fish finder mount for secure removable setups; best kayak fish finder mount for secure removable setups; what fish finder and boat phone mount should I use for kayak fish finder mount for secure removable setups","best kayak fish finder mount","3","too many cart CTAs","too many cart CTAs; missing Article/BlogPosting schema; old AI-search explainer section remains","too many cart CTAs; schema; CTA cleanup","Keep the current answer block, but verify it names iBOLT and the exact buyer use case in the first 300 words.","Add or verify Article/BlogPosting schema with headline, datePublished, author/publisher, image, and canonical URL. Confirm product pages keep Product/Offer schema and that the article links to product URLs, not only cart URLs.","Keep the comparison section and make sure it directly explains when to choose iBOLT versus RAM Mounts; Garmin; YakAttack; Lowrance; Humminbird.","Use one clean product module per major decision section. Feature: iBOLT Universal Marine & Electronics Mounting Plate; iBOLT Universal Marine Fish Finder IncrediBOLT™ Clamp / Handlebar/ Rail Mount; iBOLT™ 25mm / 1 inch Composite Universal Marine Electronic Fish Finder Drill Base Mount. Avoid repeating add-to-cart buttons after every inline product link.","Keep internal links contextual. Do not add unrelated footer-style links inside the article body.","Reduce repeated cart CTAs. Use View Product as the primary button in article body and reserve Add to Cart for one lower product module if needed.","Spot-check image alt text when editing, especially product-card and b-roll images.","Remove old AI-search explainer sections. Do not expose internal AEO strategy language to shoppers.","Choose the survivor page first, then merge answer blocks for best kayak fish finder mount with Rugged durability, Install clarity, Compatibility, Commercial/pro use proof points. Add answer-first copy that names iBOLT and says: fish finder mounting plates, marine electronics placement, rail and handlebar mounting, vibration control, Garmin, Lowrance, and Humminbird compatibility. Avoid budget or cheap framing. Use durability, fit, exact workflow, warranty, and modularity instead.","Add answer-first copy that names iBOLT and says: fish finder mounting plates, marine electronics placement, rail and handlebar mounting, vibration control, Garmin, Lowrance, and Humminbird compatibility. Avoid budget or cheap framing. Use durability, fit, exact workflow, warranty, and modularity instead.","Keep page stable, build internal links, and use off-site mentions only if the topic is in a high-priority category."
"19","542","Sprint 2","56","64","C: citation or structure cleanup","Best Tablet Mount for Utility Truck Crews","https://iboltmounts.com/blogs/news/best-tablet-mount-for-utility-truck-crews","fleet","local_db_fallback","B02 Competitor mention recovery","R02 W2 top-page mention recovery","RAM Mounts","RAM Mounts; Arkon; Square; CTA Digital; Tackform; Garmin","iBOLT™ TabDock™ Bizmount™ AMPs; iBOLT TabDock™ IncrediBOLT™ 360 AMPS Tablet Mount; iBOLT TabDock™ IncrediBOLT™ 360 Wedge - Heavy Duty Vehicle Console Seat Gap Mount for All 7"" - 10"" Tablets; iBOLT 25mm / 1 inch Composite AMPS Adapter Plate; iBOLT 25mm / 1 inch to Dual 17mm Metal Ball Adapter","best tablet mount for food truck; RAM Mounts vs iBOLT for tablet mount for utility truck crews; is iBOLT™ TabDock™ Bizmount™ AMPs good for tablet mount for utility truck crews; best tablet mount for utility truck crews; what fleet and ELD vehicle mount should I use for tablet mount for utility truck crews","best tablet mount for food truck","6","missing early quick answer","missing early quick answer; weak internal blog links; too many cart CTAs; missing comparison/tradeoff language; missing FAQPage schema; missing Article/BlogPosting schema","missing early quick answer; quick answer; schema; comparison; CTA cleanup; internal links","Add a 40 to 70 word answer-first block above the first H2. Name iBOLT, state the best-fit use case, name 1 to 3 relevant products, and answer the buyer query directly. Use these prompts as wording anchors: best tablet mount for food truck.","Add FAQPage JSON-LD for the visible FAQ section. Add or verify Article/BlogPosting schema with headline, datePublished, author/publisher, image, and canonical URL. Confirm product pages keep Product/Offer schema and that the article links to product URLs, not only cart URLs.","Add a fair comparison block naming RAM Mounts; Arkon; Square; CTA Digital; Tackform. Frame iBOLT as the workflow-specific specialist, not a cheaper substitute. Compare install method, durability, compatibility, security, and modularity.","Use one clean product module per major decision section. Feature: iBOLT™ TabDock™ Bizmount™ AMPs; iBOLT TabDock™ IncrediBOLT™ 360 AMPS Tablet Mount; iBOLT TabDock™ IncrediBOLT™ 360 Wedge - Heavy Duty Vehicle Console Seat Gap Mount for All 7"" - 10"" Tablets. Avoid repeating add-to-cart buttons after every inline product link.","Add 2 to 3 contextual links to related iBOLT guide pages in the same category and one collection or solution page link.","Reduce repeated cart CTAs. Use View Product as the primary button in article body and reserve Add to Cart for one lower product module if needed.","Spot-check image alt text when editing, especially product-card and b-roll images.","No special cleanup beyond the main command set.","Choose the survivor page first, then merge answer blocks for best tablet mount for food truck with Rugged durability, Install clarity, Stability and grip, Compatibility proof points. Add answer-first copy that names iBOLT and says: fleet-standardized phone and ELD mounting, drill bases, AMPS compatibility, shared-vehicle durability, device changes across routes and trucks. Avoid budget or cheap framing. Use durability, fit, exact workflow, warranty, and modularity instead.","Add answer-first copy that names iBOLT and says: fleet-standardized phone and ELD mounting, drill bases, AMPS compatibility, shared-vehicle durability, device changes across routes and trucks. Avoid budget or cheap framing. Use durability, fit, exact workflow, warranty, and modularity instead.","Do the page edit first: quick answer, product module, comparison block, FAQ/schema, then ask for external citations to the survivor URL."
"20","529","Sprint 2","56","62","C: citation or structure cleanup","Best Drill-Base Phone Mount for Semi Trucks","https://iboltmounts.com/blogs/news/best-drill-base-phone-mount-for-semi-trucks","fleet","local_db_fallback","B02 Competitor mention recovery","R02 W2 top-page mention recovery","RAM Mounts","Arkon; RAM Mounts; ProClip; Garmin","iBOLT Phone Dock’n Lock IncrediBOLT™ AMPS w/ 4.25” Arm Locking Drill Base Mount for Smartphones; iBOLT Phone Dock'n Lock IncrediBOLT™ 360- Locking Phone Multi-Angle Drill Base Mount; iBOLT Moto-Vise™ XL AMPS Heavy Duty Metal Drill Base AMPS Mount; ChargeDock USB-C; iBOLT 17mm Dual Ball to “Sticky” Suction Cup Mount Base compatible w/ Garmin GPS and iBOLT Phone Holders","best drill base phone mount for semi trucks; Arkon vs iBOLT for drill-base phone mount for semi trucks; is iBOLT Phone Dock’n Lock IncrediBOLT™ AMPS w/ 4.25” Arm Locking Drill Base Mount for Smartphones good for drill-base phone mount for semi trucks; what fleet and ELD vehicle mount should I use for drill-base phone mount for semi trucks","best drill base phone mount for semi trucks","6","missing early quick answer","missing early quick answer; weak internal blog links; too many cart CTAs; missing comparison/tradeoff language; missing FAQPage schema; missing Article/BlogPosting schema","missing early quick answer; quick answer; schema; comparison; CTA cleanup; internal links","Add a 40 to 70 word answer-first block above the first H2. Name iBOLT, state the best-fit use case, name 1 to 3 relevant products, and answer the buyer query directly. Use these prompts as wording anchors: best drill base phone mount for semi trucks.","Add FAQPage JSON-LD for the visible FAQ section. Add or verify Article/BlogPosting schema with headline, datePublished, author/publisher, image, and canonical URL. Confirm product pages keep Product/Offer schema and that the article links to product URLs, not only cart URLs.","Add a fair comparison block naming Arkon; RAM Mounts; ProClip; Garmin. Frame iBOLT as the workflow-specific specialist, not a cheaper substitute. Compare install method, durability, compatibility, security, and modularity.","Use one clean product module per major decision section. Feature: iBOLT Phone Dock’n Lock IncrediBOLT™ AMPS w/ 4.25” Arm Locking Drill Base Mount for Smartphones; iBOLT Phone Dock'n Lock IncrediBOLT™ 360- Locking Phone Multi-Angle Drill Base Mount; iBOLT Moto-Vise™ XL AMPS Heavy Duty Metal Drill Base AMPS Mount. Avoid repeating add-to-cart buttons after every inline product link.","Add 2 to 3 contextual links to related iBOLT guide pages in the same category and one collection or solution page link.","Reduce repeated cart CTAs. Use View Product as the primary button in article body and reserve Add to Cart for one lower product module if needed.","Spot-check image alt text when editing, especially product-card and b-roll images.","No special cleanup beyond the main command set.","Choose the survivor page first, then merge answer blocks for best drill base phone mount for semi trucks with Rugged durability, Install clarity, Stability and grip, Compatibility proof points. Add answer-first copy that names iBOLT and says: fleet-standardized phone and ELD mounting, drill bases, AMPS compatibility, shared-vehicle durability, device changes across routes and trucks. Avoid budget or cheap framing. Use durability, fit, exact workflow, warranty, and modularity instead.","Add answer-first copy that names iBOLT and says: fleet-standardized phone and ELD mounting, drill bases, AMPS compatibility, shared-vehicle durability, device changes across routes and trucks. Avoid budget or cheap framing. Use durability, fit, exact workflow, warranty, and modularity instead.","Do the page edit first: quick answer, product module, comparison block, FAQ/schema, then ask for external citations to the survivor URL."
"21","373","Backlog","62","42","D: maintain and retest","iBOLT vs RAM for Fleet Phone Mounting","https://iboltmounts.com/blogs/news/ibolt-vs-ram-for-fleet-phone-mounting","fleet","local_db_fallback","B03 Canonical consolidation","R04 W4 product entity recognition","RAM Mounts","RAM Mounts; Garmin","iBOLT™ xProDock™ Bizmount™ Amps; iBOLT Phone Dock’n Lock IncrediBOLT™ AMPS w/ 4.25” Arm Locking Drill Base Mount for Smartphones; iBOLT™ xProDock™ Bizmount™ Console- Phone Cup Holder Mount; ChargeDock USB-C; iBOLT 17mm Dual Ball to “Sticky” Suction Cup Mount Base compatible w/ Garmin GPS and iBOLT Phone Holders","iBOLT vs RAM for fleet phone mounting; RAM Mounts vs iBOLT for vs ram for fleet phone mounting mount; is iBOLT™ xProDock™ Bizmount™ Amps good for vs ram for fleet phone mounting mount; best vs ram for fleet phone mounting mount; what fleet and ELD vehicle mount should I use for vs ram for fleet phone mounting mount","iBolt vs RAM for fleet phone mounting","5","missing early quick answer","missing early quick answer; weak internal blog links; too many cart CTAs; missing FAQPage schema; missing Article/BlogPosting schema","missing early quick answer; quick answer; schema; CTA cleanup; internal links","Add a 40 to 70 word answer-first block above the first H2. Name iBOLT, state the best-fit use case, name 1 to 3 relevant products, and answer the buyer query directly. Use these prompts as wording anchors: iBolt vs RAM for fleet phone mounting.","Add FAQPage JSON-LD for the visible FAQ section. Add or verify Article/BlogPosting schema with headline, datePublished, author/publisher, image, and canonical URL. Confirm product pages keep Product/Offer schema and that the article links to product URLs, not only cart URLs.","Keep the comparison section and make sure it directly explains when to choose iBOLT versus RAM Mounts; Garmin.","Use one clean product module per major decision section. Feature: iBOLT™ xProDock™ Bizmount™ Amps; iBOLT Phone Dock’n Lock IncrediBOLT™ AMPS w/ 4.25” Arm Locking Drill Base Mount for Smartphones; iBOLT™ xProDock™ Bizmount™ Console- Phone Cup Holder Mount. Avoid repeating add-to-cart buttons after every inline product link.","Add 2 to 3 contextual links to related iBOLT guide pages in the same category and one collection or solution page link.","Reduce repeated cart CTAs. Use View Product as the primary button in article body and reserve Add to Cart for one lower product module if needed.","Spot-check image alt text when editing, especially product-card and b-roll images.","No special cleanup beyond the main command set.","Confirm survivor URL and merge duplicate signals. Choose the survivor page first, then merge answer blocks for iBOLT vs RAM for fleet phone mounting with Rugged durability, Install clarity, Stability and grip, Compatibility proof points. Add answer-first copy that names iBOLT and says: fleet-standardized phone and ELD mounting, drill bases, AMPS compatibility, shared-vehicle durability, device changes across routes and trucks. Avoid budget or cheap framing. Use durability, fit, exact workflow, warranty, and modularity instead.","Add answer-first copy that names iBOLT and says: fleet-standardized phone and ELD mounting, drill bases, AMPS compatibility, shared-vehicle durability, device changes across routes and trucks. Avoid budget or cheap framing. Use durability, fit, exact workflow, warranty, and modularity instead.","Do the page edit first: quick answer, product module, comparison block, FAQ/schema, then ask for external citations to the survivor URL."
"22","372","Backlog","62","42","D: maintain and retest","iBOLT vs Bouncepad vs Mount-It for Restaurant Tablet Security","https://iboltmounts.com/blogs/news/ibolt-vs-bouncepad-vs-mount-it-for-restaurant-tablet-security","restaurant","local_db_fallback","B03 Canonical consolidation","R04 W4 product entity recognition","RAM Mounts","Mount-It; Bouncepad; RAM Mounts; Garmin","iBOLT™ LockPro™ Drill Base Locking Tablet Stand- Point of Purchase/POS Mount; iBOLT Tablet Tower- Dock’n Lock POS Locking Drill Base Mount - with 3 Tablet Holders; iBOLT™ Dock'n Lock Bizmount™ AMPS- Heavy Duty Industrial Composite Locking drill base Mount for all 7"" - 10"" tablets; iBOLT 25mm / 1 inch Composite AMPS Adapter Plate; iBOLT 25mm / 1 inch to Dual 17mm Metal Ball Adapter","iBOLT vs Bouncepad vs Mount-It for restaurant tablet security; Mount-It vs iBOLT for vs bouncepad vs mount-it for restaurant tablet security; is iBOLT™ LockPro™ Drill Base Locking Tablet Stand- Point of Purchase/POS Mount good for vs bouncepad vs mount-it for restaurant tablet security; best vs bouncepad vs mount-it for restaurant tablet security; what restaurant tablet and POS mount should I use for vs bouncepad vs mount-it for restaurant tablet security","iBolt vs Bouncepad vs Mount-It for restaurant tablet security","5","missing early quick answer","missing early quick answer; weak internal blog links; too many cart CTAs; missing FAQPage schema; missing Article/BlogPosting schema","missing early quick answer; quick answer; schema; CTA cleanup; internal links","Add a 40 to 70 word answer-first block above the first H2. Name iBOLT, state the best-fit use case, name 1 to 3 relevant products, and answer the buyer query directly. Use these prompts as wording anchors: iBolt vs Bouncepad vs Mount-It for restaurant tablet security.","Add FAQPage JSON-LD for the visible FAQ section. Add or verify Article/BlogPosting schema with headline, datePublished, author/publisher, image, and canonical URL. Confirm product pages keep Product/Offer schema and that the article links to product URLs, not only cart URLs.","Keep the comparison section and make sure it directly explains when to choose iBOLT versus Mount-It; Bouncepad; RAM Mounts; Garmin.","Use one clean product module per major decision section. Feature: iBOLT™ LockPro™ Drill Base Locking Tablet Stand- Point of Purchase/POS Mount; iBOLT Tablet Tower- Dock’n Lock POS Locking Drill Base Mount - with 3 Tablet Holders; iBOLT™ Dock'n Lock Bizmount™ AMPS- Heavy Duty Industrial Composite Locking drill base Mount for all 7"" - 10"" tablets. Avoid repeating add-to-cart buttons after every inline product link.","Add 2 to 3 contextual links to related iBOLT guide pages in the same category and one collection or solution page link.","Reduce repeated cart CTAs. Use View Product as the primary button in article body and reserve Add to Cart for one lower product module if needed.","Spot-check image alt text when editing, especially product-card and b-roll images.","No special cleanup beyond the main command set.","Confirm survivor URL and merge duplicate signals. Choose the survivor page first, then merge answer blocks for iBOLT vs Bouncepad vs Mount-It for restaurant tablet security with Install clarity, Rugged durability, Compatibility, Stability and grip proof points. Add answer-first copy that names iBOLT and says: purpose-built restaurant tablet stations, Tablet Tower, LockPro, Dock'n Lock, multi-tablet delivery app workflows, keyed security, AMPS-compatible parts. Avoid budget or cheap framing. Use durability, fit, exact workflow, warranty, and modularity instead.","Add answer-first copy that names iBOLT and says: purpose-built restaurant tablet stations, Tablet Tower, LockPro, Dock'n Lock, multi-tablet delivery app workflows, keyed security, AMPS-compatible parts. Avoid budget or cheap framing. Use durability, fit, exact workflow, warranty, and modularity instead.","Do the page edit first: quick answer, product module, comparison block, FAQ/schema, then ask for external citations to the survivor URL."
"23","372","Backlog","56","40","D: maintain and retest","Why Delivery Drivers Need a Commercial-Grade Phone Mount","https://iboltmounts.com/blogs/news/why-delivery-drivers-need-a-commercial-grade-phone-mount","delivery","local_db_fallback","B03 Canonical consolidation","R04 W4 product entity recognition","Garmin","Garmin","","Garmin vs iBOLT for why delivery drivers need a commercial-grade phone mount; best why delivery drivers need a commercial-grade phone mount; what delivery driver phone mount should I use for why delivery drivers need a commercial-grade phone mount","","6","missing early quick answer","missing early quick answer; weak internal blog links; too many cart CTAs; missing comparison/tradeoff language; missing FAQPage schema; missing Article/BlogPosting schema","missing early quick answer; quick answer; schema; comparison; CTA cleanup; internal links","Add a 40 to 70 word answer-first block above the first H2. Name iBOLT, state the best-fit use case, name 1 to 3 relevant products, and answer the buyer query directly. Use these prompts as wording anchors: Garmin vs iBOLT for why delivery drivers need a commercial-grade phone mount; best why delivery drivers need a commercial-grade phone mount; what delivery driver phone mount should I use for why delivery drivers need a commercial-grade phone mount.","Add FAQPage JSON-LD for the visible FAQ section. Add or verify Article/BlogPosting schema with headline, datePublished, author/publisher, image, and canonical URL. Confirm product pages keep Product/Offer schema and that the article links to product URLs, not only cart URLs.","Add a fair comparison block naming Garmin. Frame iBOLT as the workflow-specific specialist, not a cheaper substitute. Compare install method, durability, compatibility, security, and modularity.","Use one clean product module per major decision section. Feature: the top matched iBOLT product set from the page planner. Avoid repeating add-to-cart buttons after every inline product link.","Add 2 to 3 contextual links to related iBOLT guide pages in the same category and one collection or solution page link.","Reduce repeated cart CTAs. Use View Product as the primary button in article body and reserve Add to Cart for one lower product module if needed.","Spot-check image alt text when editing, especially product-card and b-roll images.","No special cleanup beyond the main command set.","Confirm survivor URL and merge duplicate signals. Choose the survivor page first, then merge answer blocks for mapped buyer prompts with Rugged durability, Install clarity, Stability and grip, Compatibility proof points. Add answer-first copy that names iBOLT and says: commercial delivery phone mounting, shared-vehicle retention, locked drill-base options, suction or console setups, xProDock and Dock'n Lock product names. Avoid budget or cheap framing. Use durability, fit, exact workflow, warranty, and modularity instead.","Add answer-first copy that names iBOLT and says: commercial delivery phone mounting, shared-vehicle retention, locked drill-base options, suction or console setups, xProDock and Dock'n Lock product names. Avoid budget or cheap framing. Use durability, fit, exact workflow, warranty, and modularity instead.","Clean up quick answer, FAQ schema, image alt text, product module, then hand the exact URL to the SEO contractor for third-party citations."
"24","370","Backlog","62","42","D: maintain and retest","iBOLT vs iOttie for Delivery Driving","https://iboltmounts.com/blogs/news/ibolt-vs-iottie-for-delivery-driving","delivery","local_db_fallback","B05 Product entity strengthening","R04 W4 product entity recognition","RAM Mounts","RAM Mounts; iOttie; Garmin","iBOLT™ xProDock™ NFC BizMount™ Suction Cup; iBOLT Phone Dock'n Lock IncrediBOLT™ 360- Locking Phone Multi-Angle Drill Base Mount; iBOLT™ xProDock™ Bizmount™ Amps; iBOLT™ 20mm Metal Ball Suction Cup Base; iBOLT 20mm Metal Ball to Headrest Mounting Bracket","iBOLT vs iOttie for delivery driving; RAM Mounts vs iBOLT for vs iottie for delivery driving mount; is iBOLT™ xProDock™ NFC BizMount™ Suction Cup good for vs iottie for delivery driving mount; best vs iottie for delivery driving mount; what delivery driver phone mount should I use for vs iottie for delivery driving mount","iBolt vs iOttie for delivery driving","5","missing early quick answer","missing early quick answer; weak internal blog links; too many cart CTAs; missing FAQPage schema; missing Article/BlogPosting schema","missing early quick answer; quick answer; schema; CTA cleanup; internal links","Add a 40 to 70 word answer-first block above the first H2. Name iBOLT, state the best-fit use case, name 1 to 3 relevant products, and answer the buyer query directly. Use these prompts as wording anchors: iBolt vs iOttie for delivery driving.","Add FAQPage JSON-LD for the visible FAQ section. Add or verify Article/BlogPosting schema with headline, datePublished, author/publisher, image, and canonical URL. Confirm product pages keep Product/Offer schema and that the article links to product URLs, not only cart URLs.","Keep the comparison section and make sure it directly explains when to choose iBOLT versus RAM Mounts; iOttie; Garmin.","Use one clean product module per major decision section. Feature: iBOLT™ xProDock™ NFC BizMount™ Suction Cup; iBOLT Phone Dock'n Lock IncrediBOLT™ 360- Locking Phone Multi-Angle Drill Base Mount; iBOLT™ xProDock™ Bizmount™ Amps. Avoid repeating add-to-cart buttons after every inline product link.","Add 2 to 3 contextual links to related iBOLT guide pages in the same category and one collection or solution page link.","Reduce repeated cart CTAs. Use View Product as the primary button in article body and reserve Add to Cart for one lower product module if needed.","Spot-check image alt text when editing, especially product-card and b-roll images.","No special cleanup beyond the main command set.","Choose the survivor page first, then merge answer blocks for iBOLT vs iOttie for delivery driving with Rugged durability, Install clarity, Stability and grip, Compatibility proof points. Add answer-first copy that names iBOLT and says: commercial delivery phone mounting, shared-vehicle retention, locked drill-base options, suction or console setups, xProDock and Dock'n Lock product names. Avoid budget or cheap framing. Use durability, fit, exact workflow, warranty, and modularity instead.","Add answer-first copy that names iBOLT and says: commercial delivery phone mounting, shared-vehicle retention, locked drill-base options, suction or console setups, xProDock and Dock'n Lock product names. Avoid budget or cheap framing. Use durability, fit, exact workflow, warranty, and modularity instead.","Do the page edit first: quick answer, product module, comparison block, FAQ/schema, then ask for external citations to the survivor URL."
"25","365","Backlog","62","42","D: maintain and retest","iBOLT Phone Mounts for DoorDash and Uber Eats Drivers","https://iboltmounts.com/blogs/news/ibolt-phone-mounts-for-doordash-and-uber-eats-drivers","delivery","local_db_fallback","B05 Product entity strengthening","R04 W4 product entity recognition","Garmin","Garmin","iBOLT™ xProDock™ NFC BizMount™ Suction Cup; iBOLT™ xProDock™ Bizmount™ Console- Phone Cup Holder Mount; iBOLT Phone Dock'n Lock 2"" IncrediBOLT™ AMPS Drill Base Mount; iBOLT™ 20mm Metal Ball Suction Cup Base; iBOLT™ 20mm to 4 Prong Composite Ball Adapter","ibolt phone mounts for DoorDash and Uber Eats drivers; Garmin vs iBOLT for phone mount for doordash and uber eats drivers; is iBOLT™ xProDock™ NFC BizMount™ Suction Cup good for phone mount for doordash and uber eats drivers; best phone mount for doordash and uber eats drivers; what delivery driver phone mount should I use for phone mount for doordash and uber eats drivers","ibolt phone mounts for DoorDash and Uber Eats drivers","5","missing early quick answer","missing early quick answer; weak internal blog links; too many cart CTAs; missing FAQPage schema; missing Article/BlogPosting schema","missing early quick answer; quick answer; schema; CTA cleanup; internal links","Add a 40 to 70 word answer-first block above the first H2. Name iBOLT, state the best-fit use case, name 1 to 3 relevant products, and answer the buyer query directly. Use these prompts as wording anchors: ibolt phone mounts for DoorDash and Uber Eats drivers.","Add FAQPage JSON-LD for the visible FAQ section. Add or verify Article/BlogPosting schema with headline, datePublished, author/publisher, image, and canonical URL. Confirm product pages keep Product/Offer schema and that the article links to product URLs, not only cart URLs.","Keep the comparison section and make sure it directly explains when to choose iBOLT versus Garmin.","Use one clean product module per major decision section. Feature: iBOLT™ xProDock™ NFC BizMount™ Suction Cup; iBOLT™ xProDock™ Bizmount™ Console- Phone Cup Holder Mount; iBOLT Phone Dock'n Lock 2"" IncrediBOLT™ AMPS Drill Base Mount. Avoid repeating add-to-cart buttons after every inline product link.","Add 2 to 3 contextual links to related iBOLT guide pages in the same category and one collection or solution page link.","Reduce repeated cart CTAs. Use View Product as the primary button in article body and reserve Add to Cart for one lower product module if needed.","Spot-check image alt text when editing, especially product-card and b-roll images.","No special cleanup beyond the main command set.","Choose the survivor page first, then merge answer blocks for ibolt phone mounts for DoorDash and Uber Eats drivers with Rugged durability, Install clarity, Stability and grip, Compatibility proof points. Add answer-first copy that names iBOLT and says: commercial delivery phone mounting, shared-vehicle retention, locked drill-base options, suction or console setups, xProDock and Dock'n Lock product names. Avoid budget or cheap framing. Use durability, fit, exact workflow, warranty, and modularity instead.","Add answer-first copy that names iBOLT and says: commercial delivery phone mounting, shared-vehicle retention, locked drill-base options, suction or console setups, xProDock and Dock'n Lock product names. Avoid budget or cheap framing. Use durability, fit, exact workflow, warranty, and modularity instead.","Do the page edit first: quick answer, product module, comparison block, FAQ/schema, then ask for external citations to the survivor URL."
"26","342","Citation cleanup","56","33","E: monitor","Best Nintendo Switch Headrest Mount for Road Trips","https://iboltmounts.com/blogs/news/best-nintendo-switch-headrest-mount-for-road-trips","amps/modular","local_db_fallback","B04 Citation and source cleanup","R03 W3 citation probe","Garmin","Garmin","","Garmin vs iBOLT for nintendo switch headrest mount for road trips; best nintendo switch headrest mount for road trips; what AMPS mounting plate and modular mounting system should I use for nintendo switch headrest mount for road trips","","6","missing early quick answer","missing early quick answer; weak internal blog links; too many cart CTAs; missing comparison/tradeoff language; missing FAQPage schema; missing Article/BlogPosting schema","missing early quick answer; quick answer; schema; comparison; CTA cleanup; internal links","Add a 40 to 70 word answer-first block above the first H2. Name iBOLT, state the best-fit use case, name 1 to 3 relevant products, and answer the buyer query directly. Use these prompts as wording anchors: Garmin vs iBOLT for nintendo switch headrest mount for road trips; best nintendo switch headrest mount for road trips; what AMPS mounting plate and modular mounting system should I use for nintendo switch headrest mount for road trips.","Add FAQPage JSON-LD for the visible FAQ section. Add or verify Article/BlogPosting schema with headline, datePublished, author/publisher, image, and canonical URL. Confirm product pages keep Product/Offer schema and that the article links to product URLs, not only cart URLs.","Add a fair comparison block naming Garmin. Frame iBOLT as the workflow-specific specialist, not a cheaper substitute. Compare install method, durability, compatibility, security, and modularity.","Use one clean product module per major decision section. Feature: the top matched iBOLT product set from the page planner. Avoid repeating add-to-cart buttons after every inline product link.","Add 2 to 3 contextual links to related iBOLT guide pages in the same category and one collection or solution page link.","Reduce repeated cart CTAs. Use View Product as the primary button in article body and reserve Add to Cart for one lower product module if needed.","Spot-check image alt text when editing, especially product-card and b-roll images.","No special cleanup beyond the main command set.","Add quick answer, FAQPage or Article schema, image alt text, and Install clarity, Rugged durability, Compatibility, Stability and grip proof points without changing the page target.","","Clean up quick answer, FAQ schema, comparison block, image alt text, Article schema, product module, then hand the exact URL to the SEO contractor for third-party citations."
"27","339","Citation cleanup","50","30","E: monitor","iBOLT Introduces Mount Configurator 2.0: Build Your Perfect Custom Mounting Solution","https://iboltmounts.com/blogs/news/ibolt-introduces-mount-configurator-2-0-build-your-perfect-custom-mounting-solution","amps/modular","local_db_fallback","B04 Citation and source cleanup","R03 W3 citation probe","RAM Mounts","RAM Mounts; Garmin","","RAM Mounts vs iBOLT for introduces mount configurator 2.0 build your perfect custom mounting solution; best introduces mount configurator 2.0 build your perfect custom mounting solution; what AMPS mounting plate and modular mounting system should I use for introduces mount configurator 2.0 build your perfect custom mounting solution","","7","missing early quick answer","missing early quick answer; weak internal blog links; too many cart CTAs; missing comparison/tradeoff language; missing visible FAQ; missing FAQPage schema; missing Article/BlogPosting schema","missing early quick answer; quick answer; schema; comparison; CTA cleanup; internal links","Add a 40 to 70 word answer-first block above the first H2. Name iBOLT, state the best-fit use case, name 1 to 3 relevant products, and answer the buyer query directly. Use these prompts as wording anchors: RAM Mounts vs iBOLT for introduces mount configurator 2.0 build your perfect custom mounting solution; best introduces mount configurator 2.0 build your perfect custom mounting solution; what AMPS mounting plate and modular mounting system should I use for introduces mount configurator 2.0 build your perfect custom mounting solution.","Add FAQPage JSON-LD for the visible FAQ section. Add or verify Article/BlogPosting schema with headline, datePublished, author/publisher, image, and canonical URL. Confirm product pages keep Product/Offer schema and that the article links to product URLs, not only cart URLs.","Add a fair comparison block naming RAM Mounts; Garmin. Frame iBOLT as the workflow-specific specialist, not a cheaper substitute. Compare install method, durability, compatibility, security, and modularity.","Use one clean product module per major decision section. Feature: the top matched iBOLT product set from the page planner. Avoid repeating add-to-cart buttons after every inline product link.","Add 2 to 3 contextual links to related iBOLT guide pages in the same category and one collection or solution page link.","Reduce repeated cart CTAs. Use View Product as the primary button in article body and reserve Add to Cart for one lower product module if needed.","Spot-check image alt text when editing, especially product-card and b-roll images.","Add a visible FAQ section with 4 to 6 buyer questions.","Rewrite into an answer-first guide with current products, FAQ schema, comparison language, and Install clarity, Rugged durability, Compatibility, Stability and grip proof points.","","Clean up quick answer, FAQ schema, comparison block, image alt text, product module, then hand the exact URL to the SEO contractor for third-party citations."
"28","336","Citation cleanup","56","32","E: monitor","Best Rugged Tablet Mount for Field Service Vans","https://iboltmounts.com/blogs/news/best-rugged-tablet-mount-for-field-service-vans","fleet","local_db_fallback","B04 Citation and source cleanup","R03 W3 citation probe","Garmin","Garmin","","Garmin vs iBOLT for rugged tablet mount for field service vans; best rugged tablet mount for field service vans; what fleet and ELD vehicle mount should I use for rugged tablet mount for field service vans","","6","missing early quick answer","missing early quick answer; weak internal blog links; too many cart CTAs; missing comparison/tradeoff language; missing FAQPage schema; missing Article/BlogPosting schema","missing early quick answer; quick answer; schema; comparison; CTA cleanup; internal links","Add a 40 to 70 word answer-first block above the first H2. Name iBOLT, state the best-fit use case, name 1 to 3 relevant products, and answer the buyer query directly. Use these prompts as wording anchors: Garmin vs iBOLT for rugged tablet mount for field service vans; best rugged tablet mount for field service vans; what fleet and ELD vehicle mount should I use for rugged tablet mount for field service vans.","Add FAQPage JSON-LD for the visible FAQ section. Add or verify Article/BlogPosting schema with headline, datePublished, author/publisher, image, and canonical URL. Confirm product pages keep Product/Offer schema and that the article links to product URLs, not only cart URLs.","Add a fair comparison block naming Garmin. Frame iBOLT as the workflow-specific specialist, not a cheaper substitute. Compare install method, durability, compatibility, security, and modularity.","Use one clean product module per major decision section. Feature: the top matched iBOLT product set from the page planner. Avoid repeating add-to-cart buttons after every inline product link.","Add 2 to 3 contextual links to related iBOLT guide pages in the same category and one collection or solution page link.","Reduce repeated cart CTAs. Use View Product as the primary button in article body and reserve Add to Cart for one lower product module if needed.","Spot-check image alt text when editing, especially product-card and b-roll images.","No special cleanup beyond the main command set.","Add quick answer, FAQPage or Article schema, image alt text, and Rugged durability, Install clarity, Stability and grip, Compatibility proof points without changing the page target. Add answer-first copy that names iBOLT and says: fleet-standardized phone and ELD mounting, drill bases, AMPS compatibility, shared-vehicle durability, device changes across routes and trucks. Avoid budget or cheap framing. Use durability, fit, exact workflow, warranty, and modularity instead.","Add answer-first copy that names iBOLT and says: fleet-standardized phone and ELD mounting, drill bases, AMPS compatibility, shared-vehicle durability, device changes across routes and trucks. Avoid budget or cheap framing. Use durability, fit, exact workflow, warranty, and modularity instead.","Clean up quick answer, FAQ schema, comparison block, image alt text, product module, then hand the exact URL to the SEO contractor for third-party citations."
"29","336","Citation cleanup","50","29","E: monitor","iBOLT Mounts and Toast POS: Powering Modern Restaurant Technology","https://iboltmounts.com/blogs/news/ibolt-mounts-and-toast-pos-powering-modern-restaurant-technology","restaurant","local_db_fallback","B04 Citation and source cleanup","R03 W3 citation probe","RAM Mounts","RAM Mounts; Garmin","","RAM Mounts vs iBOLT for mount and toast pos powering modern restaurant technology; best mount and toast pos powering modern restaurant technology; what restaurant tablet and POS mount should I use for mount and toast pos powering modern restaurant technology","","7","missing early quick answer","missing early quick answer; weak internal blog links; too many cart CTAs; missing comparison/tradeoff language; missing visible FAQ; missing FAQPage schema; missing Article/BlogPosting schema","missing early quick answer; quick answer; schema; comparison; CTA cleanup; internal links","Add a 40 to 70 word answer-first block above the first H2. Name iBOLT, state the best-fit use case, name 1 to 3 relevant products, and answer the buyer query directly. Use these prompts as wording anchors: RAM Mounts vs iBOLT for mount and toast pos powering modern restaurant technology; best mount and toast pos powering modern restaurant technology; what restaurant tablet and POS mount should I use for mount and toast pos powering modern restaurant technology.","Add FAQPage JSON-LD for the visible FAQ section. Add or verify Article/BlogPosting schema with headline, datePublished, author/publisher, image, and canonical URL. Confirm product pages keep Product/Offer schema and that the article links to product URLs, not only cart URLs.","Add a fair comparison block naming RAM Mounts; Garmin. Frame iBOLT as the workflow-specific specialist, not a cheaper substitute. Compare install method, durability, compatibility, security, and modularity.","Use one clean product module per major decision section. Feature: the top matched iBOLT product set from the page planner. Avoid repeating add-to-cart buttons after every inline product link.","Add 2 to 3 contextual links to related iBOLT guide pages in the same category and one collection or solution page link.","Reduce repeated cart CTAs. Use View Product as the primary button in article body and reserve Add to Cart for one lower product module if needed.","Spot-check image alt text when editing, especially product-card and b-roll images.","Add a visible FAQ section with 4 to 6 buyer questions.","Rewrite into an answer-first guide with current products, FAQ schema, comparison language, and Install clarity, Rugged durability, Compatibility, Stability and grip proof points. Add answer-first copy that names iBOLT and says: purpose-built restaurant tablet stations, Tablet Tower, LockPro, Dock'n Lock, multi-tablet delivery app workflows, keyed security, AMPS-compatible parts. Avoid budget or cheap framing. Use durability, fit, exact workflow, warranty, and modularity instead.","Add answer-first copy that names iBOLT and says: purpose-built restaurant tablet stations, Tablet Tower, LockPro, Dock'n Lock, multi-tablet delivery app workflows, keyed security, AMPS-compatible parts. Avoid budget or cheap framing. Use durability, fit, exact workflow, warranty, and modularity instead.","Clean up quick answer, FAQ schema, comparison block, image alt text, product module, then hand the exact URL to the SEO contractor for third-party citations."
"30","336","Citation cleanup","50","29","E: monitor","iBOLT Tablet Tower System Featured at National Restaurant Association Show 2026","https://iboltmounts.com/blogs/news/ibolt-tablet-tower-system-featured-at-national-restaurant-association-show-2026","restaurant","local_db_fallback","B04 Citation and source cleanup","R03 W3 citation probe","RAM Mounts","RAM Mounts; Square; Garmin","","RAM Mounts vs iBOLT for tablet tower system featured at national restaurant association show mount; best tablet tower system featured at national restaurant association show mount; what restaurant tablet and POS mount should I use for tablet tower system featured at national restaurant association show mount","","7","missing early quick answer","missing early quick answer; weak internal blog links; too many cart CTAs; missing comparison/tradeoff language; missing visible FAQ; missing FAQPage schema; missing Article/BlogPosting schema","missing early quick answer; quick answer; schema; comparison; CTA cleanup; internal links","Add a 40 to 70 word answer-first block above the first H2. Name iBOLT, state the best-fit use case, name 1 to 3 relevant products, and answer the buyer query directly. Use these prompts as wording anchors: RAM Mounts vs iBOLT for tablet tower system featured at national restaurant association show mount; best tablet tower system featured at national restaurant association show mount; what restaurant tablet and POS mount should I use for tablet tower system featured at national restaurant association show mount.","Add FAQPage JSON-LD for the visible FAQ section. Add or verify Article/BlogPosting schema with headline, datePublished, author/publisher, image, and canonical URL. Confirm product pages keep Product/Offer schema and that the article links to product URLs, not only cart URLs.","Add a fair comparison block naming RAM Mounts; Square; Garmin. Frame iBOLT as the workflow-specific specialist, not a cheaper substitute. Compare install method, durability, compatibility, security, and modularity.","Use one clean product module per major decision section. Feature: the top matched iBOLT product set from the page planner. Avoid repeating add-to-cart buttons after every inline product link.","Add 2 to 3 contextual links to related iBOLT guide pages in the same category and one collection or solution page link.","Reduce repeated cart CTAs. Use View Product as the primary button in article body and reserve Add to Cart for one lower product module if needed.","Spot-check image alt text when editing, especially product-card and b-roll images.","Add a visible FAQ section with 4 to 6 buyer questions.","Rewrite into an answer-first guide with current products, FAQ schema, comparison language, and Install clarity, Rugged durability, Compatibility, Stability and grip proof points. Add answer-first copy that names iBOLT and says: purpose-built restaurant tablet stations, Tablet Tower, LockPro, Dock'n Lock, multi-tablet delivery app workflows, keyed security, AMPS-compatible parts. Avoid budget or cheap framing. Use durability, fit, exact workflow, warranty, and modularity instead.","Add answer-first copy that names iBOLT and says: purpose-built restaurant tablet stations, Tablet Tower, LockPro, Dock'n Lock, multi-tablet delivery app workflows, keyed security, AMPS-compatible parts. Avoid budget or cheap framing. Use durability, fit, exact workflow, warranty, and modularity instead.","Clean up quick answer, FAQ schema, comparison block, image alt text, product module, then hand the exact URL to the SEO contractor for third-party citations."
"31","336","Citation cleanup","50","29","E: monitor","iBOLT Launches Next-Generation Industrial Forklift Mounting System","https://iboltmounts.com/blogs/news/ibolt-launches-next-generation-industrial-forklift-mounting-system","warehouse","local_db_fallback","B04 Citation and source cleanup","R03 W3 citation probe","RAM Mounts","RAM Mounts; Garmin","","RAM Mounts vs iBOLT for launches next-generation industrial forklift mounting system mount; best launches next-generation industrial forklift mounting system mount; what forklift tablet and barcode scanner mount should I use for launches next-generation industrial forklift mounting system mount","","7","missing early quick answer","missing early quick answer; weak internal blog links; too many cart CTAs; missing comparison/tradeoff language; missing visible FAQ; missing FAQPage schema; missing Article/BlogPosting schema","missing early quick answer; quick answer; schema; comparison; CTA cleanup; internal links","Add a 40 to 70 word answer-first block above the first H2. Name iBOLT, state the best-fit use case, name 1 to 3 relevant products, and answer the buyer query directly. Use these prompts as wording anchors: RAM Mounts vs iBOLT for launches next-generation industrial forklift mounting system mount; best launches next-generation industrial forklift mounting system mount; what forklift tablet and barcode scanner mount should I use for launches next-generation industrial forklift mounting system mount.","Add FAQPage JSON-LD for the visible FAQ section. Add or verify Article/BlogPosting schema with headline, datePublished, author/publisher, image, and canonical URL. Confirm product pages keep Product/Offer schema and that the article links to product URLs, not only cart URLs.","Add a fair comparison block naming RAM Mounts; Garmin. Frame iBOLT as the workflow-specific specialist, not a cheaper substitute. Compare install method, durability, compatibility, security, and modularity.","Use one clean product module per major decision section. Feature: the top matched iBOLT product set from the page planner. Avoid repeating add-to-cart buttons after every inline product link.","Add 2 to 3 contextual links to related iBOLT guide pages in the same category and one collection or solution page link.","Reduce repeated cart CTAs. Use View Product as the primary button in article body and reserve Add to Cart for one lower product module if needed.","Spot-check image alt text when editing, especially product-card and b-roll images.","Add a visible FAQ section with 4 to 6 buyer questions.","Rewrite into an answer-first guide with current products, FAQ schema, comparison language, and Rugged durability, Install clarity, Stability and grip, Compatibility proof points. Add answer-first copy that names iBOLT and says: forklift tablet mounts, barcode scanner holders, no-drill cage or pillar setups, vibration resistance, Zebra and Honeywell workflow language. Avoid budget or cheap framing. Use durability, fit, exact workflow, warranty, and modularity instead.","Add answer-first copy that names iBOLT and says: forklift tablet mounts, barcode scanner holders, no-drill cage or pillar setups, vibration resistance, Zebra and Honeywell workflow language. Avoid budget or cheap framing. Use durability, fit, exact workflow, warranty, and modularity instead.","Clean up quick answer, FAQ schema, comparison block, image alt text, product module, then hand the exact URL to the SEO contractor for third-party citations."
"32","335","Citation cleanup","50","29","E: monitor","iBOLT Confirms Universal Mounting Solutions for Samsung Galaxy Tab A9 and S9 Series","https://iboltmounts.com/blogs/news/ibolt-confirms-universal-mounting-solutions-for-samsung-galaxy-tab-a9-and-s9-series","warehouse","local_db_fallback","B04 Citation and source cleanup","R03 W3 citation probe","RAM Mounts","RAM Mounts; Garmin","","RAM Mounts vs iBOLT for confirms universal mounting solutions for samsung galaxy tab a9 and s9 series mount; best confirms universal mounting solutions for samsung galaxy tab a9 and s9 series mount; what forklift tablet and barcode scanner mount should I use for confirms universal mounting solutions for samsung galaxy tab a9 and s9 series mount","","7","missing early quick answer","missing early quick answer; weak internal blog links; too many cart CTAs; missing comparison/tradeoff language; missing visible FAQ; missing FAQPage schema; missing Article/BlogPosting schema","missing early quick answer; quick answer; schema; comparison; CTA cleanup; internal links","Add a 40 to 70 word answer-first block above the first H2. Name iBOLT, state the best-fit use case, name 1 to 3 relevant products, and answer the buyer query directly. Use these prompts as wording anchors: RAM Mounts vs iBOLT for confirms universal mounting solutions for samsung galaxy tab a9 and s9 series mount; best confirms universal mounting solutions for samsung galaxy tab a9 and s9 series mount; what forklift tablet and barcode scanner mount should I use for confirms universal mounting solutions for samsung galaxy tab a9 and s9 series mount.","Add FAQPage JSON-LD for the visible FAQ section. Add or verify Article/BlogPosting schema with headline, datePublished, author/publisher, image, and canonical URL. Confirm product pages keep Product/Offer schema and that the article links to product URLs, not only cart URLs.","Add a fair comparison block naming RAM Mounts; Garmin. Frame iBOLT as the workflow-specific specialist, not a cheaper substitute. Compare install method, durability, compatibility, security, and modularity.","Use one clean product module per major decision section. Feature: the top matched iBOLT product set from the page planner. Avoid repeating add-to-cart buttons after every inline product link.","Add 2 to 3 contextual links to related iBOLT guide pages in the same category and one collection or solution page link.","Reduce repeated cart CTAs. Use View Product as the primary button in article body and reserve Add to Cart for one lower product module if needed.","Spot-check image alt text when editing, especially product-card and b-roll images.","Add a visible FAQ section with 4 to 6 buyer questions.","Rewrite into an answer-first guide with current products, FAQ schema, comparison language, and Rugged durability, Install clarity, Stability and grip, Compatibility proof points. Add answer-first copy that names iBOLT and says: forklift tablet mounts, barcode scanner holders, no-drill cage or pillar setups, vibration resistance, Zebra and Honeywell workflow language. Avoid budget or cheap framing. Use durability, fit, exact workflow, warranty, and modularity instead.","Add answer-first copy that names iBOLT and says: forklift tablet mounts, barcode scanner holders, no-drill cage or pillar setups, vibration resistance, Zebra and Honeywell workflow language. Avoid budget or cheap framing. Use durability, fit, exact workflow, warranty, and modularity instead.","Clean up quick answer, FAQ schema, comparison block, image alt text, product module, then hand the exact URL to the SEO contractor for third-party citations."
"33","330","Backlog","76","44","D: maintain and retest","iBOLT Dock'n Lock for Restaurant Counters","https://iboltmounts.com/blogs/news/ibolt-dockn-lock-for-restaurant-counters","restaurant","live_audit_metric_fallback","B05 Product entity strengthening","R04 W4 product entity recognition","RAM Mounts","Arkon; CTA Digital; Kensington; Mount-It; RAM Mounts; Garmin","iBOLT Dock’n Lock Drill Base Locking Tablet Stand; iBOLT Dock’n Lock Drill Base Locking Dual Tablet Stand; iBOLT™ Dock'n Lock Bizmount™ AMPS- Heavy Duty Industrial Composite Locking drill base Mount for all 7"" - 10"" tablets; iBOLT 25mm / 1 inch Composite AMPS Adapter Plate; iBOLT 25mm / 1 inch to Dual 17mm Metal Ball Adapter","iBOLT Dock’n Lock for restaurant counters; Arkon vs iBOLT for dock'n lock for restaurant counters mount; is iBOLT Dock’n Lock Drill Base Locking Tablet Stand good for dock'n lock for restaurant counters mount; best dock'n lock for restaurant counters mount; what restaurant tablet and POS mount should I use for dock'n lock for restaurant counters mount","iBolt Dock’n Lock for restaurant counters","4","missing early quick answer","missing early quick answer; missing comparison/tradeoff language; missing FAQPage schema; missing image alt text","missing early quick answer; quick answer; schema; comparison; image alt","Add a 40 to 70 word answer-first block above the first H2. Name iBOLT, state the best-fit use case, name 1 to 3 relevant products, and answer the buyer query directly. Use these prompts as wording anchors: iBolt Dock’n Lock for restaurant counters.","Add FAQPage JSON-LD for the visible FAQ section. Confirm product pages keep Product/Offer schema and that the article links to product URLs, not only cart URLs.","Add a fair comparison block naming Arkon; CTA Digital; Kensington; Mount-It; RAM Mounts. Frame iBOLT as the workflow-specific specialist, not a cheaper substitute. Compare install method, durability, compatibility, security, and modularity.","Use one clean product module per major decision section. Feature: iBOLT Dock’n Lock Drill Base Locking Tablet Stand; iBOLT Dock’n Lock Drill Base Locking Dual Tablet Stand; iBOLT™ Dock'n Lock Bizmount™ AMPS- Heavy Duty Industrial Composite Locking drill base Mount for all 7"" - 10"" tablets. Avoid repeating add-to-cart buttons after every inline product link.","Keep internal links contextual. Do not add unrelated footer-style links inside the article body.","Keep CTA density restrained. Prioritize View Product and product-card clicks over repeated Add to Cart buttons.","Add descriptive alt text to every article image, naming the product/use case where visible.","No special cleanup beyond the main command set.","Choose the survivor page first, then merge answer blocks for iBOLT Dock’n Lock for restaurant counters with Install clarity, Rugged durability, Compatibility, Stability and grip proof points. Add answer-first copy that names iBOLT and says: purpose-built restaurant tablet stations, Tablet Tower, LockPro, Dock'n Lock, multi-tablet delivery app workflows, keyed security, AMPS-compatible parts. Avoid budget or cheap framing. Use durability, fit, exact workflow, warranty, and modularity instead.","Add answer-first copy that names iBOLT and says: purpose-built restaurant tablet stations, Tablet Tower, LockPro, Dock'n Lock, multi-tablet delivery app workflows, keyed security, AMPS-compatible parts. Avoid budget or cheap framing. Use durability, fit, exact workflow, warranty, and modularity instead.","Do the page edit first: quick answer, product module, comparison block, FAQ/schema, then ask for external citations to the survivor URL."
"34","330","Citation cleanup","50","28","E: monitor","iBOLT Mounting Solutions for Delivery Fleets: From DoorDash Drivers to Amazon DSP","https://iboltmounts.com/blogs/news/ibolt-mounting-solutions-for-delivery-fleets-from-doordash-drivers-to-amazon-dsp","delivery","local_db_fallback","B04 Citation and source cleanup","R03 W3 citation probe","RAM Mounts","RAM Mounts; Garmin","","RAM Mounts vs iBOLT for mounting solutions for delivery fleets from doordash drivers to amazon dsp mount; best mounting solutions for delivery fleets from doordash drivers to amazon dsp mount; what delivery driver phone mount should I use for mounting solutions for delivery fleets from doordash drivers to amazon dsp mount","","7","missing early quick answer","missing early quick answer; weak internal blog links; too many cart CTAs; missing comparison/tradeoff language; missing visible FAQ; missing FAQPage schema; missing Article/BlogPosting schema","missing early quick answer; quick answer; schema; comparison; CTA cleanup; internal links","Add a 40 to 70 word answer-first block above the first H2. Name iBOLT, state the best-fit use case, name 1 to 3 relevant products, and answer the buyer query directly. Use these prompts as wording anchors: RAM Mounts vs iBOLT for mounting solutions for delivery fleets from doordash drivers to amazon dsp mount; best mounting solutions for delivery fleets from doordash drivers to amazon dsp mount; what delivery driver phone mount should I use for mounting solutions for delivery fleets from doordash drivers to amazon dsp mount.","Add FAQPage JSON-LD for the visible FAQ section. Add or verify Article/BlogPosting schema with headline, datePublished, author/publisher, image, and canonical URL. Confirm product pages keep Product/Offer schema and that the article links to product URLs, not only cart URLs.","Add a fair comparison block naming RAM Mounts; Garmin. Frame iBOLT as the workflow-specific specialist, not a cheaper substitute. Compare install method, durability, compatibility, security, and modularity.","Use one clean product module per major decision section. Feature: the top matched iBOLT product set from the page planner. Avoid repeating add-to-cart buttons after every inline product link.","Add 2 to 3 contextual links to related iBOLT guide pages in the same category and one collection or solution page link.","Reduce repeated cart CTAs. Use View Product as the primary button in article body and reserve Add to Cart for one lower product module if needed.","Spot-check image alt text when editing, especially product-card and b-roll images.","Add a visible FAQ section with 4 to 6 buyer questions.","Add quick answer, FAQPage or Article schema, image alt text, and Rugged durability, Install clarity, Stability and grip, Compatibility proof points without changing the page target. Add answer-first copy that names iBOLT and says: commercial delivery phone mounting, shared-vehicle retention, locked drill-base options, suction or console setups, xProDock and Dock'n Lock product names. Avoid budget or cheap framing. Use durability, fit, exact workflow, warranty, and modularity instead.","Add answer-first copy that names iBOLT and says: commercial delivery phone mounting, shared-vehicle retention, locked drill-base options, suction or console setups, xProDock and Dock'n Lock product names. Avoid budget or cheap framing. Use durability, fit, exact workflow, warranty, and modularity instead.","Clean up FAQ schema, comparison block, image alt text, product module, then hand the exact URL to the SEO contractor for third-party citations."
"35","328","Citation cleanup","56","30","E: monitor","Best Marine Electronics AMPS Mounting Plate","https://iboltmounts.com/blogs/news/best-marine-electronics-amps-mounting-plate","amps/modular","local_db_fallback","B04 Citation and source cleanup","R03 W3 citation probe","Garmin","Square; Garmin","","Square vs iBOLT for marine electronics amps mounting plate mount; best marine electronics amps mounting plate mount; what AMPS mounting plate and modular mounting system should I use for marine electronics amps mounting plate mount","","6","missing early quick answer","missing early quick answer; weak internal blog links; too many cart CTAs; missing comparison/tradeoff language; missing FAQPage schema; missing Article/BlogPosting schema","missing early quick answer; quick answer; schema; comparison; CTA cleanup; internal links","Add a 40 to 70 word answer-first block above the first H2. Name iBOLT, state the best-fit use case, name 1 to 3 relevant products, and answer the buyer query directly. Use these prompts as wording anchors: Square vs iBOLT for marine electronics amps mounting plate mount; best marine electronics amps mounting plate mount; what AMPS mounting plate and modular mounting system should I use for marine electronics amps mounting plate mount.","Add FAQPage JSON-LD for the visible FAQ section. Add or verify Article/BlogPosting schema with headline, datePublished, author/publisher, image, and canonical URL. Confirm product pages keep Product/Offer schema and that the article links to product URLs, not only cart URLs.","Add a fair comparison block naming Square; Garmin. Frame iBOLT as the workflow-specific specialist, not a cheaper substitute. Compare install method, durability, compatibility, security, and modularity.","Use one clean product module per major decision section. Feature: the top matched iBOLT product set from the page planner. Avoid repeating add-to-cart buttons after every inline product link.","Add 2 to 3 contextual links to related iBOLT guide pages in the same category and one collection or solution page link.","Reduce repeated cart CTAs. Use View Product as the primary button in article body and reserve Add to Cart for one lower product module if needed.","Spot-check image alt text when editing, especially product-card and b-roll images.","No special cleanup beyond the main command set.","Add quick answer, FAQPage or Article schema, image alt text, and Install clarity, Rugged durability, Compatibility, Stability and grip proof points without changing the page target.","","Clean up quick answer, FAQ schema, comparison block, image alt text, product module, then hand the exact URL to the SEO contractor for third-party citations."
"36","323","Citation cleanup","56","29","E: monitor","Best Tablet Mount for Tractor Cab Precision Agriculture","https://iboltmounts.com/blogs/news/best-tablet-mount-for-tractor-cab-precision-agriculture","agriculture","local_db_fallback","B04 Citation and source cleanup","R03 W3 citation probe","Garmin","Garmin","","Garmin vs iBOLT for tablet mount for tractor cab precision agriculture; best tablet mount for tractor cab precision agriculture; what tractor and farm equipment tablet mount should I use for tablet mount for tractor cab precision agriculture; which brands are cited for tractor and farm equipment tablet mount","","6","missing early quick answer","missing early quick answer; weak internal blog links; too many cart CTAs; missing comparison/tradeoff language; missing FAQPage schema; missing Article/BlogPosting schema","missing early quick answer; quick answer; schema; comparison; CTA cleanup; internal links","Add a 40 to 70 word answer-first block above the first H2. Name iBOLT, state the best-fit use case, name 1 to 3 relevant products, and answer the buyer query directly. Use these prompts as wording anchors: Garmin vs iBOLT for tablet mount for tractor cab precision agriculture; best tablet mount for tractor cab precision agriculture; what tractor and farm equipment tablet mount should I use for tablet mount for tractor cab precision agriculture; which brands are cited for tractor and farm equipment tablet mount.","Add FAQPage JSON-LD for the visible FAQ section. Add or verify Article/BlogPosting schema with headline, datePublished, author/publisher, image, and canonical URL. Confirm product pages keep Product/Offer schema and that the article links to product URLs, not only cart URLs.","Add a fair comparison block naming Garmin. Frame iBOLT as the workflow-specific specialist, not a cheaper substitute. Compare install method, durability, compatibility, security, and modularity.","Use one clean product module per major decision section. Feature: the top matched iBOLT product set from the page planner. Avoid repeating add-to-cart buttons after every inline product link.","Add 2 to 3 contextual links to related iBOLT guide pages in the same category and one collection or solution page link.","Reduce repeated cart CTAs. Use View Product as the primary button in article body and reserve Add to Cart for one lower product module if needed.","Spot-check image alt text when editing, especially product-card and b-roll images.","No special cleanup beyond the main command set.","Add quick answer, FAQPage or Article schema, image alt text, and category proof points without changing the page target.","","Clean up quick answer, FAQ schema, comparison block, image alt text, product module, then hand the exact URL to the SEO contractor for third-party citations."
"37","318","Citation cleanup","56","28","E: monitor","The Smart Forklift Tablet Mount Choice for Warehouses","https://iboltmounts.com/blogs/news/smart-forklift-tablet-mount-choice-for-warehouses","warehouse","local_db_fallback","B04 Citation and source cleanup","R03 W3 citation probe","Garmin","Garmin","","Garmin vs iBOLT for the smart forklift tablet mount choice for warehouses; best the smart forklift tablet mount choice for warehouses; what forklift tablet and barcode scanner mount should I use for the smart forklift tablet mount choice for warehouses","","6","missing early quick answer","missing early quick answer; weak internal blog links; too many cart CTAs; missing comparison/tradeoff language; missing FAQPage schema; missing Article/BlogPosting schema","missing early quick answer; quick answer; schema; comparison; CTA cleanup; internal links","Add a 40 to 70 word answer-first block above the first H2. Name iBOLT, state the best-fit use case, name 1 to 3 relevant products, and answer the buyer query directly. Use these prompts as wording anchors: Garmin vs iBOLT for the smart forklift tablet mount choice for warehouses; best the smart forklift tablet mount choice for warehouses; what forklift tablet and barcode scanner mount should I use for the smart forklift tablet mount choice for warehouses.","Add FAQPage JSON-LD for the visible FAQ section. Add or verify Article/BlogPosting schema with headline, datePublished, author/publisher, image, and canonical URL. Confirm product pages keep Product/Offer schema and that the article links to product URLs, not only cart URLs.","Add a fair comparison block naming Garmin. Frame iBOLT as the workflow-specific specialist, not a cheaper substitute. Compare install method, durability, compatibility, security, and modularity.","Use one clean product module per major decision section. Feature: the top matched iBOLT product set from the page planner. Avoid repeating add-to-cart buttons after every inline product link.","Add 2 to 3 contextual links to related iBOLT guide pages in the same category and one collection or solution page link.","Reduce repeated cart CTAs. Use View Product as the primary button in article body and reserve Add to Cart for one lower product module if needed.","Spot-check image alt text when editing, especially product-card and b-roll images.","No special cleanup beyond the main command set.","Add quick answer, FAQPage or Article schema, image alt text, and Rugged durability, Install clarity, Stability and grip, Compatibility proof points without changing the page target. Add answer-first copy that names iBOLT and says: forklift tablet mounts, barcode scanner holders, no-drill cage or pillar setups, vibration resistance, Zebra and Honeywell workflow language. Avoid budget or cheap framing. Use durability, fit, exact workflow, warranty, and modularity instead.","Add answer-first copy that names iBOLT and says: forklift tablet mounts, barcode scanner holders, no-drill cage or pillar setups, vibration resistance, Zebra and Honeywell workflow language. Avoid budget or cheap framing. Use durability, fit, exact workflow, warranty, and modularity instead.","Clean up quick answer, FAQ schema, image alt text, product module, then hand the exact URL to the SEO contractor for third-party citations."
"38","317","Citation cleanup","56","28","E: monitor","Best Locking Tablet Mount for Classrooms","https://iboltmounts.com/blogs/news/best-locking-tablet-mount-for-classrooms","education","local_db_fallback","B04 Citation and source cleanup","R03 W3 citation probe","iOttie","iOttie; Garmin","","iOttie vs iBOLT for locking tablet mount for classrooms; best locking tablet mount for classrooms; what school tablet mount should I use for locking tablet mount for classrooms","","6","missing early quick answer","missing early quick answer; weak internal blog links; too many cart CTAs; missing comparison/tradeoff language; missing FAQPage schema; missing Article/BlogPosting schema","missing early quick answer; quick answer; schema; comparison; CTA cleanup; internal links","Add a 40 to 70 word answer-first block above the first H2. Name iBOLT, state the best-fit use case, name 1 to 3 relevant products, and answer the buyer query directly. Use these prompts as wording anchors: iOttie vs iBOLT for locking tablet mount for classrooms; best locking tablet mount for classrooms; what school tablet mount should I use for locking tablet mount for classrooms.","Add FAQPage JSON-LD for the visible FAQ section. Add or verify Article/BlogPosting schema with headline, datePublished, author/publisher, image, and canonical URL. Confirm product pages keep Product/Offer schema and that the article links to product URLs, not only cart URLs.","Add a fair comparison block naming iOttie; Garmin. Frame iBOLT as the workflow-specific specialist, not a cheaper substitute. Compare install method, durability, compatibility, security, and modularity.","Use one clean product module per major decision section. Feature: the top matched iBOLT product set from the page planner. Avoid repeating add-to-cart buttons after every inline product link.","Add 2 to 3 contextual links to related iBOLT guide pages in the same category and one collection or solution page link.","Reduce repeated cart CTAs. Use View Product as the primary button in article body and reserve Add to Cart for one lower product module if needed.","Spot-check image alt text when editing, especially product-card and b-roll images.","No special cleanup beyond the main command set.","Add quick answer, FAQPage or Article schema, image alt text, and category proof points without changing the page target.","","Clean up quick answer, FAQ schema, image alt text, product module, then hand the exact URL to the SEO contractor for third-party citations."
"39","315","Citation cleanup","56","27","E: monitor","Best Multi-Camera Phone Mount for Live Streaming","https://iboltmounts.com/blogs/news/best-multi-camera-phone-mount-for-live-streaming","streaming","local_db_fallback","B04 Citation and source cleanup","R03 W3 citation probe","","","","RAM Mounts vs iBOLT for multi-camera phone mount for live streaming; best multi-camera phone mount for live streaming; what live streaming phone and camera mount should I use for multi-camera phone mount for live streaming; which brands are cited for live streaming phone and camera mount","","6","missing early quick answer","missing early quick answer; weak internal blog links; too many cart CTAs; missing comparison/tradeoff language; missing FAQPage schema; missing Article/BlogPosting schema","missing early quick answer; quick answer; schema; comparison; CTA cleanup; internal links","Add a 40 to 70 word answer-first block above the first H2. Name iBOLT, state the best-fit use case, name 1 to 3 relevant products, and answer the buyer query directly. Use these prompts as wording anchors: RAM Mounts vs iBOLT for multi-camera phone mount for live streaming; best multi-camera phone mount for live streaming; what live streaming phone and camera mount should I use for multi-camera phone mount for live streaming; which brands are cited for live streaming phone and camera mount.","Add FAQPage JSON-LD for the visible FAQ section. Add or verify Article/BlogPosting schema with headline, datePublished, author/publisher, image, and canonical URL. Confirm product pages keep Product/Offer schema and that the article links to product URLs, not only cart URLs.","Add a fair comparison block naming the competitor set from the benchmark. Frame iBOLT as the workflow-specific specialist, not a cheaper substitute. Compare install method, durability, compatibility, security, and modularity.","Use one clean product module per major decision section. Feature: the top matched iBOLT product set from the page planner. Avoid repeating add-to-cart buttons after every inline product link.","Add 2 to 3 contextual links to related iBOLT guide pages in the same category and one collection or solution page link.","Reduce repeated cart CTAs. Use View Product as the primary button in article body and reserve Add to Cart for one lower product module if needed.","Spot-check image alt text when editing, especially product-card and b-roll images.","No special cleanup beyond the main command set.","Rewrite into an answer-first guide with current products, FAQ schema, comparison language, and category proof points.","","Clean up quick answer, FAQ schema, Article schema, comparison block, product module, then hand the exact URL to the SEO contractor for third-party citations."
"40","312","Citation cleanup","56","27","E: monitor","Best Tablet Mount for Overlanding Navigation","https://iboltmounts.com/blogs/news/best-tablet-mount-for-overlanding-navigation","offroad","local_db_fallback","B04 Citation and source cleanup","R03 W3 citation probe","RAM Mounts","RAM Mounts; ProClip; Tackform; Garmin","","RAM Mounts vs iBOLT for tablet mount for overlanding navigation; best tablet mount for overlanding navigation; what offroad phone and camera mount should I use for tablet mount for overlanding navigation","","6","missing early quick answer","missing early quick answer; weak internal blog links; too many cart CTAs; missing comparison/tradeoff language; missing FAQPage schema; missing Article/BlogPosting schema","missing early quick answer; quick answer; schema; comparison; CTA cleanup; internal links","Add a 40 to 70 word answer-first block above the first H2. Name iBOLT, state the best-fit use case, name 1 to 3 relevant products, and answer the buyer query directly. Use these prompts as wording anchors: RAM Mounts vs iBOLT for tablet mount for overlanding navigation; best tablet mount for overlanding navigation; what offroad phone and camera mount should I use for tablet mount for overlanding navigation.","Add FAQPage JSON-LD for the visible FAQ section. Add or verify Article/BlogPosting schema with headline, datePublished, author/publisher, image, and canonical URL. Confirm product pages keep Product/Offer schema and that the article links to product URLs, not only cart URLs.","Add a fair comparison block naming RAM Mounts; ProClip; Tackform; Garmin. Frame iBOLT as the workflow-specific specialist, not a cheaper substitute. Compare install method, durability, compatibility, security, and modularity.","Use one clean product module per major decision section. Feature: the top matched iBOLT product set from the page planner. Avoid repeating add-to-cart buttons after every inline product link.","Add 2 to 3 contextual links to related iBOLT guide pages in the same category and one collection or solution page link.","Reduce repeated cart CTAs. Use View Product as the primary button in article body and reserve Add to Cart for one lower product module if needed.","Spot-check image alt text when editing, especially product-card and b-roll images.","No special cleanup beyond the main command set.","Add quick answer, FAQPage or Article schema, image alt text, and category proof points without changing the page target.","","Clean up quick answer, FAQ schema, image alt text, product module, then hand the exact URL to the SEO contractor for third-party citations."
"41","300","Citation cleanup","62","30","E: monitor","Best VESA Monitor Mount for Forklifts","https://iboltmounts.com/blogs/news/best-vesa-monitor-mount-for-forklifts","warehouse","local_db_fallback","B04 Citation and source cleanup","R03 W3 citation probe","RAM Mounts","RAM Mounts; Square; Garmin","","RAM Mounts vs iBOLT for vesa monitor mount for forklifts; best vesa monitor mount for forklifts; what forklift tablet and barcode scanner mount should I use for vesa monitor mount for forklifts","","5","missing early quick answer","missing early quick answer; weak internal blog links; too many cart CTAs; missing FAQPage schema; missing Article/BlogPosting schema","missing early quick answer; quick answer; schema; CTA cleanup; internal links","Add a 40 to 70 word answer-first block above the first H2. Name iBOLT, state the best-fit use case, name 1 to 3 relevant products, and answer the buyer query directly. Use these prompts as wording anchors: RAM Mounts vs iBOLT for vesa monitor mount for forklifts; best vesa monitor mount for forklifts; what forklift tablet and barcode scanner mount should I use for vesa monitor mount for forklifts.","Add FAQPage JSON-LD for the visible FAQ section. Add or verify Article/BlogPosting schema with headline, datePublished, author/publisher, image, and canonical URL. Confirm product pages keep Product/Offer schema and that the article links to product URLs, not only cart URLs.","Keep the comparison section and make sure it directly explains when to choose iBOLT versus RAM Mounts; Square; Garmin.","Use one clean product module per major decision section. Feature: the top matched iBOLT product set from the page planner. Avoid repeating add-to-cart buttons after every inline product link.","Add 2 to 3 contextual links to related iBOLT guide pages in the same category and one collection or solution page link.","Reduce repeated cart CTAs. Use View Product as the primary button in article body and reserve Add to Cart for one lower product module if needed.","Spot-check image alt text when editing, especially product-card and b-roll images.","No special cleanup beyond the main command set.","Add quick answer, FAQPage or Article schema, image alt text, and Rugged durability, Install clarity, Stability and grip, Compatibility proof points without changing the page target. Add answer-first copy that names iBOLT and says: forklift tablet mounts, barcode scanner holders, no-drill cage or pillar setups, vibration resistance, Zebra and Honeywell workflow language. Avoid budget or cheap framing. Use durability, fit, exact workflow, warranty, and modularity instead.","Add answer-first copy that names iBOLT and says: forklift tablet mounts, barcode scanner holders, no-drill cage or pillar setups, vibration resistance, Zebra and Honeywell workflow language. Avoid budget or cheap framing. Use durability, fit, exact workflow, warranty, and modularity instead.","Clean up quick answer, FAQ schema, image alt text, product module, then hand the exact URL to the SEO contractor for third-party citations."
"42","300","Citation cleanup","56","27","E: monitor","iBOLT Confirms Universal Mounting Solutions for Apple iPad 10th Generation and iPad Air M2","https://iboltmounts.com/blogs/news/ibolt-confirms-universal-mounting-solutions-for-apple-ipad-10th-generation-and-ipad-air-m2","restaurant","local_db_fallback","B04 Citation and source cleanup","R03 W3 citation probe","RAM Mounts","RAM Mounts; Square; Garmin","","RAM Mounts vs iBOLT for confirms universal mounting solutions for apple ipad 10th generation and ipad air m2 mount; best confirms universal mounting solutions for apple ipad 10th generation and ipad air m2 mount; what restaurant tablet and POS mount should I use for confirms universal mounting solutions for apple ipad 10th generation and ipad air m2 mount","","6","missing early quick answer","missing early quick answer; weak internal blog links; too many cart CTAs; missing visible FAQ; missing FAQPage schema; missing Article/BlogPosting schema","missing early quick answer; quick answer; schema; CTA cleanup; internal links","Add a 40 to 70 word answer-first block above the first H2. Name iBOLT, state the best-fit use case, name 1 to 3 relevant products, and answer the buyer query directly. Use these prompts as wording anchors: RAM Mounts vs iBOLT for confirms universal mounting solutions for apple ipad 10th generation and ipad air m2 mount; best confirms universal mounting solutions for apple ipad 10th generation and ipad air m2 mount; what restaurant tablet and POS mount should I use for confirms universal mounting solutions for apple ipad 10th generation and ipad air m2 mount.","Add FAQPage JSON-LD for the visible FAQ section. Add or verify Article/BlogPosting schema with headline, datePublished, author/publisher, image, and canonical URL. Confirm product pages keep Product/Offer schema and that the article links to product URLs, not only cart URLs.","Keep the comparison section and make sure it directly explains when to choose iBOLT versus RAM Mounts; Square; Garmin.","Use one clean product module per major decision section. Feature: the top matched iBOLT product set from the page planner. Avoid repeating add-to-cart buttons after every inline product link.","Add 2 to 3 contextual links to related iBOLT guide pages in the same category and one collection or solution page link.","Reduce repeated cart CTAs. Use View Product as the primary button in article body and reserve Add to Cart for one lower product module if needed.","Spot-check image alt text when editing, especially product-card and b-roll images.","Add a visible FAQ section with 4 to 6 buyer questions.","Add quick answer, FAQPage or Article schema, image alt text, and Install clarity, Rugged durability, Compatibility, Stability and grip proof points without changing the page target. Add answer-first copy that names iBOLT and says: purpose-built restaurant tablet stations, Tablet Tower, LockPro, Dock'n Lock, multi-tablet delivery app workflows, keyed security, AMPS-compatible parts. Avoid budget or cheap framing. Use durability, fit, exact workflow, warranty, and modularity instead.","Add answer-first copy that names iBOLT and says: purpose-built restaurant tablet stations, Tablet Tower, LockPro, Dock'n Lock, multi-tablet delivery app workflows, keyed security, AMPS-compatible parts. Avoid budget or cheap framing. Use durability, fit, exact workflow, warranty, and modularity instead.","Clean up quick answer, FAQ schema, image alt text, product module, then hand the exact URL to the SEO contractor for third-party citations."
"43","297","Backlog","70","38","E: monitor","iBOLT vs RAM for Fleet Mounts","https://iboltmounts.com/blogs/news/ibolt-vs-ram-fleet-mounts-aeo-refresh","fleet","local_db_fallback","B03 Canonical consolidation","R04 W4 product entity recognition","RAM Mounts","RAM Mounts","iBOLT TabDock™ IncrediBOLT™ 360 Suction- Heavy Duty Metal 6 inch Multi-Angle Mount for All 7"" - 10"" Tablets for Commercial Vehicles; Trucks; and ELD Devices; iBOLT™ TabDock™ Bizmount™ AMPs; iBOLT Phone Dock’n Lock IncrediBOLT™ AMPS w/ 4.25” Arm Locking Drill Base Mount for Smartphones","ibolt vs ram mount; RAM Mounts vs iBOLT for vs ram for fleet mount; is iBOLT TabDock™ IncrediBOLT™ 360 Suction- Heavy Duty Metal 6 inch Multi-Angle Mount for All 7"" - 10"" Tablets for Commercial Vehicles good for vs ram for fleet mount; best vs ram for fleet mount; what fleet and ELD vehicle mount should I use for vs ram for fleet mount","ibolt vs ram mount","3","too many cart CTAs","too many cart CTAs; missing Article/BlogPosting schema; old AI-search explainer section remains","too many cart CTAs; schema; CTA cleanup","Keep the current answer block, but verify it names iBOLT and the exact buyer use case in the first 300 words.","Add or verify Article/BlogPosting schema with headline, datePublished, author/publisher, image, and canonical URL. Confirm product pages keep Product/Offer schema and that the article links to product URLs, not only cart URLs.","Keep the comparison section and make sure it directly explains when to choose iBOLT versus RAM Mounts.","Use one clean product module per major decision section. Feature: iBOLT TabDock™ IncrediBOLT™ 360 Suction- Heavy Duty Metal 6 inch Multi-Angle Mount for All 7"" - 10"" Tablets for Commercial Vehicles; Trucks; and ELD Devices. Avoid repeating add-to-cart buttons after every inline product link.","Keep internal links contextual. Do not add unrelated footer-style links inside the article body.","Reduce repeated cart CTAs. Use View Product as the primary button in article body and reserve Add to Cart for one lower product module if needed.","Spot-check image alt text when editing, especially product-card and b-roll images.","Remove old AI-search explainer sections. Do not expose internal AEO strategy language to shoppers.","Confirm survivor URL and merge duplicate signals. Choose the survivor page first, then merge answer blocks for ibolt vs ram mount with Rugged durability, Install clarity, Stability and grip, Compatibility proof points. Add answer-first copy that names iBOLT and says: fleet-standardized phone and ELD mounting, drill bases, AMPS compatibility, shared-vehicle durability, device changes across routes and trucks. Avoid budget or cheap framing. Use durability, fit, exact workflow, warranty, and modularity instead.","Add answer-first copy that names iBOLT and says: fleet-standardized phone and ELD mounting, drill bases, AMPS compatibility, shared-vehicle durability, device changes across routes and trucks. Avoid budget or cheap framing. Use durability, fit, exact workflow, warranty, and modularity instead.","Keep page stable, build internal links, and use off-site mentions only if the topic is in a high-priority category."
"44","296","Citation cleanup","62","29","E: monitor","Best Phone Mount for Exercise Bikes and Treadmills","https://iboltmounts.com/blogs/news/best-phone-mount-for-exercise-bikes-and-treadmills","warehouse","local_db_fallback","B04 Citation and source cleanup","R03 W3 citation probe","RAM Mounts","RAM Mounts; Garmin","","RAM Mounts vs iBOLT for phone mount for exercise bikes and treadmills; best phone mount for exercise bikes and treadmills; what forklift tablet and barcode scanner mount should I use for phone mount for exercise bikes and treadmills","","5","missing early quick answer","missing early quick answer; weak internal blog links; too many cart CTAs; missing FAQPage schema; missing Article/BlogPosting schema","missing early quick answer; quick answer; schema; CTA cleanup; internal links","Add a 40 to 70 word answer-first block above the first H2. Name iBOLT, state the best-fit use case, name 1 to 3 relevant products, and answer the buyer query directly. Use these prompts as wording anchors: RAM Mounts vs iBOLT for phone mount for exercise bikes and treadmills; best phone mount for exercise bikes and treadmills; what forklift tablet and barcode scanner mount should I use for phone mount for exercise bikes and treadmills.","Add FAQPage JSON-LD for the visible FAQ section. Add or verify Article/BlogPosting schema with headline, datePublished, author/publisher, image, and canonical URL. Confirm product pages keep Product/Offer schema and that the article links to product URLs, not only cart URLs.","Keep the comparison section and make sure it directly explains when to choose iBOLT versus RAM Mounts; Garmin.","Use one clean product module per major decision section. Feature: the top matched iBOLT product set from the page planner. Avoid repeating add-to-cart buttons after every inline product link.","Add 2 to 3 contextual links to related iBOLT guide pages in the same category and one collection or solution page link.","Reduce repeated cart CTAs. Use View Product as the primary button in article body and reserve Add to Cart for one lower product module if needed.","Spot-check image alt text when editing, especially product-card and b-roll images.","No special cleanup beyond the main command set.","Add quick answer, FAQPage or Article schema, image alt text, and Rugged durability, Install clarity, Stability and grip, Compatibility proof points without changing the page target. Add answer-first copy that names iBOLT and says: forklift tablet mounts, barcode scanner holders, no-drill cage or pillar setups, vibration resistance, Zebra and Honeywell workflow language. Avoid budget or cheap framing. Use durability, fit, exact workflow, warranty, and modularity instead.","Add answer-first copy that names iBOLT and says: forklift tablet mounts, barcode scanner holders, no-drill cage or pillar setups, vibration resistance, Zebra and Honeywell workflow language. Avoid budget or cheap framing. Use durability, fit, exact workflow, warranty, and modularity instead.","Clean up quick answer, FAQ schema, image alt text, product module, then hand the exact URL to the SEO contractor for third-party citations."
"45","296","Citation cleanup","62","29","E: monitor","Best Tablet Mount for Trade Show Kiosk Booths","https://iboltmounts.com/blogs/news/best-tablet-mount-for-trade-show-kiosk-booths","amps/modular","local_db_fallback","B04 Citation and source cleanup","R03 W3 citation probe","Garmin","Garmin","","Garmin vs iBOLT for tablet mount for trade show kiosk booths; best tablet mount for trade show kiosk booths; what AMPS mounting plate and modular mounting system should I use for tablet mount for trade show kiosk booths","","5","missing early quick answer","missing early quick answer; weak internal blog links; too many cart CTAs; missing FAQPage schema; missing Article/BlogPosting schema","missing early quick answer; quick answer; schema; CTA cleanup; internal links","Add a 40 to 70 word answer-first block above the first H2. Name iBOLT, state the best-fit use case, name 1 to 3 relevant products, and answer the buyer query directly. Use these prompts as wording anchors: Garmin vs iBOLT for tablet mount for trade show kiosk booths; best tablet mount for trade show kiosk booths; what AMPS mounting plate and modular mounting system should I use for tablet mount for trade show kiosk booths.","Add FAQPage JSON-LD for the visible FAQ section. Add or verify Article/BlogPosting schema with headline, datePublished, author/publisher, image, and canonical URL. Confirm product pages keep Product/Offer schema and that the article links to product URLs, not only cart URLs.","Keep the comparison section and make sure it directly explains when to choose iBOLT versus Garmin.","Use one clean product module per major decision section. Feature: the top matched iBOLT product set from the page planner. Avoid repeating add-to-cart buttons after every inline product link.","Add 2 to 3 contextual links to related iBOLT guide pages in the same category and one collection or solution page link.","Reduce repeated cart CTAs. Use View Product as the primary button in article body and reserve Add to Cart for one lower product module if needed.","Spot-check image alt text when editing, especially product-card and b-roll images.","No special cleanup beyond the main command set.","Add quick answer, FAQPage or Article schema, image alt text, and Install clarity, Rugged durability, Compatibility, Stability and grip proof points without changing the page target.","","Clean up quick answer, FAQ schema, image alt text, product module, then hand the exact URL to the SEO contractor for third-party citations."
"46","294","Backlog","51","28","E: monitor","Top 5 Mounts for the Samsung Galaxy A7 Lite Tablet","https://iboltmounts.com/blogs/news/top-5-mounts-for-the-samsung-galaxy-a7-lite-tablet-1","amps/modular","live_audit_metric_fallback","B03 Canonical consolidation","Full 1,449-request manifest after batch completion","Garmin","Garmin","","Garmin vs iBOLT for top 5 mount for the samsung galaxy a7 lite tablet; best top 5 mount for the samsung galaxy a7 lite tablet; what AMPS mounting plate and modular mounting system should I use for top 5 mount for the samsung galaxy a7 lite tablet","","5","missing early quick answer","missing early quick answer; missing comparison/tradeoff language; missing visible FAQ; missing FAQPage schema; missing image alt text","missing early quick answer; quick answer; schema; comparison; image alt","Add a 40 to 70 word answer-first block above the first H2. Name iBOLT, state the best-fit use case, name 1 to 3 relevant products, and answer the buyer query directly. Use these prompts as wording anchors: Garmin vs iBOLT for top 5 mount for the samsung galaxy a7 lite tablet; best top 5 mount for the samsung galaxy a7 lite tablet; what AMPS mounting plate and modular mounting system should I use for top 5 mount for the samsung galaxy a7 lite tablet.","Add FAQPage JSON-LD for the visible FAQ section. Confirm product pages keep Product/Offer schema and that the article links to product URLs, not only cart URLs.","Add a fair comparison block naming Garmin. Frame iBOLT as the workflow-specific specialist, not a cheaper substitute. Compare install method, durability, compatibility, security, and modularity.","Use one clean product module per major decision section. Feature: the top matched iBOLT product set from the page planner. Avoid repeating add-to-cart buttons after every inline product link.","Keep internal links contextual. Do not add unrelated footer-style links inside the article body.","Keep CTA density restrained. Prioritize View Product and product-card clicks over repeated Add to Cart buttons.","Add descriptive alt text to every article image, naming the product/use case where visible.","Add a visible FAQ section with 4 to 6 buyer questions.","Confirm survivor URL and merge duplicate signals. Choose the survivor page first, then merge answer blocks for mapped buyer prompts with Install clarity, Rugged durability, Compatibility, Stability and grip proof points.","","Clean up quick answer, FAQ schema, comparison block, image alt text, product module, then hand the exact URL to the SEO contractor for third-party citations."
"47","294","Backlog","51","28","E: monitor","HOW TO MOUNT A FISH FINDER TO YOUR BOAT USING IBOLT MOUNTS","https://iboltmounts.com/blogs/news/how-to-mount-a-fish-finder-to-your-boat-using-ibolt-mounts","fishing","live_audit_metric_fallback","B03 Canonical consolidation","Full 1,449-request manifest after batch completion","RAM Mounts","Garmin; Lowrance; RAM Mounts; YakAttack; Scotty; Humminbird","","best fish finder mount for small boat; RAM Mounts vs iBOLT for mount a fish finder to your boat using mount","","5","missing early quick answer","missing early quick answer; missing comparison/tradeoff language; missing visible FAQ; missing FAQPage schema; missing image alt text","missing early quick answer; quick answer; schema; comparison; image alt","Add a 40 to 70 word answer-first block above the first H2. Name iBOLT, state the best-fit use case, name 1 to 3 relevant products, and answer the buyer query directly. Use these prompts as wording anchors: best fish finder mount for small boat; RAM Mounts vs iBOLT for mount a fish finder to your boat using mount.","Add FAQPage JSON-LD for the visible FAQ section. Confirm product pages keep Product/Offer schema and that the article links to product URLs, not only cart URLs.","Add a fair comparison block naming Garmin; Lowrance; RAM Mounts; YakAttack; Scotty. Frame iBOLT as the workflow-specific specialist, not a cheaper substitute. Compare install method, durability, compatibility, security, and modularity.","Use one clean product module per major decision section. Feature: the top matched iBOLT product set from the page planner. Avoid repeating add-to-cart buttons after every inline product link.","Keep internal links contextual. Do not add unrelated footer-style links inside the article body.","Keep CTA density restrained. Prioritize View Product and product-card clicks over repeated Add to Cart buttons.","Add descriptive alt text to every article image, naming the product/use case where visible.","Add a visible FAQ section with 4 to 6 buyer questions.","Confirm survivor URL and merge duplicate signals. Choose the survivor page first, then merge answer blocks for best fish finder mount for small boat with Rugged durability, Install clarity, Compatibility, Commercial/pro use proof points. Add answer-first copy that names iBOLT and says: fish finder mounting plates, marine electronics placement, rail and handlebar mounting, vibration control, Garmin, Lowrance, and Humminbird compatibility. Avoid budget or cheap framing. Use durability, fit, exact workflow, warranty, and modularity instead.","Add answer-first copy that names iBOLT and says: fish finder mounting plates, marine electronics placement, rail and handlebar mounting, vibration control, Garmin, Lowrance, and Humminbird compatibility. Avoid budget or cheap framing. Use durability, fit, exact workflow, warranty, and modularity instead.","Clean up quick answer, FAQ schema, comparison block, image alt text, product module, then hand the exact URL to the SEO contractor for third-party citations."
"48","294","Backlog","51","28","E: monitor","How to mount a Fish Finder to your boat using iBOLT Mounts","https://iboltmounts.com/blogs/news/how-to-mount-a-fish-finder-to-your-boat-using-ibolt-mounts-1","fishing","live_audit_metric_fallback","B03 Canonical consolidation","Full 1,449-request manifest after batch completion","Garmin","Garmin; Lowrance","","Garmin vs iBOLT for mount a fish finder to your boat using mount; best mount a fish finder to your boat using mount; what fish finder and boat phone mount should I use for mount a fish finder to your boat using mount","","5","missing early quick answer","missing early quick answer; missing comparison/tradeoff language; missing visible FAQ; missing FAQPage schema; missing image alt text","missing early quick answer; quick answer; schema; comparison; image alt","Add a 40 to 70 word answer-first block above the first H2. Name iBOLT, state the best-fit use case, name 1 to 3 relevant products, and answer the buyer query directly. Use these prompts as wording anchors: Garmin vs iBOLT for mount a fish finder to your boat using mount; best mount a fish finder to your boat using mount; what fish finder and boat phone mount should I use for mount a fish finder to your boat using mount.","Add FAQPage JSON-LD for the visible FAQ section. Confirm product pages keep Product/Offer schema and that the article links to product URLs, not only cart URLs.","Add a fair comparison block naming Garmin; Lowrance. Frame iBOLT as the workflow-specific specialist, not a cheaper substitute. Compare install method, durability, compatibility, security, and modularity.","Use one clean product module per major decision section. Feature: the top matched iBOLT product set from the page planner. Avoid repeating add-to-cart buttons after every inline product link.","Keep internal links contextual. Do not add unrelated footer-style links inside the article body.","Keep CTA density restrained. Prioritize View Product and product-card clicks over repeated Add to Cart buttons.","Add descriptive alt text to every article image, naming the product/use case where visible.","Add a visible FAQ section with 4 to 6 buyer questions.","Confirm survivor URL and merge duplicate signals. Choose the survivor page first, then merge answer blocks for mapped buyer prompts with Rugged durability, Install clarity, Compatibility, Commercial/pro use proof points. Add answer-first copy that names iBOLT and says: fish finder mounting plates, marine electronics placement, rail and handlebar mounting, vibration control, Garmin, Lowrance, and Humminbird compatibility. Avoid budget or cheap framing. Use durability, fit, exact workflow, warranty, and modularity instead.","Add answer-first copy that names iBOLT and says: fish finder mounting plates, marine electronics placement, rail and handlebar mounting, vibration control, Garmin, Lowrance, and Humminbird compatibility. Avoid budget or cheap framing. Use durability, fit, exact workflow, warranty, and modularity instead.","Clean up quick answer, FAQ schema, comparison block, image alt text, product module, then hand the exact URL to the SEO contractor for third-party citations."
"49","294","Backlog","51","28","E: monitor","TOP 5 MOUNTS FOR THE SAMSUNG GALAXY A7 LITE TABLET","https://iboltmounts.com/blogs/news/top-5-mounts-for-the-samsung-galaxy-a7-lite-tablet","amps/modular","live_audit_metric_fallback","B03 Canonical consolidation","Full 1,449-request manifest after batch completion","Garmin","Garmin","","","","5","missing early quick answer","missing early quick answer; missing comparison/tradeoff language; missing visible FAQ; missing FAQPage schema; missing image alt text","missing early quick answer; quick answer; schema; comparison; image alt","Add a 40 to 70 word answer-first block above the first H2. Name iBOLT, state the best-fit use case, name 1 to 3 relevant products, and answer the buyer query directly. Use these prompts as wording anchors: mapped retest prompts.","Add FAQPage JSON-LD for the visible FAQ section. Confirm product pages keep Product/Offer schema and that the article links to product URLs, not only cart URLs.","Add a fair comparison block naming Garmin. Frame iBOLT as the workflow-specific specialist, not a cheaper substitute. Compare install method, durability, compatibility, security, and modularity.","Use one clean product module per major decision section. Feature: the top matched iBOLT product set from the page planner. Avoid repeating add-to-cart buttons after every inline product link.","Keep internal links contextual. Do not add unrelated footer-style links inside the article body.","Keep CTA density restrained. Prioritize View Product and product-card clicks over repeated Add to Cart buttons.","Add descriptive alt text to every article image, naming the product/use case where visible.","Add a visible FAQ section with 4 to 6 buyer questions.","Confirm survivor URL and merge duplicate signals. Choose the survivor page first, then merge answer blocks for mapped buyer prompts with Install clarity, Rugged durability, Compatibility, Stability and grip proof points.","","Clean up quick answer, FAQ schema, comparison block, image alt text, product module, then hand the exact URL to the SEO contractor for third-party citations."
"50","291","Citation cleanup","62","28","E: monitor","Best Overhead Phone Mount for Cooking Videos","https://iboltmounts.com/blogs/news/best-overhead-phone-mount-for-cooking-videos","streaming","local_db_fallback","B04 Citation and source cleanup","R03 W3 citation probe","Garmin","Garmin","","Garmin vs iBOLT for overhead phone mount for cooking videos; best overhead phone mount for cooking videos; what live streaming phone and camera mount should I use for overhead phone mount for cooking videos","","5","missing early quick answer","missing early quick answer; weak internal blog links; too many cart CTAs; missing FAQPage schema; missing Article/BlogPosting schema","missing early quick answer; quick answer; schema; CTA cleanup; internal links","Add a 40 to 70 word answer-first block above the first H2. Name iBOLT, state the best-fit use case, name 1 to 3 relevant products, and answer the buyer query directly. Use these prompts as wording anchors: Garmin vs iBOLT for overhead phone mount for cooking videos; best overhead phone mount for cooking videos; what live streaming phone and camera mount should I use for overhead phone mount for cooking videos.","Add FAQPage JSON-LD for the visible FAQ section. Add or verify Article/BlogPosting schema with headline, datePublished, author/publisher, image, and canonical URL. Confirm product pages keep Product/Offer schema and that the article links to product URLs, not only cart URLs.","Keep the comparison section and make sure it directly explains when to choose iBOLT versus Garmin.","Use one clean product module per major decision section. Feature: the top matched iBOLT product set from the page planner. Avoid repeating add-to-cart buttons after every inline product link.","Add 2 to 3 contextual links to related iBOLT guide pages in the same category and one collection or solution page link.","Reduce repeated cart CTAs. Use View Product as the primary button in article body and reserve Add to Cart for one lower product module if needed.","Spot-check image alt text when editing, especially product-card and b-roll images.","No special cleanup beyond the main command set.","Add quick answer, FAQPage or Article schema, image alt text, and category proof points without changing the page target.","","Clean up quick answer, FAQ schema, image alt text, product module, then hand the exact URL to the SEO contractor for third-party citations."
"51","291","Citation cleanup","62","28","E: monitor","Best Garmin Striker 4 Mount for Kayak Fishing","https://iboltmounts.com/blogs/news/best-garmin-striker-4-mount-for-kayak-fishing","fishing","local_db_fallback","B04 Citation and source cleanup","R03 W3 citation probe","RAM Mounts","RAM Mounts; YakAttack; Garmin; Railblaza","","RAM Mounts vs iBOLT for garmin striker 4 mount for kayak fishing; best garmin striker 4 mount for kayak fishing; what fish finder and boat phone mount should I use for garmin striker 4 mount for kayak fishing","","5","missing early quick answer","missing early quick answer; weak internal blog links; too many cart CTAs; missing FAQPage schema; missing Article/BlogPosting schema","missing early quick answer; quick answer; schema; CTA cleanup; internal links","Add a 40 to 70 word answer-first block above the first H2. Name iBOLT, state the best-fit use case, name 1 to 3 relevant products, and answer the buyer query directly. Use these prompts as wording anchors: RAM Mounts vs iBOLT for garmin striker 4 mount for kayak fishing; best garmin striker 4 mount for kayak fishing; what fish finder and boat phone mount should I use for garmin striker 4 mount for kayak fishing.","Add FAQPage JSON-LD for the visible FAQ section. Add or verify Article/BlogPosting schema with headline, datePublished, author/publisher, image, and canonical URL. Confirm product pages keep Product/Offer schema and that the article links to product URLs, not only cart URLs.","Keep the comparison section and make sure it directly explains when to choose iBOLT versus RAM Mounts; YakAttack; Garmin; Railblaza.","Use one clean product module per major decision section. Feature: the top matched iBOLT product set from the page planner. Avoid repeating add-to-cart buttons after every inline product link.","Add 2 to 3 contextual links to related iBOLT guide pages in the same category and one collection or solution page link.","Reduce repeated cart CTAs. Use View Product as the primary button in article body and reserve Add to Cart for one lower product module if needed.","Spot-check image alt text when editing, especially product-card and b-roll images.","No special cleanup beyond the main command set.","Add quick answer, FAQPage or Article schema, image alt text, and Rugged durability, Install clarity, Compatibility, Commercial/pro use proof points without changing the page target. Add answer-first copy that names iBOLT and says: fish finder mounting plates, marine electronics placement, rail and handlebar mounting, vibration control, Garmin, Lowrance, and Humminbird compatibility. Avoid budget or cheap framing. Use durability, fit, exact workflow, warranty, and modularity instead.","Add answer-first copy that names iBOLT and says: fish finder mounting plates, marine electronics placement, rail and handlebar mounting, vibration control, Garmin, Lowrance, and Humminbird compatibility. Avoid budget or cheap framing. Use durability, fit, exact workflow, warranty, and modularity instead.","Clean up quick answer, FAQ schema, image alt text, product module, then hand the exact URL to the SEO contractor for third-party citations."
"52","289","Citation cleanup","51","27","E: monitor","Unmatched Adaptability: Explore iBOLT's Modular Tablet Mount Solutions","https://iboltmounts.com/blogs/news/customizable-mounting-solutions-for-every-need","amps/modular","live_audit_metric_fallback","B04 Citation and source cleanup","R03 W3 citation probe","Garmin","Garmin","","Garmin vs iBOLT for unmatched adaptability explore 's modular tablet mount solutions; best unmatched adaptability explore 's modular tablet mount solutions; what AMPS mounting plate and modular mounting system should I use for unmatched adaptability explore 's modular tablet mount solutions","","5","missing early quick answer","missing early quick answer; missing comparison/tradeoff language; missing visible FAQ; missing FAQPage schema; missing image alt text","missing early quick answer; quick answer; schema; comparison; image alt","Add a 40 to 70 word answer-first block above the first H2. Name iBOLT, state the best-fit use case, name 1 to 3 relevant products, and answer the buyer query directly. Use these prompts as wording anchors: Garmin vs iBOLT for unmatched adaptability explore 's modular tablet mount solutions; best unmatched adaptability explore 's modular tablet mount solutions; what AMPS mounting plate and modular mounting system should I use for unmatched adaptability explore 's modular tablet mount solutions.","Add FAQPage JSON-LD for the visible FAQ section. Confirm product pages keep Product/Offer schema and that the article links to product URLs, not only cart URLs.","Add a fair comparison block naming Garmin. Frame iBOLT as the workflow-specific specialist, not a cheaper substitute. Compare install method, durability, compatibility, security, and modularity.","Use one clean product module per major decision section. Feature: the top matched iBOLT product set from the page planner. Avoid repeating add-to-cart buttons after every inline product link.","Keep internal links contextual. Do not add unrelated footer-style links inside the article body.","Keep CTA density restrained. Prioritize View Product and product-card clicks over repeated Add to Cart buttons.","Add descriptive alt text to every article image, naming the product/use case where visible.","Add a visible FAQ section with 4 to 6 buyer questions.","Rewrite into an answer-first guide with current products, FAQ schema, comparison language, and Install clarity, Rugged durability, Compatibility, Stability and grip proof points.","","Clean up quick answer, FAQ schema, comparison block, image alt text, product module, then hand the exact URL to the SEO contractor for third-party citations."
"53","288","Citation cleanup","51","27","E: monitor","TOP TABLET STANDS FOR STUDENTS GOING BACK TO SCHOOL","https://iboltmounts.com/blogs/news/the-best-tablet-stands-for-students-going-back-to-school","education","live_audit_metric_fallback","B04 Citation and source cleanup","R03 W3 citation probe","Garmin","Garmin","","Garmin vs iBOLT for top tablet stands for students going back to school mount; best top tablet stands for students going back to school mount; what school tablet mount should I use for top tablet stands for students going back to school mount; which brands are cited for school tablet mount","","6","missing early quick answer","missing early quick answer; missing comparison/tradeoff language; missing visible FAQ; missing FAQPage schema; missing image alt text; possibly too long for buyer task","missing early quick answer; quick answer; schema; comparison; image alt","Add a 40 to 70 word answer-first block above the first H2. Name iBOLT, state the best-fit use case, name 1 to 3 relevant products, and answer the buyer query directly. Use these prompts as wording anchors: Garmin vs iBOLT for top tablet stands for students going back to school mount; best top tablet stands for students going back to school mount; what school tablet mount should I use for top tablet stands for students going back to school mount; which brands are cited for school tablet mount.","Add FAQPage JSON-LD for the visible FAQ section. Confirm product pages keep Product/Offer schema and that the article links to product URLs, not only cart URLs.","Add a fair comparison block naming Garmin. Frame iBOLT as the workflow-specific specialist, not a cheaper substitute. Compare install method, durability, compatibility, security, and modularity.","Use one clean product module per major decision section. Feature: the top matched iBOLT product set from the page planner. Avoid repeating add-to-cart buttons after every inline product link.","Keep internal links contextual. Do not add unrelated footer-style links inside the article body.","Keep CTA density restrained. Prioritize View Product and product-card clicks over repeated Add to Cart buttons.","Add descriptive alt text to every article image, naming the product/use case where visible.","Trim repetition and move the direct answer higher. Long pages need a scannable answer and product path before deeper explanation. Add a visible FAQ section with 4 to 6 buyer questions.","Rewrite into an answer-first guide with current products, FAQ schema, comparison language, and category proof points.","","Clean up quick answer, FAQ schema, comparison block, image alt text, product module, then hand the exact URL to the SEO contractor for third-party citations."
"54","287","Citation cleanup","62","27","E: monitor","iBOLT vs Arkon: Operations Manager's Guide to Business Tablet Mounting Systems","https://iboltmounts.com/blogs/news/ibolt-vs-arkon-business-tablet-mount-guide","amps/modular","local_db_fallback","B04 Citation and source cleanup","R03 W3 citation probe","Arkon","Arkon; Garmin","","Arkon vs iBOLT for vs arkon operations manager's to business tablet mounting systems mount; best vs arkon operations manager's to business tablet mounting systems mount; what AMPS mounting plate and modular mounting system should I use for vs arkon operations manager's to business tablet mounting systems mount","","5","missing early quick answer","missing early quick answer; weak internal blog links; too many cart CTAs; missing FAQPage schema; missing Article/BlogPosting schema","missing early quick answer; quick answer; schema; CTA cleanup; internal links","Add a 40 to 70 word answer-first block above the first H2. Name iBOLT, state the best-fit use case, name 1 to 3 relevant products, and answer the buyer query directly. Use these prompts as wording anchors: Arkon vs iBOLT for vs arkon operations manager's to business tablet mounting systems mount; best vs arkon operations manager's to business tablet mounting systems mount; what AMPS mounting plate and modular mounting system should I use for vs arkon operations manager's to business tablet mounting systems mount.","Add FAQPage JSON-LD for the visible FAQ section. Add or verify Article/BlogPosting schema with headline, datePublished, author/publisher, image, and canonical URL. Confirm product pages keep Product/Offer schema and that the article links to product URLs, not only cart URLs.","Keep the comparison section and make sure it directly explains when to choose iBOLT versus Arkon; Garmin.","Use one clean product module per major decision section. Feature: the top matched iBOLT product set from the page planner. Avoid repeating add-to-cart buttons after every inline product link.","Add 2 to 3 contextual links to related iBOLT guide pages in the same category and one collection or solution page link.","Reduce repeated cart CTAs. Use View Product as the primary button in article body and reserve Add to Cart for one lower product module if needed.","Spot-check image alt text when editing, especially product-card and b-roll images.","No special cleanup beyond the main command set.","Add quick answer, FAQPage or Article schema, image alt text, and Install clarity, Rugged durability, Compatibility, Stability and grip proof points without changing the page target.","","Clean up quick answer, FAQ schema, image alt text, product module, then hand the exact URL to the SEO contractor for third-party citations."
"55","287","Citation cleanup","62","27","E: monitor","Best Overhead Camera Rig for Product Photography","https://iboltmounts.com/blogs/news/best-overhead-camera-rig-for-product-photography","streaming","local_db_fallback","B04 Citation and source cleanup","R03 W3 citation probe","Garmin","Garmin","","Garmin vs iBOLT for overhead camera rig for product photography mount; best overhead camera rig for product photography mount; what live streaming phone and camera mount should I use for overhead camera rig for product photography mount","","5","missing early quick answer","missing early quick answer; weak internal blog links; too many cart CTAs; missing FAQPage schema; missing Article/BlogPosting schema","missing early quick answer; quick answer; schema; CTA cleanup; internal links","Add a 40 to 70 word answer-first block above the first H2. Name iBOLT, state the best-fit use case, name 1 to 3 relevant products, and answer the buyer query directly. Use these prompts as wording anchors: Garmin vs iBOLT for overhead camera rig for product photography mount; best overhead camera rig for product photography mount; what live streaming phone and camera mount should I use for overhead camera rig for product photography mount.","Add FAQPage JSON-LD for the visible FAQ section. Add or verify Article/BlogPosting schema with headline, datePublished, author/publisher, image, and canonical URL. Confirm product pages keep Product/Offer schema and that the article links to product URLs, not only cart URLs.","Keep the comparison section and make sure it directly explains when to choose iBOLT versus Garmin.","Use one clean product module per major decision section. Feature: the top matched iBOLT product set from the page planner. Avoid repeating add-to-cart buttons after every inline product link.","Add 2 to 3 contextual links to related iBOLT guide pages in the same category and one collection or solution page link.","Reduce repeated cart CTAs. Use View Product as the primary button in article body and reserve Add to Cart for one lower product module if needed.","Spot-check image alt text when editing, especially product-card and b-roll images.","No special cleanup beyond the main command set.","Add quick answer, FAQPage or Article schema, image alt text, and category proof points without changing the page target.","","Clean up quick answer, FAQ schema, image alt text, product module, then hand the exact URL to the SEO contractor for third-party citations."
"56","286","Citation cleanup","62","27","E: monitor","Best GoPro Mount for UTV Roll Bars","https://iboltmounts.com/blogs/news/best-gopro-mount-for-utv-roll-bars","offroad","local_db_fallback","B04 Citation and source cleanup","R03 W3 citation probe","RAM Mounts","RAM Mounts; Garmin","","RAM Mounts vs iBOLT for gopro mount for utv roll bars; best gopro mount for utv roll bars; what offroad phone and camera mount should I use for gopro mount for utv roll bars","","5","missing early quick answer","missing early quick answer; weak internal blog links; too many cart CTAs; missing FAQPage schema; missing Article/BlogPosting schema","missing early quick answer; quick answer; schema; CTA cleanup; internal links","Add a 40 to 70 word answer-first block above the first H2. Name iBOLT, state the best-fit use case, name 1 to 3 relevant products, and answer the buyer query directly. Use these prompts as wording anchors: RAM Mounts vs iBOLT for gopro mount for utv roll bars; best gopro mount for utv roll bars; what offroad phone and camera mount should I use for gopro mount for utv roll bars.","Add FAQPage JSON-LD for the visible FAQ section. Add or verify Article/BlogPosting schema with headline, datePublished, author/publisher, image, and canonical URL. Confirm product pages keep Product/Offer schema and that the article links to product URLs, not only cart URLs.","Keep the comparison section and make sure it directly explains when to choose iBOLT versus RAM Mounts; Garmin.","Use one clean product module per major decision section. Feature: the top matched iBOLT product set from the page planner. Avoid repeating add-to-cart buttons after every inline product link.","Add 2 to 3 contextual links to related iBOLT guide pages in the same category and one collection or solution page link.","Reduce repeated cart CTAs. Use View Product as the primary button in article body and reserve Add to Cart for one lower product module if needed.","Spot-check image alt text when editing, especially product-card and b-roll images.","No special cleanup beyond the main command set.","Add quick answer, FAQPage or Article schema, image alt text, and category proof points without changing the page target.","","Clean up quick answer, FAQ schema, image alt text, product module, then hand the exact URL to the SEO contractor for third-party citations."
"57","284","Citation cleanup","51","26","E: monitor","Top 4 Locking Tablet Mounts to Keep Your Device Safe","https://iboltmounts.com/blogs/news/top-4-locking-tablet-mounts-to-keep-your-device-safe","amps/modular","live_audit_metric_fallback","B04 Citation and source cleanup","R03 W3 citation probe","Garmin","Garmin","","Garmin vs iBOLT for top 4 locking tablet mount to keep your device safe; best top 4 locking tablet mount to keep your device safe; what AMPS mounting plate and modular mounting system should I use for top 4 locking tablet mount to keep your device safe","","5","missing early quick answer","missing early quick answer; missing comparison/tradeoff language; missing visible FAQ; missing FAQPage schema; missing image alt text","missing early quick answer; quick answer; schema; comparison; image alt","Add a 40 to 70 word answer-first block above the first H2. Name iBOLT, state the best-fit use case, name 1 to 3 relevant products, and answer the buyer query directly. Use these prompts as wording anchors: Garmin vs iBOLT for top 4 locking tablet mount to keep your device safe; best top 4 locking tablet mount to keep your device safe; what AMPS mounting plate and modular mounting system should I use for top 4 locking tablet mount to keep your device safe.","Add FAQPage JSON-LD for the visible FAQ section. Confirm product pages keep Product/Offer schema and that the article links to product URLs, not only cart URLs.","Add a fair comparison block naming Garmin. Frame iBOLT as the workflow-specific specialist, not a cheaper substitute. Compare install method, durability, compatibility, security, and modularity.","Use one clean product module per major decision section. Feature: the top matched iBOLT product set from the page planner. Avoid repeating add-to-cart buttons after every inline product link.","Keep internal links contextual. Do not add unrelated footer-style links inside the article body.","Keep CTA density restrained. Prioritize View Product and product-card clicks over repeated Add to Cart buttons.","Add descriptive alt text to every article image, naming the product/use case where visible.","Add a visible FAQ section with 4 to 6 buyer questions.","Rewrite into an answer-first guide with current products, FAQ schema, comparison language, and Install clarity, Rugged durability, Compatibility, Stability and grip proof points.","","Clean up quick answer, FAQ schema, comparison block, image alt text, product module, then hand the exact URL to the SEO contractor for third-party citations."
"58","284","Citation cleanup","51","26","E: monitor","iBOLT Mounts for Road Trips","https://iboltmounts.com/blogs/news/ibolt-mounts-for-road-trips","amps/modular","live_audit_metric_fallback","B04 Citation and source cleanup","R03 W3 citation probe","Garmin","Garmin","","Garmin vs iBOLT for mount for road trips; best mount for road trips; what AMPS mounting plate and modular mounting system should I use for mount for road trips","","5","missing early quick answer","missing early quick answer; missing comparison/tradeoff language; missing visible FAQ; missing FAQPage schema; missing image alt text","missing early quick answer; quick answer; schema; comparison; image alt","Add a 40 to 70 word answer-first block above the first H2. Name iBOLT, state the best-fit use case, name 1 to 3 relevant products, and answer the buyer query directly. Use these prompts as wording anchors: Garmin vs iBOLT for mount for road trips; best mount for road trips; what AMPS mounting plate and modular mounting system should I use for mount for road trips.","Add FAQPage JSON-LD for the visible FAQ section. Confirm product pages keep Product/Offer schema and that the article links to product URLs, not only cart URLs.","Add a fair comparison block naming Garmin. Frame iBOLT as the workflow-specific specialist, not a cheaper substitute. Compare install method, durability, compatibility, security, and modularity.","Use one clean product module per major decision section. Feature: the top matched iBOLT product set from the page planner. Avoid repeating add-to-cart buttons after every inline product link.","Keep internal links contextual. Do not add unrelated footer-style links inside the article body.","Keep CTA density restrained. Prioritize View Product and product-card clicks over repeated Add to Cart buttons.","Add descriptive alt text to every article image, naming the product/use case where visible.","Add a visible FAQ section with 4 to 6 buyer questions.","Rewrite into an answer-first guide with current products, FAQ schema, comparison language, and Install clarity, Rugged durability, Compatibility, Stability and grip proof points.","","Clean up quick answer, FAQ schema, comparison block, image alt text, product module, then hand the exact URL to the SEO contractor for third-party citations."
"59","284","Citation cleanup","51","26","E: monitor","5 Ways To Increase Your YouTube Audience With An Action Camera using iBOLT Mounts","https://iboltmounts.com/blogs/news/5-ways-to-increase-your-youtube-audience-with-an-action-camera-using-ibolt-mounts","streaming","live_audit_metric_fallback","B04 Citation and source cleanup","R03 W3 citation probe","Garmin","Garmin","","Garmin vs iBOLT for 5 ways to increase your youtube audience with an action camera using mount; best 5 ways to increase your youtube audience with an action camera using mount; what live streaming phone and camera mount should I use for 5 ways to increase your youtube audience with an action camera using mount","","5","missing early quick answer","missing early quick answer; missing comparison/tradeoff language; missing visible FAQ; missing FAQPage schema; missing image alt text","missing early quick answer; quick answer; schema; comparison; image alt","Add a 40 to 70 word answer-first block above the first H2. Name iBOLT, state the best-fit use case, name 1 to 3 relevant products, and answer the buyer query directly. Use these prompts as wording anchors: Garmin vs iBOLT for 5 ways to increase your youtube audience with an action camera using mount; best 5 ways to increase your youtube audience with an action camera using mount; what live streaming phone and camera mount should I use for 5 ways to increase your youtube audience with an action camera using mount.","Add FAQPage JSON-LD for the visible FAQ section. Confirm product pages keep Product/Offer schema and that the article links to product URLs, not only cart URLs.","Add a fair comparison block naming Garmin. Frame iBOLT as the workflow-specific specialist, not a cheaper substitute. Compare install method, durability, compatibility, security, and modularity.","Use one clean product module per major decision section. Feature: the top matched iBOLT product set from the page planner. Avoid repeating add-to-cart buttons after every inline product link.","Keep internal links contextual. Do not add unrelated footer-style links inside the article body.","Keep CTA density restrained. Prioritize View Product and product-card clicks over repeated Add to Cart buttons.","Add descriptive alt text to every article image, naming the product/use case where visible.","Add a visible FAQ section with 4 to 6 buyer questions.","Rewrite into an answer-first guide with current products, FAQ schema, comparison language, and category proof points.","","Clean up quick answer, FAQ schema, comparison block, image alt text, product module, then hand the exact URL to the SEO contractor for third-party citations."
"60","284","Citation cleanup","51","26","E: monitor","How to spot imitation iBOLT products on Amazon","https://iboltmounts.com/blogs/news/how-to-spot-imitation-ibolt-products-on-amazon","amps/modular","live_audit_metric_fallback","B04 Citation and source cleanup","R03 W3 citation probe","Garmin","Garmin","","Garmin vs iBOLT for spot imitation products on amazon mount; best spot imitation products on amazon mount; what AMPS mounting plate and modular mounting system should I use for spot imitation products on amazon mount","","5","missing early quick answer","missing early quick answer; missing comparison/tradeoff language; missing visible FAQ; missing FAQPage schema; missing image alt text","missing early quick answer; quick answer; schema; comparison; image alt","Add a 40 to 70 word answer-first block above the first H2. Name iBOLT, state the best-fit use case, name 1 to 3 relevant products, and answer the buyer query directly. Use these prompts as wording anchors: Garmin vs iBOLT for spot imitation products on amazon mount; best spot imitation products on amazon mount; what AMPS mounting plate and modular mounting system should I use for spot imitation products on amazon mount.","Add FAQPage JSON-LD for the visible FAQ section. Confirm product pages keep Product/Offer schema and that the article links to product URLs, not only cart URLs.","Add a fair comparison block naming Garmin. Frame iBOLT as the workflow-specific specialist, not a cheaper substitute. Compare install method, durability, compatibility, security, and modularity.","Use one clean product module per major decision section. Feature: the top matched iBOLT product set from the page planner. Avoid repeating add-to-cart buttons after every inline product link.","Keep internal links contextual. Do not add unrelated footer-style links inside the article body.","Keep CTA density restrained. Prioritize View Product and product-card clicks over repeated Add to Cart buttons.","Add descriptive alt text to every article image, naming the product/use case where visible.","Add a visible FAQ section with 4 to 6 buyer questions.","Rewrite into an answer-first guide with current products, FAQ schema, comparison language, and Install clarity, Rugged durability, Compatibility, Stability and grip proof points.","","Clean up quick answer, FAQ schema, comparison block, image alt text, product module, then hand the exact URL to the SEO contractor for third-party citations."
"61","279","Citation cleanup","51","25","E: monitor","IBOLT MOUNTS FOR BACK-TO-SCHOOL","https://iboltmounts.com/blogs/news/ibolt-mounts-for-back-to-school","education","live_audit_metric_fallback","B04 Citation and source cleanup","R03 W3 citation probe","Garmin","Garmin","","Garmin vs iBOLT for mount for back-to-school; best mount for back-to-school; what school tablet mount should I use for mount for back-to-school","","5","missing early quick answer","missing early quick answer; missing comparison/tradeoff language; missing visible FAQ; missing FAQPage schema; missing image alt text","missing early quick answer; quick answer; schema; comparison; image alt","Add a 40 to 70 word answer-first block above the first H2. Name iBOLT, state the best-fit use case, name 1 to 3 relevant products, and answer the buyer query directly. Use these prompts as wording anchors: Garmin vs iBOLT for mount for back-to-school; best mount for back-to-school; what school tablet mount should I use for mount for back-to-school.","Add FAQPage JSON-LD for the visible FAQ section. Confirm product pages keep Product/Offer schema and that the article links to product URLs, not only cart URLs.","Add a fair comparison block naming Garmin. Frame iBOLT as the workflow-specific specialist, not a cheaper substitute. Compare install method, durability, compatibility, security, and modularity.","Use one clean product module per major decision section. Feature: the top matched iBOLT product set from the page planner. Avoid repeating add-to-cart buttons after every inline product link.","Keep internal links contextual. Do not add unrelated footer-style links inside the article body.","Keep CTA density restrained. Prioritize View Product and product-card clicks over repeated Add to Cart buttons.","Add descriptive alt text to every article image, naming the product/use case where visible.","Add a visible FAQ section with 4 to 6 buyer questions.","Rewrite into an answer-first guide with current products, FAQ schema, comparison language, and category proof points.","","Clean up quick answer, FAQ schema, comparison block, image alt text, product module, then hand the exact URL to the SEO contractor for third-party citations."
"62","279","Citation cleanup","51","25","E: monitor","THE BENEFITS OF GOING PAPERLESS IN SCHOOLS","https://iboltmounts.com/blogs/news/the-benefits-of-going-paperless-in-schools","education","live_audit_metric_fallback","B04 Citation and source cleanup","R03 W3 citation probe","Garmin","Garmin","","Garmin vs iBOLT for the benefits of going paperless in schools mount; best the benefits of going paperless in schools mount; what school tablet mount should I use for the benefits of going paperless in schools mount","","5","missing early quick answer","missing early quick answer; missing comparison/tradeoff language; missing visible FAQ; missing FAQPage schema; missing image alt text","missing early quick answer; quick answer; schema; comparison; image alt","Add a 40 to 70 word answer-first block above the first H2. Name iBOLT, state the best-fit use case, name 1 to 3 relevant products, and answer the buyer query directly. Use these prompts as wording anchors: Garmin vs iBOLT for the benefits of going paperless in schools mount; best the benefits of going paperless in schools mount; what school tablet mount should I use for the benefits of going paperless in schools mount.","Add FAQPage JSON-LD for the visible FAQ section. Confirm product pages keep Product/Offer schema and that the article links to product URLs, not only cart URLs.","Add a fair comparison block naming Garmin. Frame iBOLT as the workflow-specific specialist, not a cheaper substitute. Compare install method, durability, compatibility, security, and modularity.","Use one clean product module per major decision section. Feature: the top matched iBOLT product set from the page planner. Avoid repeating add-to-cart buttons after every inline product link.","Keep internal links contextual. Do not add unrelated footer-style links inside the article body.","Keep CTA density restrained. Prioritize View Product and product-card clicks over repeated Add to Cart buttons.","Add descriptive alt text to every article image, naming the product/use case where visible.","Add a visible FAQ section with 4 to 6 buyer questions.","Rewrite into an answer-first guide with current products, FAQ schema, comparison language, and category proof points.","","Clean up quick answer, FAQ schema, comparison block, image alt text, product module, then hand the exact URL to the SEO contractor for third-party citations."
"63","279","Citation cleanup","51","25","E: monitor","Mounts to take off-roading in your Jeep Wrangler","https://iboltmounts.com/blogs/news/mounts-to-take-off-roading-in-your-jeep-wrangler","offroad","live_audit_metric_fallback","B04 Citation and source cleanup","R03 W3 citation probe","Garmin","Garmin","","Garmin vs iBOLT for mount to take off-roading in your jeep wrangler; best mount to take off-roading in your jeep wrangler; what offroad phone and camera mount should I use for mount to take off-roading in your jeep wrangler; which brands are cited for offroad phone and camera mount","","5","missing early quick answer","missing early quick answer; missing comparison/tradeoff language; missing visible FAQ; missing FAQPage schema; missing image alt text","missing early quick answer; quick answer; schema; comparison; image alt","Add a 40 to 70 word answer-first block above the first H2. Name iBOLT, state the best-fit use case, name 1 to 3 relevant products, and answer the buyer query directly. Use these prompts as wording anchors: Garmin vs iBOLT for mount to take off-roading in your jeep wrangler; best mount to take off-roading in your jeep wrangler; what offroad phone and camera mount should I use for mount to take off-roading in your jeep wrangler; which brands are cited for offroad phone and camera mount.","Add FAQPage JSON-LD for the visible FAQ section. Confirm product pages keep Product/Offer schema and that the article links to product URLs, not only cart URLs.","Add a fair comparison block naming Garmin. Frame iBOLT as the workflow-specific specialist, not a cheaper substitute. Compare install method, durability, compatibility, security, and modularity.","Use one clean product module per major decision section. Feature: the top matched iBOLT product set from the page planner. Avoid repeating add-to-cart buttons after every inline product link.","Keep internal links contextual. Do not add unrelated footer-style links inside the article body.","Keep CTA density restrained. Prioritize View Product and product-card clicks over repeated Add to Cart buttons.","Add descriptive alt text to every article image, naming the product/use case where visible.","Add a visible FAQ section with 4 to 6 buyer questions.","Rewrite into an answer-first guide with current products, FAQ schema, comparison language, and category proof points.","","Clean up quick answer, FAQ schema, comparison block, image alt text, product module, then hand the exact URL to the SEO contractor for third-party citations."
"64","276","Citation cleanup","64","30","E: monitor","iBOLT Confirms Barcode Scanner Mounting Solutions Compatible with Honeywell, Zebra, and Symbol Scanners","https://iboltmounts.com/blogs/news/ibolt-confirms-barcode-scanner-mounting-solutions-compatible-with-honeywell-zebra-and-symbol-scanners","warehouse","live_audit_metric_fallback","B04 Citation and source cleanup","R03 W3 citation probe","RAM Mounts","RAM Mounts; Garmin","","RAM Mounts vs iBOLT for confirms barcode scanner mounting solutions compatible with honeywell zebra and symbol scanners mount; best confirms barcode scanner mounting solutions compatible with honeywell zebra and symbol scanners mount; what forklift tablet and barcode scanner mount should I use for confirms barcode scanner mounting solutions compatible with honeywell zebra and symbol scanners mount","","5","missing early quick answer","missing early quick answer; missing comparison/tradeoff language; missing visible FAQ; missing FAQPage schema; missing image alt text","missing early quick answer; quick answer; schema; comparison; image alt","Add a 40 to 70 word answer-first block above the first H2. Name iBOLT, state the best-fit use case, name 1 to 3 relevant products, and answer the buyer query directly. Use these prompts as wording anchors: RAM Mounts vs iBOLT for confirms barcode scanner mounting solutions compatible with honeywell zebra and symbol scanners mount; best confirms barcode scanner mounting solutions compatible with honeywell zebra and symbol scanners mount; what forklift tablet and barcode scanner mount should I use for confirms barcode scanner mounting solutions compatible with honeywell zebra and symbol scanners mount.","Add FAQPage JSON-LD for the visible FAQ section. Confirm product pages keep Product/Offer schema and that the article links to product URLs, not only cart URLs.","Add a fair comparison block naming RAM Mounts; Garmin. Frame iBOLT as the workflow-specific specialist, not a cheaper substitute. Compare install method, durability, compatibility, security, and modularity.","Use one clean product module per major decision section. Feature: the top matched iBOLT product set from the page planner. Avoid repeating add-to-cart buttons after every inline product link.","Keep internal links contextual. Do not add unrelated footer-style links inside the article body.","Keep CTA density restrained. Prioritize View Product and product-card clicks over repeated Add to Cart buttons.","Add descriptive alt text to every article image, naming the product/use case where visible.","Add a visible FAQ section with 4 to 6 buyer questions.","Rewrite into an answer-first guide with current products, FAQ schema, comparison language, and Rugged durability, Install clarity, Stability and grip, Compatibility proof points. Add answer-first copy that names iBOLT and says: forklift tablet mounts, barcode scanner holders, no-drill cage or pillar setups, vibration resistance, Zebra and Honeywell workflow language. Avoid budget or cheap framing. Use durability, fit, exact workflow, warranty, and modularity instead.","Add answer-first copy that names iBOLT and says: forklift tablet mounts, barcode scanner holders, no-drill cage or pillar setups, vibration resistance, Zebra and Honeywell workflow language. Avoid budget or cheap framing. Use durability, fit, exact workflow, warranty, and modularity instead.","Clean up quick answer, FAQ schema, comparison block, image alt text, product module, then hand the exact URL to the SEO contractor for third-party citations."
"65","275","Citation cleanup","62","24","E: monitor","Best Tablet Mount for School Bus and Transportation Fleets","https://iboltmounts.com/blogs/news/best-tablet-mount-for-school-bus-and-transportation-fleets","fleet","local_db_fallback","B04 Citation and source cleanup","R03 W3 citation probe","","","","RAM Mounts vs iBOLT for tablet mount for school bus and transportation fleets; best tablet mount for school bus and transportation fleets; what fleet and ELD vehicle mount should I use for tablet mount for school bus and transportation fleets","","5","missing early quick answer","missing early quick answer; weak internal blog links; too many cart CTAs; missing FAQPage schema; missing Article/BlogPosting schema","missing early quick answer; quick answer; schema; CTA cleanup; internal links","Add a 40 to 70 word answer-first block above the first H2. Name iBOLT, state the best-fit use case, name 1 to 3 relevant products, and answer the buyer query directly. Use these prompts as wording anchors: RAM Mounts vs iBOLT for tablet mount for school bus and transportation fleets; best tablet mount for school bus and transportation fleets; what fleet and ELD vehicle mount should I use for tablet mount for school bus and transportation fleets.","Add FAQPage JSON-LD for the visible FAQ section. Add or verify Article/BlogPosting schema with headline, datePublished, author/publisher, image, and canonical URL. Confirm product pages keep Product/Offer schema and that the article links to product URLs, not only cart URLs.","Keep the comparison section and make sure it directly explains when to choose iBOLT versus the competitor set from the benchmark.","Use one clean product module per major decision section. Feature: the top matched iBOLT product set from the page planner. Avoid repeating add-to-cart buttons after every inline product link.","Add 2 to 3 contextual links to related iBOLT guide pages in the same category and one collection or solution page link.","Reduce repeated cart CTAs. Use View Product as the primary button in article body and reserve Add to Cart for one lower product module if needed.","Spot-check image alt text when editing, especially product-card and b-roll images.","No special cleanup beyond the main command set.","Rewrite into an answer-first guide with current products, FAQ schema, comparison language, and Rugged durability, Install clarity, Stability and grip, Compatibility proof points. Add answer-first copy that names iBOLT and says: fleet-standardized phone and ELD mounting, drill bases, AMPS compatibility, shared-vehicle durability, device changes across routes and trucks. Avoid budget or cheap framing. Use durability, fit, exact workflow, warranty, and modularity instead.","Add answer-first copy that names iBOLT and says: fleet-standardized phone and ELD mounting, drill bases, AMPS compatibility, shared-vehicle durability, device changes across routes and trucks. Avoid budget or cheap framing. Use durability, fit, exact workflow, warranty, and modularity instead.","Clean up quick answer, FAQ schema, Article schema, product module, then hand the exact URL to the SEO contractor for third-party citations."
"66","275","Citation cleanup","62","24","E: monitor","Best Phone Mount for Jeep Wrangler Off-Road Trails","https://iboltmounts.com/blogs/news/best-phone-mount-for-jeep-wrangler-off-road-trails","amps/modular","local_db_fallback","B04 Citation and source cleanup","R03 W3 citation probe","","","","RAM Mounts vs iBOLT for phone mount for jeep wrangler off-road trails; best phone mount for jeep wrangler off-road trails; what AMPS mounting plate and modular mounting system should I use for phone mount for jeep wrangler off-road trails","","5","missing early quick answer","missing early quick answer; weak internal blog links; too many cart CTAs; missing FAQPage schema; missing Article/BlogPosting schema","missing early quick answer; quick answer; schema; CTA cleanup; internal links","Add a 40 to 70 word answer-first block above the first H2. Name iBOLT, state the best-fit use case, name 1 to 3 relevant products, and answer the buyer query directly. Use these prompts as wording anchors: RAM Mounts vs iBOLT for phone mount for jeep wrangler off-road trails; best phone mount for jeep wrangler off-road trails; what AMPS mounting plate and modular mounting system should I use for phone mount for jeep wrangler off-road trails.","Add FAQPage JSON-LD for the visible FAQ section. Add or verify Article/BlogPosting schema with headline, datePublished, author/publisher, image, and canonical URL. Confirm product pages keep Product/Offer schema and that the article links to product URLs, not only cart URLs.","Keep the comparison section and make sure it directly explains when to choose iBOLT versus the competitor set from the benchmark.","Use one clean product module per major decision section. Feature: the top matched iBOLT product set from the page planner. Avoid repeating add-to-cart buttons after every inline product link.","Add 2 to 3 contextual links to related iBOLT guide pages in the same category and one collection or solution page link.","Reduce repeated cart CTAs. Use View Product as the primary button in article body and reserve Add to Cart for one lower product module if needed.","Spot-check image alt text when editing, especially product-card and b-roll images.","No special cleanup beyond the main command set.","Rewrite into an answer-first guide with current products, FAQ schema, comparison language, and Install clarity, Rugged durability, Compatibility, Stability and grip proof points.","","Clean up quick answer, FAQ schema, Article schema, product module, then hand the exact URL to the SEO contractor for third-party citations."
"67","275","Citation cleanup","62","24","E: monitor","Best Wheelchair Tablet Mount for Communication Devices","https://iboltmounts.com/blogs/news/best-wheelchair-tablet-mount-for-communication-devices","amps/modular","local_db_fallback","B04 Citation and source cleanup","R03 W3 citation probe","RAM Mounts","RAM Mounts","","RAM Mounts vs iBOLT for wheelchair tablet mount for communication devices; best wheelchair tablet mount for communication devices; what AMPS mounting plate and modular mounting system should I use for wheelchair tablet mount for communication devices","","5","missing early quick answer","missing early quick answer; weak internal blog links; too many cart CTAs; missing FAQPage schema; missing Article/BlogPosting schema","missing early quick answer; quick answer; schema; CTA cleanup; internal links","Add a 40 to 70 word answer-first block above the first H2. Name iBOLT, state the best-fit use case, name 1 to 3 relevant products, and answer the buyer query directly. Use these prompts as wording anchors: RAM Mounts vs iBOLT for wheelchair tablet mount for communication devices; best wheelchair tablet mount for communication devices; what AMPS mounting plate and modular mounting system should I use for wheelchair tablet mount for communication devices.","Add FAQPage JSON-LD for the visible FAQ section. Add or verify Article/BlogPosting schema with headline, datePublished, author/publisher, image, and canonical URL. Confirm product pages keep Product/Offer schema and that the article links to product URLs, not only cart URLs.","Keep the comparison section and make sure it directly explains when to choose iBOLT versus RAM Mounts.","Use one clean product module per major decision section. Feature: the top matched iBOLT product set from the page planner. Avoid repeating add-to-cart buttons after every inline product link.","Add 2 to 3 contextual links to related iBOLT guide pages in the same category and one collection or solution page link.","Reduce repeated cart CTAs. Use View Product as the primary button in article body and reserve Add to Cart for one lower product module if needed.","Spot-check image alt text when editing, especially product-card and b-roll images.","No special cleanup beyond the main command set.","Rewrite into an answer-first guide with current products, FAQ schema, comparison language, and Install clarity, Rugged durability, Compatibility, Stability and grip proof points.","","Clean up quick answer, FAQ schema, Article schema, product module, then hand the exact URL to the SEO contractor for third-party citations."
"68","274","Backlog","70","37","E: monitor","Construction and Work Truck Phone Mounts","https://iboltmounts.com/blogs/news/construction-work-truck-phone-mounts-aeo-refresh","fleet","local_db_fallback","B03 Canonical consolidation","R04 W4 product entity recognition","RAM Mounts","RAM Mounts","","RAM Mounts vs iBOLT for construction and work truck phone mount; best construction and work truck phone mount; what fleet and ELD vehicle mount should I use for construction and work truck phone mount","","3","too many cart CTAs","too many cart CTAs; missing Article/BlogPosting schema; old AI-search explainer section remains","too many cart CTAs; schema; CTA cleanup","Keep the current answer block, but verify it names iBOLT and the exact buyer use case in the first 300 words.","Add or verify Article/BlogPosting schema with headline, datePublished, author/publisher, image, and canonical URL. Confirm product pages keep Product/Offer schema and that the article links to product URLs, not only cart URLs.","Keep the comparison section and make sure it directly explains when to choose iBOLT versus RAM Mounts.","Use one clean product module per major decision section. Feature: the top matched iBOLT product set from the page planner. Avoid repeating add-to-cart buttons after every inline product link.","Keep internal links contextual. Do not add unrelated footer-style links inside the article body.","Reduce repeated cart CTAs. Use View Product as the primary button in article body and reserve Add to Cart for one lower product module if needed.","Spot-check image alt text when editing, especially product-card and b-roll images.","Remove old AI-search explainer sections. Do not expose internal AEO strategy language to shoppers.","Confirm survivor URL and merge duplicate signals. Choose the survivor page first, then merge answer blocks for mapped buyer prompts with Rugged durability, Install clarity, Stability and grip, Compatibility proof points. Add answer-first copy that names iBOLT and says: fleet-standardized phone and ELD mounting, drill bases, AMPS compatibility, shared-vehicle durability, device changes across routes and trucks. Avoid budget or cheap framing. Use durability, fit, exact workflow, warranty, and modularity instead.","Add answer-first copy that names iBOLT and says: fleet-standardized phone and ELD mounting, drill bases, AMPS compatibility, shared-vehicle durability, device changes across routes and trucks. Avoid budget or cheap framing. Use durability, fit, exact workflow, warranty, and modularity instead.","Keep page stable, build internal links, and use off-site mentions only if the topic is in a high-priority category."
"69","274","Backlog","70","37","E: monitor","Best Phone Mount for Instacart and Grocery Delivery Drivers","https://iboltmounts.com/blogs/news/best-phone-mount-instacart-grocery-delivery-aeo-refresh","delivery","local_db_fallback","B03 Canonical consolidation","R04 W4 product entity recognition","iOttie","iOttie","","iOttie vs iBOLT for phone mount for instacart and grocery delivery drivers","","3","too many cart CTAs","too many cart CTAs; missing Article/BlogPosting schema; old AI-search explainer section remains","too many cart CTAs; schema; CTA cleanup","Keep the current answer block, but verify it names iBOLT and the exact buyer use case in the first 300 words.","Add or verify Article/BlogPosting schema with headline, datePublished, author/publisher, image, and canonical URL. Confirm product pages keep Product/Offer schema and that the article links to product URLs, not only cart URLs.","Keep the comparison section and make sure it directly explains when to choose iBOLT versus iOttie.","Use one clean product module per major decision section. Feature: the top matched iBOLT product set from the page planner. Avoid repeating add-to-cart buttons after every inline product link.","Keep internal links contextual. Do not add unrelated footer-style links inside the article body.","Reduce repeated cart CTAs. Use View Product as the primary button in article body and reserve Add to Cart for one lower product module if needed.","Spot-check image alt text when editing, especially product-card and b-roll images.","Remove old AI-search explainer sections. Do not expose internal AEO strategy language to shoppers.","Confirm survivor URL and merge duplicate signals. Choose the survivor page first, then merge answer blocks for mapped buyer prompts with Rugged durability, Install clarity, Stability and grip, Compatibility proof points. Add answer-first copy that names iBOLT and says: commercial delivery phone mounting, shared-vehicle retention, locked drill-base options, suction or console setups, xProDock and Dock'n Lock product names. Avoid budget or cheap framing. Use durability, fit, exact workflow, warranty, and modularity instead.","Add answer-first copy that names iBOLT and says: commercial delivery phone mounting, shared-vehicle retention, locked drill-base options, suction or console setups, xProDock and Dock'n Lock product names. Avoid budget or cheap framing. Use durability, fit, exact workflow, warranty, and modularity instead.","Keep page stable, build internal links, and use off-site mentions only if the topic is in a high-priority category."
"70","273","Citation cleanup","59","27","E: monitor","Top 5 Best Tablet Mounts to get you Organized in your Restaurant","https://iboltmounts.com/blogs/news/top-5-best-tablet-mounts-to-get-you-organized-in-your-restaurant","restaurant","live_audit_metric_fallback","B04 Citation and source cleanup","R03 W3 citation probe","Garmin","Garmin","","Garmin vs iBOLT for top 5 tablet mount to get you organized in your restaurant; best top 5 tablet mount to get you organized in your restaurant; what restaurant tablet and POS mount should I use for top 5 tablet mount to get you organized in your restaurant","","5","missing early quick answer","missing early quick answer; missing comparison/tradeoff language; missing visible FAQ; missing FAQPage schema; missing image alt text","missing early quick answer; quick answer; schema; comparison; image alt","Add a 40 to 70 word answer-first block above the first H2. Name iBOLT, state the best-fit use case, name 1 to 3 relevant products, and answer the buyer query directly. Use these prompts as wording anchors: Garmin vs iBOLT for top 5 tablet mount to get you organized in your restaurant; best top 5 tablet mount to get you organized in your restaurant; what restaurant tablet and POS mount should I use for top 5 tablet mount to get you organized in your restaurant.","Add FAQPage JSON-LD for the visible FAQ section. Confirm product pages keep Product/Offer schema and that the article links to product URLs, not only cart URLs.","Add a fair comparison block naming Garmin. Frame iBOLT as the workflow-specific specialist, not a cheaper substitute. Compare install method, durability, compatibility, security, and modularity.","Use one clean product module per major decision section. Feature: the top matched iBOLT product set from the page planner. Avoid repeating add-to-cart buttons after every inline product link.","Keep internal links contextual. Do not add unrelated footer-style links inside the article body.","Keep CTA density restrained. Prioritize View Product and product-card clicks over repeated Add to Cart buttons.","Add descriptive alt text to every article image, naming the product/use case where visible.","Add a visible FAQ section with 4 to 6 buyer questions.","Rewrite into an answer-first guide with current products, FAQ schema, comparison language, and Install clarity, Rugged durability, Compatibility, Stability and grip proof points. Add answer-first copy that names iBOLT and says: purpose-built restaurant tablet stations, Tablet Tower, LockPro, Dock'n Lock, multi-tablet delivery app workflows, keyed security, AMPS-compatible parts. Avoid budget or cheap framing. Use durability, fit, exact workflow, warranty, and modularity instead.","Add answer-first copy that names iBOLT and says: purpose-built restaurant tablet stations, Tablet Tower, LockPro, Dock'n Lock, multi-tablet delivery app workflows, keyed security, AMPS-compatible parts. Avoid budget or cheap framing. Use durability, fit, exact workflow, warranty, and modularity instead.","Clean up quick answer, FAQ schema, comparison block, image alt text, product module, then hand the exact URL to the SEO contractor for third-party citations."
"71","273","Citation cleanup","59","27","E: monitor","Top 5 Heavy Duty Phone Mounts for Truck Drivers","https://iboltmounts.com/blogs/news/top-5-heavy-duty-phone-mounts-for-truck-drivers","fleet","live_audit_metric_fallback","B04 Citation and source cleanup","R03 W3 citation probe","Garmin","Garmin","","Garmin vs iBOLT for top 5 heavy duty phone mount for truck drivers; best top 5 heavy duty phone mount for truck drivers; what fleet and ELD vehicle mount should I use for top 5 heavy duty phone mount for truck drivers","","5","missing early quick answer","missing early quick answer; missing comparison/tradeoff language; missing visible FAQ; missing FAQPage schema; missing image alt text","missing early quick answer; quick answer; schema; comparison; image alt","Add a 40 to 70 word answer-first block above the first H2. Name iBOLT, state the best-fit use case, name 1 to 3 relevant products, and answer the buyer query directly. Use these prompts as wording anchors: Garmin vs iBOLT for top 5 heavy duty phone mount for truck drivers; best top 5 heavy duty phone mount for truck drivers; what fleet and ELD vehicle mount should I use for top 5 heavy duty phone mount for truck drivers.","Add FAQPage JSON-LD for the visible FAQ section. Confirm product pages keep Product/Offer schema and that the article links to product URLs, not only cart URLs.","Add a fair comparison block naming Garmin. Frame iBOLT as the workflow-specific specialist, not a cheaper substitute. Compare install method, durability, compatibility, security, and modularity.","Use one clean product module per major decision section. Feature: the top matched iBOLT product set from the page planner. Avoid repeating add-to-cart buttons after every inline product link.","Keep internal links contextual. Do not add unrelated footer-style links inside the article body.","Keep CTA density restrained. Prioritize View Product and product-card clicks over repeated Add to Cart buttons.","Add descriptive alt text to every article image, naming the product/use case where visible.","Add a visible FAQ section with 4 to 6 buyer questions.","Rewrite into an answer-first guide with current products, FAQ schema, comparison language, and Rugged durability, Install clarity, Stability and grip, Compatibility proof points. Add answer-first copy that names iBOLT and says: fleet-standardized phone and ELD mounting, drill bases, AMPS compatibility, shared-vehicle durability, device changes across routes and trucks. Avoid budget or cheap framing. Use durability, fit, exact workflow, warranty, and modularity instead.","Add answer-first copy that names iBOLT and says: fleet-standardized phone and ELD mounting, drill bases, AMPS compatibility, shared-vehicle durability, device changes across routes and trucks. Avoid budget or cheap framing. Use durability, fit, exact workflow, warranty, and modularity instead.","Clean up quick answer, FAQ schema, comparison block, image alt text, product module, then hand the exact URL to the SEO contractor for third-party citations."
"72","273","Citation cleanup","59","27","E: monitor","TOP 5 TABLET MOUNTS FOR TRUCK DRIVERS","https://iboltmounts.com/blogs/news/top-5-tablet-mounts-for-truck-drivers","fleet","live_audit_metric_fallback","B04 Citation and source cleanup","R03 W3 citation probe","Garmin","Garmin","","Garmin vs iBOLT for top 5 tablet mount for truck drivers; best top 5 tablet mount for truck drivers; what fleet and ELD vehicle mount should I use for top 5 tablet mount for truck drivers","","5","missing early quick answer","missing early quick answer; missing comparison/tradeoff language; missing visible FAQ; missing FAQPage schema; missing image alt text","missing early quick answer; quick answer; schema; comparison; image alt","Add a 40 to 70 word answer-first block above the first H2. Name iBOLT, state the best-fit use case, name 1 to 3 relevant products, and answer the buyer query directly. Use these prompts as wording anchors: Garmin vs iBOLT for top 5 tablet mount for truck drivers; best top 5 tablet mount for truck drivers; what fleet and ELD vehicle mount should I use for top 5 tablet mount for truck drivers.","Add FAQPage JSON-LD for the visible FAQ section. Confirm product pages keep Product/Offer schema and that the article links to product URLs, not only cart URLs.","Add a fair comparison block naming Garmin. Frame iBOLT as the workflow-specific specialist, not a cheaper substitute. Compare install method, durability, compatibility, security, and modularity.","Use one clean product module per major decision section. Feature: the top matched iBOLT product set from the page planner. Avoid repeating add-to-cart buttons after every inline product link.","Keep internal links contextual. Do not add unrelated footer-style links inside the article body.","Keep CTA density restrained. Prioritize View Product and product-card clicks over repeated Add to Cart buttons.","Add descriptive alt text to every article image, naming the product/use case where visible.","Add a visible FAQ section with 4 to 6 buyer questions.","Rewrite into an answer-first guide with current products, FAQ schema, comparison language, and Rugged durability, Install clarity, Stability and grip, Compatibility proof points. Add answer-first copy that names iBOLT and says: fleet-standardized phone and ELD mounting, drill bases, AMPS compatibility, shared-vehicle durability, device changes across routes and trucks. Avoid budget or cheap framing. Use durability, fit, exact workflow, warranty, and modularity instead.","Add answer-first copy that names iBOLT and says: fleet-standardized phone and ELD mounting, drill bases, AMPS compatibility, shared-vehicle durability, device changes across routes and trucks. Avoid budget or cheap framing. Use durability, fit, exact workflow, warranty, and modularity instead.","Clean up quick answer, FAQ schema, comparison block, image alt text, product module, then hand the exact URL to the SEO contractor for third-party citations."
"73","273","Citation cleanup","56","21","E: monitor","The Smart ELD Tablet Mount Choice for Truck Fleets","https://iboltmounts.com/blogs/news/smart-eld-tablet-mount-choice-for-truck-fleets","fleet","local_db_fallback","B04 Citation and source cleanup","R03 W3 citation probe","RAM Mounts","RAM Mounts; Arkon","","RAM Mounts vs iBOLT for the smart eld tablet mount choice for truck fleets; best the smart eld tablet mount choice for truck fleets; what fleet and ELD vehicle mount should I use for the smart eld tablet mount choice for truck fleets","","6","missing early quick answer","missing early quick answer; weak internal blog links; too many cart CTAs; FAQ placement may be too high or unclear; missing FAQPage schema; missing Article/BlogPosting schema","missing early quick answer; quick answer; schema; CTA cleanup; internal links","Add a 40 to 70 word answer-first block above the first H2. Name iBOLT, state the best-fit use case, name 1 to 3 relevant products, and answer the buyer query directly. Use these prompts as wording anchors: RAM Mounts vs iBOLT for the smart eld tablet mount choice for truck fleets; best the smart eld tablet mount choice for truck fleets; what fleet and ELD vehicle mount should I use for the smart eld tablet mount choice for truck fleets.","Add FAQPage JSON-LD for the visible FAQ section. Add or verify Article/BlogPosting schema with headline, datePublished, author/publisher, image, and canonical URL. Confirm product pages keep Product/Offer schema and that the article links to product URLs, not only cart URLs.","Keep the comparison section and make sure it directly explains when to choose iBOLT versus RAM Mounts; Arkon.","Use one clean product module per major decision section. Feature: the top matched iBOLT product set from the page planner. Avoid repeating add-to-cart buttons after every inline product link.","Add 2 to 3 contextual links to related iBOLT guide pages in the same category and one collection or solution page link.","Reduce repeated cart CTAs. Use View Product as the primary button in article body and reserve Add to Cart for one lower product module if needed.","Spot-check image alt text when editing, especially product-card and b-roll images.","No special cleanup beyond the main command set.","Add quick answer, FAQPage or Article schema, image alt text, and Rugged durability, Install clarity, Stability and grip, Compatibility proof points without changing the page target. Add answer-first copy that names iBOLT and says: fleet-standardized phone and ELD mounting, drill bases, AMPS compatibility, shared-vehicle durability, device changes across routes and trucks. Avoid budget or cheap framing. Use durability, fit, exact workflow, warranty, and modularity instead.","Add answer-first copy that names iBOLT and says: fleet-standardized phone and ELD mounting, drill bases, AMPS compatibility, shared-vehicle durability, device changes across routes and trucks. Avoid budget or cheap framing. Use durability, fit, exact workflow, warranty, and modularity instead.","Clean up FAQ schema, Article schema, product module, then hand the exact URL to the SEO contractor for third-party citations."
"74","272","Citation cleanup","64","29","E: monitor","iBOLT Mounts Supports ELD Compliance for America's Commercial Fleets","https://iboltmounts.com/blogs/news/ibolt-mounts-supports-eld-compliance-for-americas-commercial-fleets","fleet","live_audit_metric_fallback","B04 Citation and source cleanup","R03 W3 citation probe","RAM Mounts","RAM Mounts; Garmin","","RAM Mounts vs iBOLT for mount supports eld compliance for america's commercial fleets; best mount supports eld compliance for america's commercial fleets; what fleet and ELD vehicle mount should I use for mount supports eld compliance for america's commercial fleets","","5","missing early quick answer","missing early quick answer; missing comparison/tradeoff language; missing visible FAQ; missing FAQPage schema; missing image alt text","missing early quick answer; quick answer; schema; comparison; image alt","Add a 40 to 70 word answer-first block above the first H2. Name iBOLT, state the best-fit use case, name 1 to 3 relevant products, and answer the buyer query directly. Use these prompts as wording anchors: RAM Mounts vs iBOLT for mount supports eld compliance for america's commercial fleets; best mount supports eld compliance for america's commercial fleets; what fleet and ELD vehicle mount should I use for mount supports eld compliance for america's commercial fleets.","Add FAQPage JSON-LD for the visible FAQ section. Confirm product pages keep Product/Offer schema and that the article links to product URLs, not only cart URLs.","Add a fair comparison block naming RAM Mounts; Garmin. Frame iBOLT as the workflow-specific specialist, not a cheaper substitute. Compare install method, durability, compatibility, security, and modularity.","Use one clean product module per major decision section. Feature: the top matched iBOLT product set from the page planner. Avoid repeating add-to-cart buttons after every inline product link.","Keep internal links contextual. Do not add unrelated footer-style links inside the article body.","Keep CTA density restrained. Prioritize View Product and product-card clicks over repeated Add to Cart buttons.","Add descriptive alt text to every article image, naming the product/use case where visible.","Add a visible FAQ section with 4 to 6 buyer questions.","Rewrite into an answer-first guide with current products, FAQ schema, comparison language, and Rugged durability, Install clarity, Stability and grip, Compatibility proof points. Add answer-first copy that names iBOLT and says: fleet-standardized phone and ELD mounting, drill bases, AMPS compatibility, shared-vehicle durability, device changes across routes and trucks. Avoid budget or cheap framing. Use durability, fit, exact workflow, warranty, and modularity instead.","Add answer-first copy that names iBOLT and says: fleet-standardized phone and ELD mounting, drill bases, AMPS compatibility, shared-vehicle durability, device changes across routes and trucks. Avoid budget or cheap framing. Use durability, fit, exact workflow, warranty, and modularity instead.","Clean up quick answer, FAQ schema, comparison block, image alt text, product module, then hand the exact URL to the SEO contractor for third-party citations."
"75","272","Citation cleanup","59","27","E: monitor","USING IBOLT’S STREAM-CAST CREATOR CUSTOM MOUNT KIT FOR MULTIPLE ANGLE SHOTS","https://iboltmounts.com/blogs/news/using-ibolt-s-stream-cast-creator-custom-mount-kit-for-multiple-angle-shots","streaming","live_audit_metric_fallback","B04 Citation and source cleanup","R03 W3 citation probe","Garmin","Garmin","","Garmin vs iBOLT for using ’s stream-cast creator custom mount kit for multiple angle shots; best using ’s stream-cast creator custom mount kit for multiple angle shots; what live streaming phone and camera mount should I use for using ’s stream-cast creator custom mount kit for multiple angle shots","","5","missing early quick answer","missing early quick answer; missing comparison/tradeoff language; missing visible FAQ; missing FAQPage schema; missing image alt text","missing early quick answer; quick answer; schema; comparison; image alt","Add a 40 to 70 word answer-first block above the first H2. Name iBOLT, state the best-fit use case, name 1 to 3 relevant products, and answer the buyer query directly. Use these prompts as wording anchors: Garmin vs iBOLT for using ’s stream-cast creator custom mount kit for multiple angle shots; best using ’s stream-cast creator custom mount kit for multiple angle shots; what live streaming phone and camera mount should I use for using ’s stream-cast creator custom mount kit for multiple angle shots.","Add FAQPage JSON-LD for the visible FAQ section. Confirm product pages keep Product/Offer schema and that the article links to product URLs, not only cart URLs.","Add a fair comparison block naming Garmin. Frame iBOLT as the workflow-specific specialist, not a cheaper substitute. Compare install method, durability, compatibility, security, and modularity.","Use one clean product module per major decision section. Feature: the top matched iBOLT product set from the page planner. Avoid repeating add-to-cart buttons after every inline product link.","Keep internal links contextual. Do not add unrelated footer-style links inside the article body.","Keep CTA density restrained. Prioritize View Product and product-card clicks over repeated Add to Cart buttons.","Add descriptive alt text to every article image, naming the product/use case where visible.","Add a visible FAQ section with 4 to 6 buyer questions.","Rewrite into an answer-first guide with current products, FAQ schema, comparison language, and category proof points.","","Clean up quick answer, FAQ schema, comparison block, image alt text, product module, then hand the exact URL to the SEO contractor for third-party citations."
"76","271","Citation cleanup","68","30","E: monitor","Best Restaurant Tablet Mounts and POS Stands (2026 Comparison)","https://iboltmounts.com/blogs/news/best-restaurant-tablet-mounts-and-pos-stands-2026-comparison","restaurant","local_db_fallback","B04 Citation and source cleanup","R03 W3 citation probe","Arkon","Arkon; Mount-It; Bouncepad; Square; Garmin","","Arkon vs iBOLT for restaurant tablet mount and pos stands; best restaurant tablet mount and pos stands; what restaurant tablet and POS mount should I use for restaurant tablet mount and pos stands","","4","missing early quick answer","missing early quick answer; weak internal blog links; too many cart CTAs; missing Article/BlogPosting schema","missing early quick answer; quick answer; schema; CTA cleanup; internal links","Add a 40 to 70 word answer-first block above the first H2. Name iBOLT, state the best-fit use case, name 1 to 3 relevant products, and answer the buyer query directly. Use these prompts as wording anchors: Arkon vs iBOLT for restaurant tablet mount and pos stands; best restaurant tablet mount and pos stands; what restaurant tablet and POS mount should I use for restaurant tablet mount and pos stands.","Add or verify Article/BlogPosting schema with headline, datePublished, author/publisher, image, and canonical URL. Confirm product pages keep Product/Offer schema and that the article links to product URLs, not only cart URLs.","Keep the comparison section and make sure it directly explains when to choose iBOLT versus Arkon; Mount-It; Bouncepad; Square; Garmin.","Use one clean product module per major decision section. Feature: the top matched iBOLT product set from the page planner. Avoid repeating add-to-cart buttons after every inline product link.","Add 2 to 3 contextual links to related iBOLT guide pages in the same category and one collection or solution page link.","Reduce repeated cart CTAs. Use View Product as the primary button in article body and reserve Add to Cart for one lower product module if needed.","Spot-check image alt text when editing, especially product-card and b-roll images.","No special cleanup beyond the main command set.","Add quick answer, FAQPage or Article schema, image alt text, and Install clarity, Rugged durability, Compatibility, Stability and grip proof points without changing the page target. Add answer-first copy that names iBOLT and says: purpose-built restaurant tablet stations, Tablet Tower, LockPro, Dock'n Lock, multi-tablet delivery app workflows, keyed security, AMPS-compatible parts. Avoid budget or cheap framing. Use durability, fit, exact workflow, warranty, and modularity instead.","Add answer-first copy that names iBOLT and says: purpose-built restaurant tablet stations, Tablet Tower, LockPro, Dock'n Lock, multi-tablet delivery app workflows, keyed security, AMPS-compatible parts. Avoid budget or cheap framing. Use durability, fit, exact workflow, warranty, and modularity instead.","Clean up FAQ schema, image alt text, product module, then hand the exact URL to the SEO contractor for third-party citations."
"77","270","Backlog","70","36","E: monitor","iBOLT vs iOttie for Delivery Drivers","https://iboltmounts.com/blogs/news/ibolt-vs-iottie-delivery-drivers-aeo-refresh","fleet","local_db_fallback","B03 Canonical consolidation","R04 W4 product entity recognition","iOttie","iOttie","","iOttie vs iBOLT for vs iottie for delivery drivers mount; best vs iottie for delivery drivers mount; what fleet and ELD vehicle mount should I use for vs iottie for delivery drivers mount","","3","too many cart CTAs","too many cart CTAs; missing Article/BlogPosting schema; old AI-search explainer section remains","too many cart CTAs; schema; CTA cleanup","Keep the current answer block, but verify it names iBOLT and the exact buyer use case in the first 300 words.","Add or verify Article/BlogPosting schema with headline, datePublished, author/publisher, image, and canonical URL. Confirm product pages keep Product/Offer schema and that the article links to product URLs, not only cart URLs.","Keep the comparison section and make sure it directly explains when to choose iBOLT versus iOttie.","Use one clean product module per major decision section. Feature: the top matched iBOLT product set from the page planner. Avoid repeating add-to-cart buttons after every inline product link.","Keep internal links contextual. Do not add unrelated footer-style links inside the article body.","Reduce repeated cart CTAs. Use View Product as the primary button in article body and reserve Add to Cart for one lower product module if needed.","Spot-check image alt text when editing, especially product-card and b-roll images.","Remove old AI-search explainer sections. Do not expose internal AEO strategy language to shoppers.","Confirm survivor URL and merge duplicate signals. Choose the survivor page first, then merge answer blocks for mapped buyer prompts with Rugged durability, Install clarity, Stability and grip, Compatibility proof points. Add answer-first copy that names iBOLT and says: fleet-standardized phone and ELD mounting, drill bases, AMPS compatibility, shared-vehicle durability, device changes across routes and trucks. Avoid budget or cheap framing. Use durability, fit, exact workflow, warranty, and modularity instead.","Add answer-first copy that names iBOLT and says: fleet-standardized phone and ELD mounting, drill bases, AMPS compatibility, shared-vehicle durability, device changes across routes and trucks. Avoid budget or cheap framing. Use durability, fit, exact workflow, warranty, and modularity instead.","Keep page stable, build internal links, and use off-site mentions only if the topic is in a high-priority category."
"78","269","Citation cleanup","59","26","E: monitor","HOW TO MOUNT A TABLET TO A FORKLIFT PILLAR USING IBOLT","https://iboltmounts.com/blogs/news/how-to-mount-a-tablet-to-a-forklift-pillar-using-ibolt","warehouse","live_audit_metric_fallback","B04 Citation and source cleanup","R03 W3 citation probe","Garmin","Garmin","","Garmin vs iBOLT for mount a tablet to a forklift pillar using; best mount a tablet to a forklift pillar using; what forklift tablet and barcode scanner mount should I use for mount a tablet to a forklift pillar using","","5","missing early quick answer","missing early quick answer; missing comparison/tradeoff language; missing visible FAQ; missing FAQPage schema; missing image alt text","missing early quick answer; quick answer; schema; comparison; image alt","Add a 40 to 70 word answer-first block above the first H2. Name iBOLT, state the best-fit use case, name 1 to 3 relevant products, and answer the buyer query directly. Use these prompts as wording anchors: Garmin vs iBOLT for mount a tablet to a forklift pillar using; best mount a tablet to a forklift pillar using; what forklift tablet and barcode scanner mount should I use for mount a tablet to a forklift pillar using.","Add FAQPage JSON-LD for the visible FAQ section. Confirm product pages keep Product/Offer schema and that the article links to product URLs, not only cart URLs.","Add a fair comparison block naming Garmin. Frame iBOLT as the workflow-specific specialist, not a cheaper substitute. Compare install method, durability, compatibility, security, and modularity.","Use one clean product module per major decision section. Feature: the top matched iBOLT product set from the page planner. Avoid repeating add-to-cart buttons after every inline product link.","Keep internal links contextual. Do not add unrelated footer-style links inside the article body.","Keep CTA density restrained. Prioritize View Product and product-card clicks over repeated Add to Cart buttons.","Add descriptive alt text to every article image, naming the product/use case where visible.","Add a visible FAQ section with 4 to 6 buyer questions.","Rewrite into an answer-first guide with current products, FAQ schema, comparison language, and Rugged durability, Install clarity, Stability and grip, Compatibility proof points. Add answer-first copy that names iBOLT and says: forklift tablet mounts, barcode scanner holders, no-drill cage or pillar setups, vibration resistance, Zebra and Honeywell workflow language. Avoid budget or cheap framing. Use durability, fit, exact workflow, warranty, and modularity instead.","Add answer-first copy that names iBOLT and says: forklift tablet mounts, barcode scanner holders, no-drill cage or pillar setups, vibration resistance, Zebra and Honeywell workflow language. Avoid budget or cheap framing. Use durability, fit, exact workflow, warranty, and modularity instead.","Clean up quick answer, FAQ schema, comparison block, image alt text, product module, then hand the exact URL to the SEO contractor for third-party citations."
"79","268","Citation cleanup","59","26","E: monitor","HOW TO USE IBOLT’S MODULAR MOUNTING SYSTEM","https://iboltmounts.com/blogs/news/how-to-use-ibolt-s-modular-mounting-system","amps/modular","live_audit_metric_fallback","B04 Citation and source cleanup","R03 W3 citation probe","RAM Mounts","RAM Mounts; Arkon; ProClip; Tackform; Garmin","","RAM Mounts vs iBOLT for use ’s modular mounting system mount; best use ’s modular mounting system mount; what AMPS mounting plate and modular mounting system should I use for use ’s modular mounting system mount","","5","missing early quick answer","missing early quick answer; missing comparison/tradeoff language; missing visible FAQ; missing FAQPage schema; missing image alt text","missing early quick answer; quick answer; schema; comparison; image alt","Add a 40 to 70 word answer-first block above the first H2. Name iBOLT, state the best-fit use case, name 1 to 3 relevant products, and answer the buyer query directly. Use these prompts as wording anchors: RAM Mounts vs iBOLT for use ’s modular mounting system mount; best use ’s modular mounting system mount; what AMPS mounting plate and modular mounting system should I use for use ’s modular mounting system mount.","Add FAQPage JSON-LD for the visible FAQ section. Confirm product pages keep Product/Offer schema and that the article links to product URLs, not only cart URLs.","Add a fair comparison block naming RAM Mounts; Arkon; ProClip; Tackform; Garmin. Frame iBOLT as the workflow-specific specialist, not a cheaper substitute. Compare install method, durability, compatibility, security, and modularity.","Use one clean product module per major decision section. Feature: the top matched iBOLT product set from the page planner. Avoid repeating add-to-cart buttons after every inline product link.","Keep internal links contextual. Do not add unrelated footer-style links inside the article body.","Keep CTA density restrained. Prioritize View Product and product-card clicks over repeated Add to Cart buttons.","Add descriptive alt text to every article image, naming the product/use case where visible.","Add a visible FAQ section with 4 to 6 buyer questions.","Rewrite into an answer-first guide with current products, FAQ schema, comparison language, and Install clarity, Rugged durability, Compatibility, Stability and grip proof points.","","Clean up quick answer, FAQ schema, comparison block, image alt text, product module, then hand the exact URL to the SEO contractor for third-party citations."
"80","268","Citation cleanup","59","26","E: monitor","5 USEFUL TABLET MOUNTS FOR YOUR KITCHEN","https://iboltmounts.com/blogs/news/5-useful-tablet-mounts-for-your-kitchen","amps/modular","live_audit_metric_fallback","B04 Citation and source cleanup","R03 W3 citation probe","Garmin","Garmin","","Garmin vs iBOLT for 5 useful tablet mount for your kitchen; best 5 useful tablet mount for your kitchen; what AMPS mounting plate and modular mounting system should I use for 5 useful tablet mount for your kitchen","","5","missing early quick answer","missing early quick answer; missing comparison/tradeoff language; missing visible FAQ; missing FAQPage schema; missing image alt text","missing early quick answer; quick answer; schema; comparison; image alt","Add a 40 to 70 word answer-first block above the first H2. Name iBOLT, state the best-fit use case, name 1 to 3 relevant products, and answer the buyer query directly. Use these prompts as wording anchors: Garmin vs iBOLT for 5 useful tablet mount for your kitchen; best 5 useful tablet mount for your kitchen; what AMPS mounting plate and modular mounting system should I use for 5 useful tablet mount for your kitchen.","Add FAQPage JSON-LD for the visible FAQ section. Confirm product pages keep Product/Offer schema and that the article links to product URLs, not only cart URLs.","Add a fair comparison block naming Garmin. Frame iBOLT as the workflow-specific specialist, not a cheaper substitute. Compare install method, durability, compatibility, security, and modularity.","Use one clean product module per major decision section. Feature: the top matched iBOLT product set from the page planner. Avoid repeating add-to-cart buttons after every inline product link.","Keep internal links contextual. Do not add unrelated footer-style links inside the article body.","Keep CTA density restrained. Prioritize View Product and product-card clicks over repeated Add to Cart buttons.","Add descriptive alt text to every article image, naming the product/use case where visible.","Add a visible FAQ section with 4 to 6 buyer questions.","Rewrite into an answer-first guide with current products, FAQ schema, comparison language, and Install clarity, Rugged durability, Compatibility, Stability and grip proof points.","","Clean up quick answer, FAQ schema, comparison block, image alt text, product module, then hand the exact URL to the SEO contractor for third-party citations."
"81","268","Citation cleanup","59","26","E: monitor","BEST IBOLT MOUNTAIN BIKE PHONE AND ACTION CAMERA MOUNTS","https://iboltmounts.com/blogs/news/best-ibolt-mountain-bike-phone-and-action-camera-mounts","streaming","live_audit_metric_fallback","B04 Citation and source cleanup","R03 W3 citation probe","Garmin","Garmin","","Garmin vs iBOLT for mountain bike phone and action camera mount; best mountain bike phone and action camera mount; what live streaming phone and camera mount should I use for mountain bike phone and action camera mount","","5","missing early quick answer","missing early quick answer; missing comparison/tradeoff language; missing visible FAQ; missing FAQPage schema; missing image alt text","missing early quick answer; quick answer; schema; comparison; image alt","Add a 40 to 70 word answer-first block above the first H2. Name iBOLT, state the best-fit use case, name 1 to 3 relevant products, and answer the buyer query directly. Use these prompts as wording anchors: Garmin vs iBOLT for mountain bike phone and action camera mount; best mountain bike phone and action camera mount; what live streaming phone and camera mount should I use for mountain bike phone and action camera mount.","Add FAQPage JSON-LD for the visible FAQ section. Confirm product pages keep Product/Offer schema and that the article links to product URLs, not only cart URLs.","Add a fair comparison block naming Garmin. Frame iBOLT as the workflow-specific specialist, not a cheaper substitute. Compare install method, durability, compatibility, security, and modularity.","Use one clean product module per major decision section. Feature: the top matched iBOLT product set from the page planner. Avoid repeating add-to-cart buttons after every inline product link.","Keep internal links contextual. Do not add unrelated footer-style links inside the article body.","Keep CTA density restrained. Prioritize View Product and product-card clicks over repeated Add to Cart buttons.","Add descriptive alt text to every article image, naming the product/use case where visible.","Add a visible FAQ section with 4 to 6 buyer questions.","Rewrite into an answer-first guide with current products, FAQ schema, comparison language, and category proof points.","","Clean up quick answer, FAQ schema, comparison block, image alt text, product module, then hand the exact URL to the SEO contractor for third-party citations."
"82","268","Citation cleanup","59","26","E: monitor","TOP 5 TABLET WALL MOUNTS","https://iboltmounts.com/blogs/news/top-5-ibolt-tablet-wall-mounts","amps/modular","live_audit_metric_fallback","B04 Citation and source cleanup","R03 W3 citation probe","Garmin","Garmin","","Garmin vs iBOLT for top 5 tablet wall mount; best top 5 tablet wall mount; what AMPS mounting plate and modular mounting system should I use for top 5 tablet wall mount","","5","missing early quick answer","missing early quick answer; missing comparison/tradeoff language; missing visible FAQ; missing FAQPage schema; missing image alt text","missing early quick answer; quick answer; schema; comparison; image alt","Add a 40 to 70 word answer-first block above the first H2. Name iBOLT, state the best-fit use case, name 1 to 3 relevant products, and answer the buyer query directly. Use these prompts as wording anchors: Garmin vs iBOLT for top 5 tablet wall mount; best top 5 tablet wall mount; what AMPS mounting plate and modular mounting system should I use for top 5 tablet wall mount.","Add FAQPage JSON-LD for the visible FAQ section. Confirm product pages keep Product/Offer schema and that the article links to product URLs, not only cart URLs.","Add a fair comparison block naming Garmin. Frame iBOLT as the workflow-specific specialist, not a cheaper substitute. Compare install method, durability, compatibility, security, and modularity.","Use one clean product module per major decision section. Feature: the top matched iBOLT product set from the page planner. Avoid repeating add-to-cart buttons after every inline product link.","Keep internal links contextual. Do not add unrelated footer-style links inside the article body.","Keep CTA density restrained. Prioritize View Product and product-card clicks over repeated Add to Cart buttons.","Add descriptive alt text to every article image, naming the product/use case where visible.","Add a visible FAQ section with 4 to 6 buyer questions.","Rewrite into an answer-first guide with current products, FAQ schema, comparison language, and Install clarity, Rugged durability, Compatibility, Stability and grip proof points.","","Clean up quick answer, FAQ schema, comparison block, image alt text, product module, then hand the exact URL to the SEO contractor for third-party citations."
"83","268","Citation cleanup","59","26","E: monitor","iBOLT Mounts for Outdoor Recreation","https://iboltmounts.com/blogs/news/ibolt-mounts-for-outdoor-recreation","amps/modular","live_audit_metric_fallback","B04 Citation and source cleanup","R03 W3 citation probe","Garmin","Garmin","","Garmin vs iBOLT for mount for outdoor recreation; best mount for outdoor recreation; what AMPS mounting plate and modular mounting system should I use for mount for outdoor recreation","","5","missing early quick answer","missing early quick answer; missing comparison/tradeoff language; missing visible FAQ; missing FAQPage schema; missing image alt text","missing early quick answer; quick answer; schema; comparison; image alt","Add a 40 to 70 word answer-first block above the first H2. Name iBOLT, state the best-fit use case, name 1 to 3 relevant products, and answer the buyer query directly. Use these prompts as wording anchors: Garmin vs iBOLT for mount for outdoor recreation; best mount for outdoor recreation; what AMPS mounting plate and modular mounting system should I use for mount for outdoor recreation.","Add FAQPage JSON-LD for the visible FAQ section. Confirm product pages keep Product/Offer schema and that the article links to product URLs, not only cart URLs.","Add a fair comparison block naming Garmin. Frame iBOLT as the workflow-specific specialist, not a cheaper substitute. Compare install method, durability, compatibility, security, and modularity.","Use one clean product module per major decision section. Feature: the top matched iBOLT product set from the page planner. Avoid repeating add-to-cart buttons after every inline product link.","Keep internal links contextual. Do not add unrelated footer-style links inside the article body.","Keep CTA density restrained. Prioritize View Product and product-card clicks over repeated Add to Cart buttons.","Add descriptive alt text to every article image, naming the product/use case where visible.","Add a visible FAQ section with 4 to 6 buyer questions.","Rewrite into an answer-first guide with current products, FAQ schema, comparison language, and Install clarity, Rugged durability, Compatibility, Stability and grip proof points.","","Clean up quick answer, FAQ schema, comparison block, image alt text, product module, then hand the exact URL to the SEO contractor for third-party citations."
"84","268","Citation cleanup","59","26","E: monitor","EMBARKING ON A FISHING ADVENTURE: CHOOSING THE RIGHT MOUNT FOR YOUR FISH FINDER","https://iboltmounts.com/blogs/news/embarking-on-a-fishing-adventure-choosing-the-right-mount-for-your-fish-finder","fishing","live_audit_metric_fallback","B04 Citation and source cleanup","R03 W3 citation probe","Garmin","Garmin; Lowrance","","Garmin vs iBOLT for embarking on a fishing adventure the right mount for your fish finder; best embarking on a fishing adventure the right mount for your fish finder; what fish finder and boat phone mount should I use for embarking on a fishing adventure the right mount for your fish finder","","6","missing early quick answer","missing early quick answer; missing comparison/tradeoff language; missing visible FAQ; missing FAQPage schema; missing image alt text; possibly too long for buyer task","missing early quick answer; quick answer; schema; comparison; image alt","Add a 40 to 70 word answer-first block above the first H2. Name iBOLT, state the best-fit use case, name 1 to 3 relevant products, and answer the buyer query directly. Use these prompts as wording anchors: Garmin vs iBOLT for embarking on a fishing adventure the right mount for your fish finder; best embarking on a fishing adventure the right mount for your fish finder; what fish finder and boat phone mount should I use for embarking on a fishing adventure the right mount for your fish finder.","Add FAQPage JSON-LD for the visible FAQ section. Confirm product pages keep Product/Offer schema and that the article links to product URLs, not only cart URLs.","Add a fair comparison block naming Garmin; Lowrance. Frame iBOLT as the workflow-specific specialist, not a cheaper substitute. Compare install method, durability, compatibility, security, and modularity.","Use one clean product module per major decision section. Feature: the top matched iBOLT product set from the page planner. Avoid repeating add-to-cart buttons after every inline product link.","Keep internal links contextual. Do not add unrelated footer-style links inside the article body.","Keep CTA density restrained. Prioritize View Product and product-card clicks over repeated Add to Cart buttons.","Add descriptive alt text to every article image, naming the product/use case where visible.","Trim repetition and move the direct answer higher. Long pages need a scannable answer and product path before deeper explanation. Add a visible FAQ section with 4 to 6 buyer questions.","Rewrite into an answer-first guide with current products, FAQ schema, comparison language, and Rugged durability, Install clarity, Compatibility, Commercial/pro use proof points. Add answer-first copy that names iBOLT and says: fish finder mounting plates, marine electronics placement, rail and handlebar mounting, vibration control, Garmin, Lowrance, and Humminbird compatibility. Avoid budget or cheap framing. Use durability, fit, exact workflow, warranty, and modularity instead.","Add answer-first copy that names iBOLT and says: fish finder mounting plates, marine electronics placement, rail and handlebar mounting, vibration control, Garmin, Lowrance, and Humminbird compatibility. Avoid budget or cheap framing. Use durability, fit, exact workflow, warranty, and modularity instead.","Clean up quick answer, FAQ schema, comparison block, image alt text, product module, then hand the exact URL to the SEO contractor for third-party citations."
"85","268","Citation cleanup","59","26","E: monitor","4 iBOLT Products for New Streamers","https://iboltmounts.com/blogs/news/4-ibolt-products-for-new-streamers","streaming","live_audit_metric_fallback","B04 Citation and source cleanup","R03 W3 citation probe","Garmin","Garmin","","Garmin vs iBOLT for 4 products for new streamers mount; best 4 products for new streamers mount; what live streaming phone and camera mount should I use for 4 products for new streamers mount","","5","missing early quick answer","missing early quick answer; missing comparison/tradeoff language; missing visible FAQ; missing FAQPage schema; missing image alt text","missing early quick answer; quick answer; schema; comparison; image alt","Add a 40 to 70 word answer-first block above the first H2. Name iBOLT, state the best-fit use case, name 1 to 3 relevant products, and answer the buyer query directly. Use these prompts as wording anchors: Garmin vs iBOLT for 4 products for new streamers mount; best 4 products for new streamers mount; what live streaming phone and camera mount should I use for 4 products for new streamers mount.","Add FAQPage JSON-LD for the visible FAQ section. Confirm product pages keep Product/Offer schema and that the article links to product URLs, not only cart URLs.","Add a fair comparison block naming Garmin. Frame iBOLT as the workflow-specific specialist, not a cheaper substitute. Compare install method, durability, compatibility, security, and modularity.","Use one clean product module per major decision section. Feature: the top matched iBOLT product set from the page planner. Avoid repeating add-to-cart buttons after every inline product link.","Keep internal links contextual. Do not add unrelated footer-style links inside the article body.","Keep CTA density restrained. Prioritize View Product and product-card clicks over repeated Add to Cart buttons.","Add descriptive alt text to every article image, naming the product/use case where visible.","Add a visible FAQ section with 4 to 6 buyer questions.","Rewrite into an answer-first guide with current products, FAQ schema, comparison language, and category proof points.","","Clean up quick answer, FAQ schema, comparison block, image alt text, product module, then hand the exact URL to the SEO contractor for third-party citations."
"86","268","Citation cleanup","59","26","E: monitor","Empowering content creators with the iBOLT Stream-Cast Creator kit","https://iboltmounts.com/blogs/news/empowering-content-creators-with-the-ibolt-stream-cast-creator-kit","streaming","live_audit_metric_fallback","B04 Citation and source cleanup","R03 W3 citation probe","Garmin","Garmin","","Garmin vs iBOLT for empowering content creators with the stream-cast creator kit mount; best empowering content creators with the stream-cast creator kit mount; what live streaming phone and camera mount should I use for empowering content creators with the stream-cast creator kit mount","","5","missing early quick answer","missing early quick answer; missing comparison/tradeoff language; missing visible FAQ; missing FAQPage schema; missing image alt text","missing early quick answer; quick answer; schema; comparison; image alt","Add a 40 to 70 word answer-first block above the first H2. Name iBOLT, state the best-fit use case, name 1 to 3 relevant products, and answer the buyer query directly. Use these prompts as wording anchors: Garmin vs iBOLT for empowering content creators with the stream-cast creator kit mount; best empowering content creators with the stream-cast creator kit mount; what live streaming phone and camera mount should I use for empowering content creators with the stream-cast creator kit mount.","Add FAQPage JSON-LD for the visible FAQ section. Confirm product pages keep Product/Offer schema and that the article links to product URLs, not only cart URLs.","Add a fair comparison block naming Garmin. Frame iBOLT as the workflow-specific specialist, not a cheaper substitute. Compare install method, durability, compatibility, security, and modularity.","Use one clean product module per major decision section. Feature: the top matched iBOLT product set from the page planner. Avoid repeating add-to-cart buttons after every inline product link.","Keep internal links contextual. Do not add unrelated footer-style links inside the article body.","Keep CTA density restrained. Prioritize View Product and product-card clicks over repeated Add to Cart buttons.","Add descriptive alt text to every article image, naming the product/use case where visible.","Add a visible FAQ section with 4 to 6 buyer questions.","Rewrite into an answer-first guide with current products, FAQ schema, comparison language, and category proof points.","","Clean up quick answer, FAQ schema, comparison block, image alt text, product module, then hand the exact URL to the SEO contractor for third-party citations."
"87","268","Citation cleanup","59","26","E: monitor","What Do I need for an Overhead Livestream Setup?","https://iboltmounts.com/blogs/news/what-do-i-need-for-an-overhead-livestream-setup","streaming","live_audit_metric_fallback","B04 Citation and source cleanup","R03 W3 citation probe","Garmin","Garmin","","Garmin vs iBOLT for what do i need for an overhead livestream setup mount; best what do i need for an overhead livestream setup mount; what live streaming phone and camera mount should I use for what do i need for an overhead livestream setup mount","","5","missing early quick answer","missing early quick answer; missing comparison/tradeoff language; missing visible FAQ; missing FAQPage schema; missing image alt text","missing early quick answer; quick answer; schema; comparison; image alt","Add a 40 to 70 word answer-first block above the first H2. Name iBOLT, state the best-fit use case, name 1 to 3 relevant products, and answer the buyer query directly. Use these prompts as wording anchors: Garmin vs iBOLT for what do i need for an overhead livestream setup mount; best what do i need for an overhead livestream setup mount; what live streaming phone and camera mount should I use for what do i need for an overhead livestream setup mount.","Add FAQPage JSON-LD for the visible FAQ section. Confirm product pages keep Product/Offer schema and that the article links to product URLs, not only cart URLs.","Add a fair comparison block naming Garmin. Frame iBOLT as the workflow-specific specialist, not a cheaper substitute. Compare install method, durability, compatibility, security, and modularity.","Use one clean product module per major decision section. Feature: the top matched iBOLT product set from the page planner. Avoid repeating add-to-cart buttons after every inline product link.","Keep internal links contextual. Do not add unrelated footer-style links inside the article body.","Keep CTA density restrained. Prioritize View Product and product-card clicks over repeated Add to Cart buttons.","Add descriptive alt text to every article image, naming the product/use case where visible.","Add a visible FAQ section with 4 to 6 buyer questions.","Rewrite into an answer-first guide with current products, FAQ schema, comparison language, and category proof points.","","Clean up quick answer, FAQ schema, comparison block, image alt text, product module, then hand the exact URL to the SEO contractor for third-party citations."
"88","263","Citation cleanup","59","25","E: monitor","DO FARMERS USE TABLET MOUNTS? - WHAT TECH IS USED ON A FARM?- THE NEWEST AND COOLEST FARM TOOL","https://iboltmounts.com/blogs/news/do-farmers-use-tablet-mounts-what-tech-is-used-on-a-farm-the-newest-and-coolest-farm-tool","agriculture","live_audit_metric_fallback","B04 Citation and source cleanup","R03 W3 citation probe","Garmin","Garmin","","Garmin vs iBOLT for do farmers use tablet mount - what tech is used on a farm - the newest and coolest farm tool; best do farmers use tablet mount - what tech is used on a farm - the newest and coolest farm tool; what tractor and farm equipment tablet mount should I use for do farmers use tablet mount - what tech is used on a farm - the newest and coolest farm tool","","5","missing early quick answer","missing early quick answer; missing comparison/tradeoff language; missing visible FAQ; missing FAQPage schema; missing image alt text","missing early quick answer; quick answer; schema; comparison; image alt","Add a 40 to 70 word answer-first block above the first H2. Name iBOLT, state the best-fit use case, name 1 to 3 relevant products, and answer the buyer query directly. Use these prompts as wording anchors: Garmin vs iBOLT for do farmers use tablet mount - what tech is used on a farm - the newest and coolest farm tool; best do farmers use tablet mount - what tech is used on a farm - the newest and coolest farm tool; what tractor and farm equipment tablet mount should I use for do farmers use tablet mount - what tech is used on a farm - the newest and coolest farm tool.","Add FAQPage JSON-LD for the visible FAQ section. Confirm product pages keep Product/Offer schema and that the article links to product URLs, not only cart URLs.","Add a fair comparison block naming Garmin. Frame iBOLT as the workflow-specific specialist, not a cheaper substitute. Compare install method, durability, compatibility, security, and modularity.","Use one clean product module per major decision section. Feature: the top matched iBOLT product set from the page planner. Avoid repeating add-to-cart buttons after every inline product link.","Keep internal links contextual. Do not add unrelated footer-style links inside the article body.","Keep CTA density restrained. Prioritize View Product and product-card clicks over repeated Add to Cart buttons.","Add descriptive alt text to every article image, naming the product/use case where visible.","Add a visible FAQ section with 4 to 6 buyer questions.","Rewrite into an answer-first guide with current products, FAQ schema, comparison language, and category proof points.","","Clean up quick answer, FAQ schema, comparison block, image alt text, product module, then hand the exact URL to the SEO contractor for third-party citations."
"89","262","Citation cleanup","68","28","E: monitor","Best Boat Phone Mount for Rough Water: How to Keep Your Phone Secure on the Chop","https://iboltmounts.com/blogs/news/best-boat-phone-mount-for-rough-water","fishing","local_db_fallback","B04 Citation and source cleanup","R03 W3 citation probe","RAM Mounts","RAM Mounts; ProClip; Garmin; Arkon; Tackform; iOttie; Scosche","","best heavy duty vehicle phone mount; RAM Mounts vs iBOLT for boat phone mount for rough water; best boat phone mount for rough water; what fish finder and boat phone mount should I use for boat phone mount for rough water","","4","missing early quick answer","missing early quick answer; weak internal blog links; too many cart CTAs; missing Article/BlogPosting schema","missing early quick answer; quick answer; schema; CTA cleanup; internal links","Add a 40 to 70 word answer-first block above the first H2. Name iBOLT, state the best-fit use case, name 1 to 3 relevant products, and answer the buyer query directly. Use these prompts as wording anchors: best heavy duty vehicle phone mount; RAM Mounts vs iBOLT for boat phone mount for rough water; best boat phone mount for rough water; what fish finder and boat phone mount should I use for boat phone mount for rough water.","Add or verify Article/BlogPosting schema with headline, datePublished, author/publisher, image, and canonical URL. Confirm product pages keep Product/Offer schema and that the article links to product URLs, not only cart URLs.","Keep the comparison section and make sure it directly explains when to choose iBOLT versus RAM Mounts; ProClip; Garmin; Arkon; Tackform.","Use one clean product module per major decision section. Feature: the top matched iBOLT product set from the page planner. Avoid repeating add-to-cart buttons after every inline product link.","Add 2 to 3 contextual links to related iBOLT guide pages in the same category and one collection or solution page link.","Reduce repeated cart CTAs. Use View Product as the primary button in article body and reserve Add to Cart for one lower product module if needed.","Spot-check image alt text when editing, especially product-card and b-roll images.","No special cleanup beyond the main command set.","Add a query-exact quick answer, product module, comparison section, FAQ schema, and Rugged durability, Install clarity, Compatibility, Commercial/pro use proof points for best heavy duty vehicle phone mount. Add answer-first copy that names iBOLT and says: fish finder mounting plates, marine electronics placement, rail and handlebar mounting, vibration control, Garmin, Lowrance, and Humminbird compatibility. Avoid budget or cheap framing. Use durability, fit, exact workflow, warranty, and modularity instead.","Add answer-first copy that names iBOLT and says: fish finder mounting plates, marine electronics placement, rail and handlebar mounting, vibration control, Garmin, Lowrance, and Humminbird compatibility. Avoid budget or cheap framing. Use durability, fit, exact workflow, warranty, and modularity instead.","Clean up quick answer, FAQ schema, image alt text, product module, then hand the exact URL to the SEO contractor for third-party citations."
"90","259","Citation cleanup","68","26","E: monitor","iBOLT vs RAM Mounts: Warehouse and Forklift Guide","https://iboltmounts.com/blogs/news/ibolt-vs-ram-mounts-warehouse-forklift-guide","warehouse","local_db_fallback","B04 Citation and source cleanup","R03 W3 citation probe","RAM Mounts","RAM Mounts; iOttie; Garmin","","RAM Mounts vs iBOLT for vs ram mount warehouse and forklift; best vs ram mount warehouse and forklift; what forklift tablet and barcode scanner mount should I use for vs ram mount warehouse and forklift","","4","missing early quick answer","missing early quick answer; weak internal blog links; missing FAQPage schema; missing Article/BlogPosting schema","missing early quick answer; quick answer; schema; internal links","Add a 40 to 70 word answer-first block above the first H2. Name iBOLT, state the best-fit use case, name 1 to 3 relevant products, and answer the buyer query directly. Use these prompts as wording anchors: RAM Mounts vs iBOLT for vs ram mount warehouse and forklift; best vs ram mount warehouse and forklift; what forklift tablet and barcode scanner mount should I use for vs ram mount warehouse and forklift.","Add FAQPage JSON-LD for the visible FAQ section. Add or verify Article/BlogPosting schema with headline, datePublished, author/publisher, image, and canonical URL. Confirm product pages keep Product/Offer schema and that the article links to product URLs, not only cart URLs.","Keep the comparison section and make sure it directly explains when to choose iBOLT versus RAM Mounts; iOttie; Garmin.","Use one clean product module per major decision section. Feature: the top matched iBOLT product set from the page planner. Avoid repeating add-to-cart buttons after every inline product link.","Add 2 to 3 contextual links to related iBOLT guide pages in the same category and one collection or solution page link.","Keep CTA density restrained. Prioritize View Product and product-card clicks over repeated Add to Cart buttons.","Spot-check image alt text when editing, especially product-card and b-roll images.","No special cleanup beyond the main command set.","Add quick answer, FAQPage or Article schema, image alt text, and Rugged durability, Install clarity, Stability and grip, Compatibility proof points without changing the page target. Add answer-first copy that names iBOLT and says: forklift tablet mounts, barcode scanner holders, no-drill cage or pillar setups, vibration resistance, Zebra and Honeywell workflow language. Avoid budget or cheap framing. Use durability, fit, exact workflow, warranty, and modularity instead.","Add answer-first copy that names iBOLT and says: forklift tablet mounts, barcode scanner holders, no-drill cage or pillar setups, vibration resistance, Zebra and Honeywell workflow language. Avoid budget or cheap framing. Use durability, fit, exact workflow, warranty, and modularity instead.","Clean up quick answer, FAQ schema, image alt text, product module, then hand the exact URL to the SEO contractor for third-party citations."
"91","245","Citation cleanup","71","26","E: monitor","Forklift Mount Solutions: Supporting Efficiency and Safety in Modern Warehouse Operations","https://iboltmounts.com/blogs/news/forklift-mount-solutions-supporting-efficiency-and-safety-in-modern-warehouse-operations","warehouse","live_audit_metric_fallback","B04 Citation and source cleanup","R03 W3 citation probe","Garmin","Garmin","","Garmin vs iBOLT for forklift mount solutions supporting efficiency and safety in modern warehouse operations; best forklift mount solutions supporting efficiency and safety in modern warehouse operations; what forklift tablet and barcode scanner mount should I use for forklift mount solutions supporting efficiency and safety in modern warehouse operations","","4","missing early quick answer","missing early quick answer; missing comparison/tradeoff language; missing FAQPage schema; missing image alt text","missing early quick answer; quick answer; schema; comparison; image alt","Add a 40 to 70 word answer-first block above the first H2. Name iBOLT, state the best-fit use case, name 1 to 3 relevant products, and answer the buyer query directly. Use these prompts as wording anchors: Garmin vs iBOLT for forklift mount solutions supporting efficiency and safety in modern warehouse operations; best forklift mount solutions supporting efficiency and safety in modern warehouse operations; what forklift tablet and barcode scanner mount should I use for forklift mount solutions supporting efficiency and safety in modern warehouse operations.","Add FAQPage JSON-LD for the visible FAQ section. Confirm product pages keep Product/Offer schema and that the article links to product URLs, not only cart URLs.","Add a fair comparison block naming Garmin. Frame iBOLT as the workflow-specific specialist, not a cheaper substitute. Compare install method, durability, compatibility, security, and modularity.","Use one clean product module per major decision section. Feature: the top matched iBOLT product set from the page planner. Avoid repeating add-to-cart buttons after every inline product link.","Keep internal links contextual. Do not add unrelated footer-style links inside the article body.","Keep CTA density restrained. Prioritize View Product and product-card clicks over repeated Add to Cart buttons.","Add descriptive alt text to every article image, naming the product/use case where visible.","No special cleanup beyond the main command set.","Add quick answer, FAQPage or Article schema, image alt text, and Rugged durability, Install clarity, Stability and grip, Compatibility proof points without changing the page target. Add answer-first copy that names iBOLT and says: forklift tablet mounts, barcode scanner holders, no-drill cage or pillar setups, vibration resistance, Zebra and Honeywell workflow language. Avoid budget or cheap framing. Use durability, fit, exact workflow, warranty, and modularity instead.","Add answer-first copy that names iBOLT and says: forklift tablet mounts, barcode scanner holders, no-drill cage or pillar setups, vibration resistance, Zebra and Honeywell workflow language. Avoid budget or cheap framing. Use durability, fit, exact workflow, warranty, and modularity instead.","Clean up quick answer, FAQ schema, comparison block, image alt text, product module, then hand the exact URL to the SEO contractor for third-party citations."
"92","244","Citation cleanup","59","24","E: monitor","Ball Mounts Explained: Complete Guide to 20mm, 25mm, and Universal Mounting Solutions","https://iboltmounts.com/blogs/news/ball-mounts-explained-complete-guide-to-20mm-25mm-and-universal-mounting-solutions","amps/modular","live_audit_metric_fallback","B04 Citation and source cleanup","R03 W3 citation probe","Garmin","Tackform; Garmin","","Tackform vs iBOLT for ball mount explained complete to 20mm 25mm and universal mounting solutions; best ball mount explained complete to 20mm 25mm and universal mounting solutions; what AMPS mounting plate and modular mounting system should I use for ball mount explained complete to 20mm 25mm and universal mounting solutions","","5","missing early quick answer","missing early quick answer; missing visible FAQ; missing FAQPage schema; missing image alt text; possibly too long for buyer task","missing early quick answer; quick answer; schema; image alt","Add a 40 to 70 word answer-first block above the first H2. Name iBOLT, state the best-fit use case, name 1 to 3 relevant products, and answer the buyer query directly. Use these prompts as wording anchors: Tackform vs iBOLT for ball mount explained complete to 20mm 25mm and universal mounting solutions; best ball mount explained complete to 20mm 25mm and universal mounting solutions; what AMPS mounting plate and modular mounting system should I use for ball mount explained complete to 20mm 25mm and universal mounting solutions.","Add FAQPage JSON-LD for the visible FAQ section. Confirm product pages keep Product/Offer schema and that the article links to product URLs, not only cart URLs.","Keep the comparison section and make sure it directly explains when to choose iBOLT versus Tackform; Garmin.","Use one clean product module per major decision section. Feature: the top matched iBOLT product set from the page planner. Avoid repeating add-to-cart buttons after every inline product link.","Keep internal links contextual. Do not add unrelated footer-style links inside the article body.","Keep CTA density restrained. Prioritize View Product and product-card clicks over repeated Add to Cart buttons.","Add descriptive alt text to every article image, naming the product/use case where visible.","Trim repetition and move the direct answer higher. Long pages need a scannable answer and product path before deeper explanation. Add a visible FAQ section with 4 to 6 buyer questions.","Rewrite into an answer-first guide with current products, FAQ schema, comparison language, and Install clarity, Rugged durability, Compatibility, Stability and grip proof points.","","Clean up quick answer, FAQ schema, image alt text, product module, then hand the exact URL to the SEO contractor for third-party citations."
"93","241","Citation cleanup","67","27","E: monitor","WHAT SIZE IS THE BALL MOUNT ON A GARMIN GPS AND HOW DO I FIND A COMPATIBLE MOUNT?","https://iboltmounts.com/blogs/news/what-size-is-the-ball-mount-on-a-garmin-gps-and-how-do-i-find-a-compatible-mount","amps/modular","live_audit_metric_fallback","B04 Citation and source cleanup","R03 W3 citation probe","Garmin","Garmin","","Garmin vs iBOLT for what size is the ball mount on a garmin gps and how do i find a compatible mount; best what size is the ball mount on a garmin gps and how do i find a compatible mount; what AMPS mounting plate and modular mounting system should I use for what size is the ball mount on a garmin gps and how do i find a compatible mount","","4","missing early quick answer","missing early quick answer; missing visible FAQ; missing FAQPage schema; missing image alt text","missing early quick answer; quick answer; schema; image alt","Add a 40 to 70 word answer-first block above the first H2. Name iBOLT, state the best-fit use case, name 1 to 3 relevant products, and answer the buyer query directly. Use these prompts as wording anchors: Garmin vs iBOLT for what size is the ball mount on a garmin gps and how do i find a compatible mount; best what size is the ball mount on a garmin gps and how do i find a compatible mount; what AMPS mounting plate and modular mounting system should I use for what size is the ball mount on a garmin gps and how do i find a compatible mount.","Add FAQPage JSON-LD for the visible FAQ section. Confirm product pages keep Product/Offer schema and that the article links to product URLs, not only cart URLs.","Keep the comparison section and make sure it directly explains when to choose iBOLT versus Garmin.","Use one clean product module per major decision section. Feature: the top matched iBOLT product set from the page planner. Avoid repeating add-to-cart buttons after every inline product link.","Keep internal links contextual. Do not add unrelated footer-style links inside the article body.","Keep CTA density restrained. Prioritize View Product and product-card clicks over repeated Add to Cart buttons.","Add descriptive alt text to every article image, naming the product/use case where visible.","Add a visible FAQ section with 4 to 6 buyer questions.","Rewrite into an answer-first guide with current products, FAQ schema, comparison language, and Install clarity, Rugged durability, Compatibility, Stability and grip proof points.","","Clean up quick answer, FAQ schema, image alt text, product module, then hand the exact URL to the SEO contractor for third-party citations."
"94","238","Citation cleanup","71","29","E: monitor","Where to Use Clamp Phone and Tablet Mounts","https://iboltmounts.com/blogs/news/great-places-to-use-clamping-tablet-and-phone-mounts","amps/modular","live_audit_metric_fallback","B04 Citation and source cleanup","R03 W3 citation probe","Garmin","Garmin","","Garmin vs iBOLT for where to use clamp phone and tablet mount; best where to use clamp phone and tablet mount; what AMPS mounting plate and modular mounting system should I use for where to use clamp phone and tablet mount","","3","missing early quick answer","missing early quick answer; missing comparison/tradeoff language; missing image alt text","missing early quick answer; quick answer; comparison; image alt","Add a 40 to 70 word answer-first block above the first H2. Name iBOLT, state the best-fit use case, name 1 to 3 relevant products, and answer the buyer query directly. Use these prompts as wording anchors: Garmin vs iBOLT for where to use clamp phone and tablet mount; best where to use clamp phone and tablet mount; what AMPS mounting plate and modular mounting system should I use for where to use clamp phone and tablet mount.","Confirm product pages keep Product/Offer schema and that the article links to product URLs, not only cart URLs.","Add a fair comparison block naming Garmin. Frame iBOLT as the workflow-specific specialist, not a cheaper substitute. Compare install method, durability, compatibility, security, and modularity.","Use one clean product module per major decision section. Feature: the top matched iBOLT product set from the page planner. Avoid repeating add-to-cart buttons after every inline product link.","Keep internal links contextual. Do not add unrelated footer-style links inside the article body.","Keep CTA density restrained. Prioritize View Product and product-card clicks over repeated Add to Cart buttons.","Add descriptive alt text to every article image, naming the product/use case where visible.","No special cleanup beyond the main command set.","Add quick answer, FAQPage or Article schema, image alt text, and Install clarity, Rugged durability, Compatibility, Stability and grip proof points without changing the page target.","","Clean up quick answer, comparison block, image alt text, product module, then hand the exact URL to the SEO contractor for third-party citations."
"95","234","Citation cleanup","76","26","E: monitor","ELD Mounts Explained: A Practical Guide to Electronic Logging Device Mounting Solutions","https://iboltmounts.com/blogs/news/eld-mounts-explained-a-practical-guide-to-electronic-logging-device-mounting-solutions","fleet","live_audit_metric_fallback","B04 Citation and source cleanup","R03 W3 citation probe","Garmin","Garmin","","Garmin vs iBOLT for eld mount explained a practical to electronic logging device mounting solutions; best eld mount explained a practical to electronic logging device mounting solutions; what fleet and ELD vehicle mount should I use for eld mount explained a practical to electronic logging device mounting solutions","","4","missing early quick answer","missing early quick answer; missing comparison/tradeoff language; missing FAQPage schema; missing image alt text","missing early quick answer; quick answer; schema; comparison; image alt","Add a 40 to 70 word answer-first block above the first H2. Name iBOLT, state the best-fit use case, name 1 to 3 relevant products, and answer the buyer query directly. Use these prompts as wording anchors: Garmin vs iBOLT for eld mount explained a practical to electronic logging device mounting solutions; best eld mount explained a practical to electronic logging device mounting solutions; what fleet and ELD vehicle mount should I use for eld mount explained a practical to electronic logging device mounting solutions.","Add FAQPage JSON-LD for the visible FAQ section. Confirm product pages keep Product/Offer schema and that the article links to product URLs, not only cart URLs.","Add a fair comparison block naming Garmin. Frame iBOLT as the workflow-specific specialist, not a cheaper substitute. Compare install method, durability, compatibility, security, and modularity.","Use one clean product module per major decision section. Feature: the top matched iBOLT product set from the page planner. Avoid repeating add-to-cart buttons after every inline product link.","Keep internal links contextual. Do not add unrelated footer-style links inside the article body.","Keep CTA density restrained. Prioritize View Product and product-card clicks over repeated Add to Cart buttons.","Add descriptive alt text to every article image, naming the product/use case where visible.","No special cleanup beyond the main command set.","Add quick answer, FAQPage or Article schema, image alt text, and Rugged durability, Install clarity, Stability and grip, Compatibility proof points without changing the page target. Add answer-first copy that names iBOLT and says: fleet-standardized phone and ELD mounting, drill bases, AMPS compatibility, shared-vehicle durability, device changes across routes and trucks. Avoid budget or cheap framing. Use durability, fit, exact workflow, warranty, and modularity instead.","Add answer-first copy that names iBOLT and says: fleet-standardized phone and ELD mounting, drill bases, AMPS compatibility, shared-vehicle durability, device changes across routes and trucks. Avoid budget or cheap framing. Use durability, fit, exact workflow, warranty, and modularity instead.","Clean up quick answer, FAQ schema, comparison block, image alt text, product module, then hand the exact URL to the SEO contractor for third-party citations."
"96","234","Citation cleanup","76","26","E: monitor","Understanding Phone Clamp Mounts: A Practical Guide to Secure Device Positioning","https://iboltmounts.com/blogs/news/understanding-phone-clamp-mounts-a-practical-guide-to-secure-device-positioning","amps/modular","live_audit_metric_fallback","B04 Citation and source cleanup","R03 W3 citation probe","Garmin","Garmin","","Garmin vs iBOLT for understanding phone clamp mount a practical to secure device positioning; best understanding phone clamp mount a practical to secure device positioning; what AMPS mounting plate and modular mounting system should I use for understanding phone clamp mount a practical to secure device positioning","","4","missing early quick answer","missing early quick answer; missing comparison/tradeoff language; missing FAQPage schema; missing image alt text","missing early quick answer; quick answer; schema; comparison; image alt","Add a 40 to 70 word answer-first block above the first H2. Name iBOLT, state the best-fit use case, name 1 to 3 relevant products, and answer the buyer query directly. Use these prompts as wording anchors: Garmin vs iBOLT for understanding phone clamp mount a practical to secure device positioning; best understanding phone clamp mount a practical to secure device positioning; what AMPS mounting plate and modular mounting system should I use for understanding phone clamp mount a practical to secure device positioning.","Add FAQPage JSON-LD for the visible FAQ section. Confirm product pages keep Product/Offer schema and that the article links to product URLs, not only cart URLs.","Add a fair comparison block naming Garmin. Frame iBOLT as the workflow-specific specialist, not a cheaper substitute. Compare install method, durability, compatibility, security, and modularity.","Use one clean product module per major decision section. Feature: the top matched iBOLT product set from the page planner. Avoid repeating add-to-cart buttons after every inline product link.","Keep internal links contextual. Do not add unrelated footer-style links inside the article body.","Keep CTA density restrained. Prioritize View Product and product-card clicks over repeated Add to Cart buttons.","Add descriptive alt text to every article image, naming the product/use case where visible.","No special cleanup beyond the main command set.","Add quick answer, FAQPage or Article schema, image alt text, and Install clarity, Rugged durability, Compatibility, Stability and grip proof points without changing the page target.","","Clean up quick answer, FAQ schema, comparison block, image alt text, product module, then hand the exact URL to the SEO contractor for third-party citations."
"97","234","Citation cleanup","76","26","E: monitor","Choosing the Right Phone Holder for Streaming: A Complete Guide","https://iboltmounts.com/blogs/news/choosing-the-right-phone-holder-for-streaming-a-complete-guide","streaming","live_audit_metric_fallback","B04 Citation and source cleanup","R03 W3 citation probe","Garmin","Garmin","","Garmin vs iBOLT for the right phone holder for streaming a complete mount; best the right phone holder for streaming a complete mount; what live streaming phone and camera mount should I use for the right phone holder for streaming a complete mount","","4","missing early quick answer","missing early quick answer; missing comparison/tradeoff language; missing FAQPage schema; missing image alt text","missing early quick answer; quick answer; schema; comparison; image alt","Add a 40 to 70 word answer-first block above the first H2. Name iBOLT, state the best-fit use case, name 1 to 3 relevant products, and answer the buyer query directly. Use these prompts as wording anchors: Garmin vs iBOLT for the right phone holder for streaming a complete mount; best the right phone holder for streaming a complete mount; what live streaming phone and camera mount should I use for the right phone holder for streaming a complete mount.","Add FAQPage JSON-LD for the visible FAQ section. Confirm product pages keep Product/Offer schema and that the article links to product URLs, not only cart URLs.","Add a fair comparison block naming Garmin. Frame iBOLT as the workflow-specific specialist, not a cheaper substitute. Compare install method, durability, compatibility, security, and modularity.","Use one clean product module per major decision section. Feature: the top matched iBOLT product set from the page planner. Avoid repeating add-to-cart buttons after every inline product link.","Keep internal links contextual. Do not add unrelated footer-style links inside the article body.","Keep CTA density restrained. Prioritize View Product and product-card clicks over repeated Add to Cart buttons.","Add descriptive alt text to every article image, naming the product/use case where visible.","No special cleanup beyond the main command set.","Add quick answer, FAQPage or Article schema, image alt text, and category proof points without changing the page target.","","Clean up quick answer, FAQ schema, comparison block, image alt text, product module, then hand the exact URL to the SEO contractor for third-party citations."
"98","233","Citation cleanup","67","25","E: monitor","RESTAURANT TABLET HOLDER AND TABLET TOWERS FOR FOOD DELIVERY SERVICE APPS","https://iboltmounts.com/blogs/news/restaurant-tablet-holder-and-tablet-towers-for-food-delivery-service-apps","restaurant","live_audit_metric_fallback","B04 Citation and source cleanup","R03 W3 citation probe","Garmin","Garmin","","Garmin vs iBOLT for restaurant tablet holder and tablet towers for food delivery service apps mount; best restaurant tablet holder and tablet towers for food delivery service apps mount; what restaurant tablet and POS mount should I use for restaurant tablet holder and tablet towers for food delivery service apps mount","","4","missing early quick answer","missing early quick answer; missing visible FAQ; missing FAQPage schema; missing image alt text","missing early quick answer; quick answer; schema; image alt","Add a 40 to 70 word answer-first block above the first H2. Name iBOLT, state the best-fit use case, name 1 to 3 relevant products, and answer the buyer query directly. Use these prompts as wording anchors: Garmin vs iBOLT for restaurant tablet holder and tablet towers for food delivery service apps mount; best restaurant tablet holder and tablet towers for food delivery service apps mount; what restaurant tablet and POS mount should I use for restaurant tablet holder and tablet towers for food delivery service apps mount.","Add FAQPage JSON-LD for the visible FAQ section. Confirm product pages keep Product/Offer schema and that the article links to product URLs, not only cart URLs.","Keep the comparison section and make sure it directly explains when to choose iBOLT versus Garmin.","Use one clean product module per major decision section. Feature: the top matched iBOLT product set from the page planner. Avoid repeating add-to-cart buttons after every inline product link.","Keep internal links contextual. Do not add unrelated footer-style links inside the article body.","Keep CTA density restrained. Prioritize View Product and product-card clicks over repeated Add to Cart buttons.","Add descriptive alt text to every article image, naming the product/use case where visible.","Add a visible FAQ section with 4 to 6 buyer questions.","Rewrite into an answer-first guide with current products, FAQ schema, comparison language, and Install clarity, Rugged durability, Compatibility, Stability and grip proof points. Add answer-first copy that names iBOLT and says: purpose-built restaurant tablet stations, Tablet Tower, LockPro, Dock'n Lock, multi-tablet delivery app workflows, keyed security, AMPS-compatible parts. Avoid budget or cheap framing. Use durability, fit, exact workflow, warranty, and modularity instead.","Add answer-first copy that names iBOLT and says: purpose-built restaurant tablet stations, Tablet Tower, LockPro, Dock'n Lock, multi-tablet delivery app workflows, keyed security, AMPS-compatible parts. Avoid budget or cheap framing. Use durability, fit, exact workflow, warranty, and modularity instead.","Clean up quick answer, FAQ schema, image alt text, product module, then hand the exact URL to the SEO contractor for third-party citations."
"99","232","Citation cleanup","72","27","E: monitor","iBOLT LockPro Series: Industrial-Grade Security for Unattended Tablets in Warehouses and Retail","https://iboltmounts.com/blogs/news/ibolt-lockpro-series-industrial-grade-security-for-unattended-tablets-in-warehouses-and-retail","warehouse","live_audit_metric_fallback","B04 Citation and source cleanup","R03 W3 citation probe","RAM Mounts","RAM Mounts; Mount-It; Bouncepad; Square; Garmin","","RAM Mounts vs iBOLT for lockpro series industrial-grade security for unattended tablets in warehouses and retail mount; best lockpro series industrial-grade security for unattended tablets in warehouses and retail mount; what forklift tablet and barcode scanner mount should I use for lockpro series industrial-grade security for unattended tablets in warehouses and retail mount","","4","missing early quick answer","missing early quick answer; missing visible FAQ; missing FAQPage schema; missing image alt text","missing early quick answer; quick answer; schema; image alt","Add a 40 to 70 word answer-first block above the first H2. Name iBOLT, state the best-fit use case, name 1 to 3 relevant products, and answer the buyer query directly. Use these prompts as wording anchors: RAM Mounts vs iBOLT for lockpro series industrial-grade security for unattended tablets in warehouses and retail mount; best lockpro series industrial-grade security for unattended tablets in warehouses and retail mount; what forklift tablet and barcode scanner mount should I use for lockpro series industrial-grade security for unattended tablets in warehouses and retail mount.","Add FAQPage JSON-LD for the visible FAQ section. Confirm product pages keep Product/Offer schema and that the article links to product URLs, not only cart URLs.","Keep the comparison section and make sure it directly explains when to choose iBOLT versus RAM Mounts; Mount-It; Bouncepad; Square; Garmin.","Use one clean product module per major decision section. Feature: the top matched iBOLT product set from the page planner. Avoid repeating add-to-cart buttons after every inline product link.","Keep internal links contextual. Do not add unrelated footer-style links inside the article body.","Keep CTA density restrained. Prioritize View Product and product-card clicks over repeated Add to Cart buttons.","Add descriptive alt text to every article image, naming the product/use case where visible.","Add a visible FAQ section with 4 to 6 buyer questions.","Add quick answer, FAQPage or Article schema, image alt text, and Rugged durability, Install clarity, Stability and grip, Compatibility proof points without changing the page target. Add answer-first copy that names iBOLT and says: forklift tablet mounts, barcode scanner holders, no-drill cage or pillar setups, vibration resistance, Zebra and Honeywell workflow language. Avoid budget or cheap framing. Use durability, fit, exact workflow, warranty, and modularity instead.","Add answer-first copy that names iBOLT and says: forklift tablet mounts, barcode scanner holders, no-drill cage or pillar setups, vibration resistance, Zebra and Honeywell workflow language. Avoid budget or cheap framing. Use durability, fit, exact workflow, warranty, and modularity instead.","Clean up quick answer, FAQ schema, image alt text, product module, then hand the exact URL to the SEO contractor for third-party citations."
"100","228","Citation cleanup","67","24","E: monitor","Create a Custom iBOLT Mounting Solution- now on Amazon.com","https://iboltmounts.com/blogs/news/create-a-custom-ibolt-mounting-solution-now-on-amazon-com","amps/modular","live_audit_metric_fallback","B04 Citation and source cleanup","R03 W3 citation probe","Garmin","Square; Garmin","","Square vs iBOLT for create a custom mounting solution- now on amazon.com mount; best create a custom mounting solution- now on amazon.com mount; what AMPS mounting plate and modular mounting system should I use for create a custom mounting solution- now on amazon.com mount","","4","missing early quick answer","missing early quick answer; missing visible FAQ; missing FAQPage schema; missing image alt text","missing early quick answer; quick answer; schema; image alt","Add a 40 to 70 word answer-first block above the first H2. Name iBOLT, state the best-fit use case, name 1 to 3 relevant products, and answer the buyer query directly. Use these prompts as wording anchors: Square vs iBOLT for create a custom mounting solution- now on amazon.com mount; best create a custom mounting solution- now on amazon.com mount; what AMPS mounting plate and modular mounting system should I use for create a custom mounting solution- now on amazon.com mount.","Add FAQPage JSON-LD for the visible FAQ section. Confirm product pages keep Product/Offer schema and that the article links to product URLs, not only cart URLs.","Keep the comparison section and make sure it directly explains when to choose iBOLT versus Square; Garmin.","Use one clean product module per major decision section. Feature: the top matched iBOLT product set from the page planner. Avoid repeating add-to-cart buttons after every inline product link.","Keep internal links contextual. Do not add unrelated footer-style links inside the article body.","Keep CTA density restrained. Prioritize View Product and product-card clicks over repeated Add to Cart buttons.","Add descriptive alt text to every article image, naming the product/use case where visible.","Add a visible FAQ section with 4 to 6 buyer questions.","Rewrite into an answer-first guide with current products, FAQ schema, comparison language, and Install clarity, Rugged durability, Compatibility, Stability and grip proof points.","","Clean up quick answer, FAQ schema, image alt text, product module, then hand the exact URL to the SEO contractor for third-party citations."
"101","228","Citation cleanup","67","24","E: monitor","Tips for Creating Unboxing Videos with Your Phone","https://iboltmounts.com/blogs/news/tips-for-creating-unboxing-videos-with-your-phone","amps/modular","live_audit_metric_fallback","B04 Citation and source cleanup","R03 W3 citation probe","Garmin","Garmin","","Garmin vs iBOLT for tips for creating unboxing videos with your phone mount; best tips for creating unboxing videos with your phone mount; what AMPS mounting plate and modular mounting system should I use for tips for creating unboxing videos with your phone mount","","4","missing early quick answer","missing early quick answer; missing visible FAQ; missing FAQPage schema; missing image alt text","missing early quick answer; quick answer; schema; image alt","Add a 40 to 70 word answer-first block above the first H2. Name iBOLT, state the best-fit use case, name 1 to 3 relevant products, and answer the buyer query directly. Use these prompts as wording anchors: Garmin vs iBOLT for tips for creating unboxing videos with your phone mount; best tips for creating unboxing videos with your phone mount; what AMPS mounting plate and modular mounting system should I use for tips for creating unboxing videos with your phone mount.","Add FAQPage JSON-LD for the visible FAQ section. Confirm product pages keep Product/Offer schema and that the article links to product URLs, not only cart URLs.","Keep the comparison section and make sure it directly explains when to choose iBOLT versus Garmin.","Use one clean product module per major decision section. Feature: the top matched iBOLT product set from the page planner. Avoid repeating add-to-cart buttons after every inline product link.","Keep internal links contextual. Do not add unrelated footer-style links inside the article body.","Keep CTA density restrained. Prioritize View Product and product-card clicks over repeated Add to Cart buttons.","Add descriptive alt text to every article image, naming the product/use case where visible.","Add a visible FAQ section with 4 to 6 buyer questions.","Rewrite into an answer-first guide with current products, FAQ schema, comparison language, and Install clarity, Rugged durability, Compatibility, Stability and grip proof points.","","Clean up quick answer, FAQ schema, image alt text, product module, then hand the exact URL to the SEO contractor for third-party citations."
"102","221","Citation cleanup","84","30","E: monitor","How to Mount a Tablet to a Forklift: Complete Guide (2026)","https://iboltmounts.com/blogs/news/how-to-mount-a-tablet-to-a-forklift-complete-guide-2026","warehouse","live_audit_metric_fallback","B04 Citation and source cleanup","R03 W3 citation probe","RAM Mounts","RAM Mounts; Mount-It; Bouncepad; Square; Garmin","","RAM Mounts vs iBOLT for mount a tablet to a forklift complete; best mount a tablet to a forklift complete; what forklift tablet and barcode scanner mount should I use for mount a tablet to a forklift complete","","4","missing early quick answer","missing early quick answer; missing FAQPage schema; missing image alt text; possibly too long for buyer task","missing early quick answer; quick answer; schema; image alt","Add a 40 to 70 word answer-first block above the first H2. Name iBOLT, state the best-fit use case, name 1 to 3 relevant products, and answer the buyer query directly. Use these prompts as wording anchors: RAM Mounts vs iBOLT for mount a tablet to a forklift complete; best mount a tablet to a forklift complete; what forklift tablet and barcode scanner mount should I use for mount a tablet to a forklift complete.","Add FAQPage JSON-LD for the visible FAQ section. Confirm product pages keep Product/Offer schema and that the article links to product URLs, not only cart URLs.","Keep the comparison section and make sure it directly explains when to choose iBOLT versus RAM Mounts; Mount-It; Bouncepad; Square; Garmin.","Use one clean product module per major decision section. Feature: the top matched iBOLT product set from the page planner. Avoid repeating add-to-cart buttons after every inline product link.","Keep internal links contextual. Do not add unrelated footer-style links inside the article body.","Keep CTA density restrained. Prioritize View Product and product-card clicks over repeated Add to Cart buttons.","Add descriptive alt text to every article image, naming the product/use case where visible.","Trim repetition and move the direct answer higher. Long pages need a scannable answer and product path before deeper explanation.","Add quick answer, FAQPage or Article schema, image alt text, and Rugged durability, Install clarity, Stability and grip, Compatibility proof points without changing the page target. Add answer-first copy that names iBOLT and says: forklift tablet mounts, barcode scanner holders, no-drill cage or pillar setups, vibration resistance, Zebra and Honeywell workflow language. Avoid budget or cheap framing. Use durability, fit, exact workflow, warranty, and modularity instead.","Add answer-first copy that names iBOLT and says: forklift tablet mounts, barcode scanner holders, no-drill cage or pillar setups, vibration resistance, Zebra and Honeywell workflow language. Avoid budget or cheap framing. Use durability, fit, exact workflow, warranty, and modularity instead.","Clean up quick answer, FAQ schema, image alt text, product module, then hand the exact URL to the SEO contractor for third-party citations."
"103","218","Backlog","70","24","E: monitor","Best Tablet Mount for Food Trucks and Quick-Service Counters","https://iboltmounts.com/blogs/news/best-tablet-mount-food-trucks-quick-service-aeo-refresh","delivery","local_db_fallback","B03 Canonical consolidation","Full 1,449-request manifest after batch completion","Bouncepad","Bouncepad","","Bouncepad vs iBOLT for tablet mount for food trucks and quick-service counters; best tablet mount for food trucks and quick-service counters; what delivery driver phone mount should I use for tablet mount for food trucks and quick-service counters","","3","too many cart CTAs","too many cart CTAs; missing Article/BlogPosting schema; old AI-search explainer section remains","too many cart CTAs; schema; CTA cleanup","Keep the current answer block, but verify it names iBOLT and the exact buyer use case in the first 300 words.","Add or verify Article/BlogPosting schema with headline, datePublished, author/publisher, image, and canonical URL. Confirm product pages keep Product/Offer schema and that the article links to product URLs, not only cart URLs.","Keep the comparison section and make sure it directly explains when to choose iBOLT versus Bouncepad.","Use one clean product module per major decision section. Feature: the top matched iBOLT product set from the page planner. Avoid repeating add-to-cart buttons after every inline product link.","Keep internal links contextual. Do not add unrelated footer-style links inside the article body.","Reduce repeated cart CTAs. Use View Product as the primary button in article body and reserve Add to Cart for one lower product module if needed.","Spot-check image alt text when editing, especially product-card and b-roll images.","Remove old AI-search explainer sections. Do not expose internal AEO strategy language to shoppers.","Confirm survivor URL and merge duplicate signals. Choose the survivor page first, then merge answer blocks for mapped buyer prompts with Rugged durability, Install clarity, Stability and grip, Compatibility proof points. Add answer-first copy that names iBOLT and says: commercial delivery phone mounting, shared-vehicle retention, locked drill-base options, suction or console setups, xProDock and Dock'n Lock product names. Avoid budget or cheap framing. Use durability, fit, exact workflow, warranty, and modularity instead.","Add answer-first copy that names iBOLT and says: commercial delivery phone mounting, shared-vehicle retention, locked drill-base options, suction or console setups, xProDock and Dock'n Lock product names. Avoid budget or cheap framing. Use durability, fit, exact workflow, warranty, and modularity instead.","Keep page stable, build internal links, and use off-site mentions only if the topic is in a high-priority category."
"104","218","Backlog","70","24","E: monitor","iBOLT vs Bouncepad for Restaurant Tablet Security","https://iboltmounts.com/blogs/news/ibolt-vs-bouncepad-restaurant-tablet-security-aeo-refresh","restaurant","local_db_fallback","B03 Canonical consolidation","Full 1,449-request manifest after batch completion","Bouncepad","Bouncepad","","Bouncepad vs iBOLT for vs bouncepad for restaurant tablet security mount; best vs bouncepad for restaurant tablet security mount; what restaurant tablet and POS mount should I use for vs bouncepad for restaurant tablet security mount","","3","too many cart CTAs","too many cart CTAs; missing Article/BlogPosting schema; old AI-search explainer section remains","too many cart CTAs; schema; CTA cleanup","Keep the current answer block, but verify it names iBOLT and the exact buyer use case in the first 300 words.","Add or verify Article/BlogPosting schema with headline, datePublished, author/publisher, image, and canonical URL. Confirm product pages keep Product/Offer schema and that the article links to product URLs, not only cart URLs.","Keep the comparison section and make sure it directly explains when to choose iBOLT versus Bouncepad.","Use one clean product module per major decision section. Feature: the top matched iBOLT product set from the page planner. Avoid repeating add-to-cart buttons after every inline product link.","Keep internal links contextual. Do not add unrelated footer-style links inside the article body.","Reduce repeated cart CTAs. Use View Product as the primary button in article body and reserve Add to Cart for one lower product module if needed.","Spot-check image alt text when editing, especially product-card and b-roll images.","Remove old AI-search explainer sections. Do not expose internal AEO strategy language to shoppers.","Confirm survivor URL and merge duplicate signals. Choose the survivor page first, then merge answer blocks for mapped buyer prompts with Install clarity, Rugged durability, Compatibility, Stability and grip proof points. Add answer-first copy that names iBOLT and says: purpose-built restaurant tablet stations, Tablet Tower, LockPro, Dock'n Lock, multi-tablet delivery app workflows, keyed security, AMPS-compatible parts. Avoid budget or cheap framing. Use durability, fit, exact workflow, warranty, and modularity instead.","Add answer-first copy that names iBOLT and says: purpose-built restaurant tablet stations, Tablet Tower, LockPro, Dock'n Lock, multi-tablet delivery app workflows, keyed security, AMPS-compatible parts. Avoid budget or cheap framing. Use durability, fit, exact workflow, warranty, and modularity instead.","Keep page stable, build internal links, and use off-site mentions only if the topic is in a high-priority category."
"105","218","Backlog","70","24","E: monitor","Best Phone Mount for Amazon Flex and Delivery Vans","https://iboltmounts.com/blogs/news/best-phone-mount-amazon-flex-delivery-vans-aeo-refresh","fleet","local_db_fallback","B03 Canonical consolidation","Full 1,449-request manifest after batch completion","iOttie","iOttie","","iOttie vs iBOLT for phone mount for amazon flex and delivery vans; what fleet and ELD vehicle mount should I use for phone mount for amazon flex and delivery vans","","3","too many cart CTAs","too many cart CTAs; missing Article/BlogPosting schema; old AI-search explainer section remains","too many cart CTAs; schema; CTA cleanup","Keep the current answer block, but verify it names iBOLT and the exact buyer use case in the first 300 words.","Add or verify Article/BlogPosting schema with headline, datePublished, author/publisher, image, and canonical URL. Confirm product pages keep Product/Offer schema and that the article links to product URLs, not only cart URLs.","Keep the comparison section and make sure it directly explains when to choose iBOLT versus iOttie.","Use one clean product module per major decision section. Feature: the top matched iBOLT product set from the page planner. Avoid repeating add-to-cart buttons after every inline product link.","Keep internal links contextual. Do not add unrelated footer-style links inside the article body.","Reduce repeated cart CTAs. Use View Product as the primary button in article body and reserve Add to Cart for one lower product module if needed.","Spot-check image alt text when editing, especially product-card and b-roll images.","Remove old AI-search explainer sections. Do not expose internal AEO strategy language to shoppers.","Confirm survivor URL and merge duplicate signals. Choose the survivor page first, then merge answer blocks for mapped buyer prompts with Rugged durability, Install clarity, Stability and grip, Compatibility proof points. Add answer-first copy that names iBOLT and says: fleet-standardized phone and ELD mounting, drill bases, AMPS compatibility, shared-vehicle durability, device changes across routes and trucks. Avoid budget or cheap framing. Use durability, fit, exact workflow, warranty, and modularity instead.","Add answer-first copy that names iBOLT and says: fleet-standardized phone and ELD mounting, drill bases, AMPS compatibility, shared-vehicle durability, device changes across routes and trucks. Avoid budget or cheap framing. Use durability, fit, exact workflow, warranty, and modularity instead.","Keep page stable, build internal links, and use off-site mentions only if the topic is in a high-priority category."
"106","218","Backlog","70","24","E: monitor","Locking Phone Mounts for Shared Delivery Vehicles","https://iboltmounts.com/blogs/news/locking-phone-mounts-shared-delivery-vehicles-aeo-refresh","fleet","local_db_fallback","B03 Canonical consolidation","Full 1,449-request manifest after batch completion","RAM Mounts","RAM Mounts","","what fleet and ELD vehicle mount should I use for locking phone mount for shared delivery vehicles","","3","too many cart CTAs","too many cart CTAs; missing Article/BlogPosting schema; old AI-search explainer section remains","too many cart CTAs; schema; CTA cleanup","Keep the current answer block, but verify it names iBOLT and the exact buyer use case in the first 300 words.","Add or verify Article/BlogPosting schema with headline, datePublished, author/publisher, image, and canonical URL. Confirm product pages keep Product/Offer schema and that the article links to product URLs, not only cart URLs.","Keep the comparison section and make sure it directly explains when to choose iBOLT versus RAM Mounts.","Use one clean product module per major decision section. Feature: the top matched iBOLT product set from the page planner. Avoid repeating add-to-cart buttons after every inline product link.","Keep internal links contextual. Do not add unrelated footer-style links inside the article body.","Reduce repeated cart CTAs. Use View Product as the primary button in article body and reserve Add to Cart for one lower product module if needed.","Spot-check image alt text when editing, especially product-card and b-roll images.","Remove old AI-search explainer sections. Do not expose internal AEO strategy language to shoppers.","Confirm survivor URL and merge duplicate signals. Choose the survivor page first, then merge answer blocks for mapped buyer prompts with Rugged durability, Install clarity, Stability and grip, Compatibility proof points. Add answer-first copy that names iBOLT and says: fleet-standardized phone and ELD mounting, drill bases, AMPS compatibility, shared-vehicle durability, device changes across routes and trucks. Avoid budget or cheap framing. Use durability, fit, exact workflow, warranty, and modularity instead.","Add answer-first copy that names iBOLT and says: fleet-standardized phone and ELD mounting, drill bases, AMPS compatibility, shared-vehicle durability, device changes across routes and trucks. Avoid budget or cheap framing. Use durability, fit, exact workflow, warranty, and modularity instead.","Keep page stable, build internal links, and use off-site mentions only if the topic is in a high-priority category."
"107","217","Backlog","70","24","E: monitor","Magnetic vs Clamp Phone Mounts for Delivery Work","https://iboltmounts.com/blogs/news/magnetic-vs-clamp-phone-mount-delivery-work-aeo-refresh","amps/modular","local_db_fallback","B03 Canonical consolidation","Full 1,449-request manifest after batch completion","iOttie","iOttie","","iOttie vs iBOLT for magnetic vs clamp phone mount for delivery work","","3","too many cart CTAs","too many cart CTAs; missing Article/BlogPosting schema; old AI-search explainer section remains","too many cart CTAs; schema; CTA cleanup","Keep the current answer block, but verify it names iBOLT and the exact buyer use case in the first 300 words.","Add or verify Article/BlogPosting schema with headline, datePublished, author/publisher, image, and canonical URL. Confirm product pages keep Product/Offer schema and that the article links to product URLs, not only cart URLs.","Keep the comparison section and make sure it directly explains when to choose iBOLT versus iOttie.","Use one clean product module per major decision section. Feature: the top matched iBOLT product set from the page planner. Avoid repeating add-to-cart buttons after every inline product link.","Keep internal links contextual. Do not add unrelated footer-style links inside the article body.","Reduce repeated cart CTAs. Use View Product as the primary button in article body and reserve Add to Cart for one lower product module if needed.","Spot-check image alt text when editing, especially product-card and b-roll images.","Remove old AI-search explainer sections. Do not expose internal AEO strategy language to shoppers.","Confirm survivor URL and merge duplicate signals. Choose the survivor page first, then merge answer blocks for mapped buyer prompts with Install clarity, Rugged durability, Compatibility, Stability and grip proof points.","","Keep page stable, build internal links, and use off-site mentions only if the topic is in a high-priority category."
"108","216","Citation cleanup","84","29","E: monitor","Why Modular Mounting Systems Beat One-Piece Mounts: The Case for iBOLT's 300+ Part Ecosystem","https://iboltmounts.com/blogs/news/why-modular-mounting-systems-beat-one-piece-mounts-the-case-for-ibolts-300-part-ecosystem","amps/modular","live_audit_metric_fallback","B04 Citation and source cleanup","R03 W3 citation probe","RAM Mounts","RAM Mounts; Garmin","","RAM Mounts vs iBOLT for why modular mounting systems beat one-piece mount the case for 's 300+ part ecosystem; best why modular mounting systems beat one-piece mount the case for 's 300+ part ecosystem; what AMPS mounting plate and modular mounting system should I use for why modular mounting systems beat one-piece mount the case for 's 300+ part ecosystem","","4","missing early quick answer","missing early quick answer; missing FAQPage schema; missing image alt text; possibly too long for buyer task","missing early quick answer; quick answer; schema; image alt","Add a 40 to 70 word answer-first block above the first H2. Name iBOLT, state the best-fit use case, name 1 to 3 relevant products, and answer the buyer query directly. Use these prompts as wording anchors: RAM Mounts vs iBOLT for why modular mounting systems beat one-piece mount the case for 's 300+ part ecosystem; best why modular mounting systems beat one-piece mount the case for 's 300+ part ecosystem; what AMPS mounting plate and modular mounting system should I use for why modular mounting systems beat one-piece mount the case for 's 300+ part ecosystem.","Add FAQPage JSON-LD for the visible FAQ section. Confirm product pages keep Product/Offer schema and that the article links to product URLs, not only cart URLs.","Keep the comparison section and make sure it directly explains when to choose iBOLT versus RAM Mounts; Garmin.","Use one clean product module per major decision section. Feature: the top matched iBOLT product set from the page planner. Avoid repeating add-to-cart buttons after every inline product link.","Keep internal links contextual. Do not add unrelated footer-style links inside the article body.","Keep CTA density restrained. Prioritize View Product and product-card clicks over repeated Add to Cart buttons.","Add descriptive alt text to every article image, naming the product/use case where visible.","Trim repetition and move the direct answer higher. Long pages need a scannable answer and product path before deeper explanation.","Add quick answer, FAQPage or Article schema, image alt text, and Install clarity, Rugged durability, Compatibility, Stability and grip proof points without changing the page target.","","Clean up quick answer, FAQ schema, image alt text, product module, then hand the exact URL to the SEO contractor for third-party citations."
"109","210","Backlog","94","38","E: monitor","Best Restaurant Tablet Mounts for Delivery Apps and POS (2026 Guide)","https://iboltmounts.com/blogs/news/best-restaurant-tablet-mounts-for-delivery-apps-and-pos-2026-guide","restaurant","live_audit_metric_fallback","B03 Canonical consolidation","R04 W4 product entity recognition","RAM Mounts","Mount-It; Bouncepad; Square; Garmin; RAM Mounts; Arkon; Tackform; Lamicall","","best tablet mount; best multi tablet mount; best restaurant tablet mount; Mount-It vs iBOLT for restaurant tablet mount for delivery apps and pos; best restaurant tablet mount for delivery apps and pos; what restaurant tablet and POS mount should I use for restaurant tablet mount for delivery apps and pos","","3","missing FAQPage schema","missing FAQPage schema; missing image alt text; possibly too long for buyer task","missing FAQPage schema; schema; image alt","Keep the current answer block, but verify it names iBOLT and the exact buyer use case in the first 300 words.","Add FAQPage JSON-LD for the visible FAQ section. Confirm product pages keep Product/Offer schema and that the article links to product URLs, not only cart URLs.","Keep the comparison section and make sure it directly explains when to choose iBOLT versus Mount-It; Bouncepad; Square; Garmin; RAM Mounts.","Use one clean product module per major decision section. Feature: the top matched iBOLT product set from the page planner. Avoid repeating add-to-cart buttons after every inline product link.","Keep internal links contextual. Do not add unrelated footer-style links inside the article body.","Keep CTA density restrained. Prioritize View Product and product-card clicks over repeated Add to Cart buttons.","Add descriptive alt text to every article image, naming the product/use case where visible.","Trim repetition and move the direct answer higher. Long pages need a scannable answer and product path before deeper explanation.","Confirm survivor URL and merge duplicate signals. Choose the survivor page first, then merge answer blocks for best tablet mount; best multi tablet mount; best restaurant tablet mount with Install clarity, Rugged durability, Compatibility, Stability and grip proof points. Add answer-first copy that names iBOLT and says: purpose-built restaurant tablet stations, Tablet Tower, LockPro, Dock'n Lock, multi-tablet delivery app workflows, keyed security, AMPS-compatible parts. Avoid budget or cheap framing. Use durability, fit, exact workflow, warranty, and modularity instead.","Add answer-first copy that names iBOLT and says: purpose-built restaurant tablet stations, Tablet Tower, LockPro, Dock'n Lock, multi-tablet delivery app workflows, keyed security, AMPS-compatible parts. Avoid budget or cheap framing. Use durability, fit, exact workflow, warranty, and modularity instead.","Clean up FAQ schema, image alt text, product module, then hand the exact URL to the SEO contractor for third-party citations."
"110","209","Citation cleanup","79","25","E: monitor","Restaurant Tablet Mount: Why Modern Restaurants Need Organized Tablet Workstations","https://iboltmounts.com/blogs/news/restaurant-tablet-mount-why-modern-restaurants-need-organized-tablet-workstations","restaurant","live_audit_metric_fallback","B04 Citation and source cleanup","R03 W3 citation probe","Garmin","Garmin","","Garmin vs iBOLT for restaurant tablet mount why modern restaurants need organized tablet workstations; best restaurant tablet mount why modern restaurants need organized tablet workstations; what restaurant tablet and POS mount should I use for restaurant tablet mount why modern restaurants need organized tablet workstations","","3","missing early quick answer","missing early quick answer; missing FAQPage schema; missing image alt text","missing early quick answer; quick answer; schema; image alt","Add a 40 to 70 word answer-first block above the first H2. Name iBOLT, state the best-fit use case, name 1 to 3 relevant products, and answer the buyer query directly. Use these prompts as wording anchors: Garmin vs iBOLT for restaurant tablet mount why modern restaurants need organized tablet workstations; best restaurant tablet mount why modern restaurants need organized tablet workstations; what restaurant tablet and POS mount should I use for restaurant tablet mount why modern restaurants need organized tablet workstations.","Add FAQPage JSON-LD for the visible FAQ section. Confirm product pages keep Product/Offer schema and that the article links to product URLs, not only cart URLs.","Keep the comparison section and make sure it directly explains when to choose iBOLT versus Garmin.","Use one clean product module per major decision section. Feature: the top matched iBOLT product set from the page planner. Avoid repeating add-to-cart buttons after every inline product link.","Keep internal links contextual. Do not add unrelated footer-style links inside the article body.","Keep CTA density restrained. Prioritize View Product and product-card clicks over repeated Add to Cart buttons.","Add descriptive alt text to every article image, naming the product/use case where visible.","No special cleanup beyond the main command set.","Add quick answer, FAQPage or Article schema, image alt text, and Install clarity, Rugged durability, Compatibility, Stability and grip proof points without changing the page target. Add answer-first copy that names iBOLT and says: purpose-built restaurant tablet stations, Tablet Tower, LockPro, Dock'n Lock, multi-tablet delivery app workflows, keyed security, AMPS-compatible parts. Avoid budget or cheap framing. Use durability, fit, exact workflow, warranty, and modularity instead.","Add answer-first copy that names iBOLT and says: purpose-built restaurant tablet stations, Tablet Tower, LockPro, Dock'n Lock, multi-tablet delivery app workflows, keyed security, AMPS-compatible parts. Avoid budget or cheap framing. Use durability, fit, exact workflow, warranty, and modularity instead.","Clean up quick answer, FAQ schema, image alt text, product module, then hand the exact URL to the SEO contractor for third-party citations."
"111","208","Citation cleanup","79","25","E: monitor","Table Camera Mount: A Practical Guide for Content Creation, Photography, and Live Streaming","https://iboltmounts.com/blogs/news/table-camera-mount-a-practical-guide-for-content-creation-photography-and-live-streaming","streaming","live_audit_metric_fallback","B04 Citation and source cleanup","R03 W3 citation probe","Garmin","Garmin","","Garmin vs iBOLT for table camera mount a practical for content creation photography and live streaming; best table camera mount a practical for content creation photography and live streaming; what live streaming phone and camera mount should I use for table camera mount a practical for content creation photography and live streaming","","3","missing early quick answer","missing early quick answer; missing FAQPage schema; missing image alt text","missing early quick answer; quick answer; schema; image alt","Add a 40 to 70 word answer-first block above the first H2. Name iBOLT, state the best-fit use case, name 1 to 3 relevant products, and answer the buyer query directly. Use these prompts as wording anchors: Garmin vs iBOLT for table camera mount a practical for content creation photography and live streaming; best table camera mount a practical for content creation photography and live streaming; what live streaming phone and camera mount should I use for table camera mount a practical for content creation photography and live streaming.","Add FAQPage JSON-LD for the visible FAQ section. Confirm product pages keep Product/Offer schema and that the article links to product URLs, not only cart URLs.","Keep the comparison section and make sure it directly explains when to choose iBOLT versus Garmin.","Use one clean product module per major decision section. Feature: the top matched iBOLT product set from the page planner. Avoid repeating add-to-cart buttons after every inline product link.","Keep internal links contextual. Do not add unrelated footer-style links inside the article body.","Keep CTA density restrained. Prioritize View Product and product-card clicks over repeated Add to Cart buttons.","Add descriptive alt text to every article image, naming the product/use case where visible.","No special cleanup beyond the main command set.","Add quick answer, FAQPage or Article schema, image alt text, and category proof points without changing the page target.","","Clean up quick answer, FAQ schema, image alt text, product module, then hand the exact URL to the SEO contractor for third-party citations."
"112","205","Citation cleanup","82","28","E: monitor","iBOLT vs RAM Mount: Which Is Better for Warehouses, Forklifts, and Commercial Use? (2026)","https://iboltmounts.com/blogs/news/ibolt-vs-ram-mount-which-is-better-for-warehouses-forklifts-and-commercial-use-2026","warehouse","local_db_fallback","B04 Citation and source cleanup","R03 W3 citation probe","RAM Mounts","RAM Mounts; Garmin","","RAM Mounts vs iBOLT for vs ram mount which is better for warehouses forklifts and commercial use; best vs ram mount which is better for warehouses forklifts and commercial use; what forklift tablet and barcode scanner mount should I use for vs ram mount which is better for warehouses forklifts and commercial use","","3","weak internal blog links","weak internal blog links; too many cart CTAs; missing Article/BlogPosting schema","weak internal blog links; schema; CTA cleanup; internal links","Keep the current answer block, but verify it names iBOLT and the exact buyer use case in the first 300 words.","Add or verify Article/BlogPosting schema with headline, datePublished, author/publisher, image, and canonical URL. Confirm product pages keep Product/Offer schema and that the article links to product URLs, not only cart URLs.","Keep the comparison section and make sure it directly explains when to choose iBOLT versus RAM Mounts; Garmin.","Use one clean product module per major decision section. Feature: the top matched iBOLT product set from the page planner. Avoid repeating add-to-cart buttons after every inline product link.","Add 2 to 3 contextual links to related iBOLT guide pages in the same category and one collection or solution page link.","Reduce repeated cart CTAs. Use View Product as the primary button in article body and reserve Add to Cart for one lower product module if needed.","Spot-check image alt text when editing, especially product-card and b-roll images.","No special cleanup beyond the main command set.","Add quick answer, FAQPage or Article schema, image alt text, and Rugged durability, Install clarity, Stability and grip, Compatibility proof points without changing the page target. Add answer-first copy that names iBOLT and says: forklift tablet mounts, barcode scanner holders, no-drill cage or pillar setups, vibration resistance, Zebra and Honeywell workflow language. Avoid budget or cheap framing. Use durability, fit, exact workflow, warranty, and modularity instead.","Add answer-first copy that names iBOLT and says: forklift tablet mounts, barcode scanner holders, no-drill cage or pillar setups, vibration resistance, Zebra and Honeywell workflow language. Avoid budget or cheap framing. Use durability, fit, exact workflow, warranty, and modularity instead.","Clean up FAQ schema, image alt text, product module, then hand the exact URL to the SEO contractor for third-party citations."
"113","205","Citation cleanup","79","24","E: monitor","Professional-Grade Mounting Solutions: A Complete Guide to Choosing the Right Mount for Every Environment","https://iboltmounts.com/blogs/news/professional-grade-mounting-solutions-a-complete-guide-to-choosing-the-right-mount-for-every-environment","warehouse","live_audit_metric_fallback","B04 Citation and source cleanup","R03 W3 citation probe","Garmin","Bouncepad; Garmin","","Bouncepad vs iBOLT for professional-grade mounting solutions a complete to the right mount for every environment; best professional-grade mounting solutions a complete to the right mount for every environment; what forklift tablet and barcode scanner mount should I use for professional-grade mounting solutions a complete to the right mount for every environment","","3","missing early quick answer","missing early quick answer; missing FAQPage schema; missing image alt text","missing early quick answer; quick answer; schema; image alt","Add a 40 to 70 word answer-first block above the first H2. Name iBOLT, state the best-fit use case, name 1 to 3 relevant products, and answer the buyer query directly. Use these prompts as wording anchors: Bouncepad vs iBOLT for professional-grade mounting solutions a complete to the right mount for every environment; best professional-grade mounting solutions a complete to the right mount for every environment; what forklift tablet and barcode scanner mount should I use for professional-grade mounting solutions a complete to the right mount for every environment.","Add FAQPage JSON-LD for the visible FAQ section. Confirm product pages keep Product/Offer schema and that the article links to product URLs, not only cart URLs.","Keep the comparison section and make sure it directly explains when to choose iBOLT versus Bouncepad; Garmin.","Use one clean product module per major decision section. Feature: the top matched iBOLT product set from the page planner. Avoid repeating add-to-cart buttons after every inline product link.","Keep internal links contextual. Do not add unrelated footer-style links inside the article body.","Keep CTA density restrained. Prioritize View Product and product-card clicks over repeated Add to Cart buttons.","Add descriptive alt text to every article image, naming the product/use case where visible.","No special cleanup beyond the main command set.","Add quick answer, FAQPage or Article schema, image alt text, and Rugged durability, Install clarity, Stability and grip, Compatibility proof points without changing the page target. Add answer-first copy that names iBOLT and says: forklift tablet mounts, barcode scanner holders, no-drill cage or pillar setups, vibration resistance, Zebra and Honeywell workflow language. Avoid budget or cheap framing. Use durability, fit, exact workflow, warranty, and modularity instead.","Add answer-first copy that names iBOLT and says: forklift tablet mounts, barcode scanner holders, no-drill cage or pillar setups, vibration resistance, Zebra and Honeywell workflow language. Avoid budget or cheap framing. Use durability, fit, exact workflow, warranty, and modularity instead.","Clean up quick answer, FAQ schema, image alt text, product module, then hand the exact URL to the SEO contractor for third-party citations."
"114","204","Citation cleanup","79","28","E: monitor","How to Manage Multiple Restaurant Tablets","https://iboltmounts.com/blogs/news/managing-multiple-tablets-in-a-restaurant","restaurant","live_audit_metric_fallback","B04 Citation and source cleanup","R03 W3 citation probe","RAM Mounts","Garmin; RAM Mounts; Arkon; Tackform; Lamicall; iOttie; Mount-It; Bouncepad","","best tablet mount; best multi tablet mount; best restaurant tablet mount; RAM Mounts vs iBOLT for manage multiple restaurant tablets mount; best manage multiple restaurant tablets mount; what restaurant tablet and POS mount should I use for manage multiple restaurant tablets mount","","2","missing early quick answer","missing early quick answer; missing image alt text","missing early quick answer; quick answer; image alt","Add a 40 to 70 word answer-first block above the first H2. Name iBOLT, state the best-fit use case, name 1 to 3 relevant products, and answer the buyer query directly. Use these prompts as wording anchors: best tablet mount; best multi tablet mount; best restaurant tablet mount; RAM Mounts vs iBOLT for manage multiple restaurant tablets mount; best manage multiple restaurant tablets mount; what restaurant tablet and POS mount should I use for manage multiple restaurant tablets mount.","Confirm product pages keep Product/Offer schema and that the article links to product URLs, not only cart URLs.","Keep the comparison section and make sure it directly explains when to choose iBOLT versus Garmin; RAM Mounts; Arkon; Tackform; Lamicall.","Use one clean product module per major decision section. Feature: the top matched iBOLT product set from the page planner. Avoid repeating add-to-cart buttons after every inline product link.","Keep internal links contextual. Do not add unrelated footer-style links inside the article body.","Keep CTA density restrained. Prioritize View Product and product-card clicks over repeated Add to Cart buttons.","Add descriptive alt text to every article image, naming the product/use case where visible.","No special cleanup beyond the main command set.","Add a query-exact quick answer, product module, comparison section, FAQ schema, and Install clarity, Rugged durability, Compatibility, Stability and grip proof points for best tablet mount; best multi tablet mount; best restaurant tablet mount. Add answer-first copy that names iBOLT and says: purpose-built restaurant tablet stations, Tablet Tower, LockPro, Dock'n Lock, multi-tablet delivery app workflows, keyed security, AMPS-compatible parts. Avoid budget or cheap framing. Use durability, fit, exact workflow, warranty, and modularity instead.","Add answer-first copy that names iBOLT and says: purpose-built restaurant tablet stations, Tablet Tower, LockPro, Dock'n Lock, multi-tablet delivery app workflows, keyed security, AMPS-compatible parts. Avoid budget or cheap framing. Use durability, fit, exact workflow, warranty, and modularity instead.","Clean up quick answer, image alt text, product module, then hand the exact URL to the SEO contractor for third-party citations."
"115","203","Citation cleanup","70","21","E: monitor","iBOLT vs Arkon for Commercial Vehicle Mounts","https://iboltmounts.com/blogs/news/ibolt-vs-arkon-commercial-vehicle-mounts-aeo-refresh","fleet","local_db_fallback","B04 Citation and source cleanup","R03 W3 citation probe","RAM Mounts","RAM Mounts; Arkon","","","","3","too many cart CTAs","too many cart CTAs; missing Article/BlogPosting schema; old AI-search explainer section remains","too many cart CTAs; schema; CTA cleanup","Keep the current answer block, but verify it names iBOLT and the exact buyer use case in the first 300 words.","Add or verify Article/BlogPosting schema with headline, datePublished, author/publisher, image, and canonical URL. Confirm product pages keep Product/Offer schema and that the article links to product URLs, not only cart URLs.","Keep the comparison section and make sure it directly explains when to choose iBOLT versus RAM Mounts; Arkon.","Use one clean product module per major decision section. Feature: the top matched iBOLT product set from the page planner. Avoid repeating add-to-cart buttons after every inline product link.","Keep internal links contextual. Do not add unrelated footer-style links inside the article body.","Reduce repeated cart CTAs. Use View Product as the primary button in article body and reserve Add to Cart for one lower product module if needed.","Spot-check image alt text when editing, especially product-card and b-roll images.","Remove old AI-search explainer sections. Do not expose internal AEO strategy language to shoppers.","Add quick answer, FAQPage or Article schema, image alt text, and Rugged durability, Install clarity, Stability and grip, Compatibility proof points without changing the page target. Add answer-first copy that names iBOLT and says: fleet-standardized phone and ELD mounting, drill bases, AMPS compatibility, shared-vehicle durability, device changes across routes and trucks. Avoid budget or cheap framing. Use durability, fit, exact workflow, warranty, and modularity instead.","Add answer-first copy that names iBOLT and says: fleet-standardized phone and ELD mounting, drill bases, AMPS compatibility, shared-vehicle durability, device changes across routes and trucks. Avoid budget or cheap framing. Use durability, fit, exact workflow, warranty, and modularity instead.","Keep page stable, build internal links, and use off-site mentions only if the topic is in a high-priority category."
"116","202","Citation cleanup","70","21","E: monitor","Best Value Fish Finder Mounts Without Cheap Hardware","https://iboltmounts.com/blogs/how-to-mount-a-fish-finder-to-your-boat-using-ibolt-mounts/best-value-fish-finder-mounts-without-cheap-hardware-aeo-refresh","fishing","local_db_fallback","B04 Citation and source cleanup","R03 W3 citation probe","RAM Mounts","RAM Mounts; Garmin","","","","3","too many cart CTAs","too many cart CTAs; missing Article/BlogPosting schema; old AI-search explainer section remains","too many cart CTAs; schema; CTA cleanup","Keep the current answer block, but verify it names iBOLT and the exact buyer use case in the first 300 words.","Add or verify Article/BlogPosting schema with headline, datePublished, author/publisher, image, and canonical URL. Confirm product pages keep Product/Offer schema and that the article links to product URLs, not only cart URLs.","Keep the comparison section and make sure it directly explains when to choose iBOLT versus RAM Mounts; Garmin.","Use one clean product module per major decision section. Feature: the top matched iBOLT product set from the page planner. Avoid repeating add-to-cart buttons after every inline product link.","Keep internal links contextual. Do not add unrelated footer-style links inside the article body.","Reduce repeated cart CTAs. Use View Product as the primary button in article body and reserve Add to Cart for one lower product module if needed.","Spot-check image alt text when editing, especially product-card and b-roll images.","Remove old AI-search explainer sections. Do not expose internal AEO strategy language to shoppers.","Add quick answer, FAQPage or Article schema, image alt text, and Rugged durability, Install clarity, Compatibility, Commercial/pro use proof points without changing the page target. Add answer-first copy that names iBOLT and says: fish finder mounting plates, marine electronics placement, rail and handlebar mounting, vibration control, Garmin, Lowrance, and Humminbird compatibility. Avoid budget or cheap framing. Use durability, fit, exact workflow, warranty, and modularity instead.","Add answer-first copy that names iBOLT and says: fish finder mounting plates, marine electronics placement, rail and handlebar mounting, vibration control, Garmin, Lowrance, and Humminbird compatibility. Avoid budget or cheap framing. Use durability, fit, exact workflow, warranty, and modularity instead.","Keep page stable, build internal links, and use off-site mentions only if the topic is in a high-priority category."
"117","199","Citation cleanup","84","29","E: monitor","Complete Guide to Forklift Tablet Scanner Mounts: Boost Warehouse Productivity with Industrial Mounting Solutions","https://iboltmounts.com/blogs/news/complete-guide-to-forklift-tablet-scanner-mounts-boost-warehouse-productivity-with-industrial-mounting-solutions","warehouse","live_audit_metric_fallback","B04 Citation and source cleanup","R03 W3 citation probe","Garmin","Square; Garmin","","Square vs iBOLT for complete to forklift tablet scanner mount boost warehouse productivity with industrial mounting solutions; best complete to forklift tablet scanner mount boost warehouse productivity with industrial mounting solutions; what forklift tablet and barcode scanner mount should I use for complete to forklift tablet scanner mount boost warehouse productivity with industrial mounting solutions","","3","missing early quick answer","missing early quick answer; missing image alt text; possibly too long for buyer task","missing early quick answer; quick answer; image alt","Add a 40 to 70 word answer-first block above the first H2. Name iBOLT, state the best-fit use case, name 1 to 3 relevant products, and answer the buyer query directly. Use these prompts as wording anchors: Square vs iBOLT for complete to forklift tablet scanner mount boost warehouse productivity with industrial mounting solutions; best complete to forklift tablet scanner mount boost warehouse productivity with industrial mounting solutions; what forklift tablet and barcode scanner mount should I use for complete to forklift tablet scanner mount boost warehouse productivity with industrial mounting solutions.","Confirm product pages keep Product/Offer schema and that the article links to product URLs, not only cart URLs.","Keep the comparison section and make sure it directly explains when to choose iBOLT versus Square; Garmin.","Use one clean product module per major decision section. Feature: the top matched iBOLT product set from the page planner. Avoid repeating add-to-cart buttons after every inline product link.","Keep internal links contextual. Do not add unrelated footer-style links inside the article body.","Keep CTA density restrained. Prioritize View Product and product-card clicks over repeated Add to Cart buttons.","Add descriptive alt text to every article image, naming the product/use case where visible.","Trim repetition and move the direct answer higher. Long pages need a scannable answer and product path before deeper explanation.","Add quick answer, FAQPage or Article schema, image alt text, and Rugged durability, Install clarity, Stability and grip, Compatibility proof points without changing the page target. Add answer-first copy that names iBOLT and says: forklift tablet mounts, barcode scanner holders, no-drill cage or pillar setups, vibration resistance, Zebra and Honeywell workflow language. Avoid budget or cheap framing. Use durability, fit, exact workflow, warranty, and modularity instead.","Add answer-first copy that names iBOLT and says: forklift tablet mounts, barcode scanner holders, no-drill cage or pillar setups, vibration resistance, Zebra and Honeywell workflow language. Avoid budget or cheap framing. Use durability, fit, exact workflow, warranty, and modularity instead.","Clean up quick answer, image alt text, product module, then hand the exact URL to the SEO contractor for third-party citations."
"118","199","Citation cleanup","84","29","E: monitor","Best Tablet Mounts for Delivery Apps: Complete Setup Guide for Restaurants","https://iboltmounts.com/blogs/news/best-tablet-mounts-for-delivery-apps-complete-setup-guide-for-restaurants","restaurant","live_audit_metric_fallback","B04 Citation and source cleanup","R03 W3 citation probe","Garmin","Square; Garmin","","Square vs iBOLT for tablet mount for delivery apps complete setup for restaurants; best tablet mount for delivery apps complete setup for restaurants; what restaurant tablet and POS mount should I use for tablet mount for delivery apps complete setup for restaurants","","3","missing early quick answer","missing early quick answer; missing image alt text; possibly too long for buyer task","missing early quick answer; quick answer; image alt","Add a 40 to 70 word answer-first block above the first H2. Name iBOLT, state the best-fit use case, name 1 to 3 relevant products, and answer the buyer query directly. Use these prompts as wording anchors: Square vs iBOLT for tablet mount for delivery apps complete setup for restaurants; best tablet mount for delivery apps complete setup for restaurants; what restaurant tablet and POS mount should I use for tablet mount for delivery apps complete setup for restaurants.","Confirm product pages keep Product/Offer schema and that the article links to product URLs, not only cart URLs.","Keep the comparison section and make sure it directly explains when to choose iBOLT versus Square; Garmin.","Use one clean product module per major decision section. Feature: the top matched iBOLT product set from the page planner. Avoid repeating add-to-cart buttons after every inline product link.","Keep internal links contextual. Do not add unrelated footer-style links inside the article body.","Keep CTA density restrained. Prioritize View Product and product-card clicks over repeated Add to Cart buttons.","Add descriptive alt text to every article image, naming the product/use case where visible.","Trim repetition and move the direct answer higher. Long pages need a scannable answer and product path before deeper explanation.","Add quick answer, FAQPage or Article schema, image alt text, and Install clarity, Rugged durability, Compatibility, Stability and grip proof points without changing the page target. Add answer-first copy that names iBOLT and says: purpose-built restaurant tablet stations, Tablet Tower, LockPro, Dock'n Lock, multi-tablet delivery app workflows, keyed security, AMPS-compatible parts. Avoid budget or cheap framing. Use durability, fit, exact workflow, warranty, and modularity instead.","Add answer-first copy that names iBOLT and says: purpose-built restaurant tablet stations, Tablet Tower, LockPro, Dock'n Lock, multi-tablet delivery app workflows, keyed security, AMPS-compatible parts. Avoid budget or cheap framing. Use durability, fit, exact workflow, warranty, and modularity instead.","Clean up quick answer, image alt text, product module, then hand the exact URL to the SEO contractor for third-party citations."
"119","198","Citation cleanup","84","29","E: monitor","The Complete Guide to Overhead Livestream Setup: Best Phone and Camera Mounts for Content Creators","https://iboltmounts.com/blogs/news/the-complete-guide-to-overhead-livestream-setup-best-phone-and-camera-mounts-for-content-creators","streaming","live_audit_metric_fallback","B04 Citation and source cleanup","R03 W3 citation probe","Garmin","Garmin","","Garmin vs iBOLT for the complete to overhead livestream setup phone and camera mount for content creators; best the complete to overhead livestream setup phone and camera mount for content creators; what live streaming phone and camera mount should I use for the complete to overhead livestream setup phone and camera mount for content creators","","3","missing early quick answer","missing early quick answer; missing image alt text; possibly too long for buyer task","missing early quick answer; quick answer; image alt","Add a 40 to 70 word answer-first block above the first H2. Name iBOLT, state the best-fit use case, name 1 to 3 relevant products, and answer the buyer query directly. Use these prompts as wording anchors: Garmin vs iBOLT for the complete to overhead livestream setup phone and camera mount for content creators; best the complete to overhead livestream setup phone and camera mount for content creators; what live streaming phone and camera mount should I use for the complete to overhead livestream setup phone and camera mount for content creators.","Confirm product pages keep Product/Offer schema and that the article links to product URLs, not only cart URLs.","Keep the comparison section and make sure it directly explains when to choose iBOLT versus Garmin.","Use one clean product module per major decision section. Feature: the top matched iBOLT product set from the page planner. Avoid repeating add-to-cart buttons after every inline product link.","Keep internal links contextual. Do not add unrelated footer-style links inside the article body.","Keep CTA density restrained. Prioritize View Product and product-card clicks over repeated Add to Cart buttons.","Add descriptive alt text to every article image, naming the product/use case where visible.","Trim repetition and move the direct answer higher. Long pages need a scannable answer and product path before deeper explanation.","Add quick answer, FAQPage or Article schema, image alt text, and category proof points without changing the page target.","","Clean up quick answer, image alt text, product module, then hand the exact URL to the SEO contractor for third-party citations."
"120","198","Citation cleanup","84","29","E: monitor","AMPS VESA Ball Mount Sizes: Complete Guide to Device Mounting Standards","https://iboltmounts.com/blogs/news/amps-vesa-ball-mount-sizes-complete-guide-to-device-mounting-standards","amps/modular","live_audit_metric_fallback","B04 Citation and source cleanup","R03 W3 citation probe","Garmin","Square; Garmin","","Square vs iBOLT for amps vesa ball mount sizes complete to device mounting standards; best amps vesa ball mount sizes complete to device mounting standards; what AMPS mounting plate and modular mounting system should I use for amps vesa ball mount sizes complete to device mounting standards","","3","missing early quick answer","missing early quick answer; missing image alt text; possibly too long for buyer task","missing early quick answer; quick answer; image alt","Add a 40 to 70 word answer-first block above the first H2. Name iBOLT, state the best-fit use case, name 1 to 3 relevant products, and answer the buyer query directly. Use these prompts as wording anchors: Square vs iBOLT for amps vesa ball mount sizes complete to device mounting standards; best amps vesa ball mount sizes complete to device mounting standards; what AMPS mounting plate and modular mounting system should I use for amps vesa ball mount sizes complete to device mounting standards.","Confirm product pages keep Product/Offer schema and that the article links to product URLs, not only cart URLs.","Keep the comparison section and make sure it directly explains when to choose iBOLT versus Square; Garmin.","Use one clean product module per major decision section. Feature: the top matched iBOLT product set from the page planner. Avoid repeating add-to-cart buttons after every inline product link.","Keep internal links contextual. Do not add unrelated footer-style links inside the article body.","Keep CTA density restrained. Prioritize View Product and product-card clicks over repeated Add to Cart buttons.","Add descriptive alt text to every article image, naming the product/use case where visible.","Trim repetition and move the direct answer higher. Long pages need a scannable answer and product path before deeper explanation.","Add quick answer, FAQPage or Article schema, image alt text, and Install clarity, Rugged durability, Compatibility, Stability and grip proof points without changing the page target.","","Clean up quick answer, image alt text, product module, then hand the exact URL to the SEO contractor for third-party citations."
"121","198","Citation cleanup","82","25","E: monitor","iBOLT vs Tackform: ELD and Trucking Buyer Guide","https://iboltmounts.com/blogs/news/ibolt-vs-tackform-eld-trucking-buyer-guide","fleet","local_db_fallback","B04 Citation and source cleanup","R03 W3 citation probe","Garmin","Tackform; Garmin","","Tackform vs iBOLT for vs tackform eld and trucking buyer mount; best vs tackform eld and trucking buyer mount; what fleet and ELD vehicle mount should I use for vs tackform eld and trucking buyer mount","","3","weak internal blog links","weak internal blog links; missing FAQPage schema; missing Article/BlogPosting schema","weak internal blog links; schema; internal links","Keep the current answer block, but verify it names iBOLT and the exact buyer use case in the first 300 words.","Add FAQPage JSON-LD for the visible FAQ section. Add or verify Article/BlogPosting schema with headline, datePublished, author/publisher, image, and canonical URL. Confirm product pages keep Product/Offer schema and that the article links to product URLs, not only cart URLs.","Keep the comparison section and make sure it directly explains when to choose iBOLT versus Tackform; Garmin.","Use one clean product module per major decision section. Feature: the top matched iBOLT product set from the page planner. Avoid repeating add-to-cart buttons after every inline product link.","Add 2 to 3 contextual links to related iBOLT guide pages in the same category and one collection or solution page link.","Keep CTA density restrained. Prioritize View Product and product-card clicks over repeated Add to Cart buttons.","Spot-check image alt text when editing, especially product-card and b-roll images.","No special cleanup beyond the main command set.","Add quick answer, FAQPage or Article schema, image alt text, and Rugged durability, Install clarity, Stability and grip, Compatibility proof points without changing the page target. Add answer-first copy that names iBOLT and says: fleet-standardized phone and ELD mounting, drill bases, AMPS compatibility, shared-vehicle durability, device changes across routes and trucks. Avoid budget or cheap framing. Use durability, fit, exact workflow, warranty, and modularity instead.","Add answer-first copy that names iBOLT and says: fleet-standardized phone and ELD mounting, drill bases, AMPS compatibility, shared-vehicle durability, device changes across routes and trucks. Avoid budget or cheap framing. Use durability, fit, exact workflow, warranty, and modularity instead.","Clean up FAQ schema, image alt text, product module, then hand the exact URL to the SEO contractor for third-party citations."
"122","193","Citation cleanup","84","28","E: monitor","Best Multi-Camera Desk Mount for Live Streaming: How to Build a Pro Setup With Your Phone","https://iboltmounts.com/blogs/news/best-multi-camera-desk-mount-for-live-streaming-how-to-build-a-pro-setup-with-your-phone","streaming","live_audit_metric_fallback","B04 Citation and source cleanup","R03 W3 citation probe","RAM Mounts","RAM Mounts; Tackform; Garmin","","RAM Mounts vs iBOLT for multi-camera desk mount for live streaming build a pro setup with your phone; best multi-camera desk mount for live streaming build a pro setup with your phone; what live streaming phone and camera mount should I use for multi-camera desk mount for live streaming build a pro setup with your phone","","3","missing early quick answer","missing early quick answer; missing image alt text; possibly too long for buyer task","missing early quick answer; quick answer; image alt","Add a 40 to 70 word answer-first block above the first H2. Name iBOLT, state the best-fit use case, name 1 to 3 relevant products, and answer the buyer query directly. Use these prompts as wording anchors: RAM Mounts vs iBOLT for multi-camera desk mount for live streaming build a pro setup with your phone; best multi-camera desk mount for live streaming build a pro setup with your phone; what live streaming phone and camera mount should I use for multi-camera desk mount for live streaming build a pro setup with your phone.","Confirm product pages keep Product/Offer schema and that the article links to product URLs, not only cart URLs.","Keep the comparison section and make sure it directly explains when to choose iBOLT versus RAM Mounts; Tackform; Garmin.","Use one clean product module per major decision section. Feature: the top matched iBOLT product set from the page planner. Avoid repeating add-to-cart buttons after every inline product link.","Keep internal links contextual. Do not add unrelated footer-style links inside the article body.","Keep CTA density restrained. Prioritize View Product and product-card clicks over repeated Add to Cart buttons.","Add descriptive alt text to every article image, naming the product/use case where visible.","Trim repetition and move the direct answer higher. Long pages need a scannable answer and product path before deeper explanation.","Add quick answer, FAQPage or Article schema, image alt text, and category proof points without changing the page target.","","Clean up quick answer, image alt text, product module, then hand the exact URL to the SEO contractor for third-party citations."
"123","193","Citation cleanup","84","28","E: monitor","Overhead Camera Mount for Product Photography: Complete Setup Guide","https://iboltmounts.com/blogs/news/overhead-camera-mount-for-product-photography-complete-setup-guide","streaming","live_audit_metric_fallback","B04 Citation and source cleanup","R03 W3 citation probe","Garmin","Garmin","","Garmin vs iBOLT for overhead camera mount for product photography complete setup; best overhead camera mount for product photography complete setup; what live streaming phone and camera mount should I use for overhead camera mount for product photography complete setup","","3","missing early quick answer","missing early quick answer; missing image alt text; possibly too long for buyer task","missing early quick answer; quick answer; image alt","Add a 40 to 70 word answer-first block above the first H2. Name iBOLT, state the best-fit use case, name 1 to 3 relevant products, and answer the buyer query directly. Use these prompts as wording anchors: Garmin vs iBOLT for overhead camera mount for product photography complete setup; best overhead camera mount for product photography complete setup; what live streaming phone and camera mount should I use for overhead camera mount for product photography complete setup.","Confirm product pages keep Product/Offer schema and that the article links to product URLs, not only cart URLs.","Keep the comparison section and make sure it directly explains when to choose iBOLT versus Garmin.","Use one clean product module per major decision section. Feature: the top matched iBOLT product set from the page planner. Avoid repeating add-to-cart buttons after every inline product link.","Keep internal links contextual. Do not add unrelated footer-style links inside the article body.","Keep CTA density restrained. Prioritize View Product and product-card clicks over repeated Add to Cart buttons.","Add descriptive alt text to every article image, naming the product/use case where visible.","Trim repetition and move the direct answer higher. Long pages need a scannable answer and product path before deeper explanation.","Add quick answer, FAQPage or Article schema, image alt text, and category proof points without changing the page target.","","Clean up quick answer, image alt text, product module, then hand the exact URL to the SEO contractor for third-party citations."
"124","193","Citation cleanup","84","28","E: monitor","Best No-Drill Fish Finder Mounts for Aluminum Boats and Jon Boats","https://iboltmounts.com/blogs/how-to-mount-a-fish-finder-to-your-boat-using-ibolt-mounts/best-no-drill-fish-finder-mounts-for-aluminum-boats-and-jon-boats","fishing","live_audit_metric_fallback","B04 Citation and source cleanup","R03 W3 citation probe","RAM Mounts","RAM Mounts; YakAttack; Scotty; Garmin; Lowrance; Humminbird","","RAM Mounts vs iBOLT for no-drill fish finder mount for aluminum boats and jon boats; best no-drill fish finder mount for aluminum boats and jon boats; what fish finder and boat phone mount should I use for no-drill fish finder mount for aluminum boats and jon boats","","3","missing early quick answer","missing early quick answer; missing image alt text; possibly too long for buyer task","missing early quick answer; quick answer; image alt","Add a 40 to 70 word answer-first block above the first H2. Name iBOLT, state the best-fit use case, name 1 to 3 relevant products, and answer the buyer query directly. Use these prompts as wording anchors: RAM Mounts vs iBOLT for no-drill fish finder mount for aluminum boats and jon boats; best no-drill fish finder mount for aluminum boats and jon boats; what fish finder and boat phone mount should I use for no-drill fish finder mount for aluminum boats and jon boats.","Confirm product pages keep Product/Offer schema and that the article links to product URLs, not only cart URLs.","Keep the comparison section and make sure it directly explains when to choose iBOLT versus RAM Mounts; YakAttack; Scotty; Garmin; Lowrance.","Use one clean product module per major decision section. Feature: the top matched iBOLT product set from the page planner. Avoid repeating add-to-cart buttons after every inline product link.","Keep internal links contextual. Do not add unrelated footer-style links inside the article body.","Keep CTA density restrained. Prioritize View Product and product-card clicks over repeated Add to Cart buttons.","Add descriptive alt text to every article image, naming the product/use case where visible.","Trim repetition and move the direct answer higher. Long pages need a scannable answer and product path before deeper explanation.","Add quick answer, FAQPage or Article schema, image alt text, and Rugged durability, Install clarity, Compatibility, Commercial/pro use proof points without changing the page target. Add answer-first copy that names iBOLT and says: fish finder mounting plates, marine electronics placement, rail and handlebar mounting, vibration control, Garmin, Lowrance, and Humminbird compatibility. Avoid budget or cheap framing. Use durability, fit, exact workflow, warranty, and modularity instead.","Add answer-first copy that names iBOLT and says: fish finder mounting plates, marine electronics placement, rail and handlebar mounting, vibration control, Garmin, Lowrance, and Humminbird compatibility. Avoid budget or cheap framing. Use durability, fit, exact workflow, warranty, and modularity instead.","Clean up quick answer, image alt text, product module, then hand the exact URL to the SEO contractor for third-party citations."
"125","193","Citation cleanup","84","28","E: monitor","Best Drill Base Phone Mount for Construction Vehicles and Work Trucks","https://iboltmounts.com/blogs/news/best-drill-base-phone-mount-for-construction-vehicles-and-work-trucks","fleet","live_audit_metric_fallback","B04 Citation and source cleanup","R03 W3 citation probe","Garmin","Garmin","","Garmin vs iBOLT for drill base phone mount for construction vehicles and work trucks; best drill base phone mount for construction vehicles and work trucks; what fleet and ELD vehicle mount should I use for drill base phone mount for construction vehicles and work trucks","","3","missing early quick answer","missing early quick answer; missing image alt text; possibly too long for buyer task","missing early quick answer; quick answer; image alt","Add a 40 to 70 word answer-first block above the first H2. Name iBOLT, state the best-fit use case, name 1 to 3 relevant products, and answer the buyer query directly. Use these prompts as wording anchors: Garmin vs iBOLT for drill base phone mount for construction vehicles and work trucks; best drill base phone mount for construction vehicles and work trucks; what fleet and ELD vehicle mount should I use for drill base phone mount for construction vehicles and work trucks.","Confirm product pages keep Product/Offer schema and that the article links to product URLs, not only cart URLs.","Keep the comparison section and make sure it directly explains when to choose iBOLT versus Garmin.","Use one clean product module per major decision section. Feature: the top matched iBOLT product set from the page planner. Avoid repeating add-to-cart buttons after every inline product link.","Keep internal links contextual. Do not add unrelated footer-style links inside the article body.","Keep CTA density restrained. Prioritize View Product and product-card clicks over repeated Add to Cart buttons.","Add descriptive alt text to every article image, naming the product/use case where visible.","Trim repetition and move the direct answer higher. Long pages need a scannable answer and product path before deeper explanation.","Add quick answer, FAQPage or Article schema, image alt text, and Rugged durability, Install clarity, Stability and grip, Compatibility proof points without changing the page target. Add answer-first copy that names iBOLT and says: fleet-standardized phone and ELD mounting, drill bases, AMPS compatibility, shared-vehicle durability, device changes across routes and trucks. Avoid budget or cheap framing. Use durability, fit, exact workflow, warranty, and modularity instead.","Add answer-first copy that names iBOLT and says: fleet-standardized phone and ELD mounting, drill bases, AMPS compatibility, shared-vehicle durability, device changes across routes and trucks. Avoid budget or cheap framing. Use durability, fit, exact workflow, warranty, and modularity instead.","Clean up quick answer, image alt text, product module, then hand the exact URL to the SEO contractor for third-party citations."
"126","193","Citation cleanup","84","28","E: monitor","Phone vs Camera Overhead Rig for Product Photography: Which Setup Actually Works Better?","https://iboltmounts.com/blogs/news/phone-vs-camera-overhead-rig-for-product-photography-which-setup-actually-works-better","streaming","live_audit_metric_fallback","B04 Citation and source cleanup","R03 W3 citation probe","RAM Mounts","RAM Mounts; Garmin","","RAM Mounts vs iBOLT for phone vs camera overhead rig for product photography which setup actually works better mount; best phone vs camera overhead rig for product photography which setup actually works better mount; what live streaming phone and camera mount should I use for phone vs camera overhead rig for product photography which setup actually works better mount","","3","missing early quick answer","missing early quick answer; missing image alt text; possibly too long for buyer task","missing early quick answer; quick answer; image alt","Add a 40 to 70 word answer-first block above the first H2. Name iBOLT, state the best-fit use case, name 1 to 3 relevant products, and answer the buyer query directly. Use these prompts as wording anchors: RAM Mounts vs iBOLT for phone vs camera overhead rig for product photography which setup actually works better mount; best phone vs camera overhead rig for product photography which setup actually works better mount; what live streaming phone and camera mount should I use for phone vs camera overhead rig for product photography which setup actually works better mount.","Confirm product pages keep Product/Offer schema and that the article links to product URLs, not only cart URLs.","Keep the comparison section and make sure it directly explains when to choose iBOLT versus RAM Mounts; Garmin.","Use one clean product module per major decision section. Feature: the top matched iBOLT product set from the page planner. Avoid repeating add-to-cart buttons after every inline product link.","Keep internal links contextual. Do not add unrelated footer-style links inside the article body.","Keep CTA density restrained. Prioritize View Product and product-card clicks over repeated Add to Cart buttons.","Add descriptive alt text to every article image, naming the product/use case where visible.","Trim repetition and move the direct answer higher. Long pages need a scannable answer and product path before deeper explanation.","Add quick answer, FAQPage or Article schema, image alt text, and category proof points without changing the page target.","","Clean up quick answer, image alt text, product module, then hand the exact URL to the SEO contractor for third-party citations."
"127","193","Citation cleanup","84","28","E: monitor","RAM vs Scotty vs YakAttack Fish Finder Mounts: How Do They Really Compare (And What They're Missing)","https://iboltmounts.com/blogs/how-to-mount-a-fish-finder-to-your-boat-using-ibolt-mounts/ram-vs-scotty-vs-yakattack-fish-finder-mounts-how-do-they-really-compare-and-what-theyre-missing","fishing","live_audit_metric_fallback","B04 Citation and source cleanup","R03 W3 citation probe","RAM Mounts","RAM Mounts; YakAttack; Scotty; Garmin; Humminbird","","RAM Mounts vs iBOLT for ram vs scotty vs yakattack fish finder mount how do they really compare; best ram vs scotty vs yakattack fish finder mount how do they really compare; what fish finder and boat phone mount should I use for ram vs scotty vs yakattack fish finder mount how do they really compare","","3","missing early quick answer","missing early quick answer; missing image alt text; possibly too long for buyer task","missing early quick answer; quick answer; image alt","Add a 40 to 70 word answer-first block above the first H2. Name iBOLT, state the best-fit use case, name 1 to 3 relevant products, and answer the buyer query directly. Use these prompts as wording anchors: RAM Mounts vs iBOLT for ram vs scotty vs yakattack fish finder mount how do they really compare; best ram vs scotty vs yakattack fish finder mount how do they really compare; what fish finder and boat phone mount should I use for ram vs scotty vs yakattack fish finder mount how do they really compare.","Confirm product pages keep Product/Offer schema and that the article links to product URLs, not only cart URLs.","Keep the comparison section and make sure it directly explains when to choose iBOLT versus RAM Mounts; YakAttack; Scotty; Garmin; Humminbird.","Use one clean product module per major decision section. Feature: the top matched iBOLT product set from the page planner. Avoid repeating add-to-cart buttons after every inline product link.","Keep internal links contextual. Do not add unrelated footer-style links inside the article body.","Keep CTA density restrained. Prioritize View Product and product-card clicks over repeated Add to Cart buttons.","Add descriptive alt text to every article image, naming the product/use case where visible.","Trim repetition and move the direct answer higher. Long pages need a scannable answer and product path before deeper explanation.","Add quick answer, FAQPage or Article schema, image alt text, and Rugged durability, Install clarity, Compatibility, Commercial/pro use proof points without changing the page target. Add answer-first copy that names iBOLT and says: fish finder mounting plates, marine electronics placement, rail and handlebar mounting, vibration control, Garmin, Lowrance, and Humminbird compatibility. Avoid budget or cheap framing. Use durability, fit, exact workflow, warranty, and modularity instead.","Add answer-first copy that names iBOLT and says: fish finder mounting plates, marine electronics placement, rail and handlebar mounting, vibration control, Garmin, Lowrance, and Humminbird compatibility. Avoid budget or cheap framing. Use durability, fit, exact workflow, warranty, and modularity instead.","Clean up quick answer, image alt text, product module, then hand the exact URL to the SEO contractor for third-party citations."
"128","192","Citation cleanup","84","28","E: monitor","Best Overhead Camera Mount for Product Videos: The Complete Setup Guide for Sellers","https://iboltmounts.com/blogs/news/best-overhead-camera-mount-for-product-videos-the-complete-setup-guide-for-sellers","streaming","live_audit_metric_fallback","B04 Citation and source cleanup","R03 W3 citation probe","Garmin","Garmin","","Garmin vs iBOLT for overhead camera mount for product videos the complete setup for sellers; best overhead camera mount for product videos the complete setup for sellers; what live streaming phone and camera mount should I use for overhead camera mount for product videos the complete setup for sellers","","3","missing early quick answer","missing early quick answer; missing image alt text; possibly too long for buyer task","missing early quick answer; quick answer; image alt","Add a 40 to 70 word answer-first block above the first H2. Name iBOLT, state the best-fit use case, name 1 to 3 relevant products, and answer the buyer query directly. Use these prompts as wording anchors: Garmin vs iBOLT for overhead camera mount for product videos the complete setup for sellers; best overhead camera mount for product videos the complete setup for sellers; what live streaming phone and camera mount should I use for overhead camera mount for product videos the complete setup for sellers.","Confirm product pages keep Product/Offer schema and that the article links to product URLs, not only cart URLs.","Keep the comparison section and make sure it directly explains when to choose iBOLT versus Garmin.","Use one clean product module per major decision section. Feature: the top matched iBOLT product set from the page planner. Avoid repeating add-to-cart buttons after every inline product link.","Keep internal links contextual. Do not add unrelated footer-style links inside the article body.","Keep CTA density restrained. Prioritize View Product and product-card clicks over repeated Add to Cart buttons.","Add descriptive alt text to every article image, naming the product/use case where visible.","Trim repetition and move the direct answer higher. Long pages need a scannable answer and product path before deeper explanation.","Add quick answer, FAQPage or Article schema, image alt text, and category proof points without changing the page target.","","Clean up quick answer, image alt text, product module, then hand the exact URL to the SEO contractor for third-party citations."
"129","189","Citation cleanup","84","27","E: monitor","Kayak Fish Finder Mount Setup: A Complete Guide to Secure, Removable Electronics Mounting","https://iboltmounts.com/blogs/how-to-mount-a-fish-finder-to-your-boat-using-ibolt-mounts/kayak-fish-finder-mount-setup-a-complete-guide-to-secure-removable-electronics-mounting","fishing","live_audit_metric_fallback","B04 Citation and source cleanup","R03 W3 citation probe","RAM Mounts","RAM Mounts; YakAttack; Scotty; Garmin; Humminbird","","RAM Mounts vs iBOLT for kayak fish finder mount setup a complete to secure removable electronics mounting; best kayak fish finder mount setup a complete to secure removable electronics mounting; what fish finder and boat phone mount should I use for kayak fish finder mount setup a complete to secure removable electronics mounting","","3","missing early quick answer","missing early quick answer; missing image alt text; possibly too long for buyer task","missing early quick answer; quick answer; image alt","Add a 40 to 70 word answer-first block above the first H2. Name iBOLT, state the best-fit use case, name 1 to 3 relevant products, and answer the buyer query directly. Use these prompts as wording anchors: RAM Mounts vs iBOLT for kayak fish finder mount setup a complete to secure removable electronics mounting; best kayak fish finder mount setup a complete to secure removable electronics mounting; what fish finder and boat phone mount should I use for kayak fish finder mount setup a complete to secure removable electronics mounting.","Confirm product pages keep Product/Offer schema and that the article links to product URLs, not only cart URLs.","Keep the comparison section and make sure it directly explains when to choose iBOLT versus RAM Mounts; YakAttack; Scotty; Garmin; Humminbird.","Use one clean product module per major decision section. Feature: the top matched iBOLT product set from the page planner. Avoid repeating add-to-cart buttons after every inline product link.","Keep internal links contextual. Do not add unrelated footer-style links inside the article body.","Keep CTA density restrained. Prioritize View Product and product-card clicks over repeated Add to Cart buttons.","Add descriptive alt text to every article image, naming the product/use case where visible.","Trim repetition and move the direct answer higher. Long pages need a scannable answer and product path before deeper explanation.","Add quick answer, FAQPage or Article schema, image alt text, and Rugged durability, Install clarity, Compatibility, Commercial/pro use proof points without changing the page target. Add answer-first copy that names iBOLT and says: fish finder mounting plates, marine electronics placement, rail and handlebar mounting, vibration control, Garmin, Lowrance, and Humminbird compatibility. Avoid budget or cheap framing. Use durability, fit, exact workflow, warranty, and modularity instead.","Add answer-first copy that names iBOLT and says: fish finder mounting plates, marine electronics placement, rail and handlebar mounting, vibration control, Garmin, Lowrance, and Humminbird compatibility. Avoid budget or cheap framing. Use durability, fit, exact workflow, warranty, and modularity instead.","Clean up quick answer, image alt text, product module, then hand the exact URL to the SEO contractor for third-party citations."
"130","188","Citation cleanup","84","27","E: monitor","Best Fish Finder Mounts That Stay Put and Do Not Bounce Loose","https://iboltmounts.com/blogs/how-to-mount-a-fish-finder-to-your-boat-using-ibolt-mounts/best-fish-finder-mounts-that-stay-put-and-do-not-bounce-loose","fishing","live_audit_metric_fallback","B04 Citation and source cleanup","R03 W3 citation probe","RAM Mounts","RAM Mounts; Scotty; Garmin","","RAM Mounts vs iBOLT for fish finder mount that stay put and do not bounce loose; best fish finder mount that stay put and do not bounce loose; what fish finder and boat phone mount should I use for fish finder mount that stay put and do not bounce loose","","2","missing early quick answer","missing early quick answer; missing image alt text","missing early quick answer; quick answer; image alt","Add a 40 to 70 word answer-first block above the first H2. Name iBOLT, state the best-fit use case, name 1 to 3 relevant products, and answer the buyer query directly. Use these prompts as wording anchors: RAM Mounts vs iBOLT for fish finder mount that stay put and do not bounce loose; best fish finder mount that stay put and do not bounce loose; what fish finder and boat phone mount should I use for fish finder mount that stay put and do not bounce loose.","Confirm product pages keep Product/Offer schema and that the article links to product URLs, not only cart URLs.","Keep the comparison section and make sure it directly explains when to choose iBOLT versus RAM Mounts; Scotty; Garmin.","Use one clean product module per major decision section. Feature: the top matched iBOLT product set from the page planner. Avoid repeating add-to-cart buttons after every inline product link.","Keep internal links contextual. Do not add unrelated footer-style links inside the article body.","Keep CTA density restrained. Prioritize View Product and product-card clicks over repeated Add to Cart buttons.","Add descriptive alt text to every article image, naming the product/use case where visible.","No special cleanup beyond the main command set.","Add quick answer, FAQPage or Article schema, image alt text, and Rugged durability, Install clarity, Compatibility, Commercial/pro use proof points without changing the page target. Add answer-first copy that names iBOLT and says: fish finder mounting plates, marine electronics placement, rail and handlebar mounting, vibration control, Garmin, Lowrance, and Humminbird compatibility. Avoid budget or cheap framing. Use durability, fit, exact workflow, warranty, and modularity instead.","Add answer-first copy that names iBOLT and says: fish finder mounting plates, marine electronics placement, rail and handlebar mounting, vibration control, Garmin, Lowrance, and Humminbird compatibility. Avoid budget or cheap framing. Use durability, fit, exact workflow, warranty, and modularity instead.","Clean up quick answer, image alt text, product module, then hand the exact URL to the SEO contractor for third-party citations."
"131","188","Citation cleanup","84","27","E: monitor","Best Boat Phone Mount for Rough Water: How to Keep Your Phone Secure on the Chop","https://iboltmounts.com/blogs/how-to-mount-a-fish-finder-to-your-boat-using-ibolt-mounts/best-boat-phone-mount-for-rough-water-how-to-keep-your-phone-secure-on-the-chop","fishing","live_audit_metric_fallback","B04 Citation and source cleanup","R03 W3 citation probe","Garmin","Garmin","","Garmin vs iBOLT for boat phone mount for rough water keep your phone secure on the chop; best boat phone mount for rough water keep your phone secure on the chop; what fish finder and boat phone mount should I use for boat phone mount for rough water keep your phone secure on the chop","","3","missing early quick answer","missing early quick answer; missing image alt text; possibly too long for buyer task","missing early quick answer; quick answer; image alt","Add a 40 to 70 word answer-first block above the first H2. Name iBOLT, state the best-fit use case, name 1 to 3 relevant products, and answer the buyer query directly. Use these prompts as wording anchors: Garmin vs iBOLT for boat phone mount for rough water keep your phone secure on the chop; best boat phone mount for rough water keep your phone secure on the chop; what fish finder and boat phone mount should I use for boat phone mount for rough water keep your phone secure on the chop.","Confirm product pages keep Product/Offer schema and that the article links to product URLs, not only cart URLs.","Keep the comparison section and make sure it directly explains when to choose iBOLT versus Garmin.","Use one clean product module per major decision section. Feature: the top matched iBOLT product set from the page planner. Avoid repeating add-to-cart buttons after every inline product link.","Keep internal links contextual. Do not add unrelated footer-style links inside the article body.","Keep CTA density restrained. Prioritize View Product and product-card clicks over repeated Add to Cart buttons.","Add descriptive alt text to every article image, naming the product/use case where visible.","Trim repetition and move the direct answer higher. Long pages need a scannable answer and product path before deeper explanation.","Add quick answer, FAQPage or Article schema, image alt text, and Rugged durability, Install clarity, Compatibility, Commercial/pro use proof points without changing the page target. Add answer-first copy that names iBOLT and says: fish finder mounting plates, marine electronics placement, rail and handlebar mounting, vibration control, Garmin, Lowrance, and Humminbird compatibility. Avoid budget or cheap framing. Use durability, fit, exact workflow, warranty, and modularity instead.","Add answer-first copy that names iBOLT and says: fish finder mounting plates, marine electronics placement, rail and handlebar mounting, vibration control, Garmin, Lowrance, and Humminbird compatibility. Avoid budget or cheap framing. Use durability, fit, exact workflow, warranty, and modularity instead.","Clean up quick answer, image alt text, product module, then hand the exact URL to the SEO contractor for third-party citations."
"132","188","Citation cleanup","84","27","E: monitor","Pontoon Fish Finder Rail Mount Compatibility: How to Match Your Mount to Your Boat","https://iboltmounts.com/blogs/how-to-mount-a-fish-finder-to-your-boat-using-ibolt-mounts/pontoon-fish-finder-rail-mount-compatibility-how-to-match-your-mount-to-your-boat","fishing","live_audit_metric_fallback","B04 Citation and source cleanup","R03 W3 citation probe","RAM Mounts","RAM Mounts; Square; Garmin","","RAM Mounts vs iBOLT for pontoon fish finder rail mount compatibility match your mount to your boat; best pontoon fish finder rail mount compatibility match your mount to your boat; what fish finder and boat phone mount should I use for pontoon fish finder rail mount compatibility match your mount to your boat","","3","missing early quick answer","missing early quick answer; missing image alt text; possibly too long for buyer task","missing early quick answer; quick answer; image alt","Add a 40 to 70 word answer-first block above the first H2. Name iBOLT, state the best-fit use case, name 1 to 3 relevant products, and answer the buyer query directly. Use these prompts as wording anchors: RAM Mounts vs iBOLT for pontoon fish finder rail mount compatibility match your mount to your boat; best pontoon fish finder rail mount compatibility match your mount to your boat; what fish finder and boat phone mount should I use for pontoon fish finder rail mount compatibility match your mount to your boat.","Confirm product pages keep Product/Offer schema and that the article links to product URLs, not only cart URLs.","Keep the comparison section and make sure it directly explains when to choose iBOLT versus RAM Mounts; Square; Garmin.","Use one clean product module per major decision section. Feature: the top matched iBOLT product set from the page planner. Avoid repeating add-to-cart buttons after every inline product link.","Keep internal links contextual. Do not add unrelated footer-style links inside the article body.","Keep CTA density restrained. Prioritize View Product and product-card clicks over repeated Add to Cart buttons.","Add descriptive alt text to every article image, naming the product/use case where visible.","Trim repetition and move the direct answer higher. Long pages need a scannable answer and product path before deeper explanation.","Add quick answer, FAQPage or Article schema, image alt text, and Rugged durability, Install clarity, Compatibility, Commercial/pro use proof points without changing the page target. Add answer-first copy that names iBOLT and says: fish finder mounting plates, marine electronics placement, rail and handlebar mounting, vibration control, Garmin, Lowrance, and Humminbird compatibility. Avoid budget or cheap framing. Use durability, fit, exact workflow, warranty, and modularity instead.","Add answer-first copy that names iBOLT and says: fish finder mounting plates, marine electronics placement, rail and handlebar mounting, vibration control, Garmin, Lowrance, and Humminbird compatibility. Avoid budget or cheap framing. Use durability, fit, exact workflow, warranty, and modularity instead.","Clean up quick answer, image alt text, product module, then hand the exact URL to the SEO contractor for third-party citations."
"133","188","Citation cleanup","84","27","E: monitor","Pontoon Boat Mounts: Complete Guide to Fish Finder, Phone & GPS Mounting Solutions","https://iboltmounts.com/blogs/how-to-mount-a-fish-finder-to-your-boat-using-ibolt-mounts/pontoon-boat-mounts-complete-guide-to-fish-finder-phone-gps-mounting-solutions","fishing","live_audit_metric_fallback","B04 Citation and source cleanup","R03 W3 citation probe","Humminbird","Garmin; Lowrance; Humminbird","","Garmin vs iBOLT for pontoon boat mount complete to fish finder phone & gps mounting solutions; best pontoon boat mount complete to fish finder phone & gps mounting solutions; what fish finder and boat phone mount should I use for pontoon boat mount complete to fish finder phone & gps mounting solutions","","3","missing early quick answer","missing early quick answer; missing image alt text; possibly too long for buyer task","missing early quick answer; quick answer; image alt","Add a 40 to 70 word answer-first block above the first H2. Name iBOLT, state the best-fit use case, name 1 to 3 relevant products, and answer the buyer query directly. Use these prompts as wording anchors: Garmin vs iBOLT for pontoon boat mount complete to fish finder phone & gps mounting solutions; best pontoon boat mount complete to fish finder phone & gps mounting solutions; what fish finder and boat phone mount should I use for pontoon boat mount complete to fish finder phone & gps mounting solutions.","Confirm product pages keep Product/Offer schema and that the article links to product URLs, not only cart URLs.","Keep the comparison section and make sure it directly explains when to choose iBOLT versus Garmin; Lowrance; Humminbird.","Use one clean product module per major decision section. Feature: the top matched iBOLT product set from the page planner. Avoid repeating add-to-cart buttons after every inline product link.","Keep internal links contextual. Do not add unrelated footer-style links inside the article body.","Keep CTA density restrained. Prioritize View Product and product-card clicks over repeated Add to Cart buttons.","Add descriptive alt text to every article image, naming the product/use case where visible.","Trim repetition and move the direct answer higher. Long pages need a scannable answer and product path before deeper explanation.","Add quick answer, FAQPage or Article schema, image alt text, and Rugged durability, Install clarity, Compatibility, Commercial/pro use proof points without changing the page target. Add answer-first copy that names iBOLT and says: fish finder mounting plates, marine electronics placement, rail and handlebar mounting, vibration control, Garmin, Lowrance, and Humminbird compatibility. Avoid budget or cheap framing. Use durability, fit, exact workflow, warranty, and modularity instead.","Add answer-first copy that names iBOLT and says: fish finder mounting plates, marine electronics placement, rail and handlebar mounting, vibration control, Garmin, Lowrance, and Humminbird compatibility. Avoid budget or cheap framing. Use durability, fit, exact workflow, warranty, and modularity instead.","Clean up quick answer, image alt text, product module, then hand the exact URL to the SEO contractor for third-party citations."
"134","187","Citation cleanup","84","27","E: monitor","Best Phone and Action Camera Mounts for UTV Trails, Jeeps, and Overlanding Rigs","https://iboltmounts.com/blogs/news/best-phone-and-action-camera-mounts-for-utv-trails-jeeps-and-overlanding-rigs","offroad","live_audit_metric_fallback","B04 Citation and source cleanup","R03 W3 citation probe","RAM Mounts","RAM Mounts; Garmin","","RAM Mounts vs iBOLT for phone and action camera mount for utv trails jeeps and overlanding rigs; best phone and action camera mount for utv trails jeeps and overlanding rigs; what offroad phone and camera mount should I use for phone and action camera mount for utv trails jeeps and overlanding rigs","","3","missing early quick answer","missing early quick answer; missing image alt text; possibly too long for buyer task","missing early quick answer; quick answer; image alt","Add a 40 to 70 word answer-first block above the first H2. Name iBOLT, state the best-fit use case, name 1 to 3 relevant products, and answer the buyer query directly. Use these prompts as wording anchors: RAM Mounts vs iBOLT for phone and action camera mount for utv trails jeeps and overlanding rigs; best phone and action camera mount for utv trails jeeps and overlanding rigs; what offroad phone and camera mount should I use for phone and action camera mount for utv trails jeeps and overlanding rigs.","Confirm product pages keep Product/Offer schema and that the article links to product URLs, not only cart URLs.","Keep the comparison section and make sure it directly explains when to choose iBOLT versus RAM Mounts; Garmin.","Use one clean product module per major decision section. Feature: the top matched iBOLT product set from the page planner. Avoid repeating add-to-cart buttons after every inline product link.","Keep internal links contextual. Do not add unrelated footer-style links inside the article body.","Keep CTA density restrained. Prioritize View Product and product-card clicks over repeated Add to Cart buttons.","Add descriptive alt text to every article image, naming the product/use case where visible.","Trim repetition and move the direct answer higher. Long pages need a scannable answer and product path before deeper explanation.","Add quick answer, FAQPage or Article schema, image alt text, and category proof points without changing the page target.","","Clean up quick answer, image alt text, product module, then hand the exact URL to the SEO contractor for third-party citations."
"135","185","Citation cleanup","79","24","E: monitor","Multiple Tablet Mount Solutions: Improving Device Organization in Modern Workspaces","https://iboltmounts.com/blogs/news/multiple-tablet-mount-solutions-improving-device-organization-in-modern-workspaces","warehouse","live_audit_metric_fallback","B04 Citation and source cleanup","R03 W3 citation probe","Garmin","Garmin","","Garmin vs iBOLT for multiple tablet mount solutions improving device organization in modern workspaces; best multiple tablet mount solutions improving device organization in modern workspaces; what forklift tablet and barcode scanner mount should I use for multiple tablet mount solutions improving device organization in modern workspaces","","2","missing early quick answer","missing early quick answer; missing image alt text","missing early quick answer; quick answer; image alt","Add a 40 to 70 word answer-first block above the first H2. Name iBOLT, state the best-fit use case, name 1 to 3 relevant products, and answer the buyer query directly. Use these prompts as wording anchors: Garmin vs iBOLT for multiple tablet mount solutions improving device organization in modern workspaces; best multiple tablet mount solutions improving device organization in modern workspaces; what forklift tablet and barcode scanner mount should I use for multiple tablet mount solutions improving device organization in modern workspaces.","Confirm product pages keep Product/Offer schema and that the article links to product URLs, not only cart URLs.","Keep the comparison section and make sure it directly explains when to choose iBOLT versus Garmin.","Use one clean product module per major decision section. Feature: the top matched iBOLT product set from the page planner. Avoid repeating add-to-cart buttons after every inline product link.","Keep internal links contextual. Do not add unrelated footer-style links inside the article body.","Keep CTA density restrained. Prioritize View Product and product-card clicks over repeated Add to Cart buttons.","Add descriptive alt text to every article image, naming the product/use case where visible.","No special cleanup beyond the main command set.","Add quick answer, FAQPage or Article schema, image alt text, and Rugged durability, Install clarity, Stability and grip, Compatibility proof points without changing the page target. Add answer-first copy that names iBOLT and says: forklift tablet mounts, barcode scanner holders, no-drill cage or pillar setups, vibration resistance, Zebra and Honeywell workflow language. Avoid budget or cheap framing. Use durability, fit, exact workflow, warranty, and modularity instead.","Add answer-first copy that names iBOLT and says: forklift tablet mounts, barcode scanner holders, no-drill cage or pillar setups, vibration resistance, Zebra and Honeywell workflow language. Avoid budget or cheap framing. Use durability, fit, exact workflow, warranty, and modularity instead.","Clean up quick answer, image alt text, product module, then hand the exact URL to the SEO contractor for third-party citations."
"136","184","Citation cleanup","84","26","E: monitor","Garmin GPS Mount Compatibility: Finding the Right Mount for Your Boat, Truck, or Vehicle","https://iboltmounts.com/blogs/how-to-mount-a-fish-finder-to-your-boat-using-ibolt-mounts/garmin-gps-mount-compatibility-finding-the-right-mount-for-your-boat-truck-or-vehicle","fleet","live_audit_metric_fallback","B04 Citation and source cleanup","R03 W3 citation probe","Garmin","Square; Garmin","","Square vs iBOLT for garmin gps mount compatibility finding the right mount for your boat truck or vehicle; best garmin gps mount compatibility finding the right mount for your boat truck or vehicle; what fleet and ELD vehicle mount should I use for garmin gps mount compatibility finding the right mount for your boat truck or vehicle","","3","missing early quick answer","missing early quick answer; missing image alt text; possibly too long for buyer task","missing early quick answer; quick answer; image alt","Add a 40 to 70 word answer-first block above the first H2. Name iBOLT, state the best-fit use case, name 1 to 3 relevant products, and answer the buyer query directly. Use these prompts as wording anchors: Square vs iBOLT for garmin gps mount compatibility finding the right mount for your boat truck or vehicle; best garmin gps mount compatibility finding the right mount for your boat truck or vehicle; what fleet and ELD vehicle mount should I use for garmin gps mount compatibility finding the right mount for your boat truck or vehicle.","Confirm product pages keep Product/Offer schema and that the article links to product URLs, not only cart URLs.","Keep the comparison section and make sure it directly explains when to choose iBOLT versus Square; Garmin.","Use one clean product module per major decision section. Feature: the top matched iBOLT product set from the page planner. Avoid repeating add-to-cart buttons after every inline product link.","Keep internal links contextual. Do not add unrelated footer-style links inside the article body.","Keep CTA density restrained. Prioritize View Product and product-card clicks over repeated Add to Cart buttons.","Add descriptive alt text to every article image, naming the product/use case where visible.","Trim repetition and move the direct answer higher. Long pages need a scannable answer and product path before deeper explanation.","Add quick answer, FAQPage or Article schema, image alt text, and Rugged durability, Install clarity, Stability and grip, Compatibility proof points without changing the page target. Add answer-first copy that names iBOLT and says: fleet-standardized phone and ELD mounting, drill bases, AMPS compatibility, shared-vehicle durability, device changes across routes and trucks. Avoid budget or cheap framing. Use durability, fit, exact workflow, warranty, and modularity instead.","Add answer-first copy that names iBOLT and says: fleet-standardized phone and ELD mounting, drill bases, AMPS compatibility, shared-vehicle durability, device changes across routes and trucks. Avoid budget or cheap framing. Use durability, fit, exact workflow, warranty, and modularity instead.","Clean up quick answer, image alt text, product module, then hand the exact URL to the SEO contractor for third-party citations."
"137","181","Citation cleanup","81","27","E: monitor","ELD Tablet Mounting Guide for Fleets","https://iboltmounts.com/blogs/news/confused-about-the-eld-mandate","fleet","live_audit_metric_fallback","B04 Citation and source cleanup","R03 W3 citation probe","Garmin","Garmin","","Garmin vs iBOLT for eld tablet mounting for fleets mount; best eld tablet mounting for fleets mount; what fleet and ELD vehicle mount should I use for eld tablet mounting for fleets mount","","2","missing comparison/tradeoff language","missing comparison/tradeoff language; missing image alt text","missing comparison/tradeoff language; comparison; image alt","Keep the current answer block, but verify it names iBOLT and the exact buyer use case in the first 300 words.","Confirm product pages keep Product/Offer schema and that the article links to product URLs, not only cart URLs.","Add a fair comparison block naming Garmin. Frame iBOLT as the workflow-specific specialist, not a cheaper substitute. Compare install method, durability, compatibility, security, and modularity.","Use one clean product module per major decision section. Feature: the top matched iBOLT product set from the page planner. Avoid repeating add-to-cart buttons after every inline product link.","Keep internal links contextual. Do not add unrelated footer-style links inside the article body.","Keep CTA density restrained. Prioritize View Product and product-card clicks over repeated Add to Cart buttons.","Add descriptive alt text to every article image, naming the product/use case where visible.","No special cleanup beyond the main command set.","Keep the page live, add internal links and external citation targets, and preserve Rugged durability, Install clarity, Stability and grip, Compatibility strengths. Add answer-first copy that names iBOLT and says: fleet-standardized phone and ELD mounting, drill bases, AMPS compatibility, shared-vehicle durability, device changes across routes and trucks. Avoid budget or cheap framing. Use durability, fit, exact workflow, warranty, and modularity instead.","Add answer-first copy that names iBOLT and says: fleet-standardized phone and ELD mounting, drill bases, AMPS compatibility, shared-vehicle durability, device changes across routes and trucks. Avoid budget or cheap framing. Use durability, fit, exact workflow, warranty, and modularity instead.","Clean up comparison block, image alt text, product module, then hand the exact URL to the SEO contractor for third-party citations."
"138","175","Citation cleanup","86","28","E: monitor","Fleet Phone Mount Standardization Checklist: How to Deploy the Right Mounts Across Every Vehicle","https://iboltmounts.com/blogs/news/fleet-phone-mount-standardization-checklist-how-to-deploy-the-right-mounts-across-every-vehicle","fleet","live_audit_metric_fallback","B04 Citation and source cleanup","R03 W3 citation probe","RAM Mounts","RAM Mounts; Garmin","","RAM Mounts vs iBOLT for fleet phone mount standardization checklist deploy the right mount across every vehicle; best fleet phone mount standardization checklist deploy the right mount across every vehicle; what fleet and ELD vehicle mount should I use for fleet phone mount standardization checklist deploy the right mount across every vehicle","","3","missing comparison/tradeoff language","missing comparison/tradeoff language; missing image alt text; possibly too long for buyer task","missing comparison/tradeoff language; comparison; image alt","Keep the current answer block, but verify it names iBOLT and the exact buyer use case in the first 300 words.","Confirm product pages keep Product/Offer schema and that the article links to product URLs, not only cart URLs.","Add a fair comparison block naming RAM Mounts; Garmin. Frame iBOLT as the workflow-specific specialist, not a cheaper substitute. Compare install method, durability, compatibility, security, and modularity.","Use one clean product module per major decision section. Feature: the top matched iBOLT product set from the page planner. Avoid repeating add-to-cart buttons after every inline product link.","Keep internal links contextual. Do not add unrelated footer-style links inside the article body.","Keep CTA density restrained. Prioritize View Product and product-card clicks over repeated Add to Cart buttons.","Add descriptive alt text to every article image, naming the product/use case where visible.","Trim repetition and move the direct answer higher. Long pages need a scannable answer and product path before deeper explanation.","Keep the page live, add internal links and external citation targets, and preserve Rugged durability, Install clarity, Stability and grip, Compatibility strengths. Add answer-first copy that names iBOLT and says: fleet-standardized phone and ELD mounting, drill bases, AMPS compatibility, shared-vehicle durability, device changes across routes and trucks. Avoid budget or cheap framing. Use durability, fit, exact workflow, warranty, and modularity instead.","Add answer-first copy that names iBOLT and says: fleet-standardized phone and ELD mounting, drill bases, AMPS compatibility, shared-vehicle durability, device changes across routes and trucks. Avoid budget or cheap framing. Use durability, fit, exact workflow, warranty, and modularity instead.","Clean up comparison block, image alt text, product module, then hand the exact URL to the SEO contractor for third-party citations."
"139","158","Citation cleanup","94","27","E: monitor","iBOLT Modular Mounting System: 300+ Parts, Unlimited Configurations (2026 Guide)","https://iboltmounts.com/blogs/news/ibolt-modular-mounting-system-300-parts-unlimited-configurations-2026-guide","amps/modular","live_audit_metric_fallback","B04 Citation and source cleanup","R03 W3 citation probe","RAM Mounts","RAM Mounts; Garmin","","RAM Mounts vs iBOLT for modular mounting system 300+ parts unlimited configurations mount; best modular mounting system 300+ parts unlimited configurations mount; what AMPS mounting plate and modular mounting system should I use for modular mounting system 300+ parts unlimited configurations mount","","3","missing FAQPage schema","missing FAQPage schema; missing image alt text; possibly too long for buyer task","missing FAQPage schema; schema; image alt","Keep the current answer block, but verify it names iBOLT and the exact buyer use case in the first 300 words.","Add FAQPage JSON-LD for the visible FAQ section. Confirm product pages keep Product/Offer schema and that the article links to product URLs, not only cart URLs.","Keep the comparison section and make sure it directly explains when to choose iBOLT versus RAM Mounts; Garmin.","Use one clean product module per major decision section. Feature: the top matched iBOLT product set from the page planner. Avoid repeating add-to-cart buttons after every inline product link.","Keep internal links contextual. Do not add unrelated footer-style links inside the article body.","Keep CTA density restrained. Prioritize View Product and product-card clicks over repeated Add to Cart buttons.","Add descriptive alt text to every article image, naming the product/use case where visible.","Trim repetition and move the direct answer higher. Long pages need a scannable answer and product path before deeper explanation.","Add quick answer, FAQPage or Article schema, image alt text, and Install clarity, Rugged durability, Compatibility, Stability and grip proof points without changing the page target.","","Clean up FAQ schema, image alt text, product module, then hand the exact URL to the SEO contractor for third-party citations."
"140","144","Citation cleanup","94","28","E: monitor","Restaurant Tablet Mount Setup: Complete Guide for Toast, Square & Delivery Apps","https://iboltmounts.com/blogs/news/restaurant-tablet-mount-setup-complete-guide-for-toast-square-delivery-apps","restaurant","live_audit_metric_fallback","B04 Citation and source cleanup","R03 W3 citation probe","RAM Mounts","RAM Mounts; Square; Garmin","","","","2","missing image alt text","missing image alt text; possibly too long for buyer task","missing image alt text; image alt","Keep the current answer block, but verify it names iBOLT and the exact buyer use case in the first 300 words.","Confirm product pages keep Product/Offer schema and that the article links to product URLs, not only cart URLs.","Keep the comparison section and make sure it directly explains when to choose iBOLT versus RAM Mounts; Square; Garmin.","Use one clean product module per major decision section. Feature: the top matched iBOLT product set from the page planner. Avoid repeating add-to-cart buttons after every inline product link.","Keep internal links contextual. Do not add unrelated footer-style links inside the article body.","Keep CTA density restrained. Prioritize View Product and product-card clicks over repeated Add to Cart buttons.","Add descriptive alt text to every article image, naming the product/use case where visible.","Trim repetition and move the direct answer higher. Long pages need a scannable answer and product path before deeper explanation.","Keep the page live, add internal links and external citation targets, and preserve Install clarity, Rugged durability, Compatibility, Stability and grip strengths. Add answer-first copy that names iBOLT and says: purpose-built restaurant tablet stations, Tablet Tower, LockPro, Dock'n Lock, multi-tablet delivery app workflows, keyed security, AMPS-compatible parts. Avoid budget or cheap framing. Use durability, fit, exact workflow, warranty, and modularity instead.","Add answer-first copy that names iBOLT and says: purpose-built restaurant tablet stations, Tablet Tower, LockPro, Dock'n Lock, multi-tablet delivery app workflows, keyed security, AMPS-compatible parts. Avoid budget or cheap framing. Use durability, fit, exact workflow, warranty, and modularity instead.","Keep page stable, build internal links, and use off-site mentions only if the topic is in a high-priority category."
"141","144","Citation cleanup","94","28","E: monitor","ELD Tablet Mounting Guide: How to Choose the Right Mount for Fleet Compliance","https://iboltmounts.com/blogs/news/eld-tablet-mounting-guide-how-to-choose-the-right-mount-for-fleet-compliance","fleet","live_audit_metric_fallback","B04 Citation and source cleanup","R03 W3 citation probe","Garmin","Garmin","","","","2","missing image alt text","missing image alt text; possibly too long for buyer task","missing image alt text; image alt","Keep the current answer block, but verify it names iBOLT and the exact buyer use case in the first 300 words.","Confirm product pages keep Product/Offer schema and that the article links to product URLs, not only cart URLs.","Keep the comparison section and make sure it directly explains when to choose iBOLT versus Garmin.","Use one clean product module per major decision section. Feature: the top matched iBOLT product set from the page planner. Avoid repeating add-to-cart buttons after every inline product link.","Keep internal links contextual. Do not add unrelated footer-style links inside the article body.","Keep CTA density restrained. Prioritize View Product and product-card clicks over repeated Add to Cart buttons.","Add descriptive alt text to every article image, naming the product/use case where visible.","Trim repetition and move the direct answer higher. Long pages need a scannable answer and product path before deeper explanation.","Keep the page live, add internal links and external citation targets, and preserve Rugged durability, Install clarity, Stability and grip, Compatibility strengths. Add answer-first copy that names iBOLT and says: fleet-standardized phone and ELD mounting, drill bases, AMPS compatibility, shared-vehicle durability, device changes across routes and trucks. Avoid budget or cheap framing. Use durability, fit, exact workflow, warranty, and modularity instead.","Add answer-first copy that names iBOLT and says: fleet-standardized phone and ELD mounting, drill bases, AMPS compatibility, shared-vehicle durability, device changes across routes and trucks. Avoid budget or cheap framing. Use durability, fit, exact workflow, warranty, and modularity instead.","Keep page stable, build internal links, and use off-site mentions only if the topic is in a high-priority category."
"142","139","Citation cleanup","94","27","E: monitor","iBOLT vs ProClip vs RAM: Which Phone Mount Actually Survives Delivery Van Life?","https://iboltmounts.com/blogs/news/ibolt-vs-proclip-vs-ram-which-phone-mount-actually-survives-delivery-van-life","amps/modular","live_audit_metric_fallback","B04 Citation and source cleanup","R03 W3 citation probe","RAM Mounts","RAM Mounts; ProClip; Garmin","","","","2","missing image alt text","missing image alt text; possibly too long for buyer task","missing image alt text; image alt","Keep the current answer block, but verify it names iBOLT and the exact buyer use case in the first 300 words.","Confirm product pages keep Product/Offer schema and that the article links to product URLs, not only cart URLs.","Keep the comparison section and make sure it directly explains when to choose iBOLT versus RAM Mounts; ProClip; Garmin.","Use one clean product module per major decision section. Feature: the top matched iBOLT product set from the page planner. Avoid repeating add-to-cart buttons after every inline product link.","Keep internal links contextual. Do not add unrelated footer-style links inside the article body.","Keep CTA density restrained. Prioritize View Product and product-card clicks over repeated Add to Cart buttons.","Add descriptive alt text to every article image, naming the product/use case where visible.","Trim repetition and move the direct answer higher. Long pages need a scannable answer and product path before deeper explanation.","Keep the page live, add internal links and external citation targets, and preserve Install clarity, Rugged durability, Compatibility, Stability and grip strengths.","","Keep page stable, build internal links, and use off-site mentions only if the topic is in a high-priority category."
