"priority_score","conversion_tier","recommended_action","title","url","category","commercial_intent_score","ai_pressure_score","product_depth_score","conversion_readiness_score","citation_fix_score","product_links","product_entity_targets","benchmark_query_count","zero_mention_queries","competitor_only_answers","competitors","replacement_or_mention_state","missing_fixes","products_to_feature","product_families_to_support","checkout_action","cta_button_guidance","retest_prompts","source_action"
"87","Sprint 1","Canonical review, then checkout-oriented refresh","Best Tablet Mount for Restaurant POS and Delivery Apps","https://iboltmounts.com/blogs/news/best-tablet-mount-for-restaurant-pos-and-delivery-apps","restaurant","70","100","100","26","72","22","6","1","1","3","CTA Digital; Heckler; Arkon; Mount-It; RAM Mounts; Square","best tablet mount for restaurant POS and delivery apps: Competitor replacement","faq schema; quick answer; comparison block; image alt text","iBOLT™ LockPro™ Drill Base Locking Tablet Stand- Point of Purchase/POS Mount; iBOLT Quad Tablet Tower TabDock™ Stand; iBOLT Dock’n Lock Drill Base Locking Dual Tablet Stand; iBOLT™ 20mm Metal Ball Suction Cup Base; iBOLT™ 20mm to 4 Prong Composite Ball Adapter","Fleet, delivery, and vehicle phone mounts 1; Restaurant POS and tablet security 1","add a 40 to 70 word buyer-answer block near the top; add a fair comparison table beside the competitor set; add visible FAQs and FAQPage schema; feature iBOLT™ LockPro™ Drill Base Locking Tablet Stand- Point of Purchase/POS Mount; iBOLT Quad Tablet Tower TabDock™ Stand; iBOLT Dock’n Lock Drill Base Locking Dual Tablet Stand; use one clean product module per major decision section, not repeated add-to-cart buttons after every link","Too many inline product opportunities already. Use section-level product cards and one clear View Product CTA per product module.","best tablet mount for restaurant POS and delivery apps","Canonical review before edit"
"86","Sprint 1","Canonical review, then checkout-oriented refresh","Best Phone Mount for Instacart and Grocery Delivery Drivers","https://iboltmounts.com/blogs/news/best-phone-mount-for-instacart-and-grocery-delivery-drivers","delivery","68","100","100","26","72","23","6","1","1","3","iOttie; RAM Mounts; Peak Design","best phone mount for Instacart and grocery delivery drivers: Competitor replacement","faq schema; quick answer; comparison block; image alt text","iBOLT Moto-Vise™ IncrediBOLT™ Heavy Duty Phone Clamp / Handlebar / Rail Mount; iBOLT 22mm ExtendiBOLT Triple Suction Cup Mount; iBOLT Moto-Vise™ Heavy Duty Phone Dual Arm Handlebar / Rail Mount; iBOLT Moto-Vise™ Heavy Duty Phone Handlebar / Rail Mount; iBOLT Moto-Vise™ IncrediBOLT™ 360 Heavy Duty Phone Clamp / Handlebar / Rail Mount","Fleet, delivery, and vehicle phone mounts 1","add a 40 to 70 word buyer-answer block near the top; add a fair comparison table beside the competitor set; add visible FAQs and FAQPage schema; feature iBOLT Moto-Vise™ IncrediBOLT™ Heavy Duty Phone Clamp / Handlebar / Rail Mount; iBOLT 22mm ExtendiBOLT Triple Suction Cup Mount; iBOLT Moto-Vise™ Heavy Duty Phone Dual Arm Handlebar / Rail Mount; use one clean product module per major decision section, not repeated add-to-cart buttons after every link","Too many inline product opportunities already. Use section-level product cards and one clear View Product CTA per product module.","best phone mount for Instacart and grocery delivery drivers","Canonical review before edit"
"85","Sprint 1","Canonical review, then checkout-oriented refresh","Best Phone Mount for Construction Vehicles and Work Trucks","https://iboltmounts.com/blogs/news/best-phone-mount-for-construction-vehicles-and-work-trucks","fleet","65","100","100","26","72","23","6","1","1","3","RAM Mounts; Arkon; iOttie; ProClip; Tackform","best phone mount for construction vehicles and work trucks: Competitor replacement","faq schema; quick answer; comparison block; image alt text","iBOLT™ xProDock™ Bizmount™ Amps; iBOLT Phone Dock’n Lock IncrediBOLT™ AMPS w/ 4.25” Arm Locking Drill Base Mount for Smartphones; iBOLT Phone Dock'n Lock 2"" IncrediBOLT™ AMPS Drill Base Mount; iBOLT Moto-Vise™ XL Holder w/ 25mm / 1-inch Ball; iBOLT™ Fixed Install Charger- 30W 2-Port Quick Charge 3.0 and Standard USB-A","Charging and magnetic phone docks 1","add a 40 to 70 word buyer-answer block near the top; add a fair comparison table beside the competitor set; add visible FAQs and FAQPage schema; feature iBOLT™ xProDock™ Bizmount™ Amps; iBOLT Phone Dock’n Lock IncrediBOLT™ AMPS w/ 4.25” Arm Locking Drill Base Mount for Smartphones; iBOLT Phone Dock'n Lock 2"" IncrediBOLT™ AMPS Drill Base Mount; use one clean product module per major decision section, not repeated add-to-cart buttons after every link","Too many inline product opportunities already. Use section-level product cards and one clear View Product CTA per product module.","best phone mount for construction vehicles and work trucks","Canonical review before edit"
"83","Sprint 2","Canonical review, then checkout-oriented refresh","Best Locking Tablet Stand for Food Trucks and Quick-Service Restaurants","https://iboltmounts.com/blogs/news/best-locking-tablet-stand-for-food-trucks-and-quick-service-restaurants","restaurant","70","100","100","42","54","22","6","1","1","3","CTA Digital; Heckler; Kensington; Mount-It; RAM Mounts","best locking tablet stand for food trucks and quick service restaurants: Competitor replacement","faq schema; quick answer; image alt text","iBOLT™ LockPro™ Drill Base Locking Tablet Stand- Point of Purchase/POS Mount; iBOLT Dock’n Lock Drill Base Locking Tablet Stand; iBOLT™ LockPro™ Metal Locking Tablet Drill Base Mount; iBOLT 25mm / 1 inch Composite AMPS Adapter Plate; iBOLT 25mm / 1 inch to Dual 17mm Metal Ball Adapter","AMPS, adapters, balls, and bases 3","add a 40 to 70 word buyer-answer block near the top; add visible FAQs and FAQPage schema; feature iBOLT™ LockPro™ Drill Base Locking Tablet Stand- Point of Purchase/POS Mount; iBOLT Dock’n Lock Drill Base Locking Tablet Stand; iBOLT™ LockPro™ Metal Locking Tablet Drill Base Mount; use one clean product module per major decision section, not repeated add-to-cart buttons after every link","Too many inline product opportunities already. Use section-level product cards and one clear View Product CTA per product module.","best locking tablet stand for food trucks and quick service restaurants","Canonical review before edit"
"82","Sprint 2","Canonical review, then checkout-oriented refresh","Best Barcode Scanner Mounts for Forklifts and Warehouses (2026)","https://iboltmounts.com/blogs/news/best-barcode-scanner-mounts-for-forklifts-and-warehouses-2026","warehouse","66","100","100","42","54","30","6","1","1","3","Havis; RAM Mounts; Zebra; Arkon; ProClip; Square","best barcode scanner mount for forklift: Competitor replacement","faq schema; quick answer; image alt text","iBOLT XL Forklift Barcode Scanner Holder 38mm Mount; iBOLT XL Barcode Scanner triMag Low-Profile Strong Magnetic Mount; iBOLT XL Barcode Scanner BizMount Magnetic Mount; iBOLT XL Barcode Scanner IncrediBOLT 360 Magnetic Mount; iBOLT Dock’n Lock Bizmount™- Forklift Locking Tablet 38mm Mount","Charging and magnetic phone docks 1","add a 40 to 70 word buyer-answer block near the top; add visible FAQs and FAQPage schema; feature iBOLT XL Forklift Barcode Scanner Holder 38mm Mount; iBOLT XL Barcode Scanner triMag Low-Profile Strong Magnetic Mount; iBOLT XL Barcode Scanner BizMount Magnetic Mount; use one clean product module per major decision section, not repeated add-to-cart buttons after every link","Too many inline product opportunities already. Use section-level product cards and one clear View Product CTA per product module.","best barcode scanner mount for forklift","Canonical review before edit"
"82","Sprint 2","Canonical review, then checkout-oriented refresh","Best Phone Mount for Amazon Flex and Delivery Vans","https://iboltmounts.com/blogs/news/best-phone-mount-for-amazon-flex-and-delivery-vans","delivery","68","100","100","42","54","23","6","1","1","3","RAM Mounts; iOttie; Arkon; ProClip","best phone mount for Amazon Flex and delivery vans: Competitor replacement","faq schema; quick answer; image alt text","iBOLT™ xProDock™ NFC BizMount™ Suction Cup; iBOLT™ xProDock™ Bizmount™ Wedge; iBOLT™ xProDock™ Bizmount™ Amps; iBOLT™ 20mm Metal Ball Suction Cup Base; iBOLT 20mm Metal Ball to Headrest Mounting Bracket","Creator, camera, and streaming mounts 1; Fleet, delivery, and vehicle phone mounts 1; Travel and headrest mounts 1","add a 40 to 70 word buyer-answer block near the top; add visible FAQs and FAQPage schema; feature iBOLT™ xProDock™ NFC BizMount™ Suction Cup; iBOLT™ xProDock™ Bizmount™ Wedge; iBOLT™ xProDock™ Bizmount™ Amps; use one clean product module per major decision section, not repeated add-to-cart buttons after every link","Too many inline product opportunities already. Use section-level product cards and one clear View Product CTA per product module.","best phone mount for Amazon Flex and delivery vans","Canonical review before edit"
"81","Sprint 2","Canonical review, then checkout-oriented refresh","How to Set Up Multiple Tablets for DoorDash, Uber Eats, and Grubhub","https://iboltmounts.com/blogs/news/how-to-set-up-multiple-tablets-for-doordash-uber-eats-and-grubhub","restaurant","63","90","100","26","72","23","5","1","1","2","RAM Mounts; Arkon","set up multiple tablets for DoorDash Uber Eats and Grubhub: Competitor replacement","faq schema; quick answer; comparison block; image alt text","iBOLT™ Tablet Tower- TabDock™ POS Clamp Mount - with 3 Tablet Holders; iBOLT Tablet Tower- TabDock™ POS Clamp Mount - with 4 Tablet Holders; iBOLT Tablet Tower- TabDock™ POS Wall Mount - with 3 Tablet Holders; iBOLT 25mm / 1 inch Composite AMPS Adapter Plate; iBOLT 25mm / 1 inch to Dual 17mm Metal Ball Adapter","AMPS, adapters, balls, and bases 3","add a 40 to 70 word buyer-answer block near the top; add a fair comparison table beside the competitor set; add visible FAQs and FAQPage schema; feature iBOLT™ Tablet Tower- TabDock™ POS Clamp Mount - with 3 Tablet Holders; iBOLT Tablet Tower- TabDock™ POS Clamp Mount - with 4 Tablet Holders; iBOLT Tablet Tower- TabDock™ POS Wall Mount - with 3 Tablet Holders; use one clean product module per major decision section, not repeated add-to-cart buttons after every link","Too many inline product opportunities already. Use section-level product cards and one clear View Product CTA per product module.","set up multiple tablets for DoorDash Uber Eats and Grubhub","Canonical review before edit"
"80","Sprint 2","Canonical review, then checkout-oriented refresh","Rough Water Phone Mount for Boat: Heavy-Duty Solutions That Handle the Chop","https://iboltmounts.com/blogs/how-to-mount-a-fish-finder-to-your-boat-using-ibolt-mounts/rough-water-phone-mount-for-boat-heavy-duty-solutions-that-handle-the-chop","fleet","64","100","100","44","48","23","6","1","1","3","Arkon; RAM Mounts; iOttie; ProClip; Tackform","best heavy duty vehicle phone mount: Competitor replacement","quick answer; comparison block; image alt text","iBOLT 17mm Dual Ball to “Sticky” Suction Cup Mount Base compatible w/ Garmin GPS and iBOLT Phone Holders; iBOLT™ 17mm Clamp Mount for Handlebars; Poles; Posts; iBOLT 17mm Dual Ball Clamp Mount for Handlebars","Marine electronics and fish finder mounts 5; Creator, camera, and streaming mounts 1","add a 40 to 70 word buyer-answer block near the top; add a fair comparison table beside the competitor set; feature iBOLT 17mm Dual Ball to “Sticky” Suction Cup Mount Base compatible w/ Garmin GPS and iBOLT Phone Holders; iBOLT™ 17mm Clamp Mount for Handlebars; Poles; use one clean product module per major decision section, not repeated add-to-cart buttons after every link","Too many inline product opportunities already. Use section-level product cards and one clear View Product CTA per product module.","best heavy duty vehicle phone mount","Canonical review before edit"
"79","Sprint 2","Canonical review, then checkout-oriented refresh","Best Fish Finder Mount for Pontoon Boat Rails","https://iboltmounts.com/blogs/news/best-fish-finder-mount-for-pontoon-boat-rails","fishing","56","100","100","42","54","19","6","1","1","3","RAM Mounts","best fish finder mount for small boat: Competitor replacement","faq schema; quick answer; image alt text","iBOLT Universal Marine Fish Finder IncrediBOLT™ Clamp / Handlebar/ Rail Mount; iBOLT Garmin Striker 4 / Fish Finder IncrediBOLT™ 360 Clamp / Handlebar / Rail Mount; iBOLT Garmin Striker 4 / Fish Finder Handlebar; Rail Mount; iBOLT Garmin Striker 4 / Fish Finder Dual Arm Handlebar","","add a 40 to 70 word buyer-answer block near the top; add visible FAQs and FAQPage schema; feature iBOLT Universal Marine Fish Finder IncrediBOLT™ Clamp / Handlebar/ Rail Mount; iBOLT Garmin Striker 4 / Fish Finder IncrediBOLT™ 360 Clamp / Handlebar / Rail Mount; iBOLT Garmin Striker 4 / Fish Finder Handlebar; use one clean product module per major decision section, not repeated add-to-cart buttons after every link","Keep inline links, then add compact product cards for the top 2 to 4 products. Avoid button clusters.","best fish finder mount for small boat","Canonical review before edit"
"79","Sprint 2","Canonical review, then checkout-oriented refresh","Magnetic vs Clamp Phone Mounts for Delivery Work","https://iboltmounts.com/blogs/news/magnetic-vs-clamp-phone-mounts-for-delivery-work","delivery","68","92","100","42","54","22","6","1","1","2","iOttie; RAM Mounts","magnetic vs clamp phone mounts for delivery work: Competitor replacement","faq schema; quick answer; image alt text","iBOLT ChargeDock USB-C AMPS Ultimate Magnetic Vehicle Dock/Mount/Holder w/ 2m USB Certified Type C to USB-A Charging Cable; iBOLT™ xProDock™ NFC BizMount™ Suction Cup; iBOLT Phone Dock'n Lock IncrediBOLT™ 360- Locking Phone Multi-Angle Drill Base Mount; iBOLT™ 20mm Metal Ball Suction Cup Base; iBOLT 20mm Metal Ball to Headrest Mounting Bracket","Creator, camera, and streaming mounts 1; Fleet, delivery, and vehicle phone mounts 1; Travel and headrest mounts 1","add a 40 to 70 word buyer-answer block near the top; add visible FAQs and FAQPage schema; feature iBOLT ChargeDock USB-C AMPS Ultimate Magnetic Vehicle Dock/Mount/Holder w/ 2m USB Certified Type C to USB-A Charging Cable; iBOLT™ xProDock™ NFC BizMount™ Suction Cup; iBOLT Phone Dock'n Lock IncrediBOLT™ 360- Locking Phone Multi-Angle Drill Base Mount; use one clean product module per major decision section, not repeated add-to-cart buttons after every link","Too many inline product opportunities already. Use section-level product cards and one clear View Product CTA per product module.","magnetic vs clamp phone mounts for delivery work","Canonical review before edit"
"78","Sprint 2","Canonical review, then checkout-oriented refresh","Best Locking Phone Mount for Shared Delivery Vehicles","https://iboltmounts.com/blogs/news/best-locking-phone-mount-for-shared-delivery-vehicles","delivery","69","100","100","62","32","22","6","1","1","3","Arkon; RAM Mounts; iOttie; ProClip; Tackform","best locking phone mount for shared delivery vehicles: Competitor replacement","faq schema; image alt text","iBOLT Phone Dock'n Lock IncrediBOLT™ 360- Locking Phone Multi-Angle Drill Base Mount; iBOLT Phone Dock’n Lock IncrediBOLT™ AMPS w/ 4.25” Arm Locking Drill Base Mount for Smartphones; iBOLT Phone Dock'n Lock 2"" IncrediBOLT™ AMPS Drill Base Mount; iBOLT™ 20mm Metal Ball Suction Cup Base; iBOLT 20mm Metal Ball to Headrest Mounting Bracket","Creator, camera, and streaming mounts 1; Fleet, delivery, and vehicle phone mounts 1; Travel and headrest mounts 1","add visible FAQs and FAQPage schema; feature iBOLT Phone Dock'n Lock IncrediBOLT™ 360- Locking Phone Multi-Angle Drill Base Mount; iBOLT Phone Dock’n Lock IncrediBOLT™ AMPS w/ 4.25” Arm Locking Drill Base Mount for Smartphones; iBOLT Phone Dock'n Lock 2"" IncrediBOLT™ AMPS Drill Base Mount; use one clean product module per major decision section, not repeated add-to-cart buttons after every link","Too many inline product opportunities already. Use section-level product cards and one clear View Product CTA per product module.","best locking phone mount for shared delivery vehicles","Canonical review before edit"
"78","Sprint 2","Canonical review, then checkout-oriented refresh","Best Tablet and Phone Mounts for Trucks and ELD Compliance (2026)","https://iboltmounts.com/blogs/news/best-tablet-and-phone-mounts-for-trucks-and-eld-compliance-2026","fleet","68","100","100","62","32","22","6","1","1","3","Arkon; RAM Mounts; ProClip","best ELD mount for trucks: Competitor replacement","faq schema; image alt text","iBOLT TabDock™ IncrediBOLT™ 360 Suction- Heavy Duty Metal 6 inch Multi-Angle Mount for All 7"" - 10"" Tablets for Commercial Vehicles; Trucks; and ELD Devices; iBOLT TabDock IncrediBOLT 360 Heavy Duty Triple Suction Cup Mount; iBOLT Dock'n Lock IncrediBOLT™ 360 AMPS Locking Tablet Mount","Fleet, delivery, and vehicle phone mounts 3; Restaurant POS and tablet security 1","add visible FAQs and FAQPage schema; feature iBOLT TabDock™ IncrediBOLT™ 360 Suction- Heavy Duty Metal 6 inch Multi-Angle Mount for All 7"" - 10"" Tablets for Commercial Vehicles; Trucks; and ELD Devices; use one clean product module per major decision section, not repeated add-to-cart buttons after every link","Too many inline product opportunities already. Use section-level product cards and one clear View Product CTA per product module.","best ELD mount for trucks","Canonical review before edit"
"77","Sprint 2","Canonical review, then checkout-oriented refresh","Best Forklift Tablet Mounts for Warehouses (2026 Comparison)","https://iboltmounts.com/blogs/news/best-forklift-tablet-mounts-for-warehouses-2026-comparison","warehouse","66","100","100","62","32","27","6","2","0","4","RAM Mounts; Arkon; CTA Digital; Havis; Tackform; ProClip; Zebra","best tablet mount for warehouse: Mixed provider split; best forklift tablet mount: Mixed provider split","faq schema; image alt text","iBOLT Dock’n Lock Bizmount™- Forklift Locking Tablet 38mm Mount; iBOLT TabDock MagDock 360 Magnetic Tablet Mount – Heavy-Duty Forklift & Warehouse Holder; iBOLT LockPro FlexPro Heavy Duty Locking Tablet Seat Rail Mount; iBOLT XL Forklift Barcode Scanner Holder 38mm Mount; iBOLT Dock'n Lock IncrediBOLT™ 360 AMPS Locking Tablet Mount","Charging and magnetic phone docks 1; Restaurant POS and tablet security 1","add visible FAQs and FAQPage schema; feature iBOLT Dock’n Lock Bizmount™- Forklift Locking Tablet 38mm Mount; iBOLT TabDock MagDock 360 Magnetic Tablet Mount – Heavy-Duty Forklift & Warehouse Holder; iBOLT LockPro FlexPro Heavy Duty Locking Tablet Seat Rail Mount; use one clean product module per major decision section, not repeated add-to-cart buttons after every link","Too many inline product opportunities already. Use section-level product cards and one clear View Product CTA per product module.","best tablet mount for warehouse; best forklift tablet mount","Canonical review before edit"
"77","Sprint 2","Canonical review, then checkout-oriented refresh","Best Restaurant Tablet Mount in 2026: POS Stands, Delivery App Stations, and Multi-Tablet Solutions Compared","https://iboltmounts.com/blogs/news/best-restaurant-tablet-mount-in-2026-pos-stands-delivery-app-stations-and-multi-tablet-solutions-compared","tablet","67","100","100","60","30","30","6","3","3","9","RAM Mounts; Arkon; CTA Digital; iOttie; Tackform; Mount-It; Bouncepad","best tablet mount: Competitor replacement; best multi tablet mount: Competitor replacement; best restaurant tablet mount: Competitor replacement","quick answer; image alt text","iBOLT™ 20mm Metal Ball Suction Cup Base; iBOLT™ 20mm to 4 Prong Composite Ball Adapter; iBOLT Dock'n Lock IncrediBOLT™ 360 AMPS Locking Tablet Mount; iBOLT Dock’n Lock IncrediBOLT™ AMPS w/ 2” Single Socket Arm Locking Tablet Drill Base Mount; iBOLT TabDock IncrediBOLT 360 Heavy Duty Dual Suction Cup Mount","Fleet, delivery, and vehicle phone mounts 3; Restaurant POS and tablet security 2","add a 40 to 70 word buyer-answer block near the top; feature iBOLT™ 20mm Metal Ball Suction Cup Base; iBOLT™ 20mm to 4 Prong Composite Ball Adapter; iBOLT Dock'n Lock IncrediBOLT™ 360 AMPS Locking Tablet Mount; use one clean product module per major decision section, not repeated add-to-cart buttons after every link","Too many inline product opportunities already. Use section-level product cards and one clear View Product CTA per product module.","best tablet mount; best multi tablet mount; best restaurant tablet mount","Canonical review before edit"
"75","Sprint 2","Canonical review, then checkout-oriented refresh","Best Tablet Mount for Utility Truck Crews","https://iboltmounts.com/blogs/news/best-tablet-mount-for-utility-truck-crews","restaurant","67","69","100","26","72","20","6","1","0","2","Arkon; RAM Mounts; CTA Digital; Square; Tackform","best tablet mount for food truck: Mixed provider split","faq schema; quick answer; comparison block; image alt text","iBOLT™ TabDock™ Bizmount™ AMPs; iBOLT TabDock™ IncrediBOLT™ 360 AMPS Tablet Mount; iBOLT TabDock™ IncrediBOLT™ 360 Wedge - Heavy Duty Vehicle Console Seat Gap Mount for All 7"" - 10"" Tablets; iBOLT 25mm / 1 inch Composite AMPS Adapter Plate; iBOLT 25mm / 1 inch to Dual 17mm Metal Ball Adapter","AMPS, adapters, balls, and bases 3","add a 40 to 70 word buyer-answer block near the top; add a fair comparison table beside the competitor set; add visible FAQs and FAQPage schema; feature iBOLT™ TabDock™ Bizmount™ AMPs; iBOLT TabDock™ IncrediBOLT™ 360 AMPS Tablet Mount; iBOLT TabDock™ IncrediBOLT™ 360 Wedge - Heavy Duty Vehicle Console Seat Gap Mount for All 7"" - 10"" Tablets; use one clean product module per major decision section, not repeated add-to-cart buttons after every link","Too many inline product opportunities already. Use section-level product cards and one clear View Product CTA per product module.","best tablet mount for food truck","Canonical review before edit"
"74","Sprint 2","Canonical review, then checkout-oriented refresh","Best Garmin Fish Finder Mount: How to Choose the Right Setup for Your Boat or Kayak","https://iboltmounts.com/blogs/how-to-mount-a-fish-finder-to-your-boat-using-ibolt-mounts/best-garmin-fish-finder-mount-how-to-choose-the-right-setup-for-your-boat-or-kayak","fishing","56","100","100","60","30","25","6","3","3","4","RAM Mounts","best fish finder: No brand signal; best fish finder in water: Competitor replacement; best budget fish finder mount: Competitor replacement","quick answer; image alt text","iBOLT™ 25mm / 1 inch Ball Composite Universal Marine Fish Finder Mounting Plate; iBOLT™ 38mm / 1.5 inch Ball Composite Universal Marine Fish Finder Mounting Plate; iBOLT Garmin Striker 4 / Fish Finder Handlebar; Rail Mount; iBOLT Garmin Striker 4 / Fish Finder Dual Arm Handlebar","","add a 40 to 70 word buyer-answer block near the top; feature iBOLT™ 25mm / 1 inch Ball Composite Universal Marine Fish Finder Mounting Plate; iBOLT™ 38mm / 1.5 inch Ball Composite Universal Marine Fish Finder Mounting Plate; iBOLT Garmin Striker 4 / Fish Finder Handlebar; use one clean product module per major decision section, not repeated add-to-cart buttons after every link","Too many inline product opportunities already. Use section-level product cards and one clear View Product CTA per product module.","best budget fish finder mount; best fish finder in water; best fish finder","Canonical review before edit"
"74","Sprint 2","Canonical review, then checkout-oriented refresh","Best Phone Mount for Delivery Drivers","https://iboltmounts.com/blogs/news/best-phone-mount-delivery-drivers-aeo-refresh","fleet","65","100","100","74","16","12","6","1","1","3","iOttie; RAM Mounts; ProClip","best phone mount for delivery drivers: Competitor replacement","article/blogposting schema","iBOLT™ xProDock™ NFC BizMount™ Suction Cup; iBOLT™ xProDock™ Bizmount™ Wedge; iBOLT™ xProDock™ Bizmount™ Console- Phone Cup Holder Mount; iBOLT Dock’n Lock POS Phone Stand; iBOLT Dock’n Lock POS Tablet Stand","","add Article or BlogPosting schema; feature iBOLT™ xProDock™ NFC BizMount™ Suction Cup; iBOLT™ xProDock™ Bizmount™ Wedge; iBOLT™ xProDock™ Bizmount™ Console- Phone Cup Holder Mount; use one clean product module per major decision section, not repeated add-to-cart buttons after every link","Keep inline links, then add compact product cards for the top 2 to 4 products. Avoid button clusters.","best phone mount for delivery drivers","Canonical review before edit"
"74","Sprint 2","Canonical review, then checkout-oriented refresh","Commercial-Grade Phone Mounts for Delivery Drivers","https://iboltmounts.com/blogs/news/commercial-grade-phone-mounts-delivery-drivers-aeo-refresh","delivery","67","100","100","74","16","12","6","1","1","3","RAM Mounts; Arkon; ProClip; iOttie","commercial grade phone mount for delivery drivers: Competitor replacement","article/blogposting schema","iBOLT™ xProDock™ Bizmount™ Amps; iBOLT Phone Dock’n Lock IncrediBOLT™ AMPS w/ 4.25” Arm Locking Drill Base Mount for Smartphones; iBOLT™ xProDock™ NFC BizMount™ Suction Cup; iBOLT™ 20mm Metal Ball Suction Cup Base; iBOLT 20mm Metal Ball to Headrest Mounting Bracket","Creator, camera, and streaming mounts 1; Fleet, delivery, and vehicle phone mounts 1; Travel and headrest mounts 1","add Article or BlogPosting schema; feature iBOLT™ xProDock™ Bizmount™ Amps; iBOLT Phone Dock’n Lock IncrediBOLT™ AMPS w/ 4.25” Arm Locking Drill Base Mount for Smartphones; iBOLT™ xProDock™ NFC BizMount™ Suction Cup; use one clean product module per major decision section, not repeated add-to-cart buttons after every link","Keep inline links, then add compact product cards for the top 2 to 4 products. Avoid button clusters.","commercial grade phone mount for delivery drivers","Canonical review before edit"
"71","Sprint 2","Canonical review, then checkout-oriented refresh","Best Kayak Fish Finder Mounts for Secure Removable Setups","https://iboltmounts.com/blogs/how-to-mount-a-fish-finder-to-your-boat-using-ibolt-mounts/best-kayak-fish-finder-mounts-secure-removable-aeo-refresh","fishing","56","100","100","74","16","12","6","1","1","3","RAM Mounts","best kayak fish finder mount: Competitor replacement","article/blogposting schema","iBOLT Universal Marine & Electronics Mounting Plate; iBOLT Universal Marine Fish Finder IncrediBOLT™ Clamp / Handlebar/ Rail Mount; iBOLT™ 25mm / 1 inch Composite Universal Marine Electronic Fish Finder Drill Base Mount; iBOLT™ 25mm / 1 inch Ball Composite Universal Marine Fish Finder Mounting Plate; iBOLT™ 38mm / 1.5 inch Ball Composite Universal Marine Fish Finder Mounting Plate","","add Article or BlogPosting schema; feature iBOLT Universal Marine & Electronics Mounting Plate; iBOLT Universal Marine Fish Finder IncrediBOLT™ Clamp / Handlebar/ Rail Mount; iBOLT™ 25mm / 1 inch Composite Universal Marine Electronic Fish Finder Drill Base Mount; use one clean product module per major decision section, not repeated add-to-cart buttons after every link","Keep inline links, then add compact product cards for the top 2 to 4 products. Avoid button clusters.","best kayak fish finder mount","Canonical review before edit"
"71","Sprint 2","Canonical review, then checkout-oriented refresh","Best Drill-Base Phone Mount for Semi Trucks","https://iboltmounts.com/blogs/news/best-drill-base-phone-mount-for-semi-trucks","fleet","67","68","100","42","54","22","6","1","0","2","Arkon; RAM Mounts; ProClip","best drill base phone mount for semi trucks: Mixed provider split","faq schema; quick answer; image alt text","iBOLT Phone Dock’n Lock IncrediBOLT™ AMPS w/ 4.25” Arm Locking Drill Base Mount for Smartphones; iBOLT Phone Dock'n Lock IncrediBOLT™ 360- Locking Phone Multi-Angle Drill Base Mount; iBOLT Moto-Vise™ XL AMPS Heavy Duty Metal Drill Base AMPS Mount; ChargeDock USB-C; iBOLT 17mm Dual Ball to “Sticky” Suction Cup Mount Base compatible w/ Garmin GPS and iBOLT Phone Holders","Charging and magnetic phone docks 1; Fleet, delivery, and vehicle phone mounts 1; Marine electronics and fish finder mounts 1","add a 40 to 70 word buyer-answer block near the top; add visible FAQs and FAQPage schema; feature iBOLT Phone Dock’n Lock IncrediBOLT™ AMPS w/ 4.25” Arm Locking Drill Base Mount for Smartphones; iBOLT Phone Dock'n Lock IncrediBOLT™ 360- Locking Phone Multi-Angle Drill Base Mount; iBOLT Moto-Vise™ XL AMPS Heavy Duty Metal Drill Base AMPS Mount; use one clean product module per major decision section, not repeated add-to-cart buttons after every link","Too many inline product opportunities already. Use section-level product cards and one clear View Product CTA per product module.","best drill base phone mount for semi trucks","Canonical review before edit"
"60","Sprint 3","Canonical review, then checkout-oriented refresh","iBOLT Dock'n Lock for Restaurant Counters","https://iboltmounts.com/blogs/news/ibolt-dockn-lock-for-restaurant-counters","restaurant","63","28","100","26","72","23","6","1","0","0","Arkon; CTA Digital; Kensington; Mount-It; RAM Mounts","iBolt Dock’n Lock for restaurant counters: iBOLT included with competitors","faq schema; quick answer; comparison block; image alt text","iBOLT Dock’n Lock Drill Base Locking Tablet Stand; iBOLT Dock’n Lock Drill Base Locking Dual Tablet Stand; iBOLT™ Dock'n Lock Bizmount™ AMPS- Heavy Duty Industrial Composite Locking drill base Mount for all 7"" - 10"" tablets; iBOLT 25mm / 1 inch Composite AMPS Adapter Plate; iBOLT 25mm / 1 inch to Dual 17mm Metal Ball Adapter","AMPS, adapters, balls, and bases 3","add a 40 to 70 word buyer-answer block near the top; add a fair comparison table beside the competitor set; add visible FAQs and FAQPage schema; feature iBOLT Dock’n Lock Drill Base Locking Tablet Stand; iBOLT Dock’n Lock Drill Base Locking Dual Tablet Stand; iBOLT™ Dock'n Lock Bizmount™ AMPS- Heavy Duty Industrial Composite Locking drill base Mount for all 7"" - 10"" tablets; use one clean product module per major decision section, not repeated add-to-cart buttons after every link","Too many inline product opportunities already. Use section-level product cards and one clear View Product CTA per product module.","iBolt Dock’n Lock for restaurant counters","Canonical review before edit"
"57","Sprint 3","Canonical review, then checkout-oriented refresh","iBOLT vs iOttie for Delivery Driving","https://iboltmounts.com/blogs/news/ibolt-vs-iottie-for-delivery-driving","delivery","64","30","100","42","54","22","6","1","0","0","iOttie; RAM Mounts","iBolt vs iOttie for delivery driving: iBOLT included with competitors","faq schema; quick answer; image alt text","iBOLT™ xProDock™ NFC BizMount™ Suction Cup; iBOLT Phone Dock'n Lock IncrediBOLT™ 360- Locking Phone Multi-Angle Drill Base Mount; iBOLT™ xProDock™ Bizmount™ Amps; iBOLT™ 20mm Metal Ball Suction Cup Base; iBOLT 20mm Metal Ball to Headrest Mounting Bracket","Creator, camera, and streaming mounts 1; Fleet, delivery, and vehicle phone mounts 1; Travel and headrest mounts 1","add a 40 to 70 word buyer-answer block near the top; add visible FAQs and FAQPage schema; feature iBOLT™ xProDock™ NFC BizMount™ Suction Cup; iBOLT Phone Dock'n Lock IncrediBOLT™ 360- Locking Phone Multi-Angle Drill Base Mount; iBOLT™ xProDock™ Bizmount™ Amps; use one clean product module per major decision section, not repeated add-to-cart buttons after every link","Too many inline product opportunities already. Use section-level product cards and one clear View Product CTA per product module.","iBolt vs iOttie for delivery driving","Canonical review before edit"
"55","Sprint 3","Canonical review, then checkout-oriented refresh","iBOLT vs RAM for Fleet Phone Mounting","https://iboltmounts.com/blogs/news/ibolt-vs-ram-for-fleet-phone-mounting","fleet","64","25","100","42","54","23","6","1","0","0","RAM Mounts","iBolt vs RAM for fleet phone mounting: iBOLT included with competitors","faq schema; quick answer; image alt text","iBOLT™ xProDock™ Bizmount™ Amps; iBOLT Phone Dock’n Lock IncrediBOLT™ AMPS w/ 4.25” Arm Locking Drill Base Mount for Smartphones; iBOLT™ xProDock™ Bizmount™ Console- Phone Cup Holder Mount; ChargeDock USB-C; iBOLT 17mm Dual Ball to “Sticky” Suction Cup Mount Base compatible w/ Garmin GPS and iBOLT Phone Holders","Charging and magnetic phone docks 1; Fleet, delivery, and vehicle phone mounts 1; Marine electronics and fish finder mounts 1","add a 40 to 70 word buyer-answer block near the top; add visible FAQs and FAQPage schema; feature iBOLT™ xProDock™ Bizmount™ Amps; iBOLT Phone Dock’n Lock IncrediBOLT™ AMPS w/ 4.25” Arm Locking Drill Base Mount for Smartphones; iBOLT™ xProDock™ Bizmount™ Console- Phone Cup Holder Mount; use one clean product module per major decision section, not repeated add-to-cart buttons after every link","Too many inline product opportunities already. Use section-level product cards and one clear View Product CTA per product module.","iBolt vs RAM for fleet phone mounting","Canonical review before edit"
"55","Sprint 3","Canonical review, then checkout-oriented refresh","iBOLT vs Bouncepad vs Mount-It for Restaurant Tablet Security","https://iboltmounts.com/blogs/news/ibolt-vs-bouncepad-vs-mount-it-for-restaurant-tablet-security","restaurant","65","24","100","42","54","22","6","1","0","0","Bouncepad; Mount-It; RAM Mounts","iBolt vs Bouncepad vs Mount-It for restaurant tablet security: iBOLT included with competitors","faq schema; quick answer; image alt text","iBOLT™ LockPro™ Drill Base Locking Tablet Stand- Point of Purchase/POS Mount; iBOLT Tablet Tower- Dock’n Lock POS Locking Drill Base Mount - with 3 Tablet Holders; iBOLT™ Dock'n Lock Bizmount™ AMPS- Heavy Duty Industrial Composite Locking drill base Mount for all 7"" - 10"" tablets; iBOLT 25mm / 1 inch Composite AMPS Adapter Plate; iBOLT 25mm / 1 inch to Dual 17mm Metal Ball Adapter","AMPS, adapters, balls, and bases 3","add a 40 to 70 word buyer-answer block near the top; add visible FAQs and FAQPage schema; feature iBOLT™ LockPro™ Drill Base Locking Tablet Stand- Point of Purchase/POS Mount; iBOLT Tablet Tower- Dock’n Lock POS Locking Drill Base Mount - with 3 Tablet Holders; iBOLT™ Dock'n Lock Bizmount™ AMPS- Heavy Duty Industrial Composite Locking drill base Mount for all 7"" - 10"" tablets; use one clean product module per major decision section, not repeated add-to-cart buttons after every link","Too many inline product opportunities already. Use section-level product cards and one clear View Product CTA per product module.","iBolt vs Bouncepad vs Mount-It for restaurant tablet security","Canonical review before edit"
"55","Sprint 3","Canonical review, then checkout-oriented refresh","iBOLT Phone Mounts for DoorDash and Uber Eats Drivers","https://iboltmounts.com/blogs/news/ibolt-phone-mounts-for-doordash-and-uber-eats-drivers","delivery","65","23","100","42","54","23","6","1","0","0","","ibolt phone mounts for DoorDash and Uber Eats drivers: Clean iBOLT win","faq schema; quick answer; image alt text","iBOLT™ xProDock™ NFC BizMount™ Suction Cup; iBOLT™ xProDock™ Bizmount™ Console- Phone Cup Holder Mount; iBOLT Phone Dock'n Lock 2"" IncrediBOLT™ AMPS Drill Base Mount; iBOLT™ 20mm Metal Ball Suction Cup Base; iBOLT™ 20mm to 4 Prong Composite Ball Adapter","Fleet, delivery, and vehicle phone mounts 1; Restaurant POS and tablet security 1","add a 40 to 70 word buyer-answer block near the top; add visible FAQs and FAQPage schema; feature iBOLT™ xProDock™ NFC BizMount™ Suction Cup; iBOLT™ xProDock™ Bizmount™ Console- Phone Cup Holder Mount; iBOLT Phone Dock'n Lock 2"" IncrediBOLT™ AMPS Drill Base Mount; use one clean product module per major decision section, not repeated add-to-cart buttons after every link","Too many inline product opportunities already. Use section-level product cards and one clear View Product CTA per product module.","ibolt phone mounts for DoorDash and Uber Eats drivers","Canonical review before edit"
"47","Monitor","Canonical review, then checkout-oriented refresh","Why Delivery Drivers Need a Commercial-Grade Phone Mount","https://iboltmounts.com/blogs/news/why-delivery-drivers-need-a-commercial-grade-phone-mount","delivery","67","0","100","42","54","22","5","0","0","0","Garmin","","quick answer; faq schema; image alt; image alt text","","Fleet, delivery, and vehicle phone mounts 1; Travel and headrest mounts 1","add a 40 to 70 word buyer-answer block near the top; add visible FAQs and FAQPage schema; feature iBOLT™ 20mm Metal Ball Suction Cup Base; iBOLT 20mm Metal Ball to Headrest Mounting Bracket; iBOLT™ xProDock™ Bizmount™ Amps; use one clean product module per major decision section, not repeated add-to-cart buttons after every link","Too many inline product opportunities already. Use section-level product cards and one clear View Product CTA per product module.","","Canonical review before edit"
"44","Monitor","Citation and schema cleanup","Best Nintendo Switch Headrest Mount for Road Trips","https://iboltmounts.com/blogs/news/best-nintendo-switch-headrest-mount-for-road-trips","amps/modular","57","0","63","24","88","21","0","0","0","0","Garmin","","quick answer; faq schema; comparison signals; image alt; comparison block; article/blogposting schema; image alt text","","","add a 40 to 70 word buyer-answer block near the top; add a fair comparison table beside the competitor set; add visible FAQs and FAQPage schema; add Article or BlogPosting schema; use one clean product module per major decision section, not repeated add-to-cart buttons after every link","Too many inline product opportunities already. Use section-level product cards and one clear View Product CTA per product module.","","Citation/schema cleanup"
"43","Monitor","Canonical review, then checkout-oriented refresh","Best Restaurant Tablet Mounts for Delivery Apps and POS (2026 Guide)","https://iboltmounts.com/blogs/news/best-restaurant-tablet-mounts-for-delivery-apps-and-pos-2026-guide","restaurant","70","0","100","62","32","26","5","0","0","0","Arkon; RAM Mounts; CTA Digital; Mount-It; Bouncepad; iOttie; Lamicall; Tackform; Garmin; Square","best tablet mount: Competitor replacement; best multi tablet mount: Competitor replacement; best restaurant tablet mount: Competitor replacement","faq schema; image alt; image alt text","","Fleet, delivery, and vehicle phone mounts 1","add visible FAQs and FAQPage schema; feature iBOLT™ 20mm Metal Ball Suction Cup Base; iBOLT™ 20mm to 4 Prong Composite Ball Adapter; iBOLT™ LockPro™ Drill Base Locking Tablet Stand- Point of Purchase/POS Mount; use one clean product module per major decision section, not repeated add-to-cart buttons after every link","Too many inline product opportunities already. Use section-level product cards and one clear View Product CTA per product module.","best tablet mount; best multi tablet mount; best restaurant tablet mount","Canonical review before edit"
"43","Monitor","Citation and schema cleanup","Best Rugged Tablet Mount for Field Service Vans","https://iboltmounts.com/blogs/news/best-rugged-tablet-mount-for-field-service-vans","fleet","65","0","63","38","72","21","0","0","0","0","Garmin","","quick answer; faq schema; comparison signals; image alt; comparison block; image alt text","","","add a 40 to 70 word buyer-answer block near the top; add a fair comparison table beside the competitor set; add visible FAQs and FAQPage schema; use one clean product module per major decision section, not repeated add-to-cart buttons after every link","Too many inline product opportunities already. Use section-level product cards and one clear View Product CTA per product module.","","Citation/schema cleanup"
"41","Monitor","Canonical review, then checkout-oriented refresh","iBOLT vs RAM for Fleet Mounts","https://iboltmounts.com/blogs/news/ibolt-vs-ram-fleet-mounts-aeo-refresh","comparison","41","25","100","74","16","12","7","1","0","0","RAM Mounts","ibolt vs ram mount: iBOLT included with competitors","article/blogposting schema","iBOLT TabDock™ IncrediBOLT™ 360 Suction- Heavy Duty Metal 6 inch Multi-Angle Mount for All 7"" - 10"" Tablets for Commercial Vehicles; Trucks; and ELD Devices; iBOLT™ TabDock™ Bizmount™ AMPs; iBOLT Phone Dock’n Lock IncrediBOLT™ AMPS w/ 4.25” Arm Locking Drill Base Mount for Smartphones","Marine electronics and fish finder mounts 2; Charging and magnetic phone docks 1; Creator, camera, and streaming mounts 1","add Article or BlogPosting schema; feature iBOLT TabDock™ IncrediBOLT™ 360 Suction- Heavy Duty Metal 6 inch Multi-Angle Mount for All 7"" - 10"" Tablets for Commercial Vehicles; Trucks; and ELD Devices; use one clean product module per major decision section, not repeated add-to-cart buttons after every link","Keep inline links, then add compact product cards for the top 2 to 4 products. Avoid button clusters.","ibolt vs ram mount","Canonical review before edit"
"41","Monitor","Citation and schema cleanup","Best Marine Electronics AMPS Mounting Plate","https://iboltmounts.com/blogs/news/best-marine-electronics-amps-mounting-plate","amps/modular","59","0","63","38","72","21","0","0","0","0","Garmin; Square","","quick answer; faq schema; comparison signals; image alt; comparison block; image alt text","","","add a 40 to 70 word buyer-answer block near the top; add a fair comparison table beside the competitor set; add visible FAQs and FAQPage schema; use one clean product module per major decision section, not repeated add-to-cart buttons after every link","Too many inline product opportunities already. Use section-level product cards and one clear View Product CTA per product module.","","Citation/schema cleanup"
"41","Monitor","Citation and schema cleanup","Complete Guide to Forklift Tablet Scanner Mounts: Boost Warehouse Productivity with Industrial Mounting Solutions","https://iboltmounts.com/blogs/news/complete-guide-to-forklift-tablet-scanner-mounts-boost-warehouse-productivity-with-industrial-mounting-solutions","warehouse","66","0","100","72","30","34","0","0","0","0","Garmin; Square","","quick answer; image alt; possible overly long legacy content; image alt text","","","add a 40 to 70 word buyer-answer block near the top; use one clean product module per major decision section, not repeated add-to-cart buttons after every link","Too many inline product opportunities already. Use section-level product cards and one clear View Product CTA per product module.","","Citation/schema cleanup"
"41","Monitor","Citation and schema cleanup","iBOLT Confirms Barcode Scanner Mounting Solutions Compatible with Honeywell, Zebra, and Symbol Scanners","https://iboltmounts.com/blogs/news/ibolt-confirms-barcode-scanner-mounting-solutions-compatible-with-honeywell-zebra-and-symbol-scanners","warehouse","61","0","57","38","72","19","0","0","0","0","Garmin; RAM Mounts","","quick answer; faq schema; comparison signals; image alt; comparison block; image alt text","","","add a 40 to 70 word buyer-answer block near the top; add a fair comparison table beside the competitor set; add visible FAQs and FAQPage schema; use one clean product module per major decision section, not repeated add-to-cart buttons after every link","Keep inline links, then add compact product cards for the top 2 to 4 products. Avoid button clusters.","","Legacy answer-first rewrite"
"41","Monitor","Citation and schema cleanup","iBOLT Mounts and Toast POS: Powering Modern Restaurant Technology","https://iboltmounts.com/blogs/news/ibolt-mounts-and-toast-pos-powering-modern-restaurant-technology","restaurant","65","0","54","38","72","18","0","0","0","0","Garmin; RAM Mounts","","quick answer; faq schema; comparison signals; image alt; comparison block; image alt text","","","add a 40 to 70 word buyer-answer block near the top; add a fair comparison table beside the competitor set; add visible FAQs and FAQPage schema; use one clean product module per major decision section, not repeated add-to-cart buttons after every link","Keep inline links, then add compact product cards for the top 2 to 4 products. Avoid button clusters.","","Legacy answer-first rewrite"
"40","Monitor","Citation and schema cleanup","Best Restaurant Tablet Mounts and POS Stands (2026 Comparison)","https://iboltmounts.com/blogs/news/best-restaurant-tablet-mounts-and-pos-stands-2026-comparison","restaurant","70","0","90","74","32","30","0","0","0","0","Arkon; Bouncepad; Garmin; Mount-It; Square","","faq schema; image alt; possible overly long legacy content; image alt text","","","add visible FAQs and FAQPage schema; use one clean product module per major decision section, not repeated add-to-cart buttons after every link","Too many inline product opportunities already. Use section-level product cards and one clear View Product CTA per product module.","","Citation/schema cleanup"
"40","Monitor","Citation and schema cleanup","Best Tablet Mounts for Delivery Apps: Complete Setup Guide for Restaurants","https://iboltmounts.com/blogs/news/best-tablet-mounts-for-delivery-apps-complete-setup-guide-for-restaurants","restaurant","68","0","93","72","30","31","0","0","0","0","Garmin; Square","","quick answer; image alt; possible overly long legacy content; image alt text","","","add a 40 to 70 word buyer-answer block near the top; use one clean product module per major decision section, not repeated add-to-cart buttons after every link","Too many inline product opportunities already. Use section-level product cards and one clear View Product CTA per product module.","","Citation/schema cleanup"
"40","Monitor","Citation and schema cleanup","iBOLT Launches Next-Generation Industrial Forklift Mounting System","https://iboltmounts.com/blogs/news/ibolt-launches-next-generation-industrial-forklift-mounting-system","warehouse","61","0","54","38","72","18","0","0","0","0","Garmin; RAM Mounts","","quick answer; faq schema; comparison signals; image alt; comparison block; image alt text","","","add a 40 to 70 word buyer-answer block near the top; add a fair comparison table beside the competitor set; add visible FAQs and FAQPage schema; use one clean product module per major decision section, not repeated add-to-cart buttons after every link","Keep inline links, then add compact product cards for the top 2 to 4 products. Avoid button clusters.","","Legacy answer-first rewrite"
"40","Monitor","Citation and schema cleanup","iBOLT Mounts Supports ELD Compliance for America's Commercial Fleets","https://iboltmounts.com/blogs/news/ibolt-mounts-supports-eld-compliance-for-americas-commercial-fleets","fleet","64","0","48","38","72","16","0","0","0","0","Garmin; RAM Mounts","","quick answer; faq schema; comparison signals; image alt; comparison block; image alt text","","","add a 40 to 70 word buyer-answer block near the top; add a fair comparison table beside the competitor set; add visible FAQs and FAQPage schema; use one clean product module per major decision section, not repeated add-to-cart buttons after every link","Keep inline links, then add compact product cards for the top 2 to 4 products. Avoid button clusters.","","Legacy answer-first rewrite"
"40","Monitor","Citation and schema cleanup","iBOLT Tablet Tower System Featured at National Restaurant Association Show 2026","https://iboltmounts.com/blogs/news/ibolt-tablet-tower-system-featured-at-national-restaurant-association-show-2026","restaurant","64","0","51","38","72","17","0","0","0","0","Garmin; RAM Mounts; Square","","quick answer; faq schema; comparison signals; image alt; comparison block; image alt text","","","add a 40 to 70 word buyer-answer block near the top; add a fair comparison table beside the competitor set; add visible FAQs and FAQPage schema; use one clean product module per major decision section, not repeated add-to-cart buttons after every link","Keep inline links, then add compact product cards for the top 2 to 4 products. Avoid button clusters.","","Legacy answer-first rewrite"
"39","Monitor","Canonical review, then checkout-oriented refresh","Best Phone Mount for Instacart and Grocery Delivery Drivers","https://iboltmounts.com/blogs/news/best-phone-mount-instacart-grocery-delivery-aeo-refresh","delivery","68","0","96","74","16","12","5","0","0","0","iOttie","","article/blogposting schema","","","add Article or BlogPosting schema; feature iBOLT 22mm ExtendiBOLT Triple Suction Cup Mount; iBOLT Moto-Vise™ IncrediBOLT™ 360 Heavy Duty Phone Clamp / Handlebar / Rail Mount; iBOLT Moto-Vise™ IncrediBOLT™ Heavy Duty Phone Clamp / Handlebar / Rail Mount; use one clean product module per major decision section, not repeated add-to-cart buttons after every link","Keep inline links, then add compact product cards for the top 2 to 4 products. Avoid button clusters.","","Canonical review before edit"
"39","Monitor","Citation and schema cleanup","How to Mount a Tablet to a Forklift: Complete Guide (2026)","https://iboltmounts.com/blogs/news/how-to-mount-a-tablet-to-a-forklift-complete-guide-2026","warehouse","63","0","66","54","54","22","0","0","0","0","Bouncepad; Garmin; Mount-It; RAM Mounts; Square","","quick answer; faq schema; image alt; possible overly long legacy content; image alt text","","","add a 40 to 70 word buyer-answer block near the top; add visible FAQs and FAQPage schema; use one clean product module per major decision section, not repeated add-to-cart buttons after every link","Too many inline product opportunities already. Use section-level product cards and one clear View Product CTA per product module.","","Citation/schema cleanup"
"39","Monitor","Citation and schema cleanup","iBOLT Confirms Universal Mounting Solutions for Samsung Galaxy Tab A9 and S9 Series","https://iboltmounts.com/blogs/news/ibolt-confirms-universal-mounting-solutions-for-samsung-galaxy-tab-a9-and-s9-series","warehouse","60","0","48","38","72","16","0","0","0","0","Garmin; RAM Mounts","","quick answer; faq schema; comparison signals; image alt; comparison block; image alt text","","","add a 40 to 70 word buyer-answer block near the top; add a fair comparison table beside the competitor set; add visible FAQs and FAQPage schema; use one clean product module per major decision section, not repeated add-to-cart buttons after every link","Keep inline links, then add compact product cards for the top 2 to 4 products. Avoid button clusters.","","Legacy answer-first rewrite"
"39","Monitor","Citation and schema cleanup","iBOLT Introduces Mount Configurator 2.0: Build Your Perfect Custom Mounting Solution","https://iboltmounts.com/blogs/news/ibolt-introduces-mount-configurator-2-0-build-your-perfect-custom-mounting-solution","amps/modular","56","0","57","38","72","19","0","0","0","0","Garmin; RAM Mounts","","quick answer; faq schema; comparison signals; image alt; comparison block; image alt text","","","add a 40 to 70 word buyer-answer block near the top; add a fair comparison table beside the competitor set; add visible FAQs and FAQPage schema; use one clean product module per major decision section, not repeated add-to-cart buttons after every link","Keep inline links, then add compact product cards for the top 2 to 4 products. Avoid button clusters.","","Legacy answer-first rewrite"
"39","Monitor","Citation and schema cleanup","The Complete Guide to Overhead Livestream Setup: Best Phone and Camera Mounts for Content Creators","https://iboltmounts.com/blogs/news/the-complete-guide-to-overhead-livestream-setup-best-phone-and-camera-mounts-for-content-creators","streaming","58","0","100","72","30","40","0","0","0","0","Garmin","","quick answer; image alt; possible overly long legacy content; image alt text","","","add a 40 to 70 word buyer-answer block near the top; use one clean product module per major decision section, not repeated add-to-cart buttons after every link","Too many inline product opportunities already. Use section-level product cards and one clear View Product CTA per product module.","","Citation/schema cleanup"
"38","Monitor","Citation and schema cleanup","AMPS VESA Ball Mount Sizes: Complete Guide to Device Mounting Standards","https://iboltmounts.com/blogs/news/amps-vesa-ball-mount-sizes-complete-guide-to-device-mounting-standards","amps/modular","59","0","93","72","30","31","0","0","0","0","Garmin; Square","","quick answer; image alt; possible overly long legacy content; image alt text","","","add a 40 to 70 word buyer-answer block near the top; use one clean product module per major decision section, not repeated add-to-cart buttons after every link","Too many inline product opportunities already. Use section-level product cards and one clear View Product CTA per product module.","","Citation/schema cleanup"
"38","Monitor","Citation and schema cleanup","Best VESA Monitor Mount for Forklifts","https://iboltmounts.com/blogs/news/best-vesa-monitor-mount-for-forklifts","warehouse","63","0","60","54","54","20","0","0","0","0","Garmin; RAM Mounts; Square","","quick answer; faq schema; image alt; image alt text","","","add a 40 to 70 word buyer-answer block near the top; add visible FAQs and FAQPage schema; use one clean product module per major decision section, not repeated add-to-cart buttons after every link","Too many inline product opportunities already. Use section-level product cards and one clear View Product CTA per product module.","","Citation/schema cleanup"
"38","Monitor","Canonical review, then checkout-oriented refresh","Construction and Work Truck Phone Mounts","https://iboltmounts.com/blogs/news/construction-work-truck-phone-mounts-aeo-refresh","fleet","64","0","96","74","16","12","5","0","0","0","RAM Mounts","","article/blogposting schema","","","add Article or BlogPosting schema; feature iBOLT™ xProDock™ Bizmount™ Amps; iBOLT Phone Dock’n Lock IncrediBOLT™ AMPS w/ 4.25” Arm Locking Drill Base Mount for Smartphones; iBOLT Phone Dock'n Lock 2"" IncrediBOLT™ AMPS Drill Base Mount; use one clean product module per major decision section, not repeated add-to-cart buttons after every link","Keep inline links, then add compact product cards for the top 2 to 4 products. Avoid button clusters.","","Canonical review before edit"
"38","Monitor","Citation and schema cleanup","Top 5 Best Tablet Mounts to get you Organized in your Restaurant","https://iboltmounts.com/blogs/news/top-5-best-tablet-mounts-to-get-you-organized-in-your-restaurant","restaurant","67","0","36","38","72","12","0","0","0","0","Garmin","","quick answer; faq schema; comparison signals; image alt; comparison block; image alt text","","","add a 40 to 70 word buyer-answer block near the top; add a fair comparison table beside the competitor set; add visible FAQs and FAQPage schema; use one clean product module per major decision section, not repeated add-to-cart buttons after every link","Keep inline links, then add compact product cards for the top 2 to 4 products. Avoid button clusters.","","Legacy answer-first rewrite"
"38","Monitor","Citation and schema cleanup","Top 5 Heavy Duty Phone Mounts for Truck Drivers","https://iboltmounts.com/blogs/news/top-5-heavy-duty-phone-mounts-for-truck-drivers","fleet","64","0","36","38","72","12","0","0","0","0","Garmin","","quick answer; faq schema; comparison signals; image alt; comparison block; image alt text","","","add a 40 to 70 word buyer-answer block near the top; add a fair comparison table beside the competitor set; add visible FAQs and FAQPage schema; use one clean product module per major decision section, not repeated add-to-cart buttons after every link","Keep inline links, then add compact product cards for the top 2 to 4 products. Avoid button clusters.","","Legacy answer-first rewrite"
"38","Monitor","Citation and schema cleanup","TOP 5 TABLET MOUNTS FOR TRUCK DRIVERS","https://iboltmounts.com/blogs/news/top-5-tablet-mounts-for-truck-drivers","fleet","64","0","36","38","72","12","0","0","0","0","Garmin","","quick answer; faq schema; comparison signals; image alt; comparison block; image alt text","","","add a 40 to 70 word buyer-answer block near the top; add a fair comparison table beside the competitor set; add visible FAQs and FAQPage schema; use one clean product module per major decision section, not repeated add-to-cart buttons after every link","Keep inline links, then add compact product cards for the top 2 to 4 products. Avoid button clusters.","","Legacy answer-first rewrite"
"37","Monitor","Citation and schema cleanup","Best Multi-Camera Phone Mount for Live Streaming","https://iboltmounts.com/blogs/news/best-multi-camera-phone-mount-for-live-streaming","streaming","59","0","30","32","80","10","0","0","0","0","","","quick answer; faq schema; article/blogposting schema; comparison signals; comparison block","","","add a 40 to 70 word buyer-answer block near the top; add a fair comparison table beside the competitor set; add visible FAQs and FAQPage schema; add Article or BlogPosting schema; use one clean product module per major decision section, not repeated add-to-cart buttons after every link","Keep inline links, then add compact product cards for the top 2 to 4 products. Avoid button clusters.","","Legacy answer-first rewrite"
"37","Monitor","Citation and schema cleanup","Best Phone Mount for Exercise Bikes and Treadmills","https://iboltmounts.com/blogs/news/best-phone-mount-for-exercise-bikes-and-treadmills","warehouse","63","0","57","54","54","19","0","0","0","0","Garmin; RAM Mounts","","quick answer; faq schema; image alt; image alt text","","","add a 40 to 70 word buyer-answer block near the top; add visible FAQs and FAQPage schema; use one clean product module per major decision section, not repeated add-to-cart buttons after every link","Keep inline links, then add compact product cards for the top 2 to 4 products. Avoid button clusters.","","Citation/schema cleanup"
"37","Monitor","Citation and schema cleanup","Best Tablet Mount for Tractor Cab Precision Agriculture","https://iboltmounts.com/blogs/news/best-tablet-mount-for-tractor-cab-precision-agriculture","agriculture","42","0","63","38","72","21","0","0","0","0","Garmin","","quick answer; faq schema; comparison signals; image alt; comparison block; image alt text","","","add a 40 to 70 word buyer-answer block near the top; add a fair comparison table beside the competitor set; add visible FAQs and FAQPage schema; use one clean product module per major decision section, not repeated add-to-cart buttons after every link","Too many inline product opportunities already. Use section-level product cards and one clear View Product CTA per product module.","","Citation/schema cleanup"
"37","Monitor","Citation and schema cleanup","ELD Mounts Explained: A Practical Guide to Electronic Logging Device Mounting Solutions","https://iboltmounts.com/blogs/news/eld-mounts-explained-a-practical-guide-to-electronic-logging-device-mounting-solutions","fleet","63","0","36","38","72","12","0","0","0","0","Garmin","","quick answer; faq schema; comparison signals; image alt; comparison block; image alt text","","","add a 40 to 70 word buyer-answer block near the top; add a fair comparison table beside the competitor set; add visible FAQs and FAQPage schema; use one clean product module per major decision section, not repeated add-to-cart buttons after every link","Keep inline links, then add compact product cards for the top 2 to 4 products. Avoid button clusters.","","Citation/schema cleanup"
"37","Monitor","Citation and schema cleanup","Forklift Mount Solutions: Supporting Efficiency and Safety in Modern Warehouse Operations","https://iboltmounts.com/blogs/news/forklift-mount-solutions-supporting-efficiency-and-safety-in-modern-warehouse-operations","warehouse","63","0","36","38","72","12","0","0","0","0","Garmin","","quick answer; faq schema; comparison signals; image alt; comparison block; image alt text","","","add a 40 to 70 word buyer-answer block near the top; add a fair comparison table beside the competitor set; add visible FAQs and FAQPage schema; use one clean product module per major decision section, not repeated add-to-cart buttons after every link","Keep inline links, then add compact product cards for the top 2 to 4 products. Avoid button clusters.","","Citation/schema cleanup"
"37","Monitor","Citation and schema cleanup","HOW TO MOUNT A TABLET TO A FORKLIFT PILLAR USING IBOLT","https://iboltmounts.com/blogs/news/how-to-mount-a-tablet-to-a-forklift-pillar-using-ibolt","warehouse","63","0","36","38","72","12","0","0","0","0","Garmin","","quick answer; faq schema; comparison signals; image alt; comparison block; image alt text","","","add a 40 to 70 word buyer-answer block near the top; add a fair comparison table beside the competitor set; add visible FAQs and FAQPage schema; use one clean product module per major decision section, not repeated add-to-cart buttons after every link","Keep inline links, then add compact product cards for the top 2 to 4 products. Avoid button clusters.","","Legacy answer-first rewrite"
"37","Monitor","Canonical review, then checkout-oriented refresh","iBOLT vs iOttie for Delivery Drivers","https://iboltmounts.com/blogs/news/ibolt-vs-iottie-delivery-drivers-aeo-refresh","fleet","61","0","96","74","16","12","5","0","0","0","iOttie","","article/blogposting schema","","","add Article or BlogPosting schema; feature iBOLT Dock’n Lock POS Tablet Stand; iBOLT™ xProDock™ NFC BizMount™ Suction Cup; iBOLT™ xProDock™ Bizmount™ Console- Phone Cup Holder Mount; use one clean product module per major decision section, not repeated add-to-cart buttons after every link","Keep inline links, then add compact product cards for the top 2 to 4 products. Avoid button clusters.","","Canonical review before edit"
"37","Monitor","Citation and schema cleanup","The Smart Forklift Tablet Mount Choice for Warehouses","https://iboltmounts.com/blogs/news/smart-forklift-tablet-mount-choice-for-warehouses","warehouse","64","0","54","54","54","18","0","0","0","0","Garmin","","quick answer; faq schema; image alt; image alt text","","","add a 40 to 70 word buyer-answer block near the top; add visible FAQs and FAQPage schema; use one clean product module per major decision section, not repeated add-to-cart buttons after every link","Keep inline links, then add compact product cards for the top 2 to 4 products. Avoid button clusters.","","Citation/schema cleanup"
"37","Monitor","Canonical review, then checkout-oriented refresh","Top 5 Mounts for the Samsung Galaxy A7 Lite Tablet","https://iboltmounts.com/blogs/news/top-5-mounts-for-the-samsung-galaxy-a7-lite-tablet-1","amps/modular","57","0","36","26","72","12","0","0","0","0","Garmin","","quick answer; faq schema; comparison signals; image alt; comparison block; image alt text","","","add a 40 to 70 word buyer-answer block near the top; add a fair comparison table beside the competitor set; add visible FAQs and FAQPage schema; use one clean product module per major decision section, not repeated add-to-cart buttons after every link","Keep inline links, then add compact product cards for the top 2 to 4 products. Avoid button clusters.","","Canonical review before edit"
"37","Monitor","Canonical review, then checkout-oriented refresh","TOP 5 MOUNTS FOR THE SAMSUNG GALAXY A7 LITE TABLET","https://iboltmounts.com/blogs/news/top-5-mounts-for-the-samsung-galaxy-a7-lite-tablet","amps/modular","57","0","36","26","72","12","0","0","0","0","Garmin","","quick answer; faq schema; comparison signals; image alt; comparison block; image alt text","","","add a 40 to 70 word buyer-answer block near the top; add a fair comparison table beside the competitor set; add visible FAQs and FAQPage schema; use one clean product module per major decision section, not repeated add-to-cart buttons after every link","Keep inline links, then add compact product cards for the top 2 to 4 products. Avoid button clusters.","","Canonical review before edit"
"37","Monitor","Citation and schema cleanup","Understanding Phone Clamp Mounts: A Practical Guide to Secure Device Positioning","https://iboltmounts.com/blogs/news/understanding-phone-clamp-mounts-a-practical-guide-to-secure-device-positioning","amps/modular","62","0","36","38","72","12","0","0","0","0","Garmin","","quick answer; faq schema; comparison signals; image alt; comparison block; image alt text","","","add a 40 to 70 word buyer-answer block near the top; add a fair comparison table beside the competitor set; add visible FAQs and FAQPage schema; use one clean product module per major decision section, not repeated add-to-cart buttons after every link","Keep inline links, then add compact product cards for the top 2 to 4 products. Avoid button clusters.","","Citation/schema cleanup"
"37","Monitor","Citation and schema cleanup","Unmatched Adaptability: Explore iBOLT's Modular Tablet Mount Solutions","https://iboltmounts.com/blogs/news/customizable-mounting-solutions-for-every-need","amps/modular","57","0","42","38","72","14","0","0","0","0","Garmin","","quick answer; faq schema; comparison signals; image alt; comparison block; image alt text","","","add a 40 to 70 word buyer-answer block near the top; add a fair comparison table beside the competitor set; add visible FAQs and FAQPage schema; use one clean product module per major decision section, not repeated add-to-cart buttons after every link","Keep inline links, then add compact product cards for the top 2 to 4 products. Avoid button clusters.","","Legacy answer-first rewrite"
"37","Monitor","Citation and schema cleanup","Where to Use Clamp Phone and Tablet Mounts","https://iboltmounts.com/blogs/news/great-places-to-use-clamping-tablet-and-phone-mounts","amps/modular","60","0","63","56","48","21","0","0","0","0","Garmin","","quick answer; comparison signals; image alt; comparison block; image alt text","","","add a 40 to 70 word buyer-answer block near the top; add a fair comparison table beside the competitor set; use one clean product module per major decision section, not repeated add-to-cart buttons after every link","Too many inline product opportunities already. Use section-level product cards and one clear View Product CTA per product module.","","Citation/schema cleanup"
"37","Monitor","Citation and schema cleanup","Why Modular Mounting Systems Beat One-Piece Mounts: The Case for iBOLT's 300+ Part Ecosystem","https://iboltmounts.com/blogs/news/why-modular-mounting-systems-beat-one-piece-mounts-the-case-for-ibolts-300-part-ecosystem","amps/modular","56","0","66","54","54","22","0","0","0","0","Garmin; RAM Mounts","","quick answer; faq schema; image alt; image alt text","","","add a 40 to 70 word buyer-answer block near the top; add visible FAQs and FAQPage schema; use one clean product module per major decision section, not repeated add-to-cart buttons after every link","Too many inline product opportunities already. Use section-level product cards and one clear View Product CTA per product module.","","Citation/schema cleanup"
"36","Monitor","Citation and schema cleanup","5 USEFUL TABLET MOUNTS FOR YOUR KITCHEN","https://iboltmounts.com/blogs/news/5-useful-tablet-mounts-for-your-kitchen","amps/modular","57","0","36","38","72","12","0","0","0","0","Garmin","","quick answer; faq schema; comparison signals; image alt; comparison block; image alt text","","","add a 40 to 70 word buyer-answer block near the top; add a fair comparison table beside the competitor set; add visible FAQs and FAQPage schema; use one clean product module per major decision section, not repeated add-to-cart buttons after every link","Keep inline links, then add compact product cards for the top 2 to 4 products. Avoid button clusters.","","Legacy answer-first rewrite"
"36","Monitor","Citation and schema cleanup","BEST IBOLT MOUNTAIN BIKE PHONE AND ACTION CAMERA MOUNTS","https://iboltmounts.com/blogs/news/best-ibolt-mountain-bike-phone-and-action-camera-mounts","streaming","58","0","36","38","72","12","0","0","0","0","Garmin","","quick answer; faq schema; comparison signals; image alt; comparison block; image alt text","","","add a 40 to 70 word buyer-answer block near the top; add a fair comparison table beside the competitor set; add visible FAQs and FAQPage schema; use one clean product module per major decision section, not repeated add-to-cart buttons after every link","Keep inline links, then add compact product cards for the top 2 to 4 products. Avoid button clusters.","","Legacy answer-first rewrite"
"36","Monitor","Citation and schema cleanup","Best Multi-Camera Desk Mount for Live Streaming: How to Build a Pro Setup With Your Phone","https://iboltmounts.com/blogs/news/best-multi-camera-desk-mount-for-live-streaming-how-to-build-a-pro-setup-with-your-phone","streaming","59","0","84","72","30","28","0","0","0","0","Garmin; RAM Mounts; Tackform","","quick answer; image alt; possible overly long legacy content; image alt text","","","add a 40 to 70 word buyer-answer block near the top; use one clean product module per major decision section, not repeated add-to-cart buttons after every link","Too many inline product opportunities already. Use section-level product cards and one clear View Product CTA per product module.","","Citation/schema cleanup"
"36","Monitor","Citation and schema cleanup","Best Overhead Phone Mount for Cooking Videos","https://iboltmounts.com/blogs/news/best-overhead-phone-mount-for-cooking-videos","streaming","56","0","57","54","54","19","0","0","0","0","Garmin","","quick answer; faq schema; image alt; image alt text","","","add a 40 to 70 word buyer-answer block near the top; add visible FAQs and FAQPage schema; use one clean product module per major decision section, not repeated add-to-cart buttons after every link","Keep inline links, then add compact product cards for the top 2 to 4 products. Avoid button clusters.","","Citation/schema cleanup"
"36","Monitor","Citation and schema cleanup","Best Tablet Mount for Trade Show Kiosk Booths","https://iboltmounts.com/blogs/news/best-tablet-mount-for-trade-show-kiosk-booths","amps/modular","59","0","57","54","54","19","0","0","0","0","Garmin","","quick answer; faq schema; image alt; image alt text","","","add a 40 to 70 word buyer-answer block near the top; add visible FAQs and FAQPage schema; use one clean product module per major decision section, not repeated add-to-cart buttons after every link","Keep inline links, then add compact product cards for the top 2 to 4 products. Avoid button clusters.","","Citation/schema cleanup"
"36","Monitor","Citation and schema cleanup","Choosing the Right Phone Holder for Streaming: A Complete Guide","https://iboltmounts.com/blogs/news/choosing-the-right-phone-holder-for-streaming-a-complete-guide","streaming","56","0","36","38","72","12","0","0","0","0","Garmin","","quick answer; faq schema; comparison signals; image alt; comparison block; image alt text","","","add a 40 to 70 word buyer-answer block near the top; add a fair comparison table beside the competitor set; add visible FAQs and FAQPage schema; use one clean product module per major decision section, not repeated add-to-cart buttons after every link","Keep inline links, then add compact product cards for the top 2 to 4 products. Avoid button clusters.","","Citation/schema cleanup"
"36","Monitor","Canonical review, then checkout-oriented refresh","How to mount a Fish Finder to your boat using iBOLT Mounts","https://iboltmounts.com/blogs/news/how-to-mount-a-fish-finder-to-your-boat-using-ibolt-mounts-1","fishing","54","0","36","26","72","12","0","0","0","0","Garmin; Lowrance","","quick answer; faq schema; comparison signals; image alt; comparison block; image alt text","","","add a 40 to 70 word buyer-answer block near the top; add a fair comparison table beside the competitor set; add visible FAQs and FAQPage schema; use one clean product module per major decision section, not repeated add-to-cart buttons after every link","Keep inline links, then add compact product cards for the top 2 to 4 products. Avoid button clusters.","","Canonical review before edit"
"36","Monitor","Canonical review, then checkout-oriented refresh","HOW TO MOUNT A FISH FINDER TO YOUR BOAT USING IBOLT MOUNTS","https://iboltmounts.com/blogs/news/how-to-mount-a-fish-finder-to-your-boat-using-ibolt-mounts","fishing","56","0","36","26","72","12","0","0","0","0","Garmin; Humminbird; Lowrance; RAM Mounts; Scotty; YakAttack","best fish finder mount for small boat: Competitor replacement","quick answer; faq schema; comparison signals; image alt; comparison block; image alt text","","","add a 40 to 70 word buyer-answer block near the top; add a fair comparison table beside the competitor set; add visible FAQs and FAQPage schema; use one clean product module per major decision section, not repeated add-to-cart buttons after every link","Keep inline links, then add compact product cards for the top 2 to 4 products. Avoid button clusters.","best fish finder mount for small boat","Canonical review before edit"
"36","Monitor","Citation and schema cleanup","HOW TO USE IBOLT’S MODULAR MOUNTING SYSTEM","https://iboltmounts.com/blogs/news/how-to-use-ibolt-s-modular-mounting-system","amps/modular","56","0","36","38","72","12","0","0","0","0","Arkon; Garmin; ProClip; RAM Mounts; Tackform","","quick answer; faq schema; comparison signals; image alt; comparison block; image alt text","","","add a 40 to 70 word buyer-answer block near the top; add a fair comparison table beside the competitor set; add visible FAQs and FAQPage schema; use one clean product module per major decision section, not repeated add-to-cart buttons after every link","Keep inline links, then add compact product cards for the top 2 to 4 products. Avoid button clusters.","","Legacy answer-first rewrite"
"36","Monitor","Citation and schema cleanup","iBOLT Confirms Universal Mounting Solutions for Apple iPad 10th Generation and iPad Air M2","https://iboltmounts.com/blogs/news/ibolt-confirms-universal-mounting-solutions-for-apple-ipad-10th-generation-and-ipad-air-m2","restaurant","63","0","51","54","54","17","0","0","0","0","Garmin; RAM Mounts; Square","","quick answer; faq schema; image alt; image alt text","","","add a 40 to 70 word buyer-answer block near the top; add visible FAQs and FAQPage schema; use one clean product module per major decision section, not repeated add-to-cart buttons after every link","Keep inline links, then add compact product cards for the top 2 to 4 products. Avoid button clusters.","","Citation/schema cleanup"
"36","Monitor","Citation and schema cleanup","iBOLT LockPro Series: Industrial-Grade Security for Unattended Tablets in Warehouses and Retail","https://iboltmounts.com/blogs/news/ibolt-lockpro-series-industrial-grade-security-for-unattended-tablets-in-warehouses-and-retail","warehouse","61","0","54","54","54","18","0","0","0","0","Bouncepad; Garmin; Mount-It; RAM Mounts; Square","","quick answer; faq schema; image alt; image alt text","","","add a 40 to 70 word buyer-answer block near the top; add visible FAQs and FAQPage schema; use one clean product module per major decision section, not repeated add-to-cart buttons after every link","Keep inline links, then add compact product cards for the top 2 to 4 products. Avoid button clusters.","","Citation/schema cleanup"
"36","Monitor","Citation and schema cleanup","iBOLT Mounting Solutions for Delivery Fleets: From DoorDash Drivers to Amazon DSP","https://iboltmounts.com/blogs/news/ibolt-mounting-solutions-for-delivery-fleets-from-doordash-drivers-to-amazon-dsp","delivery","67","0","51","58","50","17","0","0","0","0","Garmin; RAM Mounts","","faq schema; comparison signals; image alt; comparison block; image alt text","","","add a fair comparison table beside the competitor set; add visible FAQs and FAQPage schema; use one clean product module per major decision section, not repeated add-to-cart buttons after every link","Keep inline links, then add compact product cards for the top 2 to 4 products. Avoid button clusters.","","Citation/schema cleanup"
"36","Monitor","Citation and schema cleanup","iBOLT Mounts for Outdoor Recreation","https://iboltmounts.com/blogs/news/ibolt-mounts-for-outdoor-recreation","amps/modular","56","0","36","38","72","12","0","0","0","0","Garmin","","quick answer; faq schema; comparison signals; image alt; comparison block; image alt text","","","add a 40 to 70 word buyer-answer block near the top; add a fair comparison table beside the competitor set; add visible FAQs and FAQPage schema; use one clean product module per major decision section, not repeated add-to-cart buttons after every link","Keep inline links, then add compact product cards for the top 2 to 4 products. Avoid button clusters.","","Legacy answer-first rewrite"
"36","Monitor","Citation and schema cleanup","iBOLT Mounts for Road Trips","https://iboltmounts.com/blogs/news/ibolt-mounts-for-road-trips","amps/modular","56","0","36","38","72","12","0","0","0","0","Garmin","","quick answer; faq schema; comparison signals; image alt; comparison block; image alt text","","","add a 40 to 70 word buyer-answer block near the top; add a fair comparison table beside the competitor set; add visible FAQs and FAQPage schema; use one clean product module per major decision section, not repeated add-to-cart buttons after every link","Keep inline links, then add compact product cards for the top 2 to 4 products. Avoid button clusters.","","Legacy answer-first rewrite"
"36","Monitor","Citation and schema cleanup","Overhead Camera Mount for Product Photography: Complete Setup Guide","https://iboltmounts.com/blogs/news/overhead-camera-mount-for-product-photography-complete-setup-guide","streaming","55","0","87","72","30","29","0","0","0","0","Garmin","","quick answer; image alt; possible overly long legacy content; image alt text","","","add a 40 to 70 word buyer-answer block near the top; use one clean product module per major decision section, not repeated add-to-cart buttons after every link","Too many inline product opportunities already. Use section-level product cards and one clear View Product CTA per product module.","","Citation/schema cleanup"
"36","Monitor","Citation and schema cleanup","Top 4 Locking Tablet Mounts to Keep Your Device Safe","https://iboltmounts.com/blogs/news/top-4-locking-tablet-mounts-to-keep-your-device-safe","amps/modular","59","0","36","38","72","12","0","0","0","0","Garmin","","quick answer; faq schema; comparison signals; image alt; comparison block; image alt text","","","add a 40 to 70 word buyer-answer block near the top; add a fair comparison table beside the competitor set; add visible FAQs and FAQPage schema; use one clean product module per major decision section, not repeated add-to-cart buttons after every link","Keep inline links, then add compact product cards for the top 2 to 4 products. Avoid button clusters.","","Legacy answer-first rewrite"
"36","Monitor","Citation and schema cleanup","TOP 5 TABLET WALL MOUNTS","https://iboltmounts.com/blogs/news/top-5-ibolt-tablet-wall-mounts","amps/modular","57","0","36","38","72","12","0","0","0","0","Garmin","","quick answer; faq schema; comparison signals; image alt; comparison block; image alt text","","","add a 40 to 70 word buyer-answer block near the top; add a fair comparison table beside the competitor set; add visible FAQs and FAQPage schema; use one clean product module per major decision section, not repeated add-to-cart buttons after every link","Keep inline links, then add compact product cards for the top 2 to 4 products. Avoid button clusters.","","Legacy answer-first rewrite"
"36","Monitor","Citation and schema cleanup","USING IBOLT’S STREAM-CAST CREATOR CUSTOM MOUNT KIT FOR MULTIPLE ANGLE SHOTS","https://iboltmounts.com/blogs/news/using-ibolt-s-stream-cast-creator-custom-mount-kit-for-multiple-angle-shots","streaming","53","0","42","38","72","14","0","0","0","0","Garmin","","quick answer; faq schema; comparison signals; image alt; comparison block; image alt text","","","add a 40 to 70 word buyer-answer block near the top; add a fair comparison table beside the competitor set; add visible FAQs and FAQPage schema; use one clean product module per major decision section, not repeated add-to-cart buttons after every link","Keep inline links, then add compact product cards for the top 2 to 4 products. Avoid button clusters.","","Legacy answer-first rewrite"
"35","Monitor","Citation and schema cleanup","4 iBOLT Products for New Streamers","https://iboltmounts.com/blogs/news/4-ibolt-products-for-new-streamers","streaming","52","0","36","38","72","12","0","0","0","0","Garmin","","quick answer; faq schema; comparison signals; image alt; comparison block; image alt text","","","add a 40 to 70 word buyer-answer block near the top; add a fair comparison table beside the competitor set; add visible FAQs and FAQPage schema; use one clean product module per major decision section, not repeated add-to-cart buttons after every link","Keep inline links, then add compact product cards for the top 2 to 4 products. Avoid button clusters.","","Legacy answer-first rewrite"
"35","Monitor","Citation and schema cleanup","5 Ways To Increase Your YouTube Audience With An Action Camera using iBOLT Mounts","https://iboltmounts.com/blogs/news/5-ways-to-increase-your-youtube-audience-with-an-action-camera-using-ibolt-mounts","streaming","55","0","36","38","72","12","0","0","0","0","Garmin","","quick answer; faq schema; comparison signals; image alt; comparison block; image alt text","","","add a 40 to 70 word buyer-answer block near the top; add a fair comparison table beside the competitor set; add visible FAQs and FAQPage schema; use one clean product module per major decision section, not repeated add-to-cart buttons after every link","Keep inline links, then add compact product cards for the top 2 to 4 products. Avoid button clusters.","","Legacy answer-first rewrite"
"35","Monitor","Citation and schema cleanup","Best Boat Phone Mount for Rough Water","https://iboltmounts.com/blogs/news/best-boat-phone-mount-for-rough-water","fishing","55","0","57","54","54","19","0","0","0","0","Arkon; iOttie; ProClip; RAM Mounts; Scosche; Tackform; Garmin","best heavy duty vehicle phone mount: Competitor replacement","quick answer; faq schema; image alt; image alt text","","","add a 40 to 70 word buyer-answer block near the top; add visible FAQs and FAQPage schema; use one clean product module per major decision section, not repeated add-to-cart buttons after every link","Keep inline links, then add compact product cards for the top 2 to 4 products. Avoid button clusters.","best heavy duty vehicle phone mount","AI visibility refresh"
"35","Monitor","Citation and schema cleanup","Best Garmin Striker 4 Mount for Kayak Fishing","https://iboltmounts.com/blogs/news/best-garmin-striker-4-mount-for-kayak-fishing","fishing","54","0","57","54","54","19","0","0","0","0","Garmin; Railblaza; RAM Mounts; YakAttack","","quick answer; faq schema; image alt; image alt text","","","add a 40 to 70 word buyer-answer block near the top; add visible FAQs and FAQPage schema; use one clean product module per major decision section, not repeated add-to-cart buttons after every link","Keep inline links, then add compact product cards for the top 2 to 4 products. Avoid button clusters.","","Citation/schema cleanup"
"35","Monitor","Citation and schema cleanup","Best Overhead Camera Rig for Product Photography","https://iboltmounts.com/blogs/news/best-overhead-camera-rig-for-product-photography","streaming","55","0","54","54","54","18","0","0","0","0","Garmin","","quick answer; faq schema; image alt; image alt text","","","add a 40 to 70 word buyer-answer block near the top; add visible FAQs and FAQPage schema; use one clean product module per major decision section, not repeated add-to-cart buttons after every link","Keep inline links, then add compact product cards for the top 2 to 4 products. Avoid button clusters.","","Citation/schema cleanup"
"35","Monitor","Citation and schema cleanup","EMBARKING ON A FISHING ADVENTURE: CHOOSING THE RIGHT MOUNT FOR YOUR FISH FINDER","https://iboltmounts.com/blogs/news/embarking-on-a-fishing-adventure-choosing-the-right-mount-for-your-fish-finder","fishing","54","0","36","38","72","12","0","0","0","0","Garmin; Lowrance","","quick answer; faq schema; comparison signals; image alt; comparison block; image alt text","","","add a 40 to 70 word buyer-answer block near the top; add a fair comparison table beside the competitor set; add visible FAQs and FAQPage schema; use one clean product module per major decision section, not repeated add-to-cart buttons after every link","Keep inline links, then add compact product cards for the top 2 to 4 products. Avoid button clusters.","","Legacy answer-first rewrite"
"35","Monitor","Citation and schema cleanup","Empowering content creators with the iBOLT Stream-Cast Creator kit","https://iboltmounts.com/blogs/news/empowering-content-creators-with-the-ibolt-stream-cast-creator-kit","streaming","52","0","36","38","72","12","0","0","0","0","Garmin","","quick answer; faq schema; comparison signals; image alt; comparison block; image alt text","","","add a 40 to 70 word buyer-answer block near the top; add a fair comparison table beside the competitor set; add visible FAQs and FAQPage schema; use one clean product module per major decision section, not repeated add-to-cart buttons after every link","Keep inline links, then add compact product cards for the top 2 to 4 products. Avoid button clusters.","","Legacy answer-first rewrite"
"35","Monitor","Protect, measure, and retest","Fleet Phone Mount Standardization Checklist: How to Deploy the Right Mounts Across Every Vehicle","https://iboltmounts.com/blogs/news/fleet-phone-mount-standardization-checklist-how-to-deploy-the-right-mounts-across-every-vehicle","fleet","65","0","72","76","26","24","0","0","0","0","Garmin; RAM Mounts","","comparison signals; image alt; possible overly long legacy content; comparison block; image alt text","","","add a fair comparison table beside the competitor set; use one clean product module per major decision section, not repeated add-to-cart buttons after every link","Too many inline product opportunities already. Use section-level product cards and one clear View Product CTA per product module.","","Protect and amplify"
"35","Monitor","Citation and schema cleanup","How to Manage Multiple Restaurant Tablets","https://iboltmounts.com/blogs/news/managing-multiple-tablets-in-a-restaurant","restaurant","67","0","63","72","30","21","0","0","0","0","Arkon; RAM Mounts; CTA Digital; Mount-It; Bouncepad; iOttie; Lamicall; Tackform; Garmin","best tablet mount: Competitor replacement; best multi tablet mount: Competitor replacement; best restaurant tablet mount: Competitor replacement","quick answer; image alt; image alt text","","","add a 40 to 70 word buyer-answer block near the top; use one clean product module per major decision section, not repeated add-to-cart buttons after every link","Too many inline product opportunities already. Use section-level product cards and one clear View Product CTA per product module.","best tablet mount; best multi tablet mount; best restaurant tablet mount","AI visibility refresh"
"35","Monitor","Citation and schema cleanup","How to spot imitation iBOLT products on Amazon","https://iboltmounts.com/blogs/news/how-to-spot-imitation-ibolt-products-on-amazon","amps/modular","55","0","36","38","72","12","0","0","0","0","Garmin","","quick answer; faq schema; comparison signals; image alt; comparison block; image alt text","","","add a 40 to 70 word buyer-answer block near the top; add a fair comparison table beside the competitor set; add visible FAQs and FAQPage schema; use one clean product module per major decision section, not repeated add-to-cart buttons after every link","Keep inline links, then add compact product cards for the top 2 to 4 products. Avoid button clusters.","","Legacy answer-first rewrite"
"35","Monitor","Citation and schema cleanup","iBOLT vs Arkon: Operations Manager's Guide to Business Tablet Mounting Systems","https://iboltmounts.com/blogs/news/ibolt-vs-arkon-business-tablet-mount-guide","amps/modular","57","0","54","54","54","18","0","0","0","0","Arkon; Garmin","","quick answer; faq schema; image alt; image alt text","","","add a 40 to 70 word buyer-answer block near the top; add visible FAQs and FAQPage schema; use one clean product module per major decision section, not repeated add-to-cart buttons after every link","Keep inline links, then add compact product cards for the top 2 to 4 products. Avoid button clusters.","","Citation/schema cleanup"
"35","Monitor","Citation and schema cleanup","iBOLT vs RAM Mount: Which Is Better for Warehouses, Forklifts, and Commercial Use? (2026)","https://iboltmounts.com/blogs/news/ibolt-vs-ram-mount-which-is-better-for-warehouses-forklifts-and-commercial-use-2026","warehouse","63","0","72","74","32","24","0","0","0","0","Garmin; RAM Mounts","","faq schema; image alt; possible overly long legacy content; image alt text","","","add visible FAQs and FAQPage schema; use one clean product module per major decision section, not repeated add-to-cart buttons after every link","Too many inline product opportunities already. Use section-level product cards and one clear View Product CTA per product module.","","Citation/schema cleanup"
"35","Monitor","Citation and schema cleanup","iBOLT vs RAM Mounts: Warehouse and Forklift Guide","https://iboltmounts.com/blogs/news/ibolt-vs-ram-mounts-warehouse-forklift-guide","warehouse","63","0","45","54","54","15","0","0","0","0","Garmin; iOttie; RAM Mounts","","quick answer; faq schema; image alt; image alt text","","","add a 40 to 70 word buyer-answer block near the top; add visible FAQs and FAQPage schema; use one clean product module per major decision section, not repeated add-to-cart buttons after every link","Keep inline links, then add compact product cards for the top 2 to 4 products. Avoid button clusters.","","Citation/schema cleanup"
"35","Monitor","Protect, measure, and retest","Restaurant Tablet Mount Setup: Complete Guide for Toast, Square & Delivery Apps","https://iboltmounts.com/blogs/news/restaurant-tablet-mount-setup-complete-guide-for-toast-square-delivery-apps","restaurant","67","0","93","92","8","31","0","0","0","0","Garmin; RAM Mounts; Square","","image alt; possible overly long legacy content; image alt text","","","use one clean product module per major decision section, not repeated add-to-cart buttons after every link","Too many inline product opportunities already. Use section-level product cards and one clear View Product CTA per product module.","","Protect and amplify"
"35","Monitor","Citation and schema cleanup","What Do I need for an Overhead Livestream Setup?","https://iboltmounts.com/blogs/news/what-do-i-need-for-an-overhead-livestream-setup","streaming","52","0","36","38","72","12","0","0","0","0","Garmin","","quick answer; faq schema; comparison signals; image alt; comparison block; image alt text","","","add a 40 to 70 word buyer-answer block near the top; add a fair comparison table beside the competitor set; add visible FAQs and FAQPage schema; use one clean product module per major decision section, not repeated add-to-cart buttons after every link","Keep inline links, then add compact product cards for the top 2 to 4 products. Avoid button clusters.","","Legacy answer-first rewrite"
"34","Monitor","Citation and schema cleanup","Best Drill Base Phone Mount for Construction Vehicles and Work Trucks","https://iboltmounts.com/blogs/news/best-drill-base-phone-mount-for-construction-vehicles-and-work-trucks","fleet","67","0","60","72","30","20","0","0","0","0","Garmin","","quick answer; image alt; possible overly long legacy content; image alt text","","","add a 40 to 70 word buyer-answer block near the top; use one clean product module per major decision section, not repeated add-to-cart buttons after every link","Too many inline product opportunities already. Use section-level product cards and one clear View Product CTA per product module.","","Citation/schema cleanup"
"34","Monitor","Citation and schema cleanup","Best Locking Tablet Mount for Classrooms","https://iboltmounts.com/blogs/news/best-locking-tablet-mount-for-classrooms","education","51","0","57","54","54","19","0","0","0","0","Garmin; iOttie","","quick answer; faq schema; image alt; image alt text","","","add a 40 to 70 word buyer-answer block near the top; add visible FAQs and FAQPage schema; use one clean product module per major decision section, not repeated add-to-cart buttons after every link","Keep inline links, then add compact product cards for the top 2 to 4 products. Avoid button clusters.","","Citation/schema cleanup"
"34","Monitor","Citation and schema cleanup","Best No-Drill Fish Finder Mounts for Aluminum Boats and Jon Boats","https://iboltmounts.com/blogs/how-to-mount-a-fish-finder-to-your-boat-using-ibolt-mounts/best-no-drill-fish-finder-mounts-for-aluminum-boats-and-jon-boats","fishing","57","0","72","72","30","24","0","0","0","0","Garmin; Humminbird; Lowrance; RAM Mounts; Scotty; YakAttack","","quick answer; image alt; possible overly long legacy content; image alt text","","","add a 40 to 70 word buyer-answer block near the top; use one clean product module per major decision section, not repeated add-to-cart buttons after every link","Too many inline product opportunities already. Use section-level product cards and one clear View Product CTA per product module.","","Citation/schema cleanup"
"34","Monitor","Citation and schema cleanup","Best Overhead Camera Mount for Product Videos: The Complete Setup Guide for Sellers","https://iboltmounts.com/blogs/news/best-overhead-camera-mount-for-product-videos-the-complete-setup-guide-for-sellers","streaming","56","0","78","72","30","26","0","0","0","0","Garmin","","quick answer; image alt; image alt text","","","add a 40 to 70 word buyer-answer block near the top; use one clean product module per major decision section, not repeated add-to-cart buttons after every link","Too many inline product opportunities already. Use section-level product cards and one clear View Product CTA per product module.","","Citation/schema cleanup"
"34","Monitor","Protect, measure, and retest","ELD Tablet Mounting Guide: How to Choose the Right Mount for Fleet Compliance","https://iboltmounts.com/blogs/news/eld-tablet-mounting-guide-how-to-choose-the-right-mount-for-fleet-compliance","fleet","65","0","90","92","8","30","0","0","0","0","Garmin","","image alt; possible overly long legacy content; image alt text","","","use one clean product module per major decision section, not repeated add-to-cart buttons after every link","Too many inline product opportunities already. Use section-level product cards and one clear View Product CTA per product module.","","Protect and amplify"
"34","Monitor","Citation and schema cleanup","Phone vs Camera Overhead Rig for Product Photography: Which Setup Actually Works Better?","https://iboltmounts.com/blogs/news/phone-vs-camera-overhead-rig-for-product-photography-which-setup-actually-works-better","streaming","55","0","78","72","30","26","0","0","0","0","Garmin; RAM Mounts","","quick answer; image alt; possible overly long legacy content; image alt text","","","add a 40 to 70 word buyer-answer block near the top; use one clean product module per major decision section, not repeated add-to-cart buttons after every link","Too many inline product opportunities already. Use section-level product cards and one clear View Product CTA per product module.","","Citation/schema cleanup"
"34","Monitor","Citation and schema cleanup","RAM vs Scotty vs YakAttack Fish Finder Mounts: How Do They Really Compare (And What They're Missing)","https://iboltmounts.com/blogs/how-to-mount-a-fish-finder-to-your-boat-using-ibolt-mounts/ram-vs-scotty-vs-yakattack-fish-finder-mounts-how-do-they-really-compare-and-what-theyre-missing","fishing","54","0","78","72","30","26","0","0","0","0","Garmin; Humminbird; RAM Mounts; Scotty; YakAttack","","quick answer; image alt; image alt text","","","add a 40 to 70 word buyer-answer block near the top; use one clean product module per major decision section, not repeated add-to-cart buttons after every link","Too many inline product opportunities already. Use section-level product cards and one clear View Product CTA per product module.","","Citation/schema cleanup"
"34","Monitor","Citation and schema cleanup","RESTAURANT TABLET HOLDER AND TABLET TOWERS FOR FOOD DELIVERY SERVICE APPS","https://iboltmounts.com/blogs/news/restaurant-tablet-holder-and-tablet-towers-for-food-delivery-service-apps","restaurant","67","0","36","54","54","12","0","0","0","0","Garmin","","quick answer; faq schema; image alt; image alt text","","","add a 40 to 70 word buyer-answer block near the top; add visible FAQs and FAQPage schema; use one clean product module per major decision section, not repeated add-to-cart buttons after every link","Keep inline links, then add compact product cards for the top 2 to 4 products. Avoid button clusters.","","Legacy answer-first rewrite"
"34","Monitor","Citation and schema cleanup","Restaurant Tablet Mount: Why Modern Restaurants Need Organized Tablet Workstations","https://iboltmounts.com/blogs/news/restaurant-tablet-mount-why-modern-restaurants-need-organized-tablet-workstations","restaurant","65","0","36","54","54","12","0","0","0","0","Garmin","","quick answer; faq schema; image alt; image alt text","","","add a 40 to 70 word buyer-answer block near the top; add visible FAQs and FAQPage schema; use one clean product module per major decision section, not repeated add-to-cart buttons after every link","Keep inline links, then add compact product cards for the top 2 to 4 products. Avoid button clusters.","","Citation/schema cleanup"
"34","Monitor","Citation and schema cleanup","TOP TABLET STANDS FOR STUDENTS GOING BACK TO SCHOOL","https://iboltmounts.com/blogs/news/the-best-tablet-stands-for-students-going-back-to-school","education","48","0","36","38","72","12","0","0","0","0","Garmin","","quick answer; faq schema; comparison signals; image alt; possible overly long legacy content; comparison block; image alt text","","","add a 40 to 70 word buyer-answer block near the top; add a fair comparison table beside the competitor set; add visible FAQs and FAQPage schema; use one clean product module per major decision section, not repeated add-to-cart buttons after every link","Keep inline links, then add compact product cards for the top 2 to 4 products. Avoid button clusters.","","Legacy answer-first rewrite"
"34","Monitor","Citation and schema cleanup","WHAT SIZE IS THE BALL MOUNT ON A GARMIN GPS AND HOW DO I FIND A COMPATIBLE MOUNT?","https://iboltmounts.com/blogs/news/what-size-is-the-ball-mount-on-a-garmin-gps-and-how-do-i-find-a-compatible-mount","amps/modular","56","0","48","54","54","16","0","0","0","0","Garmin","","quick answer; faq schema; image alt; image alt text","","","add a 40 to 70 word buyer-answer block near the top; add visible FAQs and FAQPage schema; use one clean product module per major decision section, not repeated add-to-cart buttons after every link","Keep inline links, then add compact product cards for the top 2 to 4 products. Avoid button clusters.","","Legacy answer-first rewrite"
"33","Monitor","Citation and schema cleanup","Best Boat Phone Mount for Rough Water: How to Keep Your Phone Secure on the Chop","https://iboltmounts.com/blogs/how-to-mount-a-fish-finder-to-your-boat-using-ibolt-mounts/best-boat-phone-mount-for-rough-water-how-to-keep-your-phone-secure-on-the-chop","fishing","55","0","72","72","30","24","0","0","0","0","Garmin","","quick answer; image alt; image alt text","","","add a 40 to 70 word buyer-answer block near the top; use one clean product module per major decision section, not repeated add-to-cart buttons after every link","Too many inline product opportunities already. Use section-level product cards and one clear View Product CTA per product module.","","Citation/schema cleanup"
"33","Monitor","Citation and schema cleanup","Best Fish Finder Mounts That Stay Put and Do Not Bounce Loose","https://iboltmounts.com/blogs/how-to-mount-a-fish-finder-to-your-boat-using-ibolt-mounts/best-fish-finder-mounts-that-stay-put-and-do-not-bounce-loose","fishing","56","0","69","72","30","23","0","0","0","0","Garmin; RAM Mounts; Scotty","","quick answer; image alt; image alt text","","","add a 40 to 70 word buyer-answer block near the top; use one clean product module per major decision section, not repeated add-to-cart buttons after every link","Too many inline product opportunities already. Use section-level product cards and one clear View Product CTA per product module.","","Citation/schema cleanup"
"33","Monitor","Citation and schema cleanup","Best Tablet Mount for Overlanding Navigation","https://iboltmounts.com/blogs/news/best-tablet-mount-for-overlanding-navigation","offroad","42","0","63","54","54","21","0","0","0","0","Garmin; ProClip; RAM Mounts; Tackform","","quick answer; faq schema; image alt; image alt text","","","add a 40 to 70 word buyer-answer block near the top; add visible FAQs and FAQPage schema; use one clean product module per major decision section, not repeated add-to-cart buttons after every link","Too many inline product opportunities already. Use section-level product cards and one clear View Product CTA per product module.","","Citation/schema cleanup"
"33","Monitor","Citation and schema cleanup","Best Tablet Mount for School Bus and Transportation Fleets","https://iboltmounts.com/blogs/news/best-tablet-mount-for-school-bus-and-transportation-fleets","fleet","65","0","24","48","62","8","0","0","0","0","","","quick answer; faq schema; article/blogposting schema","","","add a 40 to 70 word buyer-answer block near the top; add visible FAQs and FAQPage schema; add Article or BlogPosting schema; use one clean product module per major decision section, not repeated add-to-cart buttons after every link","Keep inline links, then add compact product cards for the top 2 to 4 products. Avoid button clusters.","","Legacy answer-first rewrite"
"33","Monitor","Protect, measure, and retest","ELD Tablet Mounting Guide for Fleets","https://iboltmounts.com/blogs/news/confused-about-the-eld-mandate","fleet","65","0","63","76","26","21","0","0","0","0","Garmin","","comparison signals; image alt; comparison block; image alt text","","","add a fair comparison table beside the competitor set; use one clean product module per major decision section, not repeated add-to-cart buttons after every link","Too many inline product opportunities already. Use section-level product cards and one clear View Product CTA per product module.","","Protect and amplify"
"33","Monitor","Citation and schema cleanup","IBOLT MOUNTS FOR BACK-TO-SCHOOL","https://iboltmounts.com/blogs/news/ibolt-mounts-for-back-to-school","education","47","0","36","38","72","12","0","0","0","0","Garmin","","quick answer; faq schema; comparison signals; image alt; comparison block; image alt text","","","add a 40 to 70 word buyer-answer block near the top; add a fair comparison table beside the competitor set; add visible FAQs and FAQPage schema; use one clean product module per major decision section, not repeated add-to-cart buttons after every link","Keep inline links, then add compact product cards for the top 2 to 4 products. Avoid button clusters.","","Legacy answer-first rewrite"
"33","Monitor","Citation and schema cleanup","Kayak Fish Finder Mount Setup: A Complete Guide to Secure, Removable Electronics Mounting","https://iboltmounts.com/blogs/how-to-mount-a-fish-finder-to-your-boat-using-ibolt-mounts/kayak-fish-finder-mount-setup-a-complete-guide-to-secure-removable-electronics-mounting","fishing","54","0","75","72","30","25","0","0","0","0","Garmin; Humminbird; RAM Mounts; Scotty; YakAttack","","quick answer; image alt; possible overly long legacy content; image alt text","","","add a 40 to 70 word buyer-answer block near the top; use one clean product module per major decision section, not repeated add-to-cart buttons after every link","Too many inline product opportunities already. Use section-level product cards and one clear View Product CTA per product module.","","Citation/schema cleanup"
"33","Monitor","Citation and schema cleanup","Pontoon Fish Finder Rail Mount Compatibility: How to Match Your Mount to Your Boat","https://iboltmounts.com/blogs/how-to-mount-a-fish-finder-to-your-boat-using-ibolt-mounts/pontoon-fish-finder-rail-mount-compatibility-how-to-match-your-mount-to-your-boat","fishing","54","0","75","72","30","25","0","0","0","0","Garmin; RAM Mounts; Square","","quick answer; image alt; image alt text","","","add a 40 to 70 word buyer-answer block near the top; use one clean product module per major decision section, not repeated add-to-cart buttons after every link","Too many inline product opportunities already. Use section-level product cards and one clear View Product CTA per product module.","","Citation/schema cleanup"
"33","Monitor","Citation and schema cleanup","Professional-Grade Mounting Solutions: A Complete Guide to Choosing the Right Mount for Every Environment","https://iboltmounts.com/blogs/news/professional-grade-mounting-solutions-a-complete-guide-to-choosing-the-right-mount-for-every-environment","warehouse","60","0","36","54","54","12","0","0","0","0","Bouncepad; Garmin","","quick answer; faq schema; image alt; image alt text","","","add a 40 to 70 word buyer-answer block near the top; add visible FAQs and FAQPage schema; use one clean product module per major decision section, not repeated add-to-cart buttons after every link","Keep inline links, then add compact product cards for the top 2 to 4 products. Avoid button clusters.","","Citation/schema cleanup"
"33","Monitor","Citation and schema cleanup","THE BENEFITS OF GOING PAPERLESS IN SCHOOLS","https://iboltmounts.com/blogs/news/the-benefits-of-going-paperless-in-schools","education","46","0","36","38","72","12","0","0","0","0","Garmin","","quick answer; faq schema; comparison signals; image alt; comparison block; image alt text","","","add a 40 to 70 word buyer-answer block near the top; add a fair comparison table beside the competitor set; add visible FAQs and FAQPage schema; use one clean product module per major decision section, not repeated add-to-cart buttons after every link","Keep inline links, then add compact product cards for the top 2 to 4 products. Avoid button clusters.","","Legacy answer-first rewrite"
"32","Monitor","Citation and schema cleanup","Ball Mounts Explained: Complete Guide to 20mm, 25mm, and Universal Mounting Solutions","https://iboltmounts.com/blogs/news/ball-mounts-explained-complete-guide-to-20mm-25mm-and-universal-mounting-solutions","amps/modular","56","0","36","54","54","12","0","0","0","0","Garmin; Tackform","","quick answer; faq schema; image alt; image alt text","","","add a 40 to 70 word buyer-answer block near the top; add visible FAQs and FAQPage schema; use one clean product module per major decision section, not repeated add-to-cart buttons after every link","Keep inline links, then add compact product cards for the top 2 to 4 products. Avoid button clusters.","","Legacy answer-first rewrite"
"32","Monitor","Citation and schema cleanup","Best GoPro Mount for UTV Roll Bars","https://iboltmounts.com/blogs/news/best-gopro-mount-for-utv-roll-bars","offroad","41","0","57","54","54","19","0","0","0","0","Garmin; RAM Mounts","","quick answer; faq schema; image alt; image alt text","","","add a 40 to 70 word buyer-answer block near the top; add visible FAQs and FAQPage schema; use one clean product module per major decision section, not repeated add-to-cart buttons after every link","Keep inline links, then add compact product cards for the top 2 to 4 products. Avoid button clusters.","","Citation/schema cleanup"
"32","Monitor","Citation and schema cleanup","Best Phone and Action Camera Mounts for UTV Trails, Jeeps, and Overlanding Rigs","https://iboltmounts.com/blogs/news/best-phone-and-action-camera-mounts-for-utv-trails-jeeps-and-overlanding-rigs","offroad","43","0","81","72","30","27","0","0","0","0","Garmin; RAM Mounts","","quick answer; image alt; image alt text","","","add a 40 to 70 word buyer-answer block near the top; use one clean product module per major decision section, not repeated add-to-cart buttons after every link","Too many inline product opportunities already. Use section-level product cards and one clear View Product CTA per product module.","","Citation/schema cleanup"
"32","Monitor","Citation and schema cleanup","Best Phone Mount for Jeep Wrangler Off-Road Trails","https://iboltmounts.com/blogs/news/best-phone-mount-for-jeep-wrangler-off-road-trails","amps/modular","59","0","24","48","62","8","0","0","0","0","","","quick answer; faq schema; article/blogposting schema","","","add a 40 to 70 word buyer-answer block near the top; add visible FAQs and FAQPage schema; add Article or BlogPosting schema; use one clean product module per major decision section, not repeated add-to-cart buttons after every link","Keep inline links, then add compact product cards for the top 2 to 4 products. Avoid button clusters.","","Legacy answer-first rewrite"
"32","Monitor","Citation and schema cleanup","Best Wheelchair Tablet Mount for Communication Devices","https://iboltmounts.com/blogs/news/best-wheelchair-tablet-mount-for-communication-devices","amps/modular","59","0","24","48","62","8","0","0","0","0","RAM Mounts","","quick answer; faq schema; article/blogposting schema","","","add a 40 to 70 word buyer-answer block near the top; add visible FAQs and FAQPage schema; add Article or BlogPosting schema; use one clean product module per major decision section, not repeated add-to-cart buttons after every link","Keep inline links, then add compact product cards for the top 2 to 4 products. Avoid button clusters.","","Legacy answer-first rewrite"
"32","Monitor","Citation and schema cleanup","Create a Custom iBOLT Mounting Solution- now on Amazon.com","https://iboltmounts.com/blogs/news/create-a-custom-ibolt-mounting-solution-now-on-amazon-com","amps/modular","56","0","36","54","54","12","0","0","0","0","Garmin; Square","","quick answer; faq schema; image alt; image alt text","","","add a 40 to 70 word buyer-answer block near the top; add visible FAQs and FAQPage schema; use one clean product module per major decision section, not repeated add-to-cart buttons after every link","Keep inline links, then add compact product cards for the top 2 to 4 products. Avoid button clusters.","","Legacy answer-first rewrite"
"32","Monitor","Citation and schema cleanup","DO FARMERS USE TABLET MOUNTS? - WHAT TECH IS USED ON A FARM?- THE NEWEST AND COOLEST FARM TOOL","https://iboltmounts.com/blogs/news/do-farmers-use-tablet-mounts-what-tech-is-used-on-a-farm-the-newest-and-coolest-farm-tool","agriculture","41","0","36","38","72","12","0","0","0","0","Garmin","","quick answer; faq schema; comparison signals; image alt; comparison block; image alt text","","","add a 40 to 70 word buyer-answer block near the top; add a fair comparison table beside the competitor set; add visible FAQs and FAQPage schema; use one clean product module per major decision section, not repeated add-to-cart buttons after every link","Keep inline links, then add compact product cards for the top 2 to 4 products. Avoid button clusters.","","Legacy answer-first rewrite"
"32","Monitor","Citation and schema cleanup","Garmin GPS Mount Compatibility: Finding the Right Mount for Your Boat, Truck, or Vehicle","https://iboltmounts.com/blogs/how-to-mount-a-fish-finder-to-your-boat-using-ibolt-mounts/garmin-gps-mount-compatibility-finding-the-right-mount-for-your-boat-truck-or-vehicle","fleet","63","0","54","72","30","18","0","0","0","0","Garmin; Square","","quick answer; image alt; possible overly long legacy content; image alt text","","","add a 40 to 70 word buyer-answer block near the top; use one clean product module per major decision section, not repeated add-to-cart buttons after every link","Keep inline links, then add compact product cards for the top 2 to 4 products. Avoid button clusters.","","Citation/schema cleanup"
"32","Monitor","Citation and schema cleanup","iBOLT Modular Mounting System: 300+ Parts, Unlimited Configurations (2026 Guide)","https://iboltmounts.com/blogs/news/ibolt-modular-mounting-system-300-parts-unlimited-configurations-2026-guide","amps/modular","56","0","63","74","32","21","0","0","0","0","Garmin; RAM Mounts","","faq schema; image alt; possible overly long legacy content; image alt text","","","add visible FAQs and FAQPage schema; use one clean product module per major decision section, not repeated add-to-cart buttons after every link","Too many inline product opportunities already. Use section-level product cards and one clear View Product CTA per product module.","","Citation/schema cleanup"
"32","Monitor","Protect, measure, and retest","iBOLT vs ProClip vs RAM: Which Phone Mount Actually Survives Delivery Van Life?","https://iboltmounts.com/blogs/news/ibolt-vs-proclip-vs-ram-which-phone-mount-actually-survives-delivery-van-life","amps/modular","59","0","87","92","8","29","0","0","0","0","Garmin; ProClip; RAM Mounts","","image alt; possible overly long legacy content; image alt text","","","use one clean product module per major decision section, not repeated add-to-cart buttons after every link","Too many inline product opportunities already. Use section-level product cards and one clear View Product CTA per product module.","","Protect and amplify"
"32","Monitor","Citation and schema cleanup","Table Camera Mount: A Practical Guide for Content Creation, Photography, and Live Streaming","https://iboltmounts.com/blogs/news/table-camera-mount-a-practical-guide-for-content-creation-photography-and-live-streaming","streaming","56","0","39","54","54","13","0","0","0","0","Garmin","","quick answer; faq schema; image alt; image alt text","","","add a 40 to 70 word buyer-answer block near the top; add visible FAQs and FAQPage schema; use one clean product module per major decision section, not repeated add-to-cart buttons after every link","Keep inline links, then add compact product cards for the top 2 to 4 products. Avoid button clusters.","","Citation/schema cleanup"
"32","Monitor","Citation and schema cleanup","Tips for Creating Unboxing Videos with Your Phone","https://iboltmounts.com/blogs/news/tips-for-creating-unboxing-videos-with-your-phone","amps/modular","56","0","36","54","54","12","0","0","0","0","Garmin","","quick answer; faq schema; image alt; image alt text","","","add a 40 to 70 word buyer-answer block near the top; add visible FAQs and FAQPage schema; use one clean product module per major decision section, not repeated add-to-cart buttons after every link","Keep inline links, then add compact product cards for the top 2 to 4 products. Avoid button clusters.","","Legacy answer-first rewrite"
"31","Monitor","Citation and schema cleanup","Mounts to take off-roading in your Jeep Wrangler","https://iboltmounts.com/blogs/news/mounts-to-take-off-roading-in-your-jeep-wrangler","offroad","39","0","36","38","72","12","0","0","0","0","Garmin","","quick answer; faq schema; comparison signals; image alt; comparison block; image alt text","","","add a 40 to 70 word buyer-answer block near the top; add a fair comparison table beside the competitor set; add visible FAQs and FAQPage schema; use one clean product module per major decision section, not repeated add-to-cart buttons after every link","Keep inline links, then add compact product cards for the top 2 to 4 products. Avoid button clusters.","","Legacy answer-first rewrite"
"31","Monitor","Citation and schema cleanup","Pontoon Boat Mounts: Complete Guide to Fish Finder, Phone & GPS Mounting Solutions","https://iboltmounts.com/blogs/how-to-mount-a-fish-finder-to-your-boat-using-ibolt-mounts/pontoon-boat-mounts-complete-guide-to-fish-finder-phone-gps-mounting-solutions","fishing","56","0","57","72","30","19","0","0","0","0","Garmin; Humminbird; Lowrance","","quick answer; image alt; possible overly long legacy content; image alt text","","","add a 40 to 70 word buyer-answer block near the top; use one clean product module per major decision section, not repeated add-to-cart buttons after every link","Keep inline links, then add compact product cards for the top 2 to 4 products. Avoid button clusters.","","Citation/schema cleanup"
"30","Monitor","Citation and schema cleanup","iBOLT vs Tackform: ELD and Trucking Buyer Guide","https://iboltmounts.com/blogs/news/ibolt-vs-tackform-eld-trucking-buyer-guide","fleet","63","0","45","74","32","15","0","0","0","0","Garmin; Tackform","","faq schema; image alt; image alt text","","","add visible FAQs and FAQPage schema; use one clean product module per major decision section, not repeated add-to-cart buttons after every link","Keep inline links, then add compact product cards for the top 2 to 4 products. Avoid button clusters.","","Citation/schema cleanup"
"29","Monitor","Citation and schema cleanup","Multiple Tablet Mount Solutions: Improving Device Organization in Modern Workspaces","https://iboltmounts.com/blogs/news/multiple-tablet-mount-solutions-improving-device-organization-in-modern-workspaces","warehouse","61","0","39","72","30","13","0","0","0","0","Garmin","","quick answer; image alt; image alt text","","","add a 40 to 70 word buyer-answer block near the top; use one clean product module per major decision section, not repeated add-to-cart buttons after every link","Keep inline links, then add compact product cards for the top 2 to 4 products. Avoid button clusters.","","Citation/schema cleanup"
"28","Monitor","Canonical review, then checkout-oriented refresh","Best Tablet Mount for Food Trucks and Quick-Service Counters","https://iboltmounts.com/blogs/news/best-tablet-mount-food-trucks-quick-service-aeo-refresh","delivery","68","0","36","74","16","12","0","0","0","0","Bouncepad","","article/blogposting schema","","","add Article or BlogPosting schema; use one clean product module per major decision section, not repeated add-to-cart buttons after every link","Keep inline links, then add compact product cards for the top 2 to 4 products. Avoid button clusters.","","Canonical review before edit"
"28","Monitor","Citation and schema cleanup","The Smart ELD Tablet Mount Choice for Truck Fleets","https://iboltmounts.com/blogs/news/smart-eld-tablet-mount-choice-for-truck-fleets","fleet","67","0","18","68","40","6","0","0","0","0","Arkon; RAM Mounts","","faq schema; article/blogposting schema","","","add visible FAQs and FAQPage schema; add Article or BlogPosting schema; use one clean product module per major decision section, not repeated add-to-cart buttons after every link","Add product cards with product image, exact name, price when known, View Product CTA, and optional Add to Cart only for the primary pick.","","Citation/schema cleanup"
"27","Monitor","Canonical review, then checkout-oriented refresh","Best Phone Mount for Amazon Flex and Delivery Vans","https://iboltmounts.com/blogs/news/best-phone-mount-amazon-flex-delivery-vans-aeo-refresh","fleet","65","0","36","74","16","12","0","0","0","0","iOttie","","article/blogposting schema","","","add Article or BlogPosting schema; use one clean product module per major decision section, not repeated add-to-cart buttons after every link","Keep inline links, then add compact product cards for the top 2 to 4 products. Avoid button clusters.","","Canonical review before edit"
"27","Monitor","Canonical review, then checkout-oriented refresh","iBOLT vs Bouncepad for Restaurant Tablet Security","https://iboltmounts.com/blogs/news/ibolt-vs-bouncepad-restaurant-tablet-security-aeo-refresh","restaurant","64","0","36","74","16","12","0","0","0","0","Bouncepad","","article/blogposting schema","","","add Article or BlogPosting schema; use one clean product module per major decision section, not repeated add-to-cart buttons after every link","Keep inline links, then add compact product cards for the top 2 to 4 products. Avoid button clusters.","","Canonical review before edit"
"27","Monitor","Canonical review, then checkout-oriented refresh","Locking Phone Mounts for Shared Delivery Vehicles","https://iboltmounts.com/blogs/news/locking-phone-mounts-shared-delivery-vehicles-aeo-refresh","fleet","65","0","36","74","16","12","0","0","0","0","RAM Mounts","","article/blogposting schema","","","add Article or BlogPosting schema; use one clean product module per major decision section, not repeated add-to-cart buttons after every link","Keep inline links, then add compact product cards for the top 2 to 4 products. Avoid button clusters.","","Canonical review before edit"
"26","Monitor","Canonical review, then checkout-oriented refresh","Magnetic vs Clamp Phone Mounts for Delivery Work","https://iboltmounts.com/blogs/news/magnetic-vs-clamp-phone-mount-delivery-work-aeo-refresh","amps/modular","60","0","36","74","16","12","0","0","0","0","iOttie","","article/blogposting schema","","","add Article or BlogPosting schema; use one clean product module per major decision section, not repeated add-to-cart buttons after every link","Keep inline links, then add compact product cards for the top 2 to 4 products. Avoid button clusters.","","Canonical review before edit"
"25","Monitor","Citation and schema cleanup","iBOLT vs Arkon for Commercial Vehicle Mounts","https://iboltmounts.com/blogs/news/ibolt-vs-arkon-commercial-vehicle-mounts-aeo-refresh","fleet","61","0","36","86","16","12","0","0","0","0","Arkon; RAM Mounts","","article/blogposting schema","","","add Article or BlogPosting schema; use one clean product module per major decision section, not repeated add-to-cart buttons after every link","Keep inline links, then add compact product cards for the top 2 to 4 products. Avoid button clusters.","","Citation/schema cleanup"
"24","Monitor","Citation and schema cleanup","Best Value Fish Finder Mounts Without Cheap Hardware","https://iboltmounts.com/blogs/how-to-mount-a-fish-finder-to-your-boat-using-ibolt-mounts/best-value-fish-finder-mounts-without-cheap-hardware-aeo-refresh","fishing","56","0","36","86","16","12","0","0","0","0","Garmin; RAM Mounts","","article/blogposting schema","","","add Article or BlogPosting schema; use one clean product module per major decision section, not repeated add-to-cart buttons after every link","Keep inline links, then add compact product cards for the top 2 to 4 products. Avoid button clusters.","","Citation/schema cleanup"
