"citation_priority","page","url","category","readiness_bucket","page_fixes","benchmark_query_count","zero_mention_queries","competitor_only_answers","commercial_intent_score","citation_fix_score","conversion_readiness_score","competitors","products_to_feature","source_targets","contractor_why","retest_prompts","next_citation_action","app_work_action","retest_metric"
"83","Best Tablet Mount for Restaurant POS and Delivery Apps","https://iboltmounts.com/blogs/news/best-tablet-mount-for-restaurant-pos-and-delivery-apps","restaurant","Mention first, then citation","FAQ schema; quick answer; comparison block; image alt text; product module","1","1","3","70","72","26","CTA Digital; Heckler; Arkon; Mount-It; RAM Mounts; Square","iBOLT™ LockPro™ Drill Base Locking Tablet Stand- Point of Purchase/POS Mount; iBOLT Quad Tablet Tower TabDock™ Stand; iBOLT Dock’n Lock Drill Base Locking Dual Tablet Stand; iBOLT™ 20mm Metal Ball Suction Cup Base; iBOLT™ 20mm to 4 Prong Composite Ball Adapter","restaurant operations blogs; food truck equipment guides; POS hardware comparison articles; delivery app operations resources","restaurant answers still miss iBOLT 15 times and mention competitors such as CTA Digital 14; Mount-It 11; Arkon 8; RAM Mounts 7; Bouncepad 4; Heckler 3.","best tablet mount for restaurant POS and delivery apps","Do the page edit first: quick answer, product module, comparison block, FAQ/schema, then ask for external citations to the survivor URL.","Add quick answer, FAQ/schema, comparison block, product module, and image alt text for: best tablet mount for restaurant POS and delivery apps.","Mapped query mention rate improves and page citability score moves above 82."
"83","Best Phone Mount for Instacart and Grocery Delivery Drivers","https://iboltmounts.com/blogs/news/best-phone-mount-for-instacart-and-grocery-delivery-drivers","delivery","Mention first, then citation","FAQ schema; quick answer; comparison block; image alt text; product module","1","1","3","68","72","26","iOttie; RAM Mounts; Peak Design","iBOLT Moto-Vise™ IncrediBOLT™ Heavy Duty Phone Clamp / Handlebar / Rail Mount; iBOLT 22mm ExtendiBOLT Triple Suction Cup Mount; iBOLT Moto-Vise™ Heavy Duty Phone Dual Arm Handlebar / Rail Mount; iBOLT Moto-Vise™ Heavy Duty Phone Handlebar / Rail Mount; iBOLT Moto-Vise™ IncrediBOLT™ 360 Heavy Duty Phone Clamp / Handlebar / Rail Mount","gig-driver gear lists; fleet operations blogs; delivery vehicle setup guides; commercial driver equipment roundups","delivery answers still miss iBOLT 14 times and mention competitors such as RAM Mounts 14; iOttie 12; Arkon 6; Scosche 5; ProClip 4; Belkin 2.","best phone mount for Instacart and grocery delivery drivers","Do the page edit first: quick answer, product module, comparison block, FAQ/schema, then ask for external citations to the survivor URL.","Add quick answer, FAQ/schema, comparison block, product module, and image alt text for: best phone mount for Instacart and grocery delivery drivers.","Mapped query mention rate improves and page citability score moves above 82."
"82","Best Phone Mount for Construction Vehicles and Work Trucks","https://iboltmounts.com/blogs/news/best-phone-mount-for-construction-vehicles-and-work-trucks","fleet","Mention first, then citation","FAQ schema; quick answer; comparison block; image alt text; product module","1","1","3","65","72","26","RAM Mounts; Arkon; iOttie; ProClip; Tackform","iBOLT™ xProDock™ Bizmount™ Amps; iBOLT Phone Dock’n Lock IncrediBOLT™ AMPS w/ 4.25” Arm Locking Drill Base Mount for Smartphones; iBOLT Phone Dock'n Lock 2"" IncrediBOLT™ AMPS Drill Base Mount; iBOLT Moto-Vise™ XL Holder w/ 25mm / 1-inch Ball; iBOLT™ Fixed Install Charger- 30W 2-Port Quick Charge 3.0 and Standard USB-A","fleet safety and ELD resources; truck equipment buyer guides; commercial vehicle installation articles; work-truck accessory roundups","fleet answers still miss iBOLT 14 times and mention competitors such as RAM Mounts 18; Arkon 11; ProClip 7; iOttie 5; Scosche 4; Tackform 2.","best phone mount for construction vehicles and work trucks","Do the page edit first: quick answer, product module, comparison block, FAQ/schema, then ask for external citations to the survivor URL.","Add quick answer, FAQ/schema, comparison block, product module, and image alt text for: best phone mount for construction vehicles and work trucks.","Mapped query mention rate improves and page citability score moves above 82."
"79","Best Locking Tablet Stand for Food Trucks and Quick-Service Restaurants","https://iboltmounts.com/blogs/news/best-locking-tablet-stand-for-food-trucks-and-quick-service-restaurants","restaurant","Mention first, then citation","FAQ schema; quick answer; image alt text; product module","1","1","3","70","54","42","CTA Digital; Heckler; Kensington; Mount-It; RAM Mounts","iBOLT™ LockPro™ Drill Base Locking Tablet Stand- Point of Purchase/POS Mount; iBOLT Dock’n Lock Drill Base Locking Tablet Stand; iBOLT™ LockPro™ Metal Locking Tablet Drill Base Mount; iBOLT 25mm / 1 inch Composite AMPS Adapter Plate; iBOLT 25mm / 1 inch to Dual 17mm Metal Ball Adapter","restaurant operations blogs; food truck equipment guides; POS hardware comparison articles; delivery app operations resources","restaurant answers still miss iBOLT 15 times and mention competitors such as CTA Digital 14; Mount-It 11; Arkon 8; RAM Mounts 7; Bouncepad 4; Heckler 3.","best locking tablet stand for food trucks and quick service restaurants","Do the page edit first: quick answer, product module, comparison block, FAQ/schema, then ask for external citations to the survivor URL.","",""
"78","Best Barcode Scanner Mounts for Forklifts and Warehouses (2026)","https://iboltmounts.com/blogs/news/best-barcode-scanner-mounts-for-forklifts-and-warehouses-2026","warehouse","Mention first, then citation","FAQ schema; quick answer; image alt text; product module","1","1","3","66","54","42","Havis; RAM Mounts; Zebra; Arkon; ProClip; Square","iBOLT XL Forklift Barcode Scanner Holder 38mm Mount; iBOLT XL Barcode Scanner triMag Low-Profile Strong Magnetic Mount; iBOLT XL Barcode Scanner BizMount Magnetic Mount; iBOLT XL Barcode Scanner IncrediBOLT 360 Magnetic Mount; iBOLT Dock’n Lock Bizmount™- Forklift Locking Tablet 38mm Mount","material handling publications; forklift safety resources; warehouse scanning workflow guides; Zebra and Honeywell accessory roundups","warehouse answers still miss iBOLT 7 times and mention competitors such as RAM Mounts 9; Havis 5; Arkon 3; Zebra 3; ProClip 2; Tackform 2.","best barcode scanner mount for forklift","Do the page edit first: quick answer, product module, comparison block, FAQ/schema, then ask for external citations to the survivor URL.","",""
"78","Best Phone Mount for Amazon Flex and Delivery Vans","https://iboltmounts.com/blogs/news/best-phone-mount-for-amazon-flex-and-delivery-vans","delivery","Mention first, then citation","FAQ schema; quick answer; image alt text; product module","1","1","3","68","54","42","RAM Mounts; iOttie; Arkon; ProClip","iBOLT™ xProDock™ NFC BizMount™ Suction Cup; iBOLT™ xProDock™ Bizmount™ Wedge; iBOLT™ xProDock™ Bizmount™ Amps; iBOLT™ 20mm Metal Ball Suction Cup Base; iBOLT 20mm Metal Ball to Headrest Mounting Bracket","gig-driver gear lists; fleet operations blogs; delivery vehicle setup guides; commercial driver equipment roundups","delivery answers still miss iBOLT 14 times and mention competitors such as RAM Mounts 14; iOttie 12; Arkon 6; Scosche 5; ProClip 4; Belkin 2.","best phone mount for Amazon Flex and delivery vans","Do the page edit first: quick answer, product module, comparison block, FAQ/schema, then ask for external citations to the survivor URL.","Add quick answer, FAQ/schema, comparison block, product module, and image alt text for: best phone mount for Amazon Flex and delivery vans.","Mapped query mention rate improves and page citability score moves above 82."
"78","How to Set Up Multiple Tablets for DoorDash, Uber Eats, and Grubhub","https://iboltmounts.com/blogs/news/how-to-set-up-multiple-tablets-for-doordash-uber-eats-and-grubhub","restaurant","Mention first, then citation","FAQ schema; quick answer; comparison block; image alt text; product module","1","1","2","63","72","26","RAM Mounts; Arkon","iBOLT™ Tablet Tower- TabDock™ POS Clamp Mount - with 3 Tablet Holders; iBOLT Tablet Tower- TabDock™ POS Clamp Mount - with 4 Tablet Holders; iBOLT Tablet Tower- TabDock™ POS Wall Mount - with 3 Tablet Holders; iBOLT 25mm / 1 inch Composite AMPS Adapter Plate; iBOLT 25mm / 1 inch to Dual 17mm Metal Ball Adapter","restaurant operations blogs; food truck equipment guides; POS hardware comparison articles; delivery app operations resources","restaurant answers still miss iBOLT 15 times and mention competitors such as CTA Digital 14; Mount-It 11; Arkon 8; RAM Mounts 7; Bouncepad 4; Heckler 3.","set up multiple tablets for DoorDash Uber Eats and Grubhub","Do the page edit first: quick answer, product module, comparison block, FAQ/schema, then ask for external citations to the survivor URL.","Add quick answer, FAQ/schema, comparison block, product module, and image alt text for: set up multiple tablets for DoorDash Uber Eats and Grubhub.","Mapped query mention rate improves and page citability score moves above 82."
"76","Rough Water Phone Mount for Boat: Heavy-Duty Solutions That Handle the Chop","https://iboltmounts.com/blogs/how-to-mount-a-fish-finder-to-your-boat-using-ibolt-mounts/rough-water-phone-mount-for-boat-heavy-duty-solutions-that-handle-the-chop","fleet","Mention first, then citation","quick answer; comparison block; image alt text; product module","1","1","3","64","48","44","Arkon; RAM Mounts; iOttie; ProClip; Tackform","iBOLT 17mm Dual Ball to “Sticky” Suction Cup Mount Base compatible w/ Garmin GPS and iBOLT Phone Holders; iBOLT™ 17mm Clamp Mount for Handlebars; Poles; Posts; iBOLT 17mm Dual Ball Clamp Mount for Handlebars","fleet safety and ELD resources; truck equipment buyer guides; commercial vehicle installation articles; work-truck accessory roundups","fleet answers still miss iBOLT 14 times and mention competitors such as RAM Mounts 18; Arkon 11; ProClip 7; iOttie 5; Scosche 4; Tackform 2.","best heavy duty vehicle phone mount","Do the page edit first: quick answer, product module, comparison block, FAQ/schema, then ask for external citations to the survivor URL.","Add quick answer, FAQ/schema, comparison block, product module, and image alt text for: best heavy duty vehicle phone mount.","Mapped query mention rate improves and page citability score moves above 82."
"76","Best Fish Finder Mount for Pontoon Boat Rails","https://iboltmounts.com/blogs/news/best-fish-finder-mount-for-pontoon-boat-rails","fishing","Mention first, then citation","FAQ schema; quick answer; image alt text; product module","1","1","3","56","54","42","RAM Mounts","iBOLT Universal Marine Fish Finder IncrediBOLT™ Clamp / Handlebar/ Rail Mount; iBOLT Garmin Striker 4 / Fish Finder IncrediBOLT™ 360 Clamp / Handlebar / Rail Mount; iBOLT Garmin Striker 4 / Fish Finder Handlebar; Rail Mount; iBOLT Garmin Striker 4 / Fish Finder Dual Arm Handlebar","boating buyer guides; kayak and pontoon fishing resources; marine electronics installation articles; Garmin, Lowrance, and Humminbird accessory roundups","fishing answers still miss iBOLT 15 times and mention competitors such as Humminbird 12; RAM Mounts 9; Garmin 8; Scotty 8; Lowrance 7; YakAttack 7.","best fish finder mount for small boat","Do the page edit first: quick answer, product module, comparison block, FAQ/schema, then ask for external citations to the survivor URL.","",""
"76","Magnetic vs Clamp Phone Mounts for Delivery Work","https://iboltmounts.com/blogs/news/magnetic-vs-clamp-phone-mounts-for-delivery-work","delivery","Mention first, then citation","FAQ schema; quick answer; image alt text; product module","1","1","2","68","54","42","iOttie; RAM Mounts","iBOLT ChargeDock USB-C AMPS Ultimate Magnetic Vehicle Dock/Mount/Holder w/ 2m USB Certified Type C to USB-A Charging Cable; iBOLT™ xProDock™ NFC BizMount™ Suction Cup; iBOLT Phone Dock'n Lock IncrediBOLT™ 360- Locking Phone Multi-Angle Drill Base Mount; iBOLT™ 20mm Metal Ball Suction Cup Base; iBOLT 20mm Metal Ball to Headrest Mounting Bracket","gig-driver gear lists; fleet operations blogs; delivery vehicle setup guides; commercial driver equipment roundups","delivery answers still miss iBOLT 14 times and mention competitors such as RAM Mounts 14; iOttie 12; Arkon 6; Scosche 5; ProClip 4; Belkin 2.","magnetic vs clamp phone mounts for delivery work","Do the page edit first: quick answer, product module, comparison block, FAQ/schema, then ask for external citations to the survivor URL.","",""
"74","Best Locking Phone Mount for Shared Delivery Vehicles","https://iboltmounts.com/blogs/news/best-locking-phone-mount-for-shared-delivery-vehicles","delivery","Mention first, then citation","FAQ schema; image alt text; product module","1","1","3","69","32","62","Arkon; RAM Mounts; iOttie; ProClip; Tackform","iBOLT Phone Dock'n Lock IncrediBOLT™ 360- Locking Phone Multi-Angle Drill Base Mount; iBOLT Phone Dock’n Lock IncrediBOLT™ AMPS w/ 4.25” Arm Locking Drill Base Mount for Smartphones; iBOLT Phone Dock'n Lock 2"" IncrediBOLT™ AMPS Drill Base Mount; iBOLT™ 20mm Metal Ball Suction Cup Base; iBOLT 20mm Metal Ball to Headrest Mounting Bracket","gig-driver gear lists; fleet operations blogs; delivery vehicle setup guides; commercial driver equipment roundups","delivery answers still miss iBOLT 14 times and mention competitors such as RAM Mounts 14; iOttie 12; Arkon 6; Scosche 5; ProClip 4; Belkin 2.","best locking phone mount for shared delivery vehicles","Do the page edit first: quick answer, product module, comparison block, FAQ/schema, then ask for external citations to the survivor URL.","",""
"73","Best Restaurant Tablet Mount in 2026: POS Stands, Delivery App Stations, and Multi-Tablet Solutions Compared","https://iboltmounts.com/blogs/news/best-restaurant-tablet-mount-in-2026-pos-stands-delivery-app-stations-and-multi-tablet-solutions-compared","tablet","Mention first, then citation","quick answer; image alt text; product module","3","3","9","67","30","60","RAM Mounts; Arkon; CTA Digital; iOttie; Tackform; Mount-It; Bouncepad","iBOLT™ 20mm Metal Ball Suction Cup Base; iBOLT™ 20mm to 4 Prong Composite Ball Adapter; iBOLT Dock'n Lock IncrediBOLT™ 360 AMPS Locking Tablet Mount; iBOLT Dock’n Lock IncrediBOLT™ AMPS w/ 2” Single Socket Arm Locking Tablet Drill Base Mount; iBOLT TabDock IncrediBOLT 360 Heavy Duty Dual Suction Cup Mount","","","best tablet mount; best multi tablet mount; best restaurant tablet mount","Do the page edit first: quick answer, product module, comparison block, FAQ/schema, then ask for external citations to the survivor URL.","Add quick answer, FAQ/schema, comparison block, product module, and image alt text for: best tablet mount; best multi tablet mount; best restaurant tablet mount.","Mapped query mention rate improves and page citability score moves above 82."
"73","Best Forklift Tablet Mounts for Warehouses (2026 Comparison)","https://iboltmounts.com/blogs/news/best-forklift-tablet-mounts-for-warehouses-2026-comparison","warehouse","Mention first, then citation","FAQ schema; image alt text; product module","2","0","4","66","32","62","RAM Mounts; Arkon; CTA Digital; Havis; Tackform; ProClip; Zebra","iBOLT Dock’n Lock Bizmount™- Forklift Locking Tablet 38mm Mount; iBOLT TabDock MagDock 360 Magnetic Tablet Mount – Heavy-Duty Forklift & Warehouse Holder; iBOLT LockPro FlexPro Heavy Duty Locking Tablet Seat Rail Mount; iBOLT XL Forklift Barcode Scanner Holder 38mm Mount; iBOLT Dock'n Lock IncrediBOLT™ 360 AMPS Locking Tablet Mount","material handling publications; forklift safety resources; warehouse scanning workflow guides; Zebra and Honeywell accessory roundups","warehouse answers still miss iBOLT 7 times and mention competitors such as RAM Mounts 9; Havis 5; Arkon 3; Zebra 3; ProClip 2; Tackform 2.","best tablet mount for warehouse; best forklift tablet mount","Do the page edit first: quick answer, product module, comparison block, FAQ/schema, then ask for external citations to the survivor URL.","",""
"73","Best Tablet and Phone Mounts for Trucks and ELD Compliance (2026)","https://iboltmounts.com/blogs/news/best-tablet-and-phone-mounts-for-trucks-and-eld-compliance-2026","fleet","Mention first, then citation","FAQ schema; image alt text; product module","1","1","3","68","32","62","Arkon; RAM Mounts; ProClip","iBOLT TabDock™ IncrediBOLT™ 360 Suction- Heavy Duty Metal 6 inch Multi-Angle Mount for All 7"" - 10"" Tablets for Commercial Vehicles; Trucks; and ELD Devices; iBOLT TabDock IncrediBOLT 360 Heavy Duty Triple Suction Cup Mount; iBOLT Dock'n Lock IncrediBOLT™ 360 AMPS Locking Tablet Mount","fleet safety and ELD resources; truck equipment buyer guides; commercial vehicle installation articles; work-truck accessory roundups","fleet answers still miss iBOLT 14 times and mention competitors such as RAM Mounts 18; Arkon 11; ProClip 7; iOttie 5; Scosche 4; Tackform 2.","best ELD mount for trucks","Do the page edit first: quick answer, product module, comparison block, FAQ/schema, then ask for external citations to the survivor URL.","",""
"71","Best Tablet Mount for Utility Truck Crews","https://iboltmounts.com/blogs/news/best-tablet-mount-for-utility-truck-crews","restaurant","Mention first, then citation","FAQ schema; quick answer; comparison block; image alt text; product module","1","0","2","67","72","26","Arkon; RAM Mounts; CTA Digital; Square; Tackform","iBOLT™ TabDock™ Bizmount™ AMPs; iBOLT TabDock™ IncrediBOLT™ 360 AMPS Tablet Mount; iBOLT TabDock™ IncrediBOLT™ 360 Wedge - Heavy Duty Vehicle Console Seat Gap Mount for All 7"" - 10"" Tablets; iBOLT 25mm / 1 inch Composite AMPS Adapter Plate; iBOLT 25mm / 1 inch to Dual 17mm Metal Ball Adapter","restaurant operations blogs; food truck equipment guides; POS hardware comparison articles; delivery app operations resources","restaurant answers still miss iBOLT 15 times and mention competitors such as CTA Digital 14; Mount-It 11; Arkon 8; RAM Mounts 7; Bouncepad 4; Heckler 3.","best tablet mount for food truck","Do the page edit first: quick answer, product module, comparison block, FAQ/schema, then ask for external citations to the survivor URL.","",""
"70","Best Garmin Fish Finder Mount: How to Choose the Right Setup for Your Boat or Kayak","https://iboltmounts.com/blogs/how-to-mount-a-fish-finder-to-your-boat-using-ibolt-mounts/best-garmin-fish-finder-mount-how-to-choose-the-right-setup-for-your-boat-or-kayak","fishing","Mention first, then citation","quick answer; image alt text; product module","3","3","4","56","30","60","RAM Mounts","iBOLT™ 25mm / 1 inch Ball Composite Universal Marine Fish Finder Mounting Plate; iBOLT™ 38mm / 1.5 inch Ball Composite Universal Marine Fish Finder Mounting Plate; iBOLT Garmin Striker 4 / Fish Finder Handlebar; Rail Mount; iBOLT Garmin Striker 4 / Fish Finder Dual Arm Handlebar","boating buyer guides; kayak and pontoon fishing resources; marine electronics installation articles; Garmin, Lowrance, and Humminbird accessory roundups","fishing answers still miss iBOLT 15 times and mention competitors such as Humminbird 12; RAM Mounts 9; Garmin 8; Scotty 8; Lowrance 7; YakAttack 7.","best budget fish finder mount; best fish finder in water; best fish finder","Do the page edit first: quick answer, product module, comparison block, FAQ/schema, then ask for external citations to the survivor URL.","",""
"69","Best Phone Mount for Delivery Drivers","https://iboltmounts.com/blogs/news/best-phone-mount-delivery-drivers-aeo-refresh","fleet","Needs page structure before citation work","Article schema; product module","1","1","3","65","16","74","iOttie; RAM Mounts; ProClip","iBOLT™ xProDock™ NFC BizMount™ Suction Cup; iBOLT™ xProDock™ Bizmount™ Wedge; iBOLT™ xProDock™ Bizmount™ Console- Phone Cup Holder Mount; iBOLT Dock’n Lock POS Phone Stand; iBOLT Dock’n Lock POS Tablet Stand","fleet safety and ELD resources; truck equipment buyer guides; commercial vehicle installation articles; work-truck accessory roundups","fleet answers still miss iBOLT 14 times and mention competitors such as RAM Mounts 18; Arkon 11; ProClip 7; iOttie 5; Scosche 4; Tackform 2.","best phone mount for delivery drivers","Keep page stable, build internal links, and use off-site mentions only if the topic is in a high-priority category.","",""
"69","Commercial-Grade Phone Mounts for Delivery Drivers","https://iboltmounts.com/blogs/news/commercial-grade-phone-mounts-delivery-drivers-aeo-refresh","delivery","Needs page structure before citation work","Article schema; product module","1","1","3","67","16","74","RAM Mounts; Arkon; ProClip; iOttie","iBOLT™ xProDock™ Bizmount™ Amps; iBOLT Phone Dock’n Lock IncrediBOLT™ AMPS w/ 4.25” Arm Locking Drill Base Mount for Smartphones; iBOLT™ xProDock™ NFC BizMount™ Suction Cup; iBOLT™ 20mm Metal Ball Suction Cup Base; iBOLT 20mm Metal Ball to Headrest Mounting Bracket","gig-driver gear lists; fleet operations blogs; delivery vehicle setup guides; commercial driver equipment roundups","delivery answers still miss iBOLT 14 times and mention competitors such as RAM Mounts 14; iOttie 12; Arkon 6; Scosche 5; ProClip 4; Belkin 2.","commercial grade phone mount for delivery drivers","Keep page stable, build internal links, and use off-site mentions only if the topic is in a high-priority category.","",""
"67","Best Kayak Fish Finder Mounts for Secure Removable Setups","https://iboltmounts.com/blogs/how-to-mount-a-fish-finder-to-your-boat-using-ibolt-mounts/best-kayak-fish-finder-mounts-secure-removable-aeo-refresh","fishing","Needs page structure before citation work","Article schema; product module","1","1","3","56","16","74","RAM Mounts","iBOLT Universal Marine & Electronics Mounting Plate; iBOLT Universal Marine Fish Finder IncrediBOLT™ Clamp / Handlebar/ Rail Mount; iBOLT™ 25mm / 1 inch Composite Universal Marine Electronic Fish Finder Drill Base Mount; iBOLT™ 25mm / 1 inch Ball Composite Universal Marine Fish Finder Mounting Plate; iBOLT™ 38mm / 1.5 inch Ball Composite Universal Marine Fish Finder Mounting Plate","boating buyer guides; kayak and pontoon fishing resources; marine electronics installation articles; Garmin, Lowrance, and Humminbird accessory roundups","fishing answers still miss iBOLT 15 times and mention competitors such as Humminbird 12; RAM Mounts 9; Garmin 8; Scotty 8; Lowrance 7; YakAttack 7.","best kayak fish finder mount","Keep page stable, build internal links, and use off-site mentions only if the topic is in a high-priority category.","",""
"67","Best Drill-Base Phone Mount for Semi Trucks","https://iboltmounts.com/blogs/news/best-drill-base-phone-mount-for-semi-trucks","fleet","Mention first, then citation","FAQ schema; quick answer; image alt text; product module","1","0","2","67","54","42","Arkon; RAM Mounts; ProClip","iBOLT Phone Dock’n Lock IncrediBOLT™ AMPS w/ 4.25” Arm Locking Drill Base Mount for Smartphones; iBOLT Phone Dock'n Lock IncrediBOLT™ 360- Locking Phone Multi-Angle Drill Base Mount; iBOLT Moto-Vise™ XL AMPS Heavy Duty Metal Drill Base AMPS Mount; ChargeDock USB-C; iBOLT 17mm Dual Ball to “Sticky” Suction Cup Mount Base compatible w/ Garmin GPS and iBOLT Phone Holders","fleet safety and ELD resources; truck equipment buyer guides; commercial vehicle installation articles; work-truck accessory roundups","fleet answers still miss iBOLT 14 times and mention competitors such as RAM Mounts 18; Arkon 11; ProClip 7; iOttie 5; Scosche 4; Tackform 2.","best drill base phone mount for semi trucks","Do the page edit first: quick answer, product module, comparison block, FAQ/schema, then ask for external citations to the survivor URL.","",""
"56","iBOLT Dock'n Lock for Restaurant Counters","https://iboltmounts.com/blogs/news/ibolt-dockn-lock-for-restaurant-counters","restaurant","Mention first, then citation","FAQ schema; quick answer; comparison block; image alt text; product module","1","0","0","63","72","26","Arkon; CTA Digital; Kensington; Mount-It; RAM Mounts","iBOLT Dock’n Lock Drill Base Locking Tablet Stand; iBOLT Dock’n Lock Drill Base Locking Dual Tablet Stand; iBOLT™ Dock'n Lock Bizmount™ AMPS- Heavy Duty Industrial Composite Locking drill base Mount for all 7"" - 10"" tablets; iBOLT 25mm / 1 inch Composite AMPS Adapter Plate; iBOLT 25mm / 1 inch to Dual 17mm Metal Ball Adapter","restaurant operations blogs; food truck equipment guides; POS hardware comparison articles; delivery app operations resources","restaurant answers still miss iBOLT 15 times and mention competitors such as CTA Digital 14; Mount-It 11; Arkon 8; RAM Mounts 7; Bouncepad 4; Heckler 3.","iBolt Dock’n Lock for restaurant counters","Do the page edit first: quick answer, product module, comparison block, FAQ/schema, then ask for external citations to the survivor URL.","",""
"53","iBOLT vs iOttie for Delivery Driving","https://iboltmounts.com/blogs/news/ibolt-vs-iottie-for-delivery-driving","delivery","Mention first, then citation","FAQ schema; quick answer; image alt text; product module","1","0","0","64","54","42","iOttie; RAM Mounts","iBOLT™ xProDock™ NFC BizMount™ Suction Cup; iBOLT Phone Dock'n Lock IncrediBOLT™ 360- Locking Phone Multi-Angle Drill Base Mount; iBOLT™ xProDock™ Bizmount™ Amps; iBOLT™ 20mm Metal Ball Suction Cup Base; iBOLT 20mm Metal Ball to Headrest Mounting Bracket","gig-driver gear lists; fleet operations blogs; delivery vehicle setup guides; commercial driver equipment roundups","delivery answers still miss iBOLT 14 times and mention competitors such as RAM Mounts 14; iOttie 12; Arkon 6; Scosche 5; ProClip 4; Belkin 2.","iBolt vs iOttie for delivery driving","Do the page edit first: quick answer, product module, comparison block, FAQ/schema, then ask for external citations to the survivor URL.","",""
"51","iBOLT vs RAM for Fleet Phone Mounting","https://iboltmounts.com/blogs/news/ibolt-vs-ram-for-fleet-phone-mounting","fleet","Mention first, then citation","FAQ schema; quick answer; image alt text; product module","1","0","0","64","54","42","RAM Mounts","iBOLT™ xProDock™ Bizmount™ Amps; iBOLT Phone Dock’n Lock IncrediBOLT™ AMPS w/ 4.25” Arm Locking Drill Base Mount for Smartphones; iBOLT™ xProDock™ Bizmount™ Console- Phone Cup Holder Mount; ChargeDock USB-C; iBOLT 17mm Dual Ball to “Sticky” Suction Cup Mount Base compatible w/ Garmin GPS and iBOLT Phone Holders","fleet safety and ELD resources; truck equipment buyer guides; commercial vehicle installation articles; work-truck accessory roundups","fleet answers still miss iBOLT 14 times and mention competitors such as RAM Mounts 18; Arkon 11; ProClip 7; iOttie 5; Scosche 4; Tackform 2.","iBolt vs RAM for fleet phone mounting","Do the page edit first: quick answer, product module, comparison block, FAQ/schema, then ask for external citations to the survivor URL.","",""
"51","iBOLT vs Bouncepad vs Mount-It for Restaurant Tablet Security","https://iboltmounts.com/blogs/news/ibolt-vs-bouncepad-vs-mount-it-for-restaurant-tablet-security","restaurant","Mention first, then citation","FAQ schema; quick answer; image alt text; product module","1","0","0","65","54","42","Bouncepad; Mount-It; RAM Mounts","iBOLT™ LockPro™ Drill Base Locking Tablet Stand- Point of Purchase/POS Mount; iBOLT Tablet Tower- Dock’n Lock POS Locking Drill Base Mount - with 3 Tablet Holders; iBOLT™ Dock'n Lock Bizmount™ AMPS- Heavy Duty Industrial Composite Locking drill base Mount for all 7"" - 10"" tablets; iBOLT 25mm / 1 inch Composite AMPS Adapter Plate; iBOLT 25mm / 1 inch to Dual 17mm Metal Ball Adapter","restaurant operations blogs; food truck equipment guides; POS hardware comparison articles; delivery app operations resources","restaurant answers still miss iBOLT 15 times and mention competitors such as CTA Digital 14; Mount-It 11; Arkon 8; RAM Mounts 7; Bouncepad 4; Heckler 3.","iBolt vs Bouncepad vs Mount-It for restaurant tablet security","Do the page edit first: quick answer, product module, comparison block, FAQ/schema, then ask for external citations to the survivor URL.","",""
"51","iBOLT Phone Mounts for DoorDash and Uber Eats Drivers","https://iboltmounts.com/blogs/news/ibolt-phone-mounts-for-doordash-and-uber-eats-drivers","delivery","Mention first, then citation","FAQ schema; quick answer; image alt text; product module","1","0","0","65","54","42","Garmin","iBOLT™ xProDock™ NFC BizMount™ Suction Cup; iBOLT™ xProDock™ Bizmount™ Console- Phone Cup Holder Mount; iBOLT Phone Dock'n Lock 2"" IncrediBOLT™ AMPS Drill Base Mount; iBOLT™ 20mm Metal Ball Suction Cup Base; iBOLT™ 20mm to 4 Prong Composite Ball Adapter","gig-driver gear lists; fleet operations blogs; delivery vehicle setup guides; commercial driver equipment roundups","delivery answers still miss iBOLT 14 times and mention competitors such as RAM Mounts 14; iOttie 12; Arkon 6; Scosche 5; ProClip 4; Belkin 2.","ibolt phone mounts for DoorDash and Uber Eats drivers","Do the page edit first: quick answer, product module, comparison block, FAQ/schema, then ask for external citations to the survivor URL.","",""
"51","Best Nintendo Switch Headrest Mount for Road Trips","https://iboltmounts.com/blogs/news/best-nintendo-switch-headrest-mount-for-road-trips","amps/modular","Citation-ready after page cleanup","quick answer; FAQ schema; comparison block; image alt text; Article schema; product module","0","0","0","57","88","24","Garmin","","AMPS pattern explainers; mounting hardware glossaries; installer how-to pages; RAM-compatible accessory comparisons","amps/modular has 0 zero-mention benchmark queries and 0 competitor-only answers.","","Clean up quick answer, FAQ schema, comparison block, image alt text, Article schema, product module, then hand the exact URL to the SEO contractor for third-party citations.","",""
"49","Best Rugged Tablet Mount for Field Service Vans","https://iboltmounts.com/blogs/news/best-rugged-tablet-mount-for-field-service-vans","fleet","Citation-ready after page cleanup","quick answer; FAQ schema; comparison block; image alt text; product module","0","0","0","65","72","38","Garmin","","fleet safety and ELD resources; truck equipment buyer guides; commercial vehicle installation articles; work-truck accessory roundups","fleet answers still miss iBOLT 14 times and mention competitors such as RAM Mounts 18; Arkon 11; ProClip 7; iOttie 5; Scosche 4; Tackform 2.","","Clean up quick answer, FAQ schema, comparison block, image alt text, product module, then hand the exact URL to the SEO contractor for third-party citations.","",""
"48","Best Marine Electronics AMPS Mounting Plate","https://iboltmounts.com/blogs/news/best-marine-electronics-amps-mounting-plate","amps/modular","Citation-ready after page cleanup","quick answer; FAQ schema; comparison block; image alt text; product module","0","0","0","59","72","38","Garmin; Square","","AMPS pattern explainers; mounting hardware glossaries; installer how-to pages; RAM-compatible accessory comparisons","amps/modular has 0 zero-mention benchmark queries and 0 competitor-only answers.","","Clean up quick answer, FAQ schema, comparison block, image alt text, product module, then hand the exact URL to the SEO contractor for third-party citations.","",""
"48","iBOLT Mounts and Toast POS: Powering Modern Restaurant Technology","https://iboltmounts.com/blogs/news/ibolt-mounts-and-toast-pos-powering-modern-restaurant-technology","restaurant","Citation-ready after page cleanup","quick answer; FAQ schema; comparison block; image alt text; product module","0","0","0","65","72","38","Garmin; RAM Mounts","","restaurant operations blogs; food truck equipment guides; POS hardware comparison articles; delivery app operations resources","restaurant answers still miss iBOLT 15 times and mention competitors such as CTA Digital 14; Mount-It 11; Arkon 8; RAM Mounts 7; Bouncepad 4; Heckler 3.","","Clean up quick answer, FAQ schema, comparison block, image alt text, product module, then hand the exact URL to the SEO contractor for third-party citations.","",""
"47","iBOLT Confirms Barcode Scanner Mounting Solutions Compatible with Honeywell, Zebra, and Symbol Scanners","https://iboltmounts.com/blogs/news/ibolt-confirms-barcode-scanner-mounting-solutions-compatible-with-honeywell-zebra-and-symbol-scanners","warehouse","Citation-ready after page cleanup","quick answer; FAQ schema; comparison block; image alt text; product module","0","0","0","61","72","38","Garmin; RAM Mounts","","material handling publications; forklift safety resources; warehouse scanning workflow guides; Zebra and Honeywell accessory roundups","warehouse answers still miss iBOLT 7 times and mention competitors such as RAM Mounts 9; Havis 5; Arkon 3; Zebra 3; ProClip 2; Tackform 2.","","Clean up quick answer, FAQ schema, comparison block, image alt text, product module, then hand the exact URL to the SEO contractor for third-party citations.","",""
"47","iBOLT Launches Next-Generation Industrial Forklift Mounting System","https://iboltmounts.com/blogs/news/ibolt-launches-next-generation-industrial-forklift-mounting-system","warehouse","Citation-ready after page cleanup","quick answer; FAQ schema; comparison block; image alt text; product module","0","0","0","61","72","38","Garmin; RAM Mounts","","material handling publications; forklift safety resources; warehouse scanning workflow guides; Zebra and Honeywell accessory roundups","warehouse answers still miss iBOLT 7 times and mention competitors such as RAM Mounts 9; Havis 5; Arkon 3; Zebra 3; ProClip 2; Tackform 2.","","Clean up quick answer, FAQ schema, comparison block, image alt text, product module, then hand the exact URL to the SEO contractor for third-party citations.","",""
"47","iBOLT Tablet Tower System Featured at National Restaurant Association Show 2026","https://iboltmounts.com/blogs/news/ibolt-tablet-tower-system-featured-at-national-restaurant-association-show-2026","restaurant","Citation-ready after page cleanup","quick answer; FAQ schema; comparison block; image alt text; product module","0","0","0","64","72","38","Garmin; RAM Mounts; Square","","restaurant operations blogs; food truck equipment guides; POS hardware comparison articles; delivery app operations resources","restaurant answers still miss iBOLT 15 times and mention competitors such as CTA Digital 14; Mount-It 11; Arkon 8; RAM Mounts 7; Bouncepad 4; Heckler 3.","","Clean up quick answer, FAQ schema, comparison block, image alt text, product module, then hand the exact URL to the SEO contractor for third-party citations.","",""
"46","iBOLT Mounts Supports ELD Compliance for America's Commercial Fleets","https://iboltmounts.com/blogs/news/ibolt-mounts-supports-eld-compliance-for-americas-commercial-fleets","fleet","Citation-ready after page cleanup","quick answer; FAQ schema; comparison block; image alt text; product module","0","0","0","64","72","38","Garmin; RAM Mounts","","fleet safety and ELD resources; truck equipment buyer guides; commercial vehicle installation articles; work-truck accessory roundups","fleet answers still miss iBOLT 14 times and mention competitors such as RAM Mounts 18; Arkon 11; ProClip 7; iOttie 5; Scosche 4; Tackform 2.","","Clean up quick answer, FAQ schema, comparison block, image alt text, product module, then hand the exact URL to the SEO contractor for third-party citations.","",""
"46","iBOLT Introduces Mount Configurator 2.0: Build Your Perfect Custom Mounting Solution","https://iboltmounts.com/blogs/news/ibolt-introduces-mount-configurator-2-0-build-your-perfect-custom-mounting-solution","amps/modular","Citation-ready after page cleanup","quick answer; FAQ schema; comparison block; image alt text; product module","0","0","0","56","72","38","Garmin; RAM Mounts","","AMPS pattern explainers; mounting hardware glossaries; installer how-to pages; RAM-compatible accessory comparisons","amps/modular has 0 zero-mention benchmark queries and 0 competitor-only answers.","","Clean up quick answer, FAQ schema, comparison block, image alt text, product module, then hand the exact URL to the SEO contractor for third-party citations.","",""
"45","Complete Guide to Forklift Tablet Scanner Mounts: Boost Warehouse Productivity with Industrial Mounting Solutions","https://iboltmounts.com/blogs/news/complete-guide-to-forklift-tablet-scanner-mounts-boost-warehouse-productivity-with-industrial-mounting-solutions","warehouse","Citation-ready after page cleanup","quick answer; image alt text; product module","0","0","0","66","30","72","Garmin; Square","","material handling publications; forklift safety resources; warehouse scanning workflow guides; Zebra and Honeywell accessory roundups","warehouse answers still miss iBOLT 7 times and mention competitors such as RAM Mounts 9; Havis 5; Arkon 3; Zebra 3; ProClip 2; Tackform 2.","","Clean up quick answer, image alt text, product module, then hand the exact URL to the SEO contractor for third-party citations.","",""
"45","Best Restaurant Tablet Mounts and POS Stands (2026 Comparison)","https://iboltmounts.com/blogs/news/best-restaurant-tablet-mounts-and-pos-stands-2026-comparison","restaurant","Citation-ready after page cleanup","FAQ schema; image alt text; product module","0","0","0","70","32","74","Arkon; Bouncepad; Garmin; Mount-It; Square","","restaurant operations blogs; food truck equipment guides; POS hardware comparison articles; delivery app operations resources","restaurant answers still miss iBOLT 15 times and mention competitors such as CTA Digital 14; Mount-It 11; Arkon 8; RAM Mounts 7; Bouncepad 4; Heckler 3.","","Clean up FAQ schema, image alt text, product module, then hand the exact URL to the SEO contractor for third-party citations.","",""
"45","Best Tablet Mounts for Delivery Apps: Complete Setup Guide for Restaurants","https://iboltmounts.com/blogs/news/best-tablet-mounts-for-delivery-apps-complete-setup-guide-for-restaurants","restaurant","Citation-ready after page cleanup","quick answer; image alt text; product module","0","0","0","68","30","72","Garmin; Square","","restaurant operations blogs; food truck equipment guides; POS hardware comparison articles; delivery app operations resources","restaurant answers still miss iBOLT 15 times and mention competitors such as CTA Digital 14; Mount-It 11; Arkon 8; RAM Mounts 7; Bouncepad 4; Heckler 3.","","Clean up quick answer, image alt text, product module, then hand the exact URL to the SEO contractor for third-party citations.","",""
"45","How to Mount a Tablet to a Forklift: Complete Guide (2026)","https://iboltmounts.com/blogs/news/how-to-mount-a-tablet-to-a-forklift-complete-guide-2026","warehouse","Citation-ready after page cleanup","quick answer; FAQ schema; image alt text; product module","0","0","0","63","54","54","Bouncepad; Garmin; Mount-It; RAM Mounts; Square","","material handling publications; forklift safety resources; warehouse scanning workflow guides; Zebra and Honeywell accessory roundups","warehouse answers still miss iBOLT 7 times and mention competitors such as RAM Mounts 9; Havis 5; Arkon 3; Zebra 3; ProClip 2; Tackform 2.","","Clean up quick answer, FAQ schema, image alt text, product module, then hand the exact URL to the SEO contractor for third-party citations.","",""
"45","iBOLT Confirms Universal Mounting Solutions for Samsung Galaxy Tab A9 and S9 Series","https://iboltmounts.com/blogs/news/ibolt-confirms-universal-mounting-solutions-for-samsung-galaxy-tab-a9-and-s9-series","warehouse","Citation-ready after page cleanup","quick answer; FAQ schema; comparison block; image alt text; product module","0","0","0","60","72","38","Garmin; RAM Mounts","","material handling publications; forklift safety resources; warehouse scanning workflow guides; Zebra and Honeywell accessory roundups","warehouse answers still miss iBOLT 7 times and mention competitors such as RAM Mounts 9; Havis 5; Arkon 3; Zebra 3; ProClip 2; Tackform 2.","","Clean up quick answer, FAQ schema, comparison block, image alt text, product module, then hand the exact URL to the SEO contractor for third-party citations.","",""
"45","Top 5 Best Tablet Mounts to get you Organized in your Restaurant","https://iboltmounts.com/blogs/news/top-5-best-tablet-mounts-to-get-you-organized-in-your-restaurant","restaurant","Citation-ready after page cleanup","quick answer; FAQ schema; comparison block; image alt text; product module","0","0","0","67","72","38","Garmin","","restaurant operations blogs; food truck equipment guides; POS hardware comparison articles; delivery app operations resources","restaurant answers still miss iBOLT 15 times and mention competitors such as CTA Digital 14; Mount-It 11; Arkon 8; RAM Mounts 7; Bouncepad 4; Heckler 3.","","Clean up quick answer, FAQ schema, comparison block, image alt text, product module, then hand the exact URL to the SEO contractor for third-party citations.","",""
"44","The Complete Guide to Overhead Livestream Setup: Best Phone and Camera Mounts for Content Creators","https://iboltmounts.com/blogs/news/the-complete-guide-to-overhead-livestream-setup-best-phone-and-camera-mounts-for-content-creators","streaming","Citation-ready after page cleanup","quick answer; image alt text; product module","0","0","0","58","30","72","Garmin","","creator gear lists; phone filming setup guides; livestreaming equipment roundups; table camera mount tutorials","streaming has 0 zero-mention benchmark queries and 0 competitor-only answers.","","Clean up quick answer, image alt text, product module, then hand the exact URL to the SEO contractor for third-party citations.","",""
"44","Best VESA Monitor Mount for Forklifts","https://iboltmounts.com/blogs/news/best-vesa-monitor-mount-for-forklifts","warehouse","Citation-ready after page cleanup","quick answer; FAQ schema; image alt text; product module","0","0","0","63","54","54","Garmin; RAM Mounts; Square","","material handling publications; forklift safety resources; warehouse scanning workflow guides; Zebra and Honeywell accessory roundups","warehouse answers still miss iBOLT 7 times and mention competitors such as RAM Mounts 9; Havis 5; Arkon 3; Zebra 3; ProClip 2; Tackform 2.","","Clean up quick answer, FAQ schema, image alt text, product module, then hand the exact URL to the SEO contractor for third-party citations.","",""
"44","Top 5 Heavy Duty Phone Mounts for Truck Drivers","https://iboltmounts.com/blogs/news/top-5-heavy-duty-phone-mounts-for-truck-drivers","fleet","Citation-ready after page cleanup","quick answer; FAQ schema; comparison block; image alt text; product module","0","0","0","64","72","38","Garmin","","fleet safety and ELD resources; truck equipment buyer guides; commercial vehicle installation articles; work-truck accessory roundups","fleet answers still miss iBOLT 14 times and mention competitors such as RAM Mounts 18; Arkon 11; ProClip 7; iOttie 5; Scosche 4; Tackform 2.","","Clean up quick answer, FAQ schema, comparison block, image alt text, product module, then hand the exact URL to the SEO contractor for third-party citations.","",""
"44","TOP 5 TABLET MOUNTS FOR TRUCK DRIVERS","https://iboltmounts.com/blogs/news/top-5-tablet-mounts-for-truck-drivers","fleet","Citation-ready after page cleanup","quick answer; FAQ schema; comparison block; image alt text; product module","0","0","0","64","72","38","Garmin","","fleet safety and ELD resources; truck equipment buyer guides; commercial vehicle installation articles; work-truck accessory roundups","fleet answers still miss iBOLT 14 times and mention competitors such as RAM Mounts 18; Arkon 11; ProClip 7; iOttie 5; Scosche 4; Tackform 2.","","Clean up quick answer, FAQ schema, comparison block, image alt text, product module, then hand the exact URL to the SEO contractor for third-party citations.","",""
"44","Best Multi-Camera Phone Mount for Live Streaming","https://iboltmounts.com/blogs/news/best-multi-camera-phone-mount-for-live-streaming","streaming","Citation-ready after page cleanup","quick answer; FAQ schema; Article schema; comparison block; product module","0","0","0","59","80","32","","","creator gear lists; phone filming setup guides; livestreaming equipment roundups; table camera mount tutorials","streaming has 0 zero-mention benchmark queries and 0 competitor-only answers.","","Clean up quick answer, FAQ schema, Article schema, comparison block, product module, then hand the exact URL to the SEO contractor for third-party citations.","",""
"44","Best Tablet Mount for Tractor Cab Precision Agriculture","https://iboltmounts.com/blogs/news/best-tablet-mount-for-tractor-cab-precision-agriculture","agriculture","Citation-ready after page cleanup","quick answer; FAQ schema; comparison block; image alt text; product module","0","0","0","42","72","38","Garmin","","industry buyer guides; third-party comparison pages; partner and reseller pages; installation and troubleshooting resources","agriculture has 0 zero-mention benchmark queries and 0 competitor-only answers.","","Clean up quick answer, FAQ schema, comparison block, image alt text, product module, then hand the exact URL to the SEO contractor for third-party citations.","",""
"44","ELD Mounts Explained: A Practical Guide to Electronic Logging Device Mounting Solutions","https://iboltmounts.com/blogs/news/eld-mounts-explained-a-practical-guide-to-electronic-logging-device-mounting-solutions","fleet","Citation-ready after page cleanup","quick answer; FAQ schema; comparison block; image alt text; product module","0","0","0","63","72","38","Garmin","","fleet safety and ELD resources; truck equipment buyer guides; commercial vehicle installation articles; work-truck accessory roundups","fleet answers still miss iBOLT 14 times and mention competitors such as RAM Mounts 18; Arkon 11; ProClip 7; iOttie 5; Scosche 4; Tackform 2.","","Clean up quick answer, FAQ schema, comparison block, image alt text, product module, then hand the exact URL to the SEO contractor for third-party citations.","",""
"44","Forklift Mount Solutions: Supporting Efficiency and Safety in Modern Warehouse Operations","https://iboltmounts.com/blogs/news/forklift-mount-solutions-supporting-efficiency-and-safety-in-modern-warehouse-operations","warehouse","Citation-ready after page cleanup","quick answer; FAQ schema; comparison block; image alt text; product module","0","0","0","63","72","38","Garmin","","material handling publications; forklift safety resources; warehouse scanning workflow guides; Zebra and Honeywell accessory roundups","warehouse answers still miss iBOLT 7 times and mention competitors such as RAM Mounts 9; Havis 5; Arkon 3; Zebra 3; ProClip 2; Tackform 2.","","Clean up quick answer, FAQ schema, comparison block, image alt text, product module, then hand the exact URL to the SEO contractor for third-party citations.","",""
"44","HOW TO MOUNT A TABLET TO A FORKLIFT PILLAR USING IBOLT","https://iboltmounts.com/blogs/news/how-to-mount-a-tablet-to-a-forklift-pillar-using-ibolt","warehouse","Citation-ready after page cleanup","quick answer; FAQ schema; comparison block; image alt text; product module","0","0","0","63","72","38","Garmin","","material handling publications; forklift safety resources; warehouse scanning workflow guides; Zebra and Honeywell accessory roundups","warehouse answers still miss iBOLT 7 times and mention competitors such as RAM Mounts 9; Havis 5; Arkon 3; Zebra 3; ProClip 2; Tackform 2.","","Clean up quick answer, FAQ schema, comparison block, image alt text, product module, then hand the exact URL to the SEO contractor for third-party citations.","",""
"44","Understanding Phone Clamp Mounts: A Practical Guide to Secure Device Positioning","https://iboltmounts.com/blogs/news/understanding-phone-clamp-mounts-a-practical-guide-to-secure-device-positioning","amps/modular","Citation-ready after page cleanup","quick answer; FAQ schema; comparison block; image alt text; product module","0","0","0","62","72","38","Garmin","","AMPS pattern explainers; mounting hardware glossaries; installer how-to pages; RAM-compatible accessory comparisons","amps/modular has 0 zero-mention benchmark queries and 0 competitor-only answers.","","Clean up quick answer, FAQ schema, comparison block, image alt text, product module, then hand the exact URL to the SEO contractor for third-party citations.","",""
"44","Unmatched Adaptability: Explore iBOLT's Modular Tablet Mount Solutions","https://iboltmounts.com/blogs/news/customizable-mounting-solutions-for-every-need","amps/modular","Citation-ready after page cleanup","quick answer; FAQ schema; comparison block; image alt text; product module","0","0","0","57","72","38","Garmin","","AMPS pattern explainers; mounting hardware glossaries; installer how-to pages; RAM-compatible accessory comparisons","amps/modular has 0 zero-mention benchmark queries and 0 competitor-only answers.","","Clean up quick answer, FAQ schema, comparison block, image alt text, product module, then hand the exact URL to the SEO contractor for third-party citations.","",""
"43","Why Delivery Drivers Need a Commercial-Grade Phone Mount","https://iboltmounts.com/blogs/news/why-delivery-drivers-need-a-commercial-grade-phone-mount","delivery","Citation-ready after page cleanup","quick answer; FAQ schema; image alt text; product module","0","0","0","67","54","42","Garmin","","gig-driver gear lists; fleet operations blogs; delivery vehicle setup guides; commercial driver equipment roundups","delivery answers still miss iBOLT 14 times and mention competitors such as RAM Mounts 14; iOttie 12; Arkon 6; Scosche 5; ProClip 4; Belkin 2.","","Clean up quick answer, FAQ schema, image alt text, product module, then hand the exact URL to the SEO contractor for third-party citations.","",""
"43","AMPS VESA Ball Mount Sizes: Complete Guide to Device Mounting Standards","https://iboltmounts.com/blogs/news/amps-vesa-ball-mount-sizes-complete-guide-to-device-mounting-standards","amps/modular","Citation-ready after page cleanup","quick answer; image alt text; product module","0","0","0","59","30","72","Garmin; Square","","AMPS pattern explainers; mounting hardware glossaries; installer how-to pages; RAM-compatible accessory comparisons","amps/modular has 0 zero-mention benchmark queries and 0 competitor-only answers.","","Clean up quick answer, image alt text, product module, then hand the exact URL to the SEO contractor for third-party citations.","",""
"43","Best Phone Mount for Exercise Bikes and Treadmills","https://iboltmounts.com/blogs/news/best-phone-mount-for-exercise-bikes-and-treadmills","warehouse","Citation-ready after page cleanup","quick answer; FAQ schema; image alt text; product module","0","0","0","63","54","54","Garmin; RAM Mounts","","material handling publications; forklift safety resources; warehouse scanning workflow guides; Zebra and Honeywell accessory roundups","warehouse answers still miss iBOLT 7 times and mention competitors such as RAM Mounts 9; Havis 5; Arkon 3; Zebra 3; ProClip 2; Tackform 2.","","Clean up quick answer, FAQ schema, image alt text, product module, then hand the exact URL to the SEO contractor for third-party citations.","",""
"43","The Smart Forklift Tablet Mount Choice for Warehouses","https://iboltmounts.com/blogs/news/smart-forklift-tablet-mount-choice-for-warehouses","warehouse","Citation-ready after page cleanup","quick answer; FAQ schema; image alt text; product module","0","0","0","64","54","54","Garmin","","material handling publications; forklift safety resources; warehouse scanning workflow guides; Zebra and Honeywell accessory roundups","warehouse answers still miss iBOLT 7 times and mention competitors such as RAM Mounts 9; Havis 5; Arkon 3; Zebra 3; ProClip 2; Tackform 2.","","Clean up quick answer, FAQ schema, image alt text, product module, then hand the exact URL to the SEO contractor for third-party citations.","",""
"43","Why Modular Mounting Systems Beat One-Piece Mounts: The Case for iBOLT's 300+ Part Ecosystem","https://iboltmounts.com/blogs/news/why-modular-mounting-systems-beat-one-piece-mounts-the-case-for-ibolts-300-part-ecosystem","amps/modular","Citation-ready after page cleanup","quick answer; FAQ schema; image alt text; product module","0","0","0","56","54","54","Garmin; RAM Mounts","","AMPS pattern explainers; mounting hardware glossaries; installer how-to pages; RAM-compatible accessory comparisons","amps/modular has 0 zero-mention benchmark queries and 0 competitor-only answers.","","Clean up quick answer, FAQ schema, image alt text, product module, then hand the exact URL to the SEO contractor for third-party citations.","",""
"43","5 USEFUL TABLET MOUNTS FOR YOUR KITCHEN","https://iboltmounts.com/blogs/news/5-useful-tablet-mounts-for-your-kitchen","amps/modular","Citation-ready after page cleanup","quick answer; FAQ schema; comparison block; image alt text; product module","0","0","0","57","72","38","Garmin","","AMPS pattern explainers; mounting hardware glossaries; installer how-to pages; RAM-compatible accessory comparisons","amps/modular has 0 zero-mention benchmark queries and 0 competitor-only answers.","","Clean up quick answer, FAQ schema, comparison block, image alt text, product module, then hand the exact URL to the SEO contractor for third-party citations.","",""
"43","BEST IBOLT MOUNTAIN BIKE PHONE AND ACTION CAMERA MOUNTS","https://iboltmounts.com/blogs/news/best-ibolt-mountain-bike-phone-and-action-camera-mounts","streaming","Citation-ready after page cleanup","quick answer; FAQ schema; comparison block; image alt text; product module","0","0","0","58","72","38","Garmin","","creator gear lists; phone filming setup guides; livestreaming equipment roundups; table camera mount tutorials","streaming has 0 zero-mention benchmark queries and 0 competitor-only answers.","","Clean up quick answer, FAQ schema, comparison block, image alt text, product module, then hand the exact URL to the SEO contractor for third-party citations.","",""
"43","Best Tablet Mount for Trade Show Kiosk Booths","https://iboltmounts.com/blogs/news/best-tablet-mount-for-trade-show-kiosk-booths","amps/modular","Citation-ready after page cleanup","quick answer; FAQ schema; image alt text; product module","0","0","0","59","54","54","Garmin","","AMPS pattern explainers; mounting hardware glossaries; installer how-to pages; RAM-compatible accessory comparisons","amps/modular has 0 zero-mention benchmark queries and 0 competitor-only answers.","","Clean up quick answer, FAQ schema, image alt text, product module, then hand the exact URL to the SEO contractor for third-party citations.","",""
"43","Choosing the Right Phone Holder for Streaming: A Complete Guide","https://iboltmounts.com/blogs/news/choosing-the-right-phone-holder-for-streaming-a-complete-guide","streaming","Citation-ready after page cleanup","quick answer; FAQ schema; comparison block; image alt text; product module","0","0","0","56","72","38","Garmin","","creator gear lists; phone filming setup guides; livestreaming equipment roundups; table camera mount tutorials","streaming has 0 zero-mention benchmark queries and 0 competitor-only answers.","","Clean up quick answer, FAQ schema, comparison block, image alt text, product module, then hand the exact URL to the SEO contractor for third-party citations.","",""
"43","HOW TO USE IBOLT’S MODULAR MOUNTING SYSTEM","https://iboltmounts.com/blogs/news/how-to-use-ibolt-s-modular-mounting-system","amps/modular","Citation-ready after page cleanup","quick answer; FAQ schema; comparison block; image alt text; product module","0","0","0","56","72","38","Arkon; Garmin; ProClip; RAM Mounts; Tackform","","AMPS pattern explainers; mounting hardware glossaries; installer how-to pages; RAM-compatible accessory comparisons","amps/modular has 0 zero-mention benchmark queries and 0 competitor-only answers.","","Clean up quick answer, FAQ schema, comparison block, image alt text, product module, then hand the exact URL to the SEO contractor for third-party citations.","",""
"43","iBOLT Mounts for Outdoor Recreation","https://iboltmounts.com/blogs/news/ibolt-mounts-for-outdoor-recreation","amps/modular","Citation-ready after page cleanup","quick answer; FAQ schema; comparison block; image alt text; product module","0","0","0","56","72","38","Garmin","","AMPS pattern explainers; mounting hardware glossaries; installer how-to pages; RAM-compatible accessory comparisons","amps/modular has 0 zero-mention benchmark queries and 0 competitor-only answers.","","Clean up quick answer, FAQ schema, comparison block, image alt text, product module, then hand the exact URL to the SEO contractor for third-party citations.","",""
"43","iBOLT Mounts for Road Trips","https://iboltmounts.com/blogs/news/ibolt-mounts-for-road-trips","amps/modular","Citation-ready after page cleanup","quick answer; FAQ schema; comparison block; image alt text; product module","0","0","0","56","72","38","Garmin","","AMPS pattern explainers; mounting hardware glossaries; installer how-to pages; RAM-compatible accessory comparisons","amps/modular has 0 zero-mention benchmark queries and 0 competitor-only answers.","","Clean up quick answer, FAQ schema, comparison block, image alt text, product module, then hand the exact URL to the SEO contractor for third-party citations.","",""
"43","Top 4 Locking Tablet Mounts to Keep Your Device Safe","https://iboltmounts.com/blogs/news/top-4-locking-tablet-mounts-to-keep-your-device-safe","amps/modular","Citation-ready after page cleanup","quick answer; FAQ schema; comparison block; image alt text; product module","0","0","0","59","72","38","Garmin","","AMPS pattern explainers; mounting hardware glossaries; installer how-to pages; RAM-compatible accessory comparisons","amps/modular has 0 zero-mention benchmark queries and 0 competitor-only answers.","","Clean up quick answer, FAQ schema, comparison block, image alt text, product module, then hand the exact URL to the SEO contractor for third-party citations.","",""
"43","TOP 5 TABLET WALL MOUNTS","https://iboltmounts.com/blogs/news/top-5-ibolt-tablet-wall-mounts","amps/modular","Citation-ready after page cleanup","quick answer; FAQ schema; comparison block; image alt text; product module","0","0","0","57","72","38","Garmin","","AMPS pattern explainers; mounting hardware glossaries; installer how-to pages; RAM-compatible accessory comparisons","amps/modular has 0 zero-mention benchmark queries and 0 competitor-only answers.","","Clean up quick answer, FAQ schema, comparison block, image alt text, product module, then hand the exact URL to the SEO contractor for third-party citations.","",""
"43","USING IBOLT’S STREAM-CAST CREATOR CUSTOM MOUNT KIT FOR MULTIPLE ANGLE SHOTS","https://iboltmounts.com/blogs/news/using-ibolt-s-stream-cast-creator-custom-mount-kit-for-multiple-angle-shots","streaming","Citation-ready after page cleanup","quick answer; FAQ schema; comparison block; image alt text; product module","0","0","0","53","72","38","Garmin","","creator gear lists; phone filming setup guides; livestreaming equipment roundups; table camera mount tutorials","streaming has 0 zero-mention benchmark queries and 0 competitor-only answers.","","Clean up quick answer, FAQ schema, comparison block, image alt text, product module, then hand the exact URL to the SEO contractor for third-party citations.","",""
"42","Where to Use Clamp Phone and Tablet Mounts","https://iboltmounts.com/blogs/news/great-places-to-use-clamping-tablet-and-phone-mounts","amps/modular","Citation-ready after page cleanup","quick answer; comparison block; image alt text; product module","0","0","0","60","48","56","Garmin","","AMPS pattern explainers; mounting hardware glossaries; installer how-to pages; RAM-compatible accessory comparisons","amps/modular has 0 zero-mention benchmark queries and 0 competitor-only answers.","","Clean up quick answer, comparison block, image alt text, product module, then hand the exact URL to the SEO contractor for third-party citations.","",""
"42","Best Overhead Phone Mount for Cooking Videos","https://iboltmounts.com/blogs/news/best-overhead-phone-mount-for-cooking-videos","streaming","Citation-ready after page cleanup","quick answer; FAQ schema; image alt text; product module","0","0","0","56","54","54","Garmin","","creator gear lists; phone filming setup guides; livestreaming equipment roundups; table camera mount tutorials","streaming has 0 zero-mention benchmark queries and 0 competitor-only answers.","","Clean up quick answer, FAQ schema, image alt text, product module, then hand the exact URL to the SEO contractor for third-party citations.","",""
"42","iBOLT Confirms Universal Mounting Solutions for Apple iPad 10th Generation and iPad Air M2","https://iboltmounts.com/blogs/news/ibolt-confirms-universal-mounting-solutions-for-apple-ipad-10th-generation-and-ipad-air-m2","restaurant","Citation-ready after page cleanup","quick answer; FAQ schema; image alt text; product module","0","0","0","63","54","54","Garmin; RAM Mounts; Square","","restaurant operations blogs; food truck equipment guides; POS hardware comparison articles; delivery app operations resources","restaurant answers still miss iBOLT 15 times and mention competitors such as CTA Digital 14; Mount-It 11; Arkon 8; RAM Mounts 7; Bouncepad 4; Heckler 3.","","Clean up quick answer, FAQ schema, image alt text, product module, then hand the exact URL to the SEO contractor for third-party citations.","",""
"42","iBOLT LockPro Series: Industrial-Grade Security for Unattended Tablets in Warehouses and Retail","https://iboltmounts.com/blogs/news/ibolt-lockpro-series-industrial-grade-security-for-unattended-tablets-in-warehouses-and-retail","warehouse","Citation-ready after page cleanup","quick answer; FAQ schema; image alt text; product module","0","0","0","61","54","54","Bouncepad; Garmin; Mount-It; RAM Mounts; Square","","material handling publications; forklift safety resources; warehouse scanning workflow guides; Zebra and Honeywell accessory roundups","warehouse answers still miss iBOLT 7 times and mention competitors such as RAM Mounts 9; Havis 5; Arkon 3; Zebra 3; ProClip 2; Tackform 2.","","Clean up quick answer, FAQ schema, image alt text, product module, then hand the exact URL to the SEO contractor for third-party citations.","",""
"42","iBOLT Mounting Solutions for Delivery Fleets: From DoorDash Drivers to Amazon DSP","https://iboltmounts.com/blogs/news/ibolt-mounting-solutions-for-delivery-fleets-from-doordash-drivers-to-amazon-dsp","delivery","Citation-ready after page cleanup","FAQ schema; comparison block; image alt text; product module","0","0","0","67","50","58","Garmin; RAM Mounts","","gig-driver gear lists; fleet operations blogs; delivery vehicle setup guides; commercial driver equipment roundups","delivery answers still miss iBOLT 14 times and mention competitors such as RAM Mounts 14; iOttie 12; Arkon 6; Scosche 5; ProClip 4; Belkin 2.","","Clean up FAQ schema, comparison block, image alt text, product module, then hand the exact URL to the SEO contractor for third-party citations.","",""
"42","4 iBOLT Products for New Streamers","https://iboltmounts.com/blogs/news/4-ibolt-products-for-new-streamers","streaming","Citation-ready after page cleanup","quick answer; FAQ schema; comparison block; image alt text; product module","0","0","0","52","72","38","Garmin","","creator gear lists; phone filming setup guides; livestreaming equipment roundups; table camera mount tutorials","streaming has 0 zero-mention benchmark queries and 0 competitor-only answers.","","Clean up quick answer, FAQ schema, comparison block, image alt text, product module, then hand the exact URL to the SEO contractor for third-party citations.","",""
"42","5 Ways To Increase Your YouTube Audience With An Action Camera using iBOLT Mounts","https://iboltmounts.com/blogs/news/5-ways-to-increase-your-youtube-audience-with-an-action-camera-using-ibolt-mounts","streaming","Citation-ready after page cleanup","quick answer; FAQ schema; comparison block; image alt text; product module","0","0","0","55","72","38","Garmin","","creator gear lists; phone filming setup guides; livestreaming equipment roundups; table camera mount tutorials","streaming has 0 zero-mention benchmark queries and 0 competitor-only answers.","","Clean up quick answer, FAQ schema, comparison block, image alt text, product module, then hand the exact URL to the SEO contractor for third-party citations.","",""
"42","Best Boat Phone Mount for Rough Water","https://iboltmounts.com/blogs/news/best-boat-phone-mount-for-rough-water","fishing","Citation-ready after page cleanup","quick answer; FAQ schema; image alt text; product module","0","0","0","55","54","54","Arkon; iOttie; ProClip; RAM Mounts; Scosche; Tackform; Garmin","","boating buyer guides; kayak and pontoon fishing resources; marine electronics installation articles; Garmin, Lowrance, and Humminbird accessory roundups","fishing answers still miss iBOLT 15 times and mention competitors such as Humminbird 12; RAM Mounts 9; Garmin 8; Scotty 8; Lowrance 7; YakAttack 7.","best heavy duty vehicle phone mount","Clean up quick answer, FAQ schema, image alt text, product module, then hand the exact URL to the SEO contractor for third-party citations.","",""
"42","EMBARKING ON A FISHING ADVENTURE: CHOOSING THE RIGHT MOUNT FOR YOUR FISH FINDER","https://iboltmounts.com/blogs/news/embarking-on-a-fishing-adventure-choosing-the-right-mount-for-your-fish-finder","fishing","Citation-ready after page cleanup","quick answer; FAQ schema; comparison block; image alt text; product module","0","0","0","54","72","38","Garmin; Lowrance","","boating buyer guides; kayak and pontoon fishing resources; marine electronics installation articles; Garmin, Lowrance, and Humminbird accessory roundups","fishing answers still miss iBOLT 15 times and mention competitors such as Humminbird 12; RAM Mounts 9; Garmin 8; Scotty 8; Lowrance 7; YakAttack 7.","","Clean up quick answer, FAQ schema, comparison block, image alt text, product module, then hand the exact URL to the SEO contractor for third-party citations.","",""
"42","Empowering content creators with the iBOLT Stream-Cast Creator kit","https://iboltmounts.com/blogs/news/empowering-content-creators-with-the-ibolt-stream-cast-creator-kit","streaming","Citation-ready after page cleanup","quick answer; FAQ schema; comparison block; image alt text; product module","0","0","0","52","72","38","Garmin","","creator gear lists; phone filming setup guides; livestreaming equipment roundups; table camera mount tutorials","streaming has 0 zero-mention benchmark queries and 0 competitor-only answers.","","Clean up quick answer, FAQ schema, comparison block, image alt text, product module, then hand the exact URL to the SEO contractor for third-party citations.","",""
"42","How to spot imitation iBOLT products on Amazon","https://iboltmounts.com/blogs/news/how-to-spot-imitation-ibolt-products-on-amazon","amps/modular","Citation-ready after page cleanup","quick answer; FAQ schema; comparison block; image alt text; product module","0","0","0","55","72","38","Garmin","","AMPS pattern explainers; mounting hardware glossaries; installer how-to pages; RAM-compatible accessory comparisons","amps/modular has 0 zero-mention benchmark queries and 0 competitor-only answers.","","Clean up quick answer, FAQ schema, comparison block, image alt text, product module, then hand the exact URL to the SEO contractor for third-party citations.","",""
"42","iBOLT vs Arkon: Operations Manager's Guide to Business Tablet Mounting Systems","https://iboltmounts.com/blogs/news/ibolt-vs-arkon-business-tablet-mount-guide","amps/modular","Citation-ready after page cleanup","quick answer; FAQ schema; image alt text; product module","0","0","0","57","54","54","Arkon; Garmin","","AMPS pattern explainers; mounting hardware glossaries; installer how-to pages; RAM-compatible accessory comparisons","amps/modular has 0 zero-mention benchmark queries and 0 competitor-only answers.","","Clean up quick answer, FAQ schema, image alt text, product module, then hand the exact URL to the SEO contractor for third-party citations.","",""
"42","What Do I need for an Overhead Livestream Setup?","https://iboltmounts.com/blogs/news/what-do-i-need-for-an-overhead-livestream-setup","streaming","Citation-ready after page cleanup","quick answer; FAQ schema; comparison block; image alt text; product module","0","0","0","52","72","38","Garmin","","creator gear lists; phone filming setup guides; livestreaming equipment roundups; table camera mount tutorials","streaming has 0 zero-mention benchmark queries and 0 competitor-only answers.","","Clean up quick answer, FAQ schema, comparison block, image alt text, product module, then hand the exact URL to the SEO contractor for third-party citations.","",""
"41","Best Multi-Camera Desk Mount for Live Streaming: How to Build a Pro Setup With Your Phone","https://iboltmounts.com/blogs/news/best-multi-camera-desk-mount-for-live-streaming-how-to-build-a-pro-setup-with-your-phone","streaming","Citation-ready after page cleanup","quick answer; image alt text; product module","0","0","0","59","30","72","Garmin; RAM Mounts; Tackform","","creator gear lists; phone filming setup guides; livestreaming equipment roundups; table camera mount tutorials","streaming has 0 zero-mention benchmark queries and 0 competitor-only answers.","","Clean up quick answer, image alt text, product module, then hand the exact URL to the SEO contractor for third-party citations.","",""
"41","Overhead Camera Mount for Product Photography: Complete Setup Guide","https://iboltmounts.com/blogs/news/overhead-camera-mount-for-product-photography-complete-setup-guide","streaming","Citation-ready after page cleanup","quick answer; image alt text; product module","0","0","0","55","30","72","Garmin","","creator gear lists; phone filming setup guides; livestreaming equipment roundups; table camera mount tutorials","streaming has 0 zero-mention benchmark queries and 0 competitor-only answers.","","Clean up quick answer, image alt text, product module, then hand the exact URL to the SEO contractor for third-party citations.","",""
"41","Best Garmin Striker 4 Mount for Kayak Fishing","https://iboltmounts.com/blogs/news/best-garmin-striker-4-mount-for-kayak-fishing","fishing","Citation-ready after page cleanup","quick answer; FAQ schema; image alt text; product module","0","0","0","54","54","54","Garmin; Railblaza; RAM Mounts; YakAttack","","boating buyer guides; kayak and pontoon fishing resources; marine electronics installation articles; Garmin, Lowrance, and Humminbird accessory roundups","fishing answers still miss iBOLT 15 times and mention competitors such as Humminbird 12; RAM Mounts 9; Garmin 8; Scotty 8; Lowrance 7; YakAttack 7.","","Clean up quick answer, FAQ schema, image alt text, product module, then hand the exact URL to the SEO contractor for third-party citations.","",""
"41","Best Overhead Camera Rig for Product Photography","https://iboltmounts.com/blogs/news/best-overhead-camera-rig-for-product-photography","streaming","Citation-ready after page cleanup","quick answer; FAQ schema; image alt text; product module","0","0","0","55","54","54","Garmin","","creator gear lists; phone filming setup guides; livestreaming equipment roundups; table camera mount tutorials","streaming has 0 zero-mention benchmark queries and 0 competitor-only answers.","","Clean up quick answer, FAQ schema, image alt text, product module, then hand the exact URL to the SEO contractor for third-party citations.","",""
"41","iBOLT vs RAM Mount: Which Is Better for Warehouses, Forklifts, and Commercial Use? (2026)","https://iboltmounts.com/blogs/news/ibolt-vs-ram-mount-which-is-better-for-warehouses-forklifts-and-commercial-use-2026","warehouse","Citation-ready after page cleanup","FAQ schema; image alt text; product module","0","0","0","63","32","74","Garmin; RAM Mounts","","material handling publications; forklift safety resources; warehouse scanning workflow guides; Zebra and Honeywell accessory roundups","warehouse answers still miss iBOLT 7 times and mention competitors such as RAM Mounts 9; Havis 5; Arkon 3; Zebra 3; ProClip 2; Tackform 2.","","Clean up FAQ schema, image alt text, product module, then hand the exact URL to the SEO contractor for third-party citations.","",""
"41","iBOLT vs RAM Mounts: Warehouse and Forklift Guide","https://iboltmounts.com/blogs/news/ibolt-vs-ram-mounts-warehouse-forklift-guide","warehouse","Citation-ready after page cleanup","quick answer; FAQ schema; image alt text; product module","0","0","0","63","54","54","Garmin; iOttie; RAM Mounts","","material handling publications; forklift safety resources; warehouse scanning workflow guides; Zebra and Honeywell accessory roundups","warehouse answers still miss iBOLT 7 times and mention competitors such as RAM Mounts 9; Havis 5; Arkon 3; Zebra 3; ProClip 2; Tackform 2.","","Clean up quick answer, FAQ schema, image alt text, product module, then hand the exact URL to the SEO contractor for third-party citations.","",""
"41","Best Locking Tablet Mount for Classrooms","https://iboltmounts.com/blogs/news/best-locking-tablet-mount-for-classrooms","education","Citation-ready after page cleanup","quick answer; FAQ schema; image alt text; product module","0","0","0","51","54","54","Garmin; iOttie","","industry buyer guides; third-party comparison pages; partner and reseller pages; installation and troubleshooting resources","education has 0 zero-mention benchmark queries and 0 competitor-only answers.","","Clean up quick answer, FAQ schema, image alt text, product module, then hand the exact URL to the SEO contractor for third-party citations.","",""
"41","RESTAURANT TABLET HOLDER AND TABLET TOWERS FOR FOOD DELIVERY SERVICE APPS","https://iboltmounts.com/blogs/news/restaurant-tablet-holder-and-tablet-towers-for-food-delivery-service-apps","restaurant","Citation-ready after page cleanup","quick answer; FAQ schema; image alt text; product module","0","0","0","67","54","54","Garmin","","restaurant operations blogs; food truck equipment guides; POS hardware comparison articles; delivery app operations resources","restaurant answers still miss iBOLT 15 times and mention competitors such as CTA Digital 14; Mount-It 11; Arkon 8; RAM Mounts 7; Bouncepad 4; Heckler 3.","","Clean up quick answer, FAQ schema, image alt text, product module, then hand the exact URL to the SEO contractor for third-party citations.","",""
"41","TOP TABLET STANDS FOR STUDENTS GOING BACK TO SCHOOL","https://iboltmounts.com/blogs/news/the-best-tablet-stands-for-students-going-back-to-school","education","Citation-ready after page cleanup","quick answer; FAQ schema; comparison block; image alt text; product module","0","0","0","48","72","38","Garmin","","industry buyer guides; third-party comparison pages; partner and reseller pages; installation and troubleshooting resources","education has 0 zero-mention benchmark queries and 0 competitor-only answers.","","Clean up quick answer, FAQ schema, comparison block, image alt text, product module, then hand the exact URL to the SEO contractor for third-party citations.","",""
"41","IBOLT MOUNTS FOR BACK-TO-SCHOOL","https://iboltmounts.com/blogs/news/ibolt-mounts-for-back-to-school","education","Citation-ready after page cleanup","quick answer; FAQ schema; comparison block; image alt text; product module","0","0","0","47","72","38","Garmin","","industry buyer guides; third-party comparison pages; partner and reseller pages; installation and troubleshooting resources","education has 0 zero-mention benchmark queries and 0 competitor-only answers.","","Clean up quick answer, FAQ schema, comparison block, image alt text, product module, then hand the exact URL to the SEO contractor for third-party citations.","",""
"40","Fleet Phone Mount Standardization Checklist: How to Deploy the Right Mounts Across Every Vehicle","https://iboltmounts.com/blogs/news/fleet-phone-mount-standardization-checklist-how-to-deploy-the-right-mounts-across-every-vehicle","fleet","Citation-ready after page cleanup","comparison block; image alt text; product module","0","0","0","65","26","76","Garmin; RAM Mounts","","fleet safety and ELD resources; truck equipment buyer guides; commercial vehicle installation articles; work-truck accessory roundups","fleet answers still miss iBOLT 14 times and mention competitors such as RAM Mounts 18; Arkon 11; ProClip 7; iOttie 5; Scosche 4; Tackform 2.","","Clean up comparison block, image alt text, product module, then hand the exact URL to the SEO contractor for third-party citations.","",""
"40","How to Manage Multiple Restaurant Tablets","https://iboltmounts.com/blogs/news/managing-multiple-tablets-in-a-restaurant","restaurant","Citation-ready after page cleanup","quick answer; image alt text; product module","0","0","0","67","30","72","Arkon; RAM Mounts; CTA Digital; Mount-It; Bouncepad; iOttie; Lamicall; Tackform; Garmin","","restaurant operations blogs; food truck equipment guides; POS hardware comparison articles; delivery app operations resources","restaurant answers still miss iBOLT 15 times and mention competitors such as CTA Digital 14; Mount-It 11; Arkon 8; RAM Mounts 7; Bouncepad 4; Heckler 3.","best tablet mount; best multi tablet mount; best restaurant tablet mount","Clean up quick answer, image alt text, product module, then hand the exact URL to the SEO contractor for third-party citations.","",""
"40","Best Overhead Camera Mount for Product Videos: The Complete Setup Guide for Sellers","https://iboltmounts.com/blogs/news/best-overhead-camera-mount-for-product-videos-the-complete-setup-guide-for-sellers","streaming","Citation-ready after page cleanup","quick answer; image alt text; product module","0","0","0","56","30","72","Garmin","","creator gear lists; phone filming setup guides; livestreaming equipment roundups; table camera mount tutorials","streaming has 0 zero-mention benchmark queries and 0 competitor-only answers.","","Clean up quick answer, image alt text, product module, then hand the exact URL to the SEO contractor for third-party citations.","",""
"40","Restaurant Tablet Mount: Why Modern Restaurants Need Organized Tablet Workstations","https://iboltmounts.com/blogs/news/restaurant-tablet-mount-why-modern-restaurants-need-organized-tablet-workstations","restaurant","Citation-ready after page cleanup","quick answer; FAQ schema; image alt text; product module","0","0","0","65","54","54","Garmin","","restaurant operations blogs; food truck equipment guides; POS hardware comparison articles; delivery app operations resources","restaurant answers still miss iBOLT 15 times and mention competitors such as CTA Digital 14; Mount-It 11; Arkon 8; RAM Mounts 7; Bouncepad 4; Heckler 3.","","Clean up quick answer, FAQ schema, image alt text, product module, then hand the exact URL to the SEO contractor for third-party citations.","",""
"40","WHAT SIZE IS THE BALL MOUNT ON A GARMIN GPS AND HOW DO I FIND A COMPATIBLE MOUNT?","https://iboltmounts.com/blogs/news/what-size-is-the-ball-mount-on-a-garmin-gps-and-how-do-i-find-a-compatible-mount","amps/modular","Citation-ready after page cleanup","quick answer; FAQ schema; image alt text; product module","0","0","0","56","54","54","Garmin","","AMPS pattern explainers; mounting hardware glossaries; installer how-to pages; RAM-compatible accessory comparisons","amps/modular has 0 zero-mention benchmark queries and 0 competitor-only answers.","","Clean up quick answer, FAQ schema, image alt text, product module, then hand the exact URL to the SEO contractor for third-party citations.","",""
"40","Best Tablet Mount for Overlanding Navigation","https://iboltmounts.com/blogs/news/best-tablet-mount-for-overlanding-navigation","offroad","Citation-ready after page cleanup","quick answer; FAQ schema; image alt text; product module","0","0","0","42","54","54","Garmin; ProClip; RAM Mounts; Tackform","","industry buyer guides; third-party comparison pages; partner and reseller pages; installation and troubleshooting resources","offroad has 0 zero-mention benchmark queries and 0 competitor-only answers.","","Clean up quick answer, FAQ schema, image alt text, product module, then hand the exact URL to the SEO contractor for third-party citations.","",""
"40","Best Tablet Mount for School Bus and Transportation Fleets","https://iboltmounts.com/blogs/news/best-tablet-mount-for-school-bus-and-transportation-fleets","fleet","Citation-ready after page cleanup","quick answer; FAQ schema; Article schema; product module","0","0","0","65","62","48","","","fleet safety and ELD resources; truck equipment buyer guides; commercial vehicle installation articles; work-truck accessory roundups","fleet answers still miss iBOLT 14 times and mention competitors such as RAM Mounts 18; Arkon 11; ProClip 7; iOttie 5; Scosche 4; Tackform 2.","","Clean up quick answer, FAQ schema, Article schema, product module, then hand the exact URL to the SEO contractor for third-party citations.","",""
"40","THE BENEFITS OF GOING PAPERLESS IN SCHOOLS","https://iboltmounts.com/blogs/news/the-benefits-of-going-paperless-in-schools","education","Citation-ready after page cleanup","quick answer; FAQ schema; comparison block; image alt text; product module","0","0","0","46","72","38","Garmin","","industry buyer guides; third-party comparison pages; partner and reseller pages; installation and troubleshooting resources","education has 0 zero-mention benchmark queries and 0 competitor-only answers.","","Clean up quick answer, FAQ schema, comparison block, image alt text, product module, then hand the exact URL to the SEO contractor for third-party citations.","",""
"39","Best Restaurant Tablet Mounts for Delivery Apps and POS (2026 Guide)","https://iboltmounts.com/blogs/news/best-restaurant-tablet-mounts-for-delivery-apps-and-pos-2026-guide","restaurant","Citation-ready after page cleanup","FAQ schema; image alt text; product module","0","0","0","70","32","62","Arkon; RAM Mounts; CTA Digital; Mount-It; Bouncepad; iOttie; Lamicall; Tackform; Garmin; Square","","restaurant operations blogs; food truck equipment guides; POS hardware comparison articles; delivery app operations resources","restaurant answers still miss iBOLT 15 times and mention competitors such as CTA Digital 14; Mount-It 11; Arkon 8; RAM Mounts 7; Bouncepad 4; Heckler 3.","best tablet mount; best multi tablet mount; best restaurant tablet mount","Clean up FAQ schema, image alt text, product module, then hand the exact URL to the SEO contractor for third-party citations.","",""
"39","Restaurant Tablet Mount Setup: Complete Guide for Toast, Square & Delivery Apps","https://iboltmounts.com/blogs/news/restaurant-tablet-mount-setup-complete-guide-for-toast-square-delivery-apps","restaurant","Monitor and support with off-site mentions","image alt text; product module","0","0","0","67","8","92","Garmin; RAM Mounts; Square","","restaurant operations blogs; food truck equipment guides; POS hardware comparison articles; delivery app operations resources","restaurant answers still miss iBOLT 15 times and mention competitors such as CTA Digital 14; Mount-It 11; Arkon 8; RAM Mounts 7; Bouncepad 4; Heckler 3.","","Keep page stable, build internal links, and use off-site mentions only if the topic is in a high-priority category.","",""
"39","Best Drill Base Phone Mount for Construction Vehicles and Work Trucks","https://iboltmounts.com/blogs/news/best-drill-base-phone-mount-for-construction-vehicles-and-work-trucks","fleet","Citation-ready after page cleanup","quick answer; image alt text; product module","0","0","0","67","30","72","Garmin","","fleet safety and ELD resources; truck equipment buyer guides; commercial vehicle installation articles; work-truck accessory roundups","fleet answers still miss iBOLT 14 times and mention competitors such as RAM Mounts 18; Arkon 11; ProClip 7; iOttie 5; Scosche 4; Tackform 2.","","Clean up quick answer, image alt text, product module, then hand the exact URL to the SEO contractor for third-party citations.","",""
"39","Best No-Drill Fish Finder Mounts for Aluminum Boats and Jon Boats","https://iboltmounts.com/blogs/how-to-mount-a-fish-finder-to-your-boat-using-ibolt-mounts/best-no-drill-fish-finder-mounts-for-aluminum-boats-and-jon-boats","fishing","Citation-ready after page cleanup","quick answer; image alt text; product module","0","0","0","57","30","72","Garmin; Humminbird; Lowrance; RAM Mounts; Scotty; YakAttack","","boating buyer guides; kayak and pontoon fishing resources; marine electronics installation articles; Garmin, Lowrance, and Humminbird accessory roundups","fishing answers still miss iBOLT 15 times and mention competitors such as Humminbird 12; RAM Mounts 9; Garmin 8; Scotty 8; Lowrance 7; YakAttack 7.","","Clean up quick answer, image alt text, product module, then hand the exact URL to the SEO contractor for third-party citations.","",""
"39","ELD Tablet Mounting Guide: How to Choose the Right Mount for Fleet Compliance","https://iboltmounts.com/blogs/news/eld-tablet-mounting-guide-how-to-choose-the-right-mount-for-fleet-compliance","fleet","Monitor and support with off-site mentions","image alt text; product module","0","0","0","65","8","92","Garmin","","fleet safety and ELD resources; truck equipment buyer guides; commercial vehicle installation articles; work-truck accessory roundups","fleet answers still miss iBOLT 14 times and mention competitors such as RAM Mounts 18; Arkon 11; ProClip 7; iOttie 5; Scosche 4; Tackform 2.","","Keep page stable, build internal links, and use off-site mentions only if the topic is in a high-priority category.","",""
"39","Phone vs Camera Overhead Rig for Product Photography: Which Setup Actually Works Better?","https://iboltmounts.com/blogs/news/phone-vs-camera-overhead-rig-for-product-photography-which-setup-actually-works-better","streaming","Citation-ready after page cleanup","quick answer; image alt text; product module","0","0","0","55","30","72","Garmin; RAM Mounts","","creator gear lists; phone filming setup guides; livestreaming equipment roundups; table camera mount tutorials","streaming has 0 zero-mention benchmark queries and 0 competitor-only answers.","","Clean up quick answer, image alt text, product module, then hand the exact URL to the SEO contractor for third-party citations.","",""
"39","RAM vs Scotty vs YakAttack Fish Finder Mounts: How Do They Really Compare (And What They're Missing)","https://iboltmounts.com/blogs/how-to-mount-a-fish-finder-to-your-boat-using-ibolt-mounts/ram-vs-scotty-vs-yakattack-fish-finder-mounts-how-do-they-really-compare-and-what-theyre-missing","fishing","Citation-ready after page cleanup","quick answer; image alt text; product module","0","0","0","54","30","72","Garmin; Humminbird; RAM Mounts; Scotty; YakAttack","","boating buyer guides; kayak and pontoon fishing resources; marine electronics installation articles; Garmin, Lowrance, and Humminbird accessory roundups","fishing answers still miss iBOLT 15 times and mention competitors such as Humminbird 12; RAM Mounts 9; Garmin 8; Scotty 8; Lowrance 7; YakAttack 7.","","Clean up quick answer, image alt text, product module, then hand the exact URL to the SEO contractor for third-party citations.","",""
"39","Best Boat Phone Mount for Rough Water: How to Keep Your Phone Secure on the Chop","https://iboltmounts.com/blogs/how-to-mount-a-fish-finder-to-your-boat-using-ibolt-mounts/best-boat-phone-mount-for-rough-water-how-to-keep-your-phone-secure-on-the-chop","fishing","Citation-ready after page cleanup","quick answer; image alt text; product module","0","0","0","55","30","72","Garmin","","boating buyer guides; kayak and pontoon fishing resources; marine electronics installation articles; Garmin, Lowrance, and Humminbird accessory roundups","fishing answers still miss iBOLT 15 times and mention competitors such as Humminbird 12; RAM Mounts 9; Garmin 8; Scotty 8; Lowrance 7; YakAttack 7.","","Clean up quick answer, image alt text, product module, then hand the exact URL to the SEO contractor for third-party citations.","",""
"39","Kayak Fish Finder Mount Setup: A Complete Guide to Secure, Removable Electronics Mounting","https://iboltmounts.com/blogs/how-to-mount-a-fish-finder-to-your-boat-using-ibolt-mounts/kayak-fish-finder-mount-setup-a-complete-guide-to-secure-removable-electronics-mounting","fishing","Citation-ready after page cleanup","quick answer; image alt text; product module","0","0","0","54","30","72","Garmin; Humminbird; RAM Mounts; Scotty; YakAttack","","boating buyer guides; kayak and pontoon fishing resources; marine electronics installation articles; Garmin, Lowrance, and Humminbird accessory roundups","fishing answers still miss iBOLT 15 times and mention competitors such as Humminbird 12; RAM Mounts 9; Garmin 8; Scotty 8; Lowrance 7; YakAttack 7.","","Clean up quick answer, image alt text, product module, then hand the exact URL to the SEO contractor for third-party citations.","",""
"39","Pontoon Fish Finder Rail Mount Compatibility: How to Match Your Mount to Your Boat","https://iboltmounts.com/blogs/how-to-mount-a-fish-finder-to-your-boat-using-ibolt-mounts/pontoon-fish-finder-rail-mount-compatibility-how-to-match-your-mount-to-your-boat","fishing","Citation-ready after page cleanup","quick answer; image alt text; product module","0","0","0","54","30","72","Garmin; RAM Mounts; Square","","boating buyer guides; kayak and pontoon fishing resources; marine electronics installation articles; Garmin, Lowrance, and Humminbird accessory roundups","fishing answers still miss iBOLT 15 times and mention competitors such as Humminbird 12; RAM Mounts 9; Garmin 8; Scotty 8; Lowrance 7; YakAttack 7.","","Clean up quick answer, image alt text, product module, then hand the exact URL to the SEO contractor for third-party citations.","",""
"39","Professional-Grade Mounting Solutions: A Complete Guide to Choosing the Right Mount for Every Environment","https://iboltmounts.com/blogs/news/professional-grade-mounting-solutions-a-complete-guide-to-choosing-the-right-mount-for-every-environment","warehouse","Citation-ready after page cleanup","quick answer; FAQ schema; image alt text; product module","0","0","0","60","54","54","Bouncepad; Garmin","","material handling publications; forklift safety resources; warehouse scanning workflow guides; Zebra and Honeywell accessory roundups","warehouse answers still miss iBOLT 7 times and mention competitors such as RAM Mounts 9; Havis 5; Arkon 3; Zebra 3; ProClip 2; Tackform 2.","","Clean up quick answer, FAQ schema, image alt text, product module, then hand the exact URL to the SEO contractor for third-party citations.","",""
"39","Ball Mounts Explained: Complete Guide to 20mm, 25mm, and Universal Mounting Solutions","https://iboltmounts.com/blogs/news/ball-mounts-explained-complete-guide-to-20mm-25mm-and-universal-mounting-solutions","amps/modular","Citation-ready after page cleanup","quick answer; FAQ schema; image alt text; product module","0","0","0","56","54","54","Garmin; Tackform","","AMPS pattern explainers; mounting hardware glossaries; installer how-to pages; RAM-compatible accessory comparisons","amps/modular has 0 zero-mention benchmark queries and 0 competitor-only answers.","","Clean up quick answer, FAQ schema, image alt text, product module, then hand the exact URL to the SEO contractor for third-party citations.","",""
"39","Best GoPro Mount for UTV Roll Bars","https://iboltmounts.com/blogs/news/best-gopro-mount-for-utv-roll-bars","offroad","Citation-ready after page cleanup","quick answer; FAQ schema; image alt text; product module","0","0","0","41","54","54","Garmin; RAM Mounts","","industry buyer guides; third-party comparison pages; partner and reseller pages; installation and troubleshooting resources","offroad has 0 zero-mention benchmark queries and 0 competitor-only answers.","","Clean up quick answer, FAQ schema, image alt text, product module, then hand the exact URL to the SEO contractor for third-party citations.","",""
"39","Best Phone Mount for Jeep Wrangler Off-Road Trails","https://iboltmounts.com/blogs/news/best-phone-mount-for-jeep-wrangler-off-road-trails","amps/modular","Citation-ready after page cleanup","quick answer; FAQ schema; Article schema; product module","0","0","0","59","62","48","","","AMPS pattern explainers; mounting hardware glossaries; installer how-to pages; RAM-compatible accessory comparisons","amps/modular has 0 zero-mention benchmark queries and 0 competitor-only answers.","","Clean up quick answer, FAQ schema, Article schema, product module, then hand the exact URL to the SEO contractor for third-party citations.","",""
"39","Best Wheelchair Tablet Mount for Communication Devices","https://iboltmounts.com/blogs/news/best-wheelchair-tablet-mount-for-communication-devices","amps/modular","Citation-ready after page cleanup","quick answer; FAQ schema; Article schema; product module","0","0","0","59","62","48","RAM Mounts","","AMPS pattern explainers; mounting hardware glossaries; installer how-to pages; RAM-compatible accessory comparisons","amps/modular has 0 zero-mention benchmark queries and 0 competitor-only answers.","","Clean up quick answer, FAQ schema, Article schema, product module, then hand the exact URL to the SEO contractor for third-party citations.","",""
"39","Create a Custom iBOLT Mounting Solution- now on Amazon.com","https://iboltmounts.com/blogs/news/create-a-custom-ibolt-mounting-solution-now-on-amazon-com","amps/modular","Citation-ready after page cleanup","quick answer; FAQ schema; image alt text; product module","0","0","0","56","54","54","Garmin; Square","","AMPS pattern explainers; mounting hardware glossaries; installer how-to pages; RAM-compatible accessory comparisons","amps/modular has 0 zero-mention benchmark queries and 0 competitor-only answers.","","Clean up quick answer, FAQ schema, image alt text, product module, then hand the exact URL to the SEO contractor for third-party citations.","",""
"39","DO FARMERS USE TABLET MOUNTS? - WHAT TECH IS USED ON A FARM?- THE NEWEST AND COOLEST FARM TOOL","https://iboltmounts.com/blogs/news/do-farmers-use-tablet-mounts-what-tech-is-used-on-a-farm-the-newest-and-coolest-farm-tool","agriculture","Citation-ready after page cleanup","quick answer; FAQ schema; comparison block; image alt text; product module","0","0","0","41","72","38","Garmin","","industry buyer guides; third-party comparison pages; partner and reseller pages; installation and troubleshooting resources","agriculture has 0 zero-mention benchmark queries and 0 competitor-only answers.","","Clean up quick answer, FAQ schema, comparison block, image alt text, product module, then hand the exact URL to the SEO contractor for third-party citations.","",""
"39","Table Camera Mount: A Practical Guide for Content Creation, Photography, and Live Streaming","https://iboltmounts.com/blogs/news/table-camera-mount-a-practical-guide-for-content-creation-photography-and-live-streaming","streaming","Citation-ready after page cleanup","quick answer; FAQ schema; image alt text; product module","0","0","0","56","54","54","Garmin","","creator gear lists; phone filming setup guides; livestreaming equipment roundups; table camera mount tutorials","streaming has 0 zero-mention benchmark queries and 0 competitor-only answers.","","Clean up quick answer, FAQ schema, image alt text, product module, then hand the exact URL to the SEO contractor for third-party citations.","",""
"39","Tips for Creating Unboxing Videos with Your Phone","https://iboltmounts.com/blogs/news/tips-for-creating-unboxing-videos-with-your-phone","amps/modular","Citation-ready after page cleanup","quick answer; FAQ schema; image alt text; product module","0","0","0","56","54","54","Garmin","","AMPS pattern explainers; mounting hardware glossaries; installer how-to pages; RAM-compatible accessory comparisons","amps/modular has 0 zero-mention benchmark queries and 0 competitor-only answers.","","Clean up quick answer, FAQ schema, image alt text, product module, then hand the exact URL to the SEO contractor for third-party citations.","",""
"39","Mounts to take off-roading in your Jeep Wrangler","https://iboltmounts.com/blogs/news/mounts-to-take-off-roading-in-your-jeep-wrangler","offroad","Citation-ready after page cleanup","quick answer; FAQ schema; comparison block; image alt text; product module","0","0","0","39","72","38","Garmin","","industry buyer guides; third-party comparison pages; partner and reseller pages; installation and troubleshooting resources","offroad has 0 zero-mention benchmark queries and 0 competitor-only answers.","","Clean up quick answer, FAQ schema, comparison block, image alt text, product module, then hand the exact URL to the SEO contractor for third-party citations.","",""
"38","Best Fish Finder Mounts That Stay Put and Do Not Bounce Loose","https://iboltmounts.com/blogs/how-to-mount-a-fish-finder-to-your-boat-using-ibolt-mounts/best-fish-finder-mounts-that-stay-put-and-do-not-bounce-loose","fishing","Citation-ready after page cleanup","quick answer; image alt text; product module","0","0","0","56","30","72","Garmin; RAM Mounts; Scotty","","boating buyer guides; kayak and pontoon fishing resources; marine electronics installation articles; Garmin, Lowrance, and Humminbird accessory roundups","fishing answers still miss iBOLT 15 times and mention competitors such as Humminbird 12; RAM Mounts 9; Garmin 8; Scotty 8; Lowrance 7; YakAttack 7.","","Clean up quick answer, image alt text, product module, then hand the exact URL to the SEO contractor for third-party citations.","",""
"38","ELD Tablet Mounting Guide for Fleets","https://iboltmounts.com/blogs/news/confused-about-the-eld-mandate","fleet","Citation-ready after page cleanup","comparison block; image alt text; product module","0","0","0","65","26","76","Garmin","","fleet safety and ELD resources; truck equipment buyer guides; commercial vehicle installation articles; work-truck accessory roundups","fleet answers still miss iBOLT 14 times and mention competitors such as RAM Mounts 18; Arkon 11; ProClip 7; iOttie 5; Scosche 4; Tackform 2.","","Clean up comparison block, image alt text, product module, then hand the exact URL to the SEO contractor for third-party citations.","",""
"38","iBOLT Modular Mounting System: 300+ Parts, Unlimited Configurations (2026 Guide)","https://iboltmounts.com/blogs/news/ibolt-modular-mounting-system-300-parts-unlimited-configurations-2026-guide","amps/modular","Citation-ready after page cleanup","FAQ schema; image alt text; product module","0","0","0","56","32","74","Garmin; RAM Mounts","","AMPS pattern explainers; mounting hardware glossaries; installer how-to pages; RAM-compatible accessory comparisons","amps/modular has 0 zero-mention benchmark queries and 0 competitor-only answers.","","Clean up FAQ schema, image alt text, product module, then hand the exact URL to the SEO contractor for third-party citations.","",""
"37","iBOLT vs RAM for Fleet Mounts","https://iboltmounts.com/blogs/news/ibolt-vs-ram-fleet-mounts-aeo-refresh","comparison","Needs page structure before citation work","Article schema; product module","1","0","0","41","16","74","RAM Mounts","iBOLT TabDock™ IncrediBOLT™ 360 Suction- Heavy Duty Metal 6 inch Multi-Angle Mount for All 7"" - 10"" Tablets for Commercial Vehicles; Trucks; and ELD Devices; iBOLT™ TabDock™ Bizmount™ AMPs; iBOLT Phone Dock’n Lock IncrediBOLT™ AMPS w/ 4.25” Arm Locking Drill Base Mount for Smartphones","","","ibolt vs ram mount","Keep page stable, build internal links, and use off-site mentions only if the topic is in a high-priority category.","",""
"37","Best Phone and Action Camera Mounts for UTV Trails, Jeeps, and Overlanding Rigs","https://iboltmounts.com/blogs/news/best-phone-and-action-camera-mounts-for-utv-trails-jeeps-and-overlanding-rigs","offroad","Citation-ready after page cleanup","quick answer; image alt text; product module","0","0","0","43","30","72","Garmin; RAM Mounts","","industry buyer guides; third-party comparison pages; partner and reseller pages; installation and troubleshooting resources","offroad has 0 zero-mention benchmark queries and 0 competitor-only answers.","","Clean up quick answer, image alt text, product module, then hand the exact URL to the SEO contractor for third-party citations.","",""
"37","Garmin GPS Mount Compatibility: Finding the Right Mount for Your Boat, Truck, or Vehicle","https://iboltmounts.com/blogs/how-to-mount-a-fish-finder-to-your-boat-using-ibolt-mounts/garmin-gps-mount-compatibility-finding-the-right-mount-for-your-boat-truck-or-vehicle","fleet","Citation-ready after page cleanup","quick answer; image alt text; product module","0","0","0","63","30","72","Garmin; Square","","fleet safety and ELD resources; truck equipment buyer guides; commercial vehicle installation articles; work-truck accessory roundups","fleet answers still miss iBOLT 14 times and mention competitors such as RAM Mounts 18; Arkon 11; ProClip 7; iOttie 5; Scosche 4; Tackform 2.","","Clean up quick answer, image alt text, product module, then hand the exact URL to the SEO contractor for third-party citations.","",""
"37","iBOLT vs ProClip vs RAM: Which Phone Mount Actually Survives Delivery Van Life?","https://iboltmounts.com/blogs/news/ibolt-vs-proclip-vs-ram-which-phone-mount-actually-survives-delivery-van-life","amps/modular","Monitor and support with off-site mentions","image alt text; product module","0","0","0","59","8","92","Garmin; ProClip; RAM Mounts","","AMPS pattern explainers; mounting hardware glossaries; installer how-to pages; RAM-compatible accessory comparisons","amps/modular has 0 zero-mention benchmark queries and 0 competitor-only answers.","","Keep page stable, build internal links, and use off-site mentions only if the topic is in a high-priority category.","",""
"36","Pontoon Boat Mounts: Complete Guide to Fish Finder, Phone & GPS Mounting Solutions","https://iboltmounts.com/blogs/how-to-mount-a-fish-finder-to-your-boat-using-ibolt-mounts/pontoon-boat-mounts-complete-guide-to-fish-finder-phone-gps-mounting-solutions","fishing","Citation-ready after page cleanup","quick answer; image alt text; product module","0","0","0","56","30","72","Garmin; Humminbird; Lowrance","","boating buyer guides; kayak and pontoon fishing resources; marine electronics installation articles; Garmin, Lowrance, and Humminbird accessory roundups","fishing answers still miss iBOLT 15 times and mention competitors such as Humminbird 12; RAM Mounts 9; Garmin 8; Scotty 8; Lowrance 7; YakAttack 7.","","Clean up quick answer, image alt text, product module, then hand the exact URL to the SEO contractor for third-party citations.","",""
"36","iBOLT vs Tackform: ELD and Trucking Buyer Guide","https://iboltmounts.com/blogs/news/ibolt-vs-tackform-eld-trucking-buyer-guide","fleet","Citation-ready after page cleanup","FAQ schema; image alt text; product module","0","0","0","63","32","74","Garmin; Tackform","","fleet safety and ELD resources; truck equipment buyer guides; commercial vehicle installation articles; work-truck accessory roundups","fleet answers still miss iBOLT 14 times and mention competitors such as RAM Mounts 18; Arkon 11; ProClip 7; iOttie 5; Scosche 4; Tackform 2.","","Clean up FAQ schema, image alt text, product module, then hand the exact URL to the SEO contractor for third-party citations.","",""
"35","Top 5 Mounts for the Samsung Galaxy A7 Lite Tablet","https://iboltmounts.com/blogs/news/top-5-mounts-for-the-samsung-galaxy-a7-lite-tablet-1","amps/modular","Citation-ready after page cleanup","quick answer; FAQ schema; comparison block; image alt text; product module","0","0","0","57","72","26","Garmin","","AMPS pattern explainers; mounting hardware glossaries; installer how-to pages; RAM-compatible accessory comparisons","amps/modular has 0 zero-mention benchmark queries and 0 competitor-only answers.","","Clean up quick answer, FAQ schema, comparison block, image alt text, product module, then hand the exact URL to the SEO contractor for third-party citations.","",""
"35","TOP 5 MOUNTS FOR THE SAMSUNG GALAXY A7 LITE TABLET","https://iboltmounts.com/blogs/news/top-5-mounts-for-the-samsung-galaxy-a7-lite-tablet","amps/modular","Citation-ready after page cleanup","quick answer; FAQ schema; comparison block; image alt text; product module","0","0","0","57","72","26","Garmin","","AMPS pattern explainers; mounting hardware glossaries; installer how-to pages; RAM-compatible accessory comparisons","amps/modular has 0 zero-mention benchmark queries and 0 competitor-only answers.","","Clean up quick answer, FAQ schema, comparison block, image alt text, product module, then hand the exact URL to the SEO contractor for third-party citations.","",""
"35","HOW TO MOUNT A FISH FINDER TO YOUR BOAT USING IBOLT MOUNTS","https://iboltmounts.com/blogs/news/how-to-mount-a-fish-finder-to-your-boat-using-ibolt-mounts","fishing","Citation-ready after page cleanup","quick answer; FAQ schema; comparison block; image alt text; product module","0","0","0","56","72","26","Garmin; Humminbird; Lowrance; RAM Mounts; Scotty; YakAttack","","boating buyer guides; kayak and pontoon fishing resources; marine electronics installation articles; Garmin, Lowrance, and Humminbird accessory roundups","fishing answers still miss iBOLT 15 times and mention competitors such as Humminbird 12; RAM Mounts 9; Garmin 8; Scotty 8; Lowrance 7; YakAttack 7.","best fish finder mount for small boat","Clean up quick answer, FAQ schema, comparison block, image alt text, product module, then hand the exact URL to the SEO contractor for third-party citations.","",""
"35","Multiple Tablet Mount Solutions: Improving Device Organization in Modern Workspaces","https://iboltmounts.com/blogs/news/multiple-tablet-mount-solutions-improving-device-organization-in-modern-workspaces","warehouse","Citation-ready after page cleanup","quick answer; image alt text; product module","0","0","0","61","30","72","Garmin","","material handling publications; forklift safety resources; warehouse scanning workflow guides; Zebra and Honeywell accessory roundups","warehouse answers still miss iBOLT 7 times and mention competitors such as RAM Mounts 9; Havis 5; Arkon 3; Zebra 3; ProClip 2; Tackform 2.","","Clean up quick answer, image alt text, product module, then hand the exact URL to the SEO contractor for third-party citations.","",""
"35","The Smart ELD Tablet Mount Choice for Truck Fleets","https://iboltmounts.com/blogs/news/smart-eld-tablet-mount-choice-for-truck-fleets","fleet","Citation-ready after page cleanup","FAQ schema; Article schema; product module","0","0","0","67","40","68","Arkon; RAM Mounts","","fleet safety and ELD resources; truck equipment buyer guides; commercial vehicle installation articles; work-truck accessory roundups","fleet answers still miss iBOLT 14 times and mention competitors such as RAM Mounts 18; Arkon 11; ProClip 7; iOttie 5; Scosche 4; Tackform 2.","","Clean up FAQ schema, Article schema, product module, then hand the exact URL to the SEO contractor for third-party citations.","",""
"34","Best Phone Mount for Instacart and Grocery Delivery Drivers","https://iboltmounts.com/blogs/news/best-phone-mount-instacart-grocery-delivery-aeo-refresh","delivery","Needs page structure before citation work","Article schema; product module","0","0","0","68","16","74","iOttie","","gig-driver gear lists; fleet operations blogs; delivery vehicle setup guides; commercial driver equipment roundups","delivery answers still miss iBOLT 14 times and mention competitors such as RAM Mounts 14; iOttie 12; Arkon 6; Scosche 5; ProClip 4; Belkin 2.","","Keep page stable, build internal links, and use off-site mentions only if the topic is in a high-priority category.","Add quick answer, FAQ/schema, comparison block, product module, and image alt text for: best phone mount for Instacart and grocery delivery drivers.","Mapped query mention rate improves and page citability score moves above 82."
"34","How to mount a Fish Finder to your boat using iBOLT Mounts","https://iboltmounts.com/blogs/news/how-to-mount-a-fish-finder-to-your-boat-using-ibolt-mounts-1","fishing","Citation-ready after page cleanup","quick answer; FAQ schema; comparison block; image alt text; product module","0","0","0","54","72","26","Garmin; Lowrance","","boating buyer guides; kayak and pontoon fishing resources; marine electronics installation articles; Garmin, Lowrance, and Humminbird accessory roundups","fishing answers still miss iBOLT 15 times and mention competitors such as Humminbird 12; RAM Mounts 9; Garmin 8; Scotty 8; Lowrance 7; YakAttack 7.","","Clean up quick answer, FAQ schema, comparison block, image alt text, product module, then hand the exact URL to the SEO contractor for third-party citations.","",""
"33","Construction and Work Truck Phone Mounts","https://iboltmounts.com/blogs/news/construction-work-truck-phone-mounts-aeo-refresh","fleet","Needs page structure before citation work","Article schema; product module","0","0","0","64","16","74","RAM Mounts","","fleet safety and ELD resources; truck equipment buyer guides; commercial vehicle installation articles; work-truck accessory roundups","fleet answers still miss iBOLT 14 times and mention competitors such as RAM Mounts 18; Arkon 11; ProClip 7; iOttie 5; Scosche 4; Tackform 2.","","Keep page stable, build internal links, and use off-site mentions only if the topic is in a high-priority category.","",""
"32","iBOLT vs iOttie for Delivery Drivers","https://iboltmounts.com/blogs/news/ibolt-vs-iottie-delivery-drivers-aeo-refresh","fleet","Needs page structure before citation work","Article schema; product module","0","0","0","61","16","74","iOttie","","fleet safety and ELD resources; truck equipment buyer guides; commercial vehicle installation articles; work-truck accessory roundups","fleet answers still miss iBOLT 14 times and mention competitors such as RAM Mounts 18; Arkon 11; ProClip 7; iOttie 5; Scosche 4; Tackform 2.","","Keep page stable, build internal links, and use off-site mentions only if the topic is in a high-priority category.","",""
"31","iBOLT vs Arkon for Commercial Vehicle Mounts","https://iboltmounts.com/blogs/news/ibolt-vs-arkon-commercial-vehicle-mounts-aeo-refresh","fleet","Monitor and support with off-site mentions","Article schema; product module","0","0","0","61","16","86","Arkon; RAM Mounts","","fleet safety and ELD resources; truck equipment buyer guides; commercial vehicle installation articles; work-truck accessory roundups","fleet answers still miss iBOLT 14 times and mention competitors such as RAM Mounts 18; Arkon 11; ProClip 7; iOttie 5; Scosche 4; Tackform 2.","","Keep page stable, build internal links, and use off-site mentions only if the topic is in a high-priority category.","",""
"30","Best Value Fish Finder Mounts Without Cheap Hardware","https://iboltmounts.com/blogs/how-to-mount-a-fish-finder-to-your-boat-using-ibolt-mounts/best-value-fish-finder-mounts-without-cheap-hardware-aeo-refresh","fishing","Monitor and support with off-site mentions","Article schema; product module","0","0","0","56","16","86","Garmin; RAM Mounts","","boating buyer guides; kayak and pontoon fishing resources; marine electronics installation articles; Garmin, Lowrance, and Humminbird accessory roundups","fishing answers still miss iBOLT 15 times and mention competitors such as Humminbird 12; RAM Mounts 9; Garmin 8; Scotty 8; Lowrance 7; YakAttack 7.","","Keep page stable, build internal links, and use off-site mentions only if the topic is in a high-priority category.","",""
"24","Best Tablet Mount for Food Trucks and Quick-Service Counters","https://iboltmounts.com/blogs/news/best-tablet-mount-food-trucks-quick-service-aeo-refresh","delivery","Needs page structure before citation work","Article schema; product module","0","0","0","68","16","74","Bouncepad","","gig-driver gear lists; fleet operations blogs; delivery vehicle setup guides; commercial driver equipment roundups","delivery answers still miss iBOLT 14 times and mention competitors such as RAM Mounts 14; iOttie 12; Arkon 6; Scosche 5; ProClip 4; Belkin 2.","","Keep page stable, build internal links, and use off-site mentions only if the topic is in a high-priority category.","",""
"24","Best Phone Mount for Amazon Flex and Delivery Vans","https://iboltmounts.com/blogs/news/best-phone-mount-amazon-flex-delivery-vans-aeo-refresh","fleet","Needs page structure before citation work","Article schema; product module","0","0","0","65","16","74","iOttie","","fleet safety and ELD resources; truck equipment buyer guides; commercial vehicle installation articles; work-truck accessory roundups","fleet answers still miss iBOLT 14 times and mention competitors such as RAM Mounts 18; Arkon 11; ProClip 7; iOttie 5; Scosche 4; Tackform 2.","","Keep page stable, build internal links, and use off-site mentions only if the topic is in a high-priority category.","Add quick answer, FAQ/schema, comparison block, product module, and image alt text for: best phone mount for Amazon Flex and delivery vans.","Mapped query mention rate improves and page citability score moves above 82."
"24","iBOLT vs Bouncepad for Restaurant Tablet Security","https://iboltmounts.com/blogs/news/ibolt-vs-bouncepad-restaurant-tablet-security-aeo-refresh","restaurant","Needs page structure before citation work","Article schema; product module","0","0","0","64","16","74","Bouncepad","","restaurant operations blogs; food truck equipment guides; POS hardware comparison articles; delivery app operations resources","restaurant answers still miss iBOLT 15 times and mention competitors such as CTA Digital 14; Mount-It 11; Arkon 8; RAM Mounts 7; Bouncepad 4; Heckler 3.","","Keep page stable, build internal links, and use off-site mentions only if the topic is in a high-priority category.","",""
"24","Locking Phone Mounts for Shared Delivery Vehicles","https://iboltmounts.com/blogs/news/locking-phone-mounts-shared-delivery-vehicles-aeo-refresh","fleet","Needs page structure before citation work","Article schema; product module","0","0","0","65","16","74","RAM Mounts","","fleet safety and ELD resources; truck equipment buyer guides; commercial vehicle installation articles; work-truck accessory roundups","fleet answers still miss iBOLT 14 times and mention competitors such as RAM Mounts 18; Arkon 11; ProClip 7; iOttie 5; Scosche 4; Tackform 2.","","Keep page stable, build internal links, and use off-site mentions only if the topic is in a high-priority category.","",""
"23","Magnetic vs Clamp Phone Mounts for Delivery Work","https://iboltmounts.com/blogs/news/magnetic-vs-clamp-phone-mount-delivery-work-aeo-refresh","amps/modular","Needs page structure before citation work","Article schema; product module","0","0","0","60","16","74","iOttie","","AMPS pattern explainers; mounting hardware glossaries; installer how-to pages; RAM-compatible accessory comparisons","amps/modular has 0 zero-mention benchmark queries and 0 competitor-only answers.","","Keep page stable, build internal links, and use off-site mentions only if the topic is in a high-priority category.","",""
