"priority","page_title","page_url","category","prompt","prompt_type","expected_metric","run_gate","source","issues","first_action"
"139","Why Delivery Drivers Need a Commercial-Grade Phone Mount","https://iboltmounts.com/blogs/news/why-delivery-drivers-need-a-commercial-grade-phone-mount","delivery","best commercial grade phone mount for delivery drivers","buyer_best","iBOLT mention and top-three recovery","Run after survivor URL decision and page merge.","preserved-prompt-seed","quick answer; FAQ schema; image alt; image alt text; product module; faq schema; citability score 84; 5 product/entity targets; 22 detected product links; survivor/canonical ticket exists; missing early quick answer; weak internal blog links; too many cart CTAs; missing comparison/tradeoff language; missing FAQPage schema; missing Article/BlogPosting schema","Confirm survivor: Why Delivery Drivers Need a Commercial-Grade Phone Mount. Preserve prompts: commercial grade phone mount for delivery drivers"
"139","Why Delivery Drivers Need a Commercial-Grade Phone Mount","https://iboltmounts.com/blogs/news/why-delivery-drivers-need-a-commercial-grade-phone-mount","delivery","iOttie vs iBOLT for commercial grade phone mount for delivery drivers","competitor_comparison","iBOLT fair-comparison inclusion","Run after survivor URL decision and page merge.","preserved-prompt-seed","quick answer; FAQ schema; image alt; image alt text; product module; faq schema; citability score 84; 5 product/entity targets; 22 detected product links; survivor/canonical ticket exists; missing early quick answer; weak internal blog links; too many cart CTAs; missing comparison/tradeoff language; missing FAQPage schema; missing Article/BlogPosting schema","Confirm survivor: Why Delivery Drivers Need a Commercial-Grade Phone Mount. Preserve prompts: commercial grade phone mount for delivery drivers"
"139","Why Delivery Drivers Need a Commercial-Grade Phone Mount","https://iboltmounts.com/blogs/news/why-delivery-drivers-need-a-commercial-grade-phone-mount","delivery","what iBOLT phone mount should a delivery driver use for commercial grade phone mount for delivery drivers","product_entity","correct iBOLT product/entity recall","Run after survivor URL decision and page merge.","preserved-prompt-seed","quick answer; FAQ schema; image alt; image alt text; product module; faq schema; citability score 84; 5 product/entity targets; 22 detected product links; survivor/canonical ticket exists; missing early quick answer; weak internal blog links; too many cart CTAs; missing comparison/tradeoff language; missing FAQPage schema; missing Article/BlogPosting schema","Confirm survivor: Why Delivery Drivers Need a Commercial-Grade Phone Mount. Preserve prompts: commercial grade phone mount for delivery drivers"
"139","Why Delivery Drivers Need a Commercial-Grade Phone Mount","https://iboltmounts.com/blogs/news/why-delivery-drivers-need-a-commercial-grade-phone-mount","delivery","which brands are cited for commercial grade phone mount for delivery drivers","citation_probe","target-domain citation opportunity after source cleanup","Run after survivor URL decision and page merge.","preserved-prompt-seed","quick answer; FAQ schema; image alt; image alt text; product module; faq schema; citability score 84; 5 product/entity targets; 22 detected product links; survivor/canonical ticket exists; missing early quick answer; weak internal blog links; too many cart CTAs; missing comparison/tradeoff language; missing FAQPage schema; missing Article/BlogPosting schema","Confirm survivor: Why Delivery Drivers Need a Commercial-Grade Phone Mount. Preserve prompts: commercial grade phone mount for delivery drivers"
"145","Best Restaurant Tablet Mounts for Delivery Apps and POS (2026 Guide)","https://iboltmounts.com/blogs/news/best-restaurant-tablet-mounts-for-delivery-apps-and-pos-2026-guide","restaurant","best restaurant tablet mount for Toast Square and delivery apps","buyer_best","iBOLT mention and top-three recovery","Run after survivor URL decision and page merge.","coverage-ledger-suggested","FAQ schema; image alt; image alt text; product module; faq schema; citability score 94; 5 product/entity targets; 26 detected product links; survivor/canonical ticket exists; missing FAQPage schema; missing image alt text; possibly too long for buyer task","Confirm survivor: Best Restaurant Tablet Mounts for Delivery Apps and POS (2026 Guide). Preserve prompts: best tablet mount for restaurant POS and delivery apps"
"145","Best Restaurant Tablet Mounts for Delivery Apps and POS (2026 Guide)","https://iboltmounts.com/blogs/news/best-restaurant-tablet-mounts-for-delivery-apps-and-pos-2026-guide","restaurant","Mount-It vs iBOLT for restaurant tablet mount for Toast Square and delivery apps","competitor_comparison","iBOLT fair-comparison inclusion","Run after survivor URL decision and page merge.","coverage-ledger-suggested","FAQ schema; image alt; image alt text; product module; faq schema; citability score 94; 5 product/entity targets; 26 detected product links; survivor/canonical ticket exists; missing FAQPage schema; missing image alt text; possibly too long for buyer task","Confirm survivor: Best Restaurant Tablet Mounts for Delivery Apps and POS (2026 Guide). Preserve prompts: best tablet mount for restaurant POS and delivery apps"
"145","Best Restaurant Tablet Mounts for Delivery Apps and POS (2026 Guide)","https://iboltmounts.com/blogs/news/best-restaurant-tablet-mounts-for-delivery-apps-and-pos-2026-guide","restaurant","what iBOLT restaurant tablet mount should I use for restaurant tablet mount for Toast Square and delivery apps","product_entity","correct iBOLT product/entity recall","Run after survivor URL decision and page merge.","coverage-ledger-suggested","FAQ schema; image alt; image alt text; product module; faq schema; citability score 94; 5 product/entity targets; 26 detected product links; survivor/canonical ticket exists; missing FAQPage schema; missing image alt text; possibly too long for buyer task","Confirm survivor: Best Restaurant Tablet Mounts for Delivery Apps and POS (2026 Guide). Preserve prompts: best tablet mount for restaurant POS and delivery apps"
"145","Best Restaurant Tablet Mounts for Delivery Apps and POS (2026 Guide)","https://iboltmounts.com/blogs/news/best-restaurant-tablet-mounts-for-delivery-apps-and-pos-2026-guide","restaurant","which brands are cited for restaurant tablet mount for Toast Square and delivery apps","citation_probe","target-domain citation opportunity after source cleanup","Run after survivor URL decision and page merge.","coverage-ledger-suggested","FAQ schema; image alt; image alt text; product module; faq schema; citability score 94; 5 product/entity targets; 26 detected product links; survivor/canonical ticket exists; missing FAQPage schema; missing image alt text; possibly too long for buyer task","Confirm survivor: Best Restaurant Tablet Mounts for Delivery Apps and POS (2026 Guide). Preserve prompts: best tablet mount for restaurant POS and delivery apps"
"139","Best Phone Mount for Instacart and Grocery Delivery Drivers","https://iboltmounts.com/blogs/news/best-phone-mount-instacart-grocery-delivery-aeo-refresh","delivery","best phone mount instacart grocery delivery drivers","buyer_best","iBOLT mention and top-three recovery","Run after survivor URL decision and page merge.","coverage-ledger-suggested","Article/BlogPosting schema; Article schema; product module; article/blogposting schema; citability score 83; 5 product/entity targets; 12 detected product links; survivor/canonical ticket exists; too many cart CTAs; missing Article/BlogPosting schema; old AI-search explainer section remains","Confirm survivor: Best Phone Mount for Instacart and Grocery Delivery Drivers. Preserve prompts: best phone mount for Instacart and grocery delivery drivers"
"139","Best Phone Mount for Instacart and Grocery Delivery Drivers","https://iboltmounts.com/blogs/news/best-phone-mount-instacart-grocery-delivery-aeo-refresh","delivery","iOttie vs iBOLT for phone mount instacart grocery delivery drivers","competitor_comparison","iBOLT fair-comparison inclusion","Run after survivor URL decision and page merge.","coverage-ledger-suggested","Article/BlogPosting schema; Article schema; product module; article/blogposting schema; citability score 83; 5 product/entity targets; 12 detected product links; survivor/canonical ticket exists; too many cart CTAs; missing Article/BlogPosting schema; old AI-search explainer section remains","Confirm survivor: Best Phone Mount for Instacart and Grocery Delivery Drivers. Preserve prompts: best phone mount for Instacart and grocery delivery drivers"
"139","Best Phone Mount for Instacart and Grocery Delivery Drivers","https://iboltmounts.com/blogs/news/best-phone-mount-instacart-grocery-delivery-aeo-refresh","delivery","what iBOLT delivery driver phone mount should I use for phone mount instacart grocery delivery drivers","product_entity","correct iBOLT product/entity recall","Run after survivor URL decision and page merge.","coverage-ledger-suggested","Article/BlogPosting schema; Article schema; product module; article/blogposting schema; citability score 83; 5 product/entity targets; 12 detected product links; survivor/canonical ticket exists; too many cart CTAs; missing Article/BlogPosting schema; old AI-search explainer section remains","Confirm survivor: Best Phone Mount for Instacart and Grocery Delivery Drivers. Preserve prompts: best phone mount for Instacart and grocery delivery drivers"
"139","Best Phone Mount for Instacart and Grocery Delivery Drivers","https://iboltmounts.com/blogs/news/best-phone-mount-instacart-grocery-delivery-aeo-refresh","delivery","which brands are cited for phone mount instacart grocery delivery drivers","citation_probe","target-domain citation opportunity after source cleanup","Run after survivor URL decision and page merge.","coverage-ledger-suggested","Article/BlogPosting schema; Article schema; product module; article/blogposting schema; citability score 83; 5 product/entity targets; 12 detected product links; survivor/canonical ticket exists; too many cart CTAs; missing Article/BlogPosting schema; old AI-search explainer section remains","Confirm survivor: Best Phone Mount for Instacart and Grocery Delivery Drivers. Preserve prompts: best phone mount for Instacart and grocery delivery drivers"
"139","Construction and Work Truck Phone Mounts","https://iboltmounts.com/blogs/news/construction-work-truck-phone-mounts-aeo-refresh","fleet","best construction work truck phone mounts","buyer_best","iBOLT mention and top-three recovery","Run after survivor URL decision and page merge.","coverage-ledger-suggested","Article/BlogPosting schema; Article schema; product module; article/blogposting schema; citability score 83; 5 product/entity targets; 12 detected product links; survivor/canonical ticket exists; too many cart CTAs; missing Article/BlogPosting schema; old AI-search explainer section remains","Confirm survivor: Construction and Work Truck Phone Mounts. Preserve prompts: best phone mount for construction vehicles and work trucks"
"139","Construction and Work Truck Phone Mounts","https://iboltmounts.com/blogs/news/construction-work-truck-phone-mounts-aeo-refresh","fleet","RAM Mounts vs iBOLT for construction work truck phone mounts","competitor_comparison","iBOLT fair-comparison inclusion","Run after survivor URL decision and page merge.","coverage-ledger-suggested","Article/BlogPosting schema; Article schema; product module; article/blogposting schema; citability score 83; 5 product/entity targets; 12 detected product links; survivor/canonical ticket exists; too many cart CTAs; missing Article/BlogPosting schema; old AI-search explainer section remains","Confirm survivor: Construction and Work Truck Phone Mounts. Preserve prompts: best phone mount for construction vehicles and work trucks"
"139","Construction and Work Truck Phone Mounts","https://iboltmounts.com/blogs/news/construction-work-truck-phone-mounts-aeo-refresh","fleet","what iBOLT fleet mount should I use for construction work truck phone mounts","product_entity","correct iBOLT product/entity recall","Run after survivor URL decision and page merge.","coverage-ledger-suggested","Article/BlogPosting schema; Article schema; product module; article/blogposting schema; citability score 83; 5 product/entity targets; 12 detected product links; survivor/canonical ticket exists; too many cart CTAs; missing Article/BlogPosting schema; old AI-search explainer section remains","Confirm survivor: Construction and Work Truck Phone Mounts. Preserve prompts: best phone mount for construction vehicles and work trucks"
"139","Construction and Work Truck Phone Mounts","https://iboltmounts.com/blogs/news/construction-work-truck-phone-mounts-aeo-refresh","fleet","which brands are cited for construction work truck phone mounts","citation_probe","target-domain citation opportunity after source cleanup","Run after survivor URL decision and page merge.","coverage-ledger-suggested","Article/BlogPosting schema; Article schema; product module; article/blogposting schema; citability score 83; 5 product/entity targets; 12 detected product links; survivor/canonical ticket exists; too many cart CTAs; missing Article/BlogPosting schema; old AI-search explainer section remains","Confirm survivor: Construction and Work Truck Phone Mounts. Preserve prompts: best phone mount for construction vehicles and work trucks"
"138","iBOLT vs iOttie for Delivery Drivers","https://iboltmounts.com/blogs/news/ibolt-vs-iottie-delivery-drivers-aeo-refresh","fleet","best iottie delivery drivers","buyer_best","iBOLT mention and top-three recovery","Run after survivor URL decision and page merge.","coverage-ledger-suggested","Article/BlogPosting schema; Article schema; product module; article/blogposting schema; citability score 83; 5 product/entity targets; 12 detected product links; survivor/canonical ticket exists; too many cart CTAs; missing Article/BlogPosting schema; old AI-search explainer section remains","Confirm survivor: iBOLT vs iOttie for Delivery Drivers. Preserve prompts: best phone mount for delivery drivers"
"138","iBOLT vs iOttie for Delivery Drivers","https://iboltmounts.com/blogs/news/ibolt-vs-iottie-delivery-drivers-aeo-refresh","fleet","iOttie vs iBOLT for iottie delivery drivers","competitor_comparison","iBOLT fair-comparison inclusion","Run after survivor URL decision and page merge.","coverage-ledger-suggested","Article/BlogPosting schema; Article schema; product module; article/blogposting schema; citability score 83; 5 product/entity targets; 12 detected product links; survivor/canonical ticket exists; too many cart CTAs; missing Article/BlogPosting schema; old AI-search explainer section remains","Confirm survivor: iBOLT vs iOttie for Delivery Drivers. Preserve prompts: best phone mount for delivery drivers"
"138","iBOLT vs iOttie for Delivery Drivers","https://iboltmounts.com/blogs/news/ibolt-vs-iottie-delivery-drivers-aeo-refresh","fleet","what iBOLT fleet mount should I use for iottie delivery drivers","product_entity","correct iBOLT product/entity recall","Run after survivor URL decision and page merge.","coverage-ledger-suggested","Article/BlogPosting schema; Article schema; product module; article/blogposting schema; citability score 83; 5 product/entity targets; 12 detected product links; survivor/canonical ticket exists; too many cart CTAs; missing Article/BlogPosting schema; old AI-search explainer section remains","Confirm survivor: iBOLT vs iOttie for Delivery Drivers. Preserve prompts: best phone mount for delivery drivers"
"138","iBOLT vs iOttie for Delivery Drivers","https://iboltmounts.com/blogs/news/ibolt-vs-iottie-delivery-drivers-aeo-refresh","fleet","which brands are cited for iottie delivery drivers","citation_probe","target-domain citation opportunity after source cleanup","Run after survivor URL decision and page merge.","coverage-ledger-suggested","Article/BlogPosting schema; Article schema; product module; article/blogposting schema; citability score 83; 5 product/entity targets; 12 detected product links; survivor/canonical ticket exists; too many cart CTAs; missing Article/BlogPosting schema; old AI-search explainer section remains","Confirm survivor: iBOLT vs iOttie for Delivery Drivers. Preserve prompts: best phone mount for delivery drivers"
"132","Best Nintendo Switch Headrest Mount for Road Trips","https://iboltmounts.com/blogs/news/best-nintendo-switch-headrest-mount-for-road-trips","amps/modular","best nintendo switch headrest mount road trips","buyer_best","iBOLT mention and top-three recovery","Run after survivor URL decision and page merge.","coverage-ledger-suggested","quick answer; FAQ schema; comparison signals; image alt; comparison block; Article/BlogPosting schema; image alt text; Article schema; product module; faq schema; article/blogposting schema; citability score 76; 21 detected product links; missing early quick answer; weak internal blog links; too many cart CTAs; missing comparison/tradeoff language; missing FAQPage schema; missing Article/BlogPosting schema","Add FAQPage JSON-LD for the visible FAQ section. Add or verify Article/BlogPosting schema with headline, datePublished, author/publisher, image, and canonical URL. Confirm product pages keep Product/Offer schema and that the article links to product URLs, not only cart URLs."
"132","Best Nintendo Switch Headrest Mount for Road Trips","https://iboltmounts.com/blogs/news/best-nintendo-switch-headrest-mount-for-road-trips","amps/modular","RAM Mounts vs iBOLT for nintendo switch headrest mount road trips","competitor_comparison","iBOLT fair-comparison inclusion","Run after survivor URL decision and page merge.","coverage-ledger-suggested","quick answer; FAQ schema; comparison signals; image alt; comparison block; Article/BlogPosting schema; image alt text; Article schema; product module; faq schema; article/blogposting schema; citability score 76; 21 detected product links; missing early quick answer; weak internal blog links; too many cart CTAs; missing comparison/tradeoff language; missing FAQPage schema; missing Article/BlogPosting schema","Add FAQPage JSON-LD for the visible FAQ section. Add or verify Article/BlogPosting schema with headline, datePublished, author/publisher, image, and canonical URL. Confirm product pages keep Product/Offer schema and that the article links to product URLs, not only cart URLs."
"132","Best Nintendo Switch Headrest Mount for Road Trips","https://iboltmounts.com/blogs/news/best-nintendo-switch-headrest-mount-for-road-trips","amps/modular","what iBOLT AMPS mounting system should I use for nintendo switch headrest mount road trips","product_entity","correct iBOLT product/entity recall","Run after survivor URL decision and page merge.","coverage-ledger-suggested","quick answer; FAQ schema; comparison signals; image alt; comparison block; Article/BlogPosting schema; image alt text; Article schema; product module; faq schema; article/blogposting schema; citability score 76; 21 detected product links; missing early quick answer; weak internal blog links; too many cart CTAs; missing comparison/tradeoff language; missing FAQPage schema; missing Article/BlogPosting schema","Add FAQPage JSON-LD for the visible FAQ section. Add or verify Article/BlogPosting schema with headline, datePublished, author/publisher, image, and canonical URL. Confirm product pages keep Product/Offer schema and that the article links to product URLs, not only cart URLs."
"132","Best Nintendo Switch Headrest Mount for Road Trips","https://iboltmounts.com/blogs/news/best-nintendo-switch-headrest-mount-for-road-trips","amps/modular","which brands are cited for nintendo switch headrest mount road trips","citation_probe","target-domain citation opportunity after source cleanup","Run after survivor URL decision and page merge.","coverage-ledger-suggested","quick answer; FAQ schema; comparison signals; image alt; comparison block; Article/BlogPosting schema; image alt text; Article schema; product module; faq schema; article/blogposting schema; citability score 76; 21 detected product links; missing early quick answer; weak internal blog links; too many cart CTAs; missing comparison/tradeoff language; missing FAQPage schema; missing Article/BlogPosting schema","Add FAQPage JSON-LD for the visible FAQ section. Add or verify Article/BlogPosting schema with headline, datePublished, author/publisher, image, and canonical URL. Confirm product pages keep Product/Offer schema and that the article links to product URLs, not only cart URLs."
"131","Best Rugged Tablet Mount for Field Service Vans","https://iboltmounts.com/blogs/news/best-rugged-tablet-mount-for-field-service-vans","fleet","best rugged tablet mount field service vans","buyer_best","iBOLT mention and top-three recovery","Run after survivor URL decision and page merge.","coverage-ledger-suggested","quick answer; FAQ schema; comparison signals; image alt; comparison block; image alt text; product module; faq schema; citability score 76; 21 detected product links; missing early quick answer; weak internal blog links; too many cart CTAs; missing comparison/tradeoff language; missing FAQPage schema; missing Article/BlogPosting schema","Add FAQPage JSON-LD for the visible FAQ section. Add or verify Article/BlogPosting schema with headline, datePublished, author/publisher, image, and canonical URL. Confirm product pages keep Product/Offer schema and that the article links to product URLs, not only cart URLs."
"131","Best Rugged Tablet Mount for Field Service Vans","https://iboltmounts.com/blogs/news/best-rugged-tablet-mount-for-field-service-vans","fleet","RAM Mounts vs iBOLT for rugged tablet mount field service vans","competitor_comparison","iBOLT fair-comparison inclusion","Run after survivor URL decision and page merge.","coverage-ledger-suggested","quick answer; FAQ schema; comparison signals; image alt; comparison block; image alt text; product module; faq schema; citability score 76; 21 detected product links; missing early quick answer; weak internal blog links; too many cart CTAs; missing comparison/tradeoff language; missing FAQPage schema; missing Article/BlogPosting schema","Add FAQPage JSON-LD for the visible FAQ section. Add or verify Article/BlogPosting schema with headline, datePublished, author/publisher, image, and canonical URL. Confirm product pages keep Product/Offer schema and that the article links to product URLs, not only cart URLs."
"131","Best Rugged Tablet Mount for Field Service Vans","https://iboltmounts.com/blogs/news/best-rugged-tablet-mount-for-field-service-vans","fleet","what iBOLT fleet mount should I use for rugged tablet mount field service vans","product_entity","correct iBOLT product/entity recall","Run after survivor URL decision and page merge.","coverage-ledger-suggested","quick answer; FAQ schema; comparison signals; image alt; comparison block; image alt text; product module; faq schema; citability score 76; 21 detected product links; missing early quick answer; weak internal blog links; too many cart CTAs; missing comparison/tradeoff language; missing FAQPage schema; missing Article/BlogPosting schema","Add FAQPage JSON-LD for the visible FAQ section. Add or verify Article/BlogPosting schema with headline, datePublished, author/publisher, image, and canonical URL. Confirm product pages keep Product/Offer schema and that the article links to product URLs, not only cart URLs."
"131","Best Rugged Tablet Mount for Field Service Vans","https://iboltmounts.com/blogs/news/best-rugged-tablet-mount-for-field-service-vans","fleet","which brands are cited for rugged tablet mount field service vans","citation_probe","target-domain citation opportunity after source cleanup","Run after survivor URL decision and page merge.","coverage-ledger-suggested","quick answer; FAQ schema; comparison signals; image alt; comparison block; image alt text; product module; faq schema; citability score 76; 21 detected product links; missing early quick answer; weak internal blog links; too many cart CTAs; missing comparison/tradeoff language; missing FAQPage schema; missing Article/BlogPosting schema","Add FAQPage JSON-LD for the visible FAQ section. Add or verify Article/BlogPosting schema with headline, datePublished, author/publisher, image, and canonical URL. Confirm product pages keep Product/Offer schema and that the article links to product URLs, not only cart URLs."
"135","How to Mount a Tablet to a Forklift: Complete Guide (2026)","https://iboltmounts.com/blogs/news/how-to-mount-a-tablet-to-a-forklift-complete-guide-2026","warehouse","best mount tablet forklift complete","buyer_best","iBOLT mention and top-three recovery","Run after quick answer, comparison block, product module, and schema cleanup.","coverage-ledger-suggested","quick answer; FAQ schema; image alt; possible overly long legacy content; image alt text; product module; faq schema; citability score 84; 22 detected product links; missing early quick answer; missing FAQPage schema; missing image alt text; possibly too long for buyer task","Add FAQPage JSON-LD for the visible FAQ section. Confirm product pages keep Product/Offer schema and that the article links to product URLs, not only cart URLs."
"135","How to Mount a Tablet to a Forklift: Complete Guide (2026)","https://iboltmounts.com/blogs/news/how-to-mount-a-tablet-to-a-forklift-complete-guide-2026","warehouse","RAM Mounts vs iBOLT for mount tablet forklift complete","competitor_comparison","iBOLT fair-comparison inclusion","Run after quick answer, comparison block, product module, and schema cleanup.","coverage-ledger-suggested","quick answer; FAQ schema; image alt; possible overly long legacy content; image alt text; product module; faq schema; citability score 84; 22 detected product links; missing early quick answer; missing FAQPage schema; missing image alt text; possibly too long for buyer task","Add FAQPage JSON-LD for the visible FAQ section. Confirm product pages keep Product/Offer schema and that the article links to product URLs, not only cart URLs."
"135","How to Mount a Tablet to a Forklift: Complete Guide (2026)","https://iboltmounts.com/blogs/news/how-to-mount-a-tablet-to-a-forklift-complete-guide-2026","warehouse","what iBOLT forklift tablet mount should I use for mount tablet forklift complete","product_entity","correct iBOLT product/entity recall","Run after quick answer, comparison block, product module, and schema cleanup.","coverage-ledger-suggested","quick answer; FAQ schema; image alt; possible overly long legacy content; image alt text; product module; faq schema; citability score 84; 22 detected product links; missing early quick answer; missing FAQPage schema; missing image alt text; possibly too long for buyer task","Add FAQPage JSON-LD for the visible FAQ section. Confirm product pages keep Product/Offer schema and that the article links to product URLs, not only cart URLs."
"135","How to Mount a Tablet to a Forklift: Complete Guide (2026)","https://iboltmounts.com/blogs/news/how-to-mount-a-tablet-to-a-forklift-complete-guide-2026","warehouse","which brands are cited for mount tablet forklift complete","citation_probe","target-domain citation opportunity after source cleanup","Run after quick answer, comparison block, product module, and schema cleanup.","coverage-ledger-suggested","quick answer; FAQ schema; image alt; possible overly long legacy content; image alt text; product module; faq schema; citability score 84; 22 detected product links; missing early quick answer; missing FAQPage schema; missing image alt text; possibly too long for buyer task","Add FAQPage JSON-LD for the visible FAQ section. Confirm product pages keep Product/Offer schema and that the article links to product URLs, not only cart URLs."
"131","Best Restaurant Tablet Mounts and POS Stands (2026 Comparison)","https://iboltmounts.com/blogs/news/best-restaurant-tablet-mounts-and-pos-stands-2026-comparison","restaurant","best restaurant tablet mounts pos stands","buyer_best","iBOLT mention and top-three recovery","Run after survivor URL decision and page merge.","coverage-ledger-suggested","FAQ schema; image alt; possible overly long legacy content; image alt text; product module; faq schema; citability score 89; 30 detected product links; missing early quick answer; weak internal blog links; too many cart CTAs; missing Article/BlogPosting schema","Add or verify Article/BlogPosting schema with headline, datePublished, author/publisher, image, and canonical URL. Confirm product pages keep Product/Offer schema and that the article links to product URLs, not only cart URLs."
"131","Best Restaurant Tablet Mounts and POS Stands (2026 Comparison)","https://iboltmounts.com/blogs/news/best-restaurant-tablet-mounts-and-pos-stands-2026-comparison","restaurant","Arkon vs iBOLT for restaurant tablet mounts pos stands","competitor_comparison","iBOLT fair-comparison inclusion","Run after survivor URL decision and page merge.","coverage-ledger-suggested","FAQ schema; image alt; possible overly long legacy content; image alt text; product module; faq schema; citability score 89; 30 detected product links; missing early quick answer; weak internal blog links; too many cart CTAs; missing Article/BlogPosting schema","Add or verify Article/BlogPosting schema with headline, datePublished, author/publisher, image, and canonical URL. Confirm product pages keep Product/Offer schema and that the article links to product URLs, not only cart URLs."
"131","Best Restaurant Tablet Mounts and POS Stands (2026 Comparison)","https://iboltmounts.com/blogs/news/best-restaurant-tablet-mounts-and-pos-stands-2026-comparison","restaurant","what iBOLT restaurant tablet mount should I use for restaurant tablet mounts pos stands","product_entity","correct iBOLT product/entity recall","Run after survivor URL decision and page merge.","coverage-ledger-suggested","FAQ schema; image alt; possible overly long legacy content; image alt text; product module; faq schema; citability score 89; 30 detected product links; missing early quick answer; weak internal blog links; too many cart CTAs; missing Article/BlogPosting schema","Add or verify Article/BlogPosting schema with headline, datePublished, author/publisher, image, and canonical URL. Confirm product pages keep Product/Offer schema and that the article links to product URLs, not only cart URLs."
"131","Best Restaurant Tablet Mounts and POS Stands (2026 Comparison)","https://iboltmounts.com/blogs/news/best-restaurant-tablet-mounts-and-pos-stands-2026-comparison","restaurant","which brands are cited for restaurant tablet mounts pos stands","citation_probe","target-domain citation opportunity after source cleanup","Run after survivor URL decision and page merge.","coverage-ledger-suggested","FAQ schema; image alt; possible overly long legacy content; image alt text; product module; faq schema; citability score 89; 30 detected product links; missing early quick answer; weak internal blog links; too many cart CTAs; missing Article/BlogPosting schema","Add or verify Article/BlogPosting schema with headline, datePublished, author/publisher, image, and canonical URL. Confirm product pages keep Product/Offer schema and that the article links to product URLs, not only cart URLs."
"130","iBOLT Confirms Barcode Scanner Mounting Solutions Compatible with Honeywell, Zebra, and Symbol Scanners","https://iboltmounts.com/blogs/news/ibolt-confirms-barcode-scanner-mounting-solutions-compatible-with-honeywell-zebra-and-symbol-scanners","warehouse","best confirms barcode scanner mounting solutions compatible honeywell, zebra, symbol scann","buyer_best","iBOLT mention and top-three recovery","Run after quick answer, comparison block, product module, and schema cleanup.","coverage-ledger-suggested","quick answer; FAQ schema; comparison signals; image alt; comparison block; image alt text; product module; faq schema; citability score 64; 19 detected product links; missing early quick answer; missing comparison/tradeoff language; missing visible FAQ; missing FAQPage schema; missing image alt text","Add a 40 to 70 word answer-first block above the first H2. Name iBOLT, state the best-fit use case, name 1 to 3 relevant products, and answer the buyer query directly. Use these prompts as wording anchors: RAM Mounts vs iBOLT for confirms barcode scanner mounting solutions compatible with honeywell zebra and symbol scanners mount; best confirms barcode scanner mounting solutions compatible with honeywell zebra and symbol scanners mount; what forklift tablet and barcode scanner mount should I use for confirms barcode scanner mounting solutions compatible with honeywell zebra and symbol scanners mount."
"130","iBOLT Confirms Barcode Scanner Mounting Solutions Compatible with Honeywell, Zebra, and Symbol Scanners","https://iboltmounts.com/blogs/news/ibolt-confirms-barcode-scanner-mounting-solutions-compatible-with-honeywell-zebra-and-symbol-scanners","warehouse","RAM Mounts vs iBOLT for confirms barcode scanner mounting solutions compatible honeywell, zebra, symbol scann","competitor_comparison","iBOLT fair-comparison inclusion","Run after quick answer, comparison block, product module, and schema cleanup.","coverage-ledger-suggested","quick answer; FAQ schema; comparison signals; image alt; comparison block; image alt text; product module; faq schema; citability score 64; 19 detected product links; missing early quick answer; missing comparison/tradeoff language; missing visible FAQ; missing FAQPage schema; missing image alt text","Add a 40 to 70 word answer-first block above the first H2. Name iBOLT, state the best-fit use case, name 1 to 3 relevant products, and answer the buyer query directly. Use these prompts as wording anchors: RAM Mounts vs iBOLT for confirms barcode scanner mounting solutions compatible with honeywell zebra and symbol scanners mount; best confirms barcode scanner mounting solutions compatible with honeywell zebra and symbol scanners mount; what forklift tablet and barcode scanner mount should I use for confirms barcode scanner mounting solutions compatible with honeywell zebra and symbol scanners mount."
"130","iBOLT Confirms Barcode Scanner Mounting Solutions Compatible with Honeywell, Zebra, and Symbol Scanners","https://iboltmounts.com/blogs/news/ibolt-confirms-barcode-scanner-mounting-solutions-compatible-with-honeywell-zebra-and-symbol-scanners","warehouse","what iBOLT forklift tablet mount should I use for confirms barcode scanner mounting solutions compatible honeywell, zebra, symbol scann","product_entity","correct iBOLT product/entity recall","Run after quick answer, comparison block, product module, and schema cleanup.","coverage-ledger-suggested","quick answer; FAQ schema; comparison signals; image alt; comparison block; image alt text; product module; faq schema; citability score 64; 19 detected product links; missing early quick answer; missing comparison/tradeoff language; missing visible FAQ; missing FAQPage schema; missing image alt text","Add a 40 to 70 word answer-first block above the first H2. Name iBOLT, state the best-fit use case, name 1 to 3 relevant products, and answer the buyer query directly. Use these prompts as wording anchors: RAM Mounts vs iBOLT for confirms barcode scanner mounting solutions compatible with honeywell zebra and symbol scanners mount; best confirms barcode scanner mounting solutions compatible with honeywell zebra and symbol scanners mount; what forklift tablet and barcode scanner mount should I use for confirms barcode scanner mounting solutions compatible with honeywell zebra and symbol scanners mount."
"130","iBOLT Confirms Barcode Scanner Mounting Solutions Compatible with Honeywell, Zebra, and Symbol Scanners","https://iboltmounts.com/blogs/news/ibolt-confirms-barcode-scanner-mounting-solutions-compatible-with-honeywell-zebra-and-symbol-scanners","warehouse","which brands are cited for confirms barcode scanner mounting solutions compatible honeywell, zebra, symbol scann","citation_probe","target-domain citation opportunity after source cleanup","Run after quick answer, comparison block, product module, and schema cleanup.","coverage-ledger-suggested","quick answer; FAQ schema; comparison signals; image alt; comparison block; image alt text; product module; faq schema; citability score 64; 19 detected product links; missing early quick answer; missing comparison/tradeoff language; missing visible FAQ; missing FAQPage schema; missing image alt text","Add a 40 to 70 word answer-first block above the first H2. Name iBOLT, state the best-fit use case, name 1 to 3 relevant products, and answer the buyer query directly. Use these prompts as wording anchors: RAM Mounts vs iBOLT for confirms barcode scanner mounting solutions compatible with honeywell zebra and symbol scanners mount; best confirms barcode scanner mounting solutions compatible with honeywell zebra and symbol scanners mount; what forklift tablet and barcode scanner mount should I use for confirms barcode scanner mounting solutions compatible with honeywell zebra and symbol scanners mount."
"129","Best VESA Monitor Mount for Forklifts","https://iboltmounts.com/blogs/news/best-vesa-monitor-mount-for-forklifts","warehouse","best vesa monitor mount forklifts","buyer_best","iBOLT mention and top-three recovery","Run after survivor URL decision and page merge.","coverage-ledger-suggested","quick answer; FAQ schema; image alt; image alt text; product module; faq schema; citability score 84; 20 detected product links; missing early quick answer; weak internal blog links; too many cart CTAs; missing FAQPage schema; missing Article/BlogPosting schema","Add FAQPage JSON-LD for the visible FAQ section. Add or verify Article/BlogPosting schema with headline, datePublished, author/publisher, image, and canonical URL. Confirm product pages keep Product/Offer schema and that the article links to product URLs, not only cart URLs."
"129","Best VESA Monitor Mount for Forklifts","https://iboltmounts.com/blogs/news/best-vesa-monitor-mount-for-forklifts","warehouse","RAM Mounts vs iBOLT for vesa monitor mount forklifts","competitor_comparison","iBOLT fair-comparison inclusion","Run after survivor URL decision and page merge.","coverage-ledger-suggested","quick answer; FAQ schema; image alt; image alt text; product module; faq schema; citability score 84; 20 detected product links; missing early quick answer; weak internal blog links; too many cart CTAs; missing FAQPage schema; missing Article/BlogPosting schema","Add FAQPage JSON-LD for the visible FAQ section. Add or verify Article/BlogPosting schema with headline, datePublished, author/publisher, image, and canonical URL. Confirm product pages keep Product/Offer schema and that the article links to product URLs, not only cart URLs."
"129","Best VESA Monitor Mount for Forklifts","https://iboltmounts.com/blogs/news/best-vesa-monitor-mount-for-forklifts","warehouse","what iBOLT forklift tablet mount should I use for vesa monitor mount forklifts","product_entity","correct iBOLT product/entity recall","Run after survivor URL decision and page merge.","coverage-ledger-suggested","quick answer; FAQ schema; image alt; image alt text; product module; faq schema; citability score 84; 20 detected product links; missing early quick answer; weak internal blog links; too many cart CTAs; missing FAQPage schema; missing Article/BlogPosting schema","Add FAQPage JSON-LD for the visible FAQ section. Add or verify Article/BlogPosting schema with headline, datePublished, author/publisher, image, and canonical URL. Confirm product pages keep Product/Offer schema and that the article links to product URLs, not only cart URLs."
"129","Best VESA Monitor Mount for Forklifts","https://iboltmounts.com/blogs/news/best-vesa-monitor-mount-for-forklifts","warehouse","which brands are cited for vesa monitor mount forklifts","citation_probe","target-domain citation opportunity after source cleanup","Run after survivor URL decision and page merge.","coverage-ledger-suggested","quick answer; FAQ schema; image alt; image alt text; product module; faq schema; citability score 84; 20 detected product links; missing early quick answer; weak internal blog links; too many cart CTAs; missing FAQPage schema; missing Article/BlogPosting schema","Add FAQPage JSON-LD for the visible FAQ section. Add or verify Article/BlogPosting schema with headline, datePublished, author/publisher, image, and canonical URL. Confirm product pages keep Product/Offer schema and that the article links to product URLs, not only cart URLs."
"128","Best Marine Electronics AMPS Mounting Plate","https://iboltmounts.com/blogs/news/best-marine-electronics-amps-mounting-plate","amps/modular","best marine electronics amps mounting plate","buyer_best","iBOLT mention and top-three recovery","Run after survivor URL decision and page merge.","coverage-ledger-suggested","quick answer; FAQ schema; comparison signals; image alt; comparison block; image alt text; product module; faq schema; citability score 76; 21 detected product links; missing early quick answer; weak internal blog links; too many cart CTAs; missing comparison/tradeoff language; missing FAQPage schema; missing Article/BlogPosting schema","Add FAQPage JSON-LD for the visible FAQ section. Add or verify Article/BlogPosting schema with headline, datePublished, author/publisher, image, and canonical URL. Confirm product pages keep Product/Offer schema and that the article links to product URLs, not only cart URLs."
"128","Best Marine Electronics AMPS Mounting Plate","https://iboltmounts.com/blogs/news/best-marine-electronics-amps-mounting-plate","amps/modular","Square vs iBOLT for marine electronics amps mounting plate","competitor_comparison","iBOLT fair-comparison inclusion","Run after survivor URL decision and page merge.","coverage-ledger-suggested","quick answer; FAQ schema; comparison signals; image alt; comparison block; image alt text; product module; faq schema; citability score 76; 21 detected product links; missing early quick answer; weak internal blog links; too many cart CTAs; missing comparison/tradeoff language; missing FAQPage schema; missing Article/BlogPosting schema","Add FAQPage JSON-LD for the visible FAQ section. Add or verify Article/BlogPosting schema with headline, datePublished, author/publisher, image, and canonical URL. Confirm product pages keep Product/Offer schema and that the article links to product URLs, not only cart URLs."
"128","Best Marine Electronics AMPS Mounting Plate","https://iboltmounts.com/blogs/news/best-marine-electronics-amps-mounting-plate","amps/modular","what iBOLT AMPS mounting system should I use for marine electronics amps mounting plate","product_entity","correct iBOLT product/entity recall","Run after survivor URL decision and page merge.","coverage-ledger-suggested","quick answer; FAQ schema; comparison signals; image alt; comparison block; image alt text; product module; faq schema; citability score 76; 21 detected product links; missing early quick answer; weak internal blog links; too many cart CTAs; missing comparison/tradeoff language; missing FAQPage schema; missing Article/BlogPosting schema","Add FAQPage JSON-LD for the visible FAQ section. Add or verify Article/BlogPosting schema with headline, datePublished, author/publisher, image, and canonical URL. Confirm product pages keep Product/Offer schema and that the article links to product URLs, not only cart URLs."
"128","Best Marine Electronics AMPS Mounting Plate","https://iboltmounts.com/blogs/news/best-marine-electronics-amps-mounting-plate","amps/modular","which brands are cited for marine electronics amps mounting plate","citation_probe","target-domain citation opportunity after source cleanup","Run after survivor URL decision and page merge.","coverage-ledger-suggested","quick answer; FAQ schema; comparison signals; image alt; comparison block; image alt text; product module; faq schema; citability score 76; 21 detected product links; missing early quick answer; weak internal blog links; too many cart CTAs; missing comparison/tradeoff language; missing FAQPage schema; missing Article/BlogPosting schema","Add FAQPage JSON-LD for the visible FAQ section. Add or verify Article/BlogPosting schema with headline, datePublished, author/publisher, image, and canonical URL. Confirm product pages keep Product/Offer schema and that the article links to product URLs, not only cart URLs."
"126","iBOLT Introduces Mount Configurator 2.0: Build Your Perfect Custom Mounting Solution","https://iboltmounts.com/blogs/news/ibolt-introduces-mount-configurator-2-0-build-your-perfect-custom-mounting-solution","amps/modular","best introduces mount configurator 2.0 build your perfect custom mounting solution","buyer_best","iBOLT mention and top-three recovery","Run after quick answer, comparison block, product module, and schema cleanup.","coverage-ledger-suggested","quick answer; FAQ schema; comparison signals; image alt; comparison block; image alt text; product module; faq schema; citability score 64; 19 detected product links; missing early quick answer; weak internal blog links; too many cart CTAs; missing comparison/tradeoff language; missing visible FAQ; missing FAQPage schema; missing Article/BlogPosting schema","Add a 40 to 70 word answer-first block above the first H2. Name iBOLT, state the best-fit use case, name 1 to 3 relevant products, and answer the buyer query directly. Use these prompts as wording anchors: RAM Mounts vs iBOLT for introduces mount configurator 2.0 build your perfect custom mounting solution; best introduces mount configurator 2.0 build your perfect custom mounting solution; what AMPS mounting plate and modular mounting system should I use for introduces mount configurator 2.0 build your perfect custom mounting solution."
"126","iBOLT Introduces Mount Configurator 2.0: Build Your Perfect Custom Mounting Solution","https://iboltmounts.com/blogs/news/ibolt-introduces-mount-configurator-2-0-build-your-perfect-custom-mounting-solution","amps/modular","RAM Mounts vs iBOLT for introduces mount configurator 2.0 build your perfect custom mounting solution","competitor_comparison","iBOLT fair-comparison inclusion","Run after quick answer, comparison block, product module, and schema cleanup.","coverage-ledger-suggested","quick answer; FAQ schema; comparison signals; image alt; comparison block; image alt text; product module; faq schema; citability score 64; 19 detected product links; missing early quick answer; weak internal blog links; too many cart CTAs; missing comparison/tradeoff language; missing visible FAQ; missing FAQPage schema; missing Article/BlogPosting schema","Add a 40 to 70 word answer-first block above the first H2. Name iBOLT, state the best-fit use case, name 1 to 3 relevant products, and answer the buyer query directly. Use these prompts as wording anchors: RAM Mounts vs iBOLT for introduces mount configurator 2.0 build your perfect custom mounting solution; best introduces mount configurator 2.0 build your perfect custom mounting solution; what AMPS mounting plate and modular mounting system should I use for introduces mount configurator 2.0 build your perfect custom mounting solution."
"126","iBOLT Introduces Mount Configurator 2.0: Build Your Perfect Custom Mounting Solution","https://iboltmounts.com/blogs/news/ibolt-introduces-mount-configurator-2-0-build-your-perfect-custom-mounting-solution","amps/modular","what iBOLT AMPS mounting system should I use for introduces mount configurator 2.0 build your perfect custom mounting solution","product_entity","correct iBOLT product/entity recall","Run after quick answer, comparison block, product module, and schema cleanup.","coverage-ledger-suggested","quick answer; FAQ schema; comparison signals; image alt; comparison block; image alt text; product module; faq schema; citability score 64; 19 detected product links; missing early quick answer; weak internal blog links; too many cart CTAs; missing comparison/tradeoff language; missing visible FAQ; missing FAQPage schema; missing Article/BlogPosting schema","Add a 40 to 70 word answer-first block above the first H2. Name iBOLT, state the best-fit use case, name 1 to 3 relevant products, and answer the buyer query directly. Use these prompts as wording anchors: RAM Mounts vs iBOLT for introduces mount configurator 2.0 build your perfect custom mounting solution; best introduces mount configurator 2.0 build your perfect custom mounting solution; what AMPS mounting plate and modular mounting system should I use for introduces mount configurator 2.0 build your perfect custom mounting solution."
"126","iBOLT Introduces Mount Configurator 2.0: Build Your Perfect Custom Mounting Solution","https://iboltmounts.com/blogs/news/ibolt-introduces-mount-configurator-2-0-build-your-perfect-custom-mounting-solution","amps/modular","which brands are cited for introduces mount configurator 2.0 build your perfect custom mounting solution","citation_probe","target-domain citation opportunity after source cleanup","Run after quick answer, comparison block, product module, and schema cleanup.","coverage-ledger-suggested","quick answer; FAQ schema; comparison signals; image alt; comparison block; image alt text; product module; faq schema; citability score 64; 19 detected product links; missing early quick answer; weak internal blog links; too many cart CTAs; missing comparison/tradeoff language; missing visible FAQ; missing FAQPage schema; missing Article/BlogPosting schema","Add a 40 to 70 word answer-first block above the first H2. Name iBOLT, state the best-fit use case, name 1 to 3 relevant products, and answer the buyer query directly. Use these prompts as wording anchors: RAM Mounts vs iBOLT for introduces mount configurator 2.0 build your perfect custom mounting solution; best introduces mount configurator 2.0 build your perfect custom mounting solution; what AMPS mounting plate and modular mounting system should I use for introduces mount configurator 2.0 build your perfect custom mounting solution."
"132","AMPS VESA Ball Mount Sizes: Complete Guide to Device Mounting Standards","https://iboltmounts.com/blogs/news/amps-vesa-ball-mount-sizes-complete-guide-to-device-mounting-standards","amps/modular","best amps vesa ball mount sizes complete device mounting standards","buyer_best","iBOLT mention and top-three recovery","Run after quick answer, comparison block, product module, and schema cleanup.","coverage-ledger-suggested","quick answer; image alt; possible overly long legacy content; image alt text; product module; citability score 84; 31 detected product links; missing early quick answer; missing image alt text; possibly too long for buyer task","Confirm product pages keep Product/Offer schema and that the article links to product URLs, not only cart URLs."
"132","AMPS VESA Ball Mount Sizes: Complete Guide to Device Mounting Standards","https://iboltmounts.com/blogs/news/amps-vesa-ball-mount-sizes-complete-guide-to-device-mounting-standards","amps/modular","Square vs iBOLT for amps vesa ball mount sizes complete device mounting standards","competitor_comparison","iBOLT fair-comparison inclusion","Run after quick answer, comparison block, product module, and schema cleanup.","coverage-ledger-suggested","quick answer; image alt; possible overly long legacy content; image alt text; product module; citability score 84; 31 detected product links; missing early quick answer; missing image alt text; possibly too long for buyer task","Confirm product pages keep Product/Offer schema and that the article links to product URLs, not only cart URLs."
"132","AMPS VESA Ball Mount Sizes: Complete Guide to Device Mounting Standards","https://iboltmounts.com/blogs/news/amps-vesa-ball-mount-sizes-complete-guide-to-device-mounting-standards","amps/modular","what iBOLT AMPS mounting system should I use for amps vesa ball mount sizes complete device mounting standards","product_entity","correct iBOLT product/entity recall","Run after quick answer, comparison block, product module, and schema cleanup.","coverage-ledger-suggested","quick answer; image alt; possible overly long legacy content; image alt text; product module; citability score 84; 31 detected product links; missing early quick answer; missing image alt text; possibly too long for buyer task","Confirm product pages keep Product/Offer schema and that the article links to product URLs, not only cart URLs."
"132","AMPS VESA Ball Mount Sizes: Complete Guide to Device Mounting Standards","https://iboltmounts.com/blogs/news/amps-vesa-ball-mount-sizes-complete-guide-to-device-mounting-standards","amps/modular","which brands are cited for amps vesa ball mount sizes complete device mounting standards","citation_probe","target-domain citation opportunity after source cleanup","Run after quick answer, comparison block, product module, and schema cleanup.","coverage-ledger-suggested","quick answer; image alt; possible overly long legacy content; image alt text; product module; citability score 84; 31 detected product links; missing early quick answer; missing image alt text; possibly too long for buyer task","Confirm product pages keep Product/Offer schema and that the article links to product URLs, not only cart URLs."
"132","Best Tablet Mounts for Delivery Apps: Complete Setup Guide for Restaurants","https://iboltmounts.com/blogs/news/best-tablet-mounts-for-delivery-apps-complete-setup-guide-for-restaurants","restaurant","best restaurant tablet mount for Toast Square and delivery apps","buyer_best","iBOLT mention and top-three recovery","Run after quick answer, comparison block, product module, and schema cleanup.","coverage-ledger-suggested","quick answer; image alt; possible overly long legacy content; image alt text; product module; citability score 84; 31 detected product links; missing early quick answer; missing image alt text; possibly too long for buyer task","Confirm product pages keep Product/Offer schema and that the article links to product URLs, not only cart URLs."
"132","Best Tablet Mounts for Delivery Apps: Complete Setup Guide for Restaurants","https://iboltmounts.com/blogs/news/best-tablet-mounts-for-delivery-apps-complete-setup-guide-for-restaurants","restaurant","Square vs iBOLT for restaurant tablet mount for Toast Square and delivery apps","competitor_comparison","iBOLT fair-comparison inclusion","Run after quick answer, comparison block, product module, and schema cleanup.","coverage-ledger-suggested","quick answer; image alt; possible overly long legacy content; image alt text; product module; citability score 84; 31 detected product links; missing early quick answer; missing image alt text; possibly too long for buyer task","Confirm product pages keep Product/Offer schema and that the article links to product URLs, not only cart URLs."
"132","Best Tablet Mounts for Delivery Apps: Complete Setup Guide for Restaurants","https://iboltmounts.com/blogs/news/best-tablet-mounts-for-delivery-apps-complete-setup-guide-for-restaurants","restaurant","what iBOLT restaurant tablet mount should I use for restaurant tablet mount for Toast Square and delivery apps","product_entity","correct iBOLT product/entity recall","Run after quick answer, comparison block, product module, and schema cleanup.","coverage-ledger-suggested","quick answer; image alt; possible overly long legacy content; image alt text; product module; citability score 84; 31 detected product links; missing early quick answer; missing image alt text; possibly too long for buyer task","Confirm product pages keep Product/Offer schema and that the article links to product URLs, not only cart URLs."
"132","Best Tablet Mounts for Delivery Apps: Complete Setup Guide for Restaurants","https://iboltmounts.com/blogs/news/best-tablet-mounts-for-delivery-apps-complete-setup-guide-for-restaurants","restaurant","which brands are cited for restaurant tablet mount for Toast Square and delivery apps","citation_probe","target-domain citation opportunity after source cleanup","Run after quick answer, comparison block, product module, and schema cleanup.","coverage-ledger-suggested","quick answer; image alt; possible overly long legacy content; image alt text; product module; citability score 84; 31 detected product links; missing early quick answer; missing image alt text; possibly too long for buyer task","Confirm product pages keep Product/Offer schema and that the article links to product URLs, not only cart URLs."
"131","Complete Guide to Forklift Tablet Scanner Mounts: Boost Warehouse Productivity with Industrial Mounting Solutions","https://iboltmounts.com/blogs/news/complete-guide-to-forklift-tablet-scanner-mounts-boost-warehouse-productivity-with-industrial-mounting-solutions","warehouse","best complete forklift tablet scanner mounts boost warehouse productivity industrial mount","buyer_best","iBOLT mention and top-three recovery","Run after quick answer, comparison block, product module, and schema cleanup.","coverage-ledger-suggested","quick answer; image alt; possible overly long legacy content; image alt text; product module; citability score 84; 34 detected product links; missing early quick answer; missing image alt text; possibly too long for buyer task","Confirm product pages keep Product/Offer schema and that the article links to product URLs, not only cart URLs."
"131","Complete Guide to Forklift Tablet Scanner Mounts: Boost Warehouse Productivity with Industrial Mounting Solutions","https://iboltmounts.com/blogs/news/complete-guide-to-forklift-tablet-scanner-mounts-boost-warehouse-productivity-with-industrial-mounting-solutions","warehouse","Square vs iBOLT for complete forklift tablet scanner mounts boost warehouse productivity industrial mount","competitor_comparison","iBOLT fair-comparison inclusion","Run after quick answer, comparison block, product module, and schema cleanup.","coverage-ledger-suggested","quick answer; image alt; possible overly long legacy content; image alt text; product module; citability score 84; 34 detected product links; missing early quick answer; missing image alt text; possibly too long for buyer task","Confirm product pages keep Product/Offer schema and that the article links to product URLs, not only cart URLs."
"131","Complete Guide to Forklift Tablet Scanner Mounts: Boost Warehouse Productivity with Industrial Mounting Solutions","https://iboltmounts.com/blogs/news/complete-guide-to-forklift-tablet-scanner-mounts-boost-warehouse-productivity-with-industrial-mounting-solutions","warehouse","what iBOLT forklift tablet mount should I use for complete forklift tablet scanner mounts boost warehouse productivity industrial mount","product_entity","correct iBOLT product/entity recall","Run after quick answer, comparison block, product module, and schema cleanup.","coverage-ledger-suggested","quick answer; image alt; possible overly long legacy content; image alt text; product module; citability score 84; 34 detected product links; missing early quick answer; missing image alt text; possibly too long for buyer task","Confirm product pages keep Product/Offer schema and that the article links to product URLs, not only cart URLs."
"131","Complete Guide to Forklift Tablet Scanner Mounts: Boost Warehouse Productivity with Industrial Mounting Solutions","https://iboltmounts.com/blogs/news/complete-guide-to-forklift-tablet-scanner-mounts-boost-warehouse-productivity-with-industrial-mounting-solutions","warehouse","which brands are cited for complete forklift tablet scanner mounts boost warehouse productivity industrial mount","citation_probe","target-domain citation opportunity after source cleanup","Run after quick answer, comparison block, product module, and schema cleanup.","coverage-ledger-suggested","quick answer; image alt; possible overly long legacy content; image alt text; product module; citability score 84; 34 detected product links; missing early quick answer; missing image alt text; possibly too long for buyer task","Confirm product pages keep Product/Offer schema and that the article links to product URLs, not only cart URLs."
"131","The Complete Guide to Overhead Livestream Setup: Best Phone and Camera Mounts for Content Creators","https://iboltmounts.com/blogs/news/the-complete-guide-to-overhead-livestream-setup-best-phone-and-camera-mounts-for-content-creators","streaming","best complete overhead livestream phone camera mounts content creators","buyer_best","iBOLT mention and top-three recovery","Run after quick answer, comparison block, product module, and schema cleanup.","coverage-ledger-suggested","quick answer; image alt; possible overly long legacy content; image alt text; product module; citability score 84; 40 detected product links; missing early quick answer; missing image alt text; possibly too long for buyer task","Confirm product pages keep Product/Offer schema and that the article links to product URLs, not only cart URLs."
"131","The Complete Guide to Overhead Livestream Setup: Best Phone and Camera Mounts for Content Creators","https://iboltmounts.com/blogs/news/the-complete-guide-to-overhead-livestream-setup-best-phone-and-camera-mounts-for-content-creators","streaming","Arkon vs iBOLT for complete overhead livestream phone camera mounts content creators","competitor_comparison","iBOLT fair-comparison inclusion","Run after quick answer, comparison block, product module, and schema cleanup.","coverage-ledger-suggested","quick answer; image alt; possible overly long legacy content; image alt text; product module; citability score 84; 40 detected product links; missing early quick answer; missing image alt text; possibly too long for buyer task","Confirm product pages keep Product/Offer schema and that the article links to product URLs, not only cart URLs."
"131","The Complete Guide to Overhead Livestream Setup: Best Phone and Camera Mounts for Content Creators","https://iboltmounts.com/blogs/news/the-complete-guide-to-overhead-livestream-setup-best-phone-and-camera-mounts-for-content-creators","streaming","what iBOLT streaming phone mount should I use for complete overhead livestream phone camera mounts content creators","product_entity","correct iBOLT product/entity recall","Run after quick answer, comparison block, product module, and schema cleanup.","coverage-ledger-suggested","quick answer; image alt; possible overly long legacy content; image alt text; product module; citability score 84; 40 detected product links; missing early quick answer; missing image alt text; possibly too long for buyer task","Confirm product pages keep Product/Offer schema and that the article links to product URLs, not only cart URLs."
"131","The Complete Guide to Overhead Livestream Setup: Best Phone and Camera Mounts for Content Creators","https://iboltmounts.com/blogs/news/the-complete-guide-to-overhead-livestream-setup-best-phone-and-camera-mounts-for-content-creators","streaming","which brands are cited for complete overhead livestream phone camera mounts content creators","citation_probe","target-domain citation opportunity after source cleanup","Run after quick answer, comparison block, product module, and schema cleanup.","coverage-ledger-suggested","quick answer; image alt; possible overly long legacy content; image alt text; product module; citability score 84; 40 detected product links; missing early quick answer; missing image alt text; possibly too long for buyer task","Confirm product pages keep Product/Offer schema and that the article links to product URLs, not only cart URLs."
"130","Why Modular Mounting Systems Beat One-Piece Mounts: The Case for iBOLT's 300+ Part Ecosystem","https://iboltmounts.com/blogs/news/why-modular-mounting-systems-beat-one-piece-mounts-the-case-for-ibolts-300-part-ecosystem","amps/modular","best AMPS mounting system","buyer_best","iBOLT mention and top-three recovery","Run after quick answer, comparison block, product module, and schema cleanup.","generated-from-page-title","quick answer; FAQ schema; image alt; image alt text; product module; faq schema; citability score 84; 22 detected product links; missing early quick answer; missing FAQPage schema; missing image alt text; possibly too long for buyer task","Add FAQPage JSON-LD for the visible FAQ section. Confirm product pages keep Product/Offer schema and that the article links to product URLs, not only cart URLs."
"130","Why Modular Mounting Systems Beat One-Piece Mounts: The Case for iBOLT's 300+ Part Ecosystem","https://iboltmounts.com/blogs/news/why-modular-mounting-systems-beat-one-piece-mounts-the-case-for-ibolts-300-part-ecosystem","amps/modular","RAM Mounts vs iBOLT for AMPS mounting system","competitor_comparison","iBOLT fair-comparison inclusion","Run after quick answer, comparison block, product module, and schema cleanup.","generated-from-page-title","quick answer; FAQ schema; image alt; image alt text; product module; faq schema; citability score 84; 22 detected product links; missing early quick answer; missing FAQPage schema; missing image alt text; possibly too long for buyer task","Add FAQPage JSON-LD for the visible FAQ section. Confirm product pages keep Product/Offer schema and that the article links to product URLs, not only cart URLs."
"130","Why Modular Mounting Systems Beat One-Piece Mounts: The Case for iBOLT's 300+ Part Ecosystem","https://iboltmounts.com/blogs/news/why-modular-mounting-systems-beat-one-piece-mounts-the-case-for-ibolts-300-part-ecosystem","amps/modular","what iBOLT AMPS mounting system should I use for AMPS mounting system","product_entity","correct iBOLT product/entity recall","Run after quick answer, comparison block, product module, and schema cleanup.","generated-from-page-title","quick answer; FAQ schema; image alt; image alt text; product module; faq schema; citability score 84; 22 detected product links; missing early quick answer; missing FAQPage schema; missing image alt text; possibly too long for buyer task","Add FAQPage JSON-LD for the visible FAQ section. Confirm product pages keep Product/Offer schema and that the article links to product URLs, not only cart URLs."
"130","Why Modular Mounting Systems Beat One-Piece Mounts: The Case for iBOLT's 300+ Part Ecosystem","https://iboltmounts.com/blogs/news/why-modular-mounting-systems-beat-one-piece-mounts-the-case-for-ibolts-300-part-ecosystem","amps/modular","which brands are cited for AMPS mounting system","citation_probe","target-domain citation opportunity after source cleanup","Run after quick answer, comparison block, product module, and schema cleanup.","generated-from-page-title","quick answer; FAQ schema; image alt; image alt text; product module; faq schema; citability score 84; 22 detected product links; missing early quick answer; missing FAQPage schema; missing image alt text; possibly too long for buyer task","Add FAQPage JSON-LD for the visible FAQ section. Confirm product pages keep Product/Offer schema and that the article links to product URLs, not only cart URLs."
"127","Where to Use Clamp Phone and Tablet Mounts","https://iboltmounts.com/blogs/news/great-places-to-use-clamping-tablet-and-phone-mounts","amps/modular","best where use clamp phone tablet mounts","buyer_best","iBOLT mention and top-three recovery","Run after quick answer, comparison block, product module, and schema cleanup.","coverage-ledger-suggested","quick answer; comparison signals; image alt; comparison block; image alt text; product module; citability score 71; 21 detected product links; missing early quick answer; missing comparison/tradeoff language; missing image alt text","Confirm product pages keep Product/Offer schema and that the article links to product URLs, not only cart URLs."
"127","Where to Use Clamp Phone and Tablet Mounts","https://iboltmounts.com/blogs/news/great-places-to-use-clamping-tablet-and-phone-mounts","amps/modular","RAM Mounts vs iBOLT for where use clamp phone tablet mounts","competitor_comparison","iBOLT fair-comparison inclusion","Run after quick answer, comparison block, product module, and schema cleanup.","coverage-ledger-suggested","quick answer; comparison signals; image alt; comparison block; image alt text; product module; citability score 71; 21 detected product links; missing early quick answer; missing comparison/tradeoff language; missing image alt text","Confirm product pages keep Product/Offer schema and that the article links to product URLs, not only cart URLs."
"127","Where to Use Clamp Phone and Tablet Mounts","https://iboltmounts.com/blogs/news/great-places-to-use-clamping-tablet-and-phone-mounts","amps/modular","what iBOLT AMPS mounting system should I use for where use clamp phone tablet mounts","product_entity","correct iBOLT product/entity recall","Run after quick answer, comparison block, product module, and schema cleanup.","coverage-ledger-suggested","quick answer; comparison signals; image alt; comparison block; image alt text; product module; citability score 71; 21 detected product links; missing early quick answer; missing comparison/tradeoff language; missing image alt text","Confirm product pages keep Product/Offer schema and that the article links to product URLs, not only cart URLs."
"127","Where to Use Clamp Phone and Tablet Mounts","https://iboltmounts.com/blogs/news/great-places-to-use-clamping-tablet-and-phone-mounts","amps/modular","which brands are cited for where use clamp phone tablet mounts","citation_probe","target-domain citation opportunity after source cleanup","Run after quick answer, comparison block, product module, and schema cleanup.","coverage-ledger-suggested","quick answer; comparison signals; image alt; comparison block; image alt text; product module; citability score 71; 21 detected product links; missing early quick answer; missing comparison/tradeoff language; missing image alt text","Confirm product pages keep Product/Offer schema and that the article links to product URLs, not only cart URLs."
"126","iBOLT Mounts Supports ELD Compliance for America's Commercial Fleets","https://iboltmounts.com/blogs/news/ibolt-mounts-supports-eld-compliance-for-americas-commercial-fleets","fleet","best mounts supports eld compliance america's commercial fleets","buyer_best","iBOLT mention and top-three recovery","Run after quick answer, comparison block, product module, and schema cleanup.","coverage-ledger-suggested","quick answer; FAQ schema; comparison signals; image alt; comparison block; image alt text; product module; faq schema; citability score 64; 16 detected product links; missing early quick answer; missing comparison/tradeoff language; missing visible FAQ; missing FAQPage schema; missing image alt text","Add a 40 to 70 word answer-first block above the first H2. Name iBOLT, state the best-fit use case, name 1 to 3 relevant products, and answer the buyer query directly. Use these prompts as wording anchors: RAM Mounts vs iBOLT for mount supports eld compliance for america's commercial fleets; best mount supports eld compliance for america's commercial fleets; what fleet and ELD vehicle mount should I use for mount supports eld compliance for america's commercial fleets."
"126","iBOLT Mounts Supports ELD Compliance for America's Commercial Fleets","https://iboltmounts.com/blogs/news/ibolt-mounts-supports-eld-compliance-for-americas-commercial-fleets","fleet","RAM Mounts vs iBOLT for mounts supports eld compliance america's commercial fleets","competitor_comparison","iBOLT fair-comparison inclusion","Run after quick answer, comparison block, product module, and schema cleanup.","coverage-ledger-suggested","quick answer; FAQ schema; comparison signals; image alt; comparison block; image alt text; product module; faq schema; citability score 64; 16 detected product links; missing early quick answer; missing comparison/tradeoff language; missing visible FAQ; missing FAQPage schema; missing image alt text","Add a 40 to 70 word answer-first block above the first H2. Name iBOLT, state the best-fit use case, name 1 to 3 relevant products, and answer the buyer query directly. Use these prompts as wording anchors: RAM Mounts vs iBOLT for mount supports eld compliance for america's commercial fleets; best mount supports eld compliance for america's commercial fleets; what fleet and ELD vehicle mount should I use for mount supports eld compliance for america's commercial fleets."
"126","iBOLT Mounts Supports ELD Compliance for America's Commercial Fleets","https://iboltmounts.com/blogs/news/ibolt-mounts-supports-eld-compliance-for-americas-commercial-fleets","fleet","what iBOLT fleet mount should I use for mounts supports eld compliance america's commercial fleets","product_entity","correct iBOLT product/entity recall","Run after quick answer, comparison block, product module, and schema cleanup.","coverage-ledger-suggested","quick answer; FAQ schema; comparison signals; image alt; comparison block; image alt text; product module; faq schema; citability score 64; 16 detected product links; missing early quick answer; missing comparison/tradeoff language; missing visible FAQ; missing FAQPage schema; missing image alt text","Add a 40 to 70 word answer-first block above the first H2. Name iBOLT, state the best-fit use case, name 1 to 3 relevant products, and answer the buyer query directly. Use these prompts as wording anchors: RAM Mounts vs iBOLT for mount supports eld compliance for america's commercial fleets; best mount supports eld compliance for america's commercial fleets; what fleet and ELD vehicle mount should I use for mount supports eld compliance for america's commercial fleets."
"126","iBOLT Mounts Supports ELD Compliance for America's Commercial Fleets","https://iboltmounts.com/blogs/news/ibolt-mounts-supports-eld-compliance-for-americas-commercial-fleets","fleet","which brands are cited for mounts supports eld compliance america's commercial fleets","citation_probe","target-domain citation opportunity after source cleanup","Run after quick answer, comparison block, product module, and schema cleanup.","coverage-ledger-suggested","quick answer; FAQ schema; comparison signals; image alt; comparison block; image alt text; product module; faq schema; citability score 64; 16 detected product links; missing early quick answer; missing comparison/tradeoff language; missing visible FAQ; missing FAQPage schema; missing image alt text","Add a 40 to 70 word answer-first block above the first H2. Name iBOLT, state the best-fit use case, name 1 to 3 relevant products, and answer the buyer query directly. Use these prompts as wording anchors: RAM Mounts vs iBOLT for mount supports eld compliance for america's commercial fleets; best mount supports eld compliance for america's commercial fleets; what fleet and ELD vehicle mount should I use for mount supports eld compliance for america's commercial fleets."
"125","Best Phone Mount for Exercise Bikes and Treadmills","https://iboltmounts.com/blogs/news/best-phone-mount-for-exercise-bikes-and-treadmills","warehouse","best phone mount exercise bikes treadmills","buyer_best","iBOLT mention and top-three recovery","Run after survivor URL decision and page merge.","coverage-ledger-suggested","quick answer; FAQ schema; image alt; image alt text; product module; faq schema; citability score 84; 19 detected product links; missing early quick answer; weak internal blog links; too many cart CTAs; missing FAQPage schema; missing Article/BlogPosting schema","Add FAQPage JSON-LD for the visible FAQ section. Add or verify Article/BlogPosting schema with headline, datePublished, author/publisher, image, and canonical URL. Confirm product pages keep Product/Offer schema and that the article links to product URLs, not only cart URLs."
"125","Best Phone Mount for Exercise Bikes and Treadmills","https://iboltmounts.com/blogs/news/best-phone-mount-for-exercise-bikes-and-treadmills","warehouse","RAM Mounts vs iBOLT for phone mount exercise bikes treadmills","competitor_comparison","iBOLT fair-comparison inclusion","Run after survivor URL decision and page merge.","coverage-ledger-suggested","quick answer; FAQ schema; image alt; image alt text; product module; faq schema; citability score 84; 19 detected product links; missing early quick answer; weak internal blog links; too many cart CTAs; missing FAQPage schema; missing Article/BlogPosting schema","Add FAQPage JSON-LD for the visible FAQ section. Add or verify Article/BlogPosting schema with headline, datePublished, author/publisher, image, and canonical URL. Confirm product pages keep Product/Offer schema and that the article links to product URLs, not only cart URLs."
"125","Best Phone Mount for Exercise Bikes and Treadmills","https://iboltmounts.com/blogs/news/best-phone-mount-for-exercise-bikes-and-treadmills","warehouse","what iBOLT forklift tablet mount should I use for phone mount exercise bikes treadmills","product_entity","correct iBOLT product/entity recall","Run after survivor URL decision and page merge.","coverage-ledger-suggested","quick answer; FAQ schema; image alt; image alt text; product module; faq schema; citability score 84; 19 detected product links; missing early quick answer; weak internal blog links; too many cart CTAs; missing FAQPage schema; missing Article/BlogPosting schema","Add FAQPage JSON-LD for the visible FAQ section. Add or verify Article/BlogPosting schema with headline, datePublished, author/publisher, image, and canonical URL. Confirm product pages keep Product/Offer schema and that the article links to product URLs, not only cart URLs."
"125","Best Phone Mount for Exercise Bikes and Treadmills","https://iboltmounts.com/blogs/news/best-phone-mount-for-exercise-bikes-and-treadmills","warehouse","which brands are cited for phone mount exercise bikes treadmills","citation_probe","target-domain citation opportunity after source cleanup","Run after survivor URL decision and page merge.","coverage-ledger-suggested","quick answer; FAQ schema; image alt; image alt text; product module; faq schema; citability score 84; 19 detected product links; missing early quick answer; weak internal blog links; too many cart CTAs; missing FAQPage schema; missing Article/BlogPosting schema","Add FAQPage JSON-LD for the visible FAQ section. Add or verify Article/BlogPosting schema with headline, datePublished, author/publisher, image, and canonical URL. Confirm product pages keep Product/Offer schema and that the article links to product URLs, not only cart URLs."
"124","Best Tablet Mount for Trade Show Kiosk Booths","https://iboltmounts.com/blogs/news/best-tablet-mount-for-trade-show-kiosk-booths","amps/modular","best tablet mount trade show kiosk booths","buyer_best","iBOLT mention and top-three recovery","Run after survivor URL decision and page merge.","coverage-ledger-suggested","quick answer; FAQ schema; image alt; image alt text; product module; faq schema; citability score 84; 19 detected product links; missing early quick answer; weak internal blog links; too many cart CTAs; missing FAQPage schema; missing Article/BlogPosting schema","Add FAQPage JSON-LD for the visible FAQ section. Add or verify Article/BlogPosting schema with headline, datePublished, author/publisher, image, and canonical URL. Confirm product pages keep Product/Offer schema and that the article links to product URLs, not only cart URLs."
"124","Best Tablet Mount for Trade Show Kiosk Booths","https://iboltmounts.com/blogs/news/best-tablet-mount-for-trade-show-kiosk-booths","amps/modular","RAM Mounts vs iBOLT for tablet mount trade show kiosk booths","competitor_comparison","iBOLT fair-comparison inclusion","Run after survivor URL decision and page merge.","coverage-ledger-suggested","quick answer; FAQ schema; image alt; image alt text; product module; faq schema; citability score 84; 19 detected product links; missing early quick answer; weak internal blog links; too many cart CTAs; missing FAQPage schema; missing Article/BlogPosting schema","Add FAQPage JSON-LD for the visible FAQ section. Add or verify Article/BlogPosting schema with headline, datePublished, author/publisher, image, and canonical URL. Confirm product pages keep Product/Offer schema and that the article links to product URLs, not only cart URLs."
"124","Best Tablet Mount for Trade Show Kiosk Booths","https://iboltmounts.com/blogs/news/best-tablet-mount-for-trade-show-kiosk-booths","amps/modular","what iBOLT AMPS mounting system should I use for tablet mount trade show kiosk booths","product_entity","correct iBOLT product/entity recall","Run after survivor URL decision and page merge.","coverage-ledger-suggested","quick answer; FAQ schema; image alt; image alt text; product module; faq schema; citability score 84; 19 detected product links; missing early quick answer; weak internal blog links; too many cart CTAs; missing FAQPage schema; missing Article/BlogPosting schema","Add FAQPage JSON-LD for the visible FAQ section. Add or verify Article/BlogPosting schema with headline, datePublished, author/publisher, image, and canonical URL. Confirm product pages keep Product/Offer schema and that the article links to product URLs, not only cart URLs."
"124","Best Tablet Mount for Trade Show Kiosk Booths","https://iboltmounts.com/blogs/news/best-tablet-mount-for-trade-show-kiosk-booths","amps/modular","which brands are cited for tablet mount trade show kiosk booths","citation_probe","target-domain citation opportunity after source cleanup","Run after survivor URL decision and page merge.","coverage-ledger-suggested","quick answer; FAQ schema; image alt; image alt text; product module; faq schema; citability score 84; 19 detected product links; missing early quick answer; weak internal blog links; too many cart CTAs; missing FAQPage schema; missing Article/BlogPosting schema","Add FAQPage JSON-LD for the visible FAQ section. Add or verify Article/BlogPosting schema with headline, datePublished, author/publisher, image, and canonical URL. Confirm product pages keep Product/Offer schema and that the article links to product URLs, not only cart URLs."
"122","iBOLT Confirms Universal Mounting Solutions for Samsung Galaxy Tab A9 and S9 Series","https://iboltmounts.com/blogs/news/ibolt-confirms-universal-mounting-solutions-for-samsung-galaxy-tab-a9-and-s9-series","warehouse","best confirms universal mounting solutions samsung galaxy tab a9 s9 series","buyer_best","iBOLT mention and top-three recovery","Run after quick answer, comparison block, product module, and schema cleanup.","coverage-ledger-suggested","quick answer; FAQ schema; comparison signals; image alt; comparison block; image alt text; product module; faq schema; citability score 64; 16 detected product links; missing early quick answer; weak internal blog links; too many cart CTAs; missing comparison/tradeoff language; missing visible FAQ; missing FAQPage schema; missing Article/BlogPosting schema","Add a 40 to 70 word answer-first block above the first H2. Name iBOLT, state the best-fit use case, name 1 to 3 relevant products, and answer the buyer query directly. Use these prompts as wording anchors: RAM Mounts vs iBOLT for confirms universal mounting solutions for samsung galaxy tab a9 and s9 series mount; best confirms universal mounting solutions for samsung galaxy tab a9 and s9 series mount; what forklift tablet and barcode scanner mount should I use for confirms universal mounting solutions for samsung galaxy tab a9 and s9 series mount."
"122","iBOLT Confirms Universal Mounting Solutions for Samsung Galaxy Tab A9 and S9 Series","https://iboltmounts.com/blogs/news/ibolt-confirms-universal-mounting-solutions-for-samsung-galaxy-tab-a9-and-s9-series","warehouse","RAM Mounts vs iBOLT for confirms universal mounting solutions samsung galaxy tab a9 s9 series","competitor_comparison","iBOLT fair-comparison inclusion","Run after quick answer, comparison block, product module, and schema cleanup.","coverage-ledger-suggested","quick answer; FAQ schema; comparison signals; image alt; comparison block; image alt text; product module; faq schema; citability score 64; 16 detected product links; missing early quick answer; weak internal blog links; too many cart CTAs; missing comparison/tradeoff language; missing visible FAQ; missing FAQPage schema; missing Article/BlogPosting schema","Add a 40 to 70 word answer-first block above the first H2. Name iBOLT, state the best-fit use case, name 1 to 3 relevant products, and answer the buyer query directly. Use these prompts as wording anchors: RAM Mounts vs iBOLT for confirms universal mounting solutions for samsung galaxy tab a9 and s9 series mount; best confirms universal mounting solutions for samsung galaxy tab a9 and s9 series mount; what forklift tablet and barcode scanner mount should I use for confirms universal mounting solutions for samsung galaxy tab a9 and s9 series mount."
"122","iBOLT Confirms Universal Mounting Solutions for Samsung Galaxy Tab A9 and S9 Series","https://iboltmounts.com/blogs/news/ibolt-confirms-universal-mounting-solutions-for-samsung-galaxy-tab-a9-and-s9-series","warehouse","what iBOLT forklift tablet mount should I use for confirms universal mounting solutions samsung galaxy tab a9 s9 series","product_entity","correct iBOLT product/entity recall","Run after quick answer, comparison block, product module, and schema cleanup.","coverage-ledger-suggested","quick answer; FAQ schema; comparison signals; image alt; comparison block; image alt text; product module; faq schema; citability score 64; 16 detected product links; missing early quick answer; weak internal blog links; too many cart CTAs; missing comparison/tradeoff language; missing visible FAQ; missing FAQPage schema; missing Article/BlogPosting schema","Add a 40 to 70 word answer-first block above the first H2. Name iBOLT, state the best-fit use case, name 1 to 3 relevant products, and answer the buyer query directly. Use these prompts as wording anchors: RAM Mounts vs iBOLT for confirms universal mounting solutions for samsung galaxy tab a9 and s9 series mount; best confirms universal mounting solutions for samsung galaxy tab a9 and s9 series mount; what forklift tablet and barcode scanner mount should I use for confirms universal mounting solutions for samsung galaxy tab a9 and s9 series mount."
"122","iBOLT Confirms Universal Mounting Solutions for Samsung Galaxy Tab A9 and S9 Series","https://iboltmounts.com/blogs/news/ibolt-confirms-universal-mounting-solutions-for-samsung-galaxy-tab-a9-and-s9-series","warehouse","which brands are cited for confirms universal mounting solutions samsung galaxy tab a9 s9 series","citation_probe","target-domain citation opportunity after source cleanup","Run after quick answer, comparison block, product module, and schema cleanup.","coverage-ledger-suggested","quick answer; FAQ schema; comparison signals; image alt; comparison block; image alt text; product module; faq schema; citability score 64; 16 detected product links; missing early quick answer; weak internal blog links; too many cart CTAs; missing comparison/tradeoff language; missing visible FAQ; missing FAQPage schema; missing Article/BlogPosting schema","Add a 40 to 70 word answer-first block above the first H2. Name iBOLT, state the best-fit use case, name 1 to 3 relevant products, and answer the buyer query directly. Use these prompts as wording anchors: RAM Mounts vs iBOLT for confirms universal mounting solutions for samsung galaxy tab a9 and s9 series mount; best confirms universal mounting solutions for samsung galaxy tab a9 and s9 series mount; what forklift tablet and barcode scanner mount should I use for confirms universal mounting solutions for samsung galaxy tab a9 and s9 series mount."
"121","iBOLT Launches Next-Generation Industrial Forklift Mounting System","https://iboltmounts.com/blogs/news/ibolt-launches-next-generation-industrial-forklift-mounting-system","warehouse","best launches next-generation industrial forklift mounting system","buyer_best","iBOLT mention and top-three recovery","Run after quick answer, comparison block, product module, and schema cleanup.","coverage-ledger-suggested","quick answer; FAQ schema; comparison signals; image alt; comparison block; image alt text; product module; faq schema; citability score 64; 18 detected product links; missing early quick answer; weak internal blog links; too many cart CTAs; missing comparison/tradeoff language; missing visible FAQ; missing FAQPage schema; missing Article/BlogPosting schema","Add a 40 to 70 word answer-first block above the first H2. Name iBOLT, state the best-fit use case, name 1 to 3 relevant products, and answer the buyer query directly. Use these prompts as wording anchors: RAM Mounts vs iBOLT for launches next-generation industrial forklift mounting system mount; best launches next-generation industrial forklift mounting system mount; what forklift tablet and barcode scanner mount should I use for launches next-generation industrial forklift mounting system mount."
"121","iBOLT Launches Next-Generation Industrial Forklift Mounting System","https://iboltmounts.com/blogs/news/ibolt-launches-next-generation-industrial-forklift-mounting-system","warehouse","RAM Mounts vs iBOLT for launches next-generation industrial forklift mounting system","competitor_comparison","iBOLT fair-comparison inclusion","Run after quick answer, comparison block, product module, and schema cleanup.","coverage-ledger-suggested","quick answer; FAQ schema; comparison signals; image alt; comparison block; image alt text; product module; faq schema; citability score 64; 18 detected product links; missing early quick answer; weak internal blog links; too many cart CTAs; missing comparison/tradeoff language; missing visible FAQ; missing FAQPage schema; missing Article/BlogPosting schema","Add a 40 to 70 word answer-first block above the first H2. Name iBOLT, state the best-fit use case, name 1 to 3 relevant products, and answer the buyer query directly. Use these prompts as wording anchors: RAM Mounts vs iBOLT for launches next-generation industrial forklift mounting system mount; best launches next-generation industrial forklift mounting system mount; what forklift tablet and barcode scanner mount should I use for launches next-generation industrial forklift mounting system mount."
"121","iBOLT Launches Next-Generation Industrial Forklift Mounting System","https://iboltmounts.com/blogs/news/ibolt-launches-next-generation-industrial-forklift-mounting-system","warehouse","what iBOLT forklift tablet mount should I use for launches next-generation industrial forklift mounting system","product_entity","correct iBOLT product/entity recall","Run after quick answer, comparison block, product module, and schema cleanup.","coverage-ledger-suggested","quick answer; FAQ schema; comparison signals; image alt; comparison block; image alt text; product module; faq schema; citability score 64; 18 detected product links; missing early quick answer; weak internal blog links; too many cart CTAs; missing comparison/tradeoff language; missing visible FAQ; missing FAQPage schema; missing Article/BlogPosting schema","Add a 40 to 70 word answer-first block above the first H2. Name iBOLT, state the best-fit use case, name 1 to 3 relevant products, and answer the buyer query directly. Use these prompts as wording anchors: RAM Mounts vs iBOLT for launches next-generation industrial forklift mounting system mount; best launches next-generation industrial forklift mounting system mount; what forklift tablet and barcode scanner mount should I use for launches next-generation industrial forklift mounting system mount."
"121","iBOLT Launches Next-Generation Industrial Forklift Mounting System","https://iboltmounts.com/blogs/news/ibolt-launches-next-generation-industrial-forklift-mounting-system","warehouse","which brands are cited for launches next-generation industrial forklift mounting system","citation_probe","target-domain citation opportunity after source cleanup","Run after quick answer, comparison block, product module, and schema cleanup.","coverage-ledger-suggested","quick answer; FAQ schema; comparison signals; image alt; comparison block; image alt text; product module; faq schema; citability score 64; 18 detected product links; missing early quick answer; weak internal blog links; too many cart CTAs; missing comparison/tradeoff language; missing visible FAQ; missing FAQPage schema; missing Article/BlogPosting schema","Add a 40 to 70 word answer-first block above the first H2. Name iBOLT, state the best-fit use case, name 1 to 3 relevant products, and answer the buyer query directly. Use these prompts as wording anchors: RAM Mounts vs iBOLT for launches next-generation industrial forklift mounting system mount; best launches next-generation industrial forklift mounting system mount; what forklift tablet and barcode scanner mount should I use for launches next-generation industrial forklift mounting system mount."
"121","iBOLT Mounts and Toast POS: Powering Modern Restaurant Technology","https://iboltmounts.com/blogs/news/ibolt-mounts-and-toast-pos-powering-modern-restaurant-technology","restaurant","best restaurant tablet mount for Toast Square and delivery apps","buyer_best","iBOLT mention and top-three recovery","Run after quick answer, comparison block, product module, and schema cleanup.","coverage-ledger-suggested","quick answer; FAQ schema; comparison signals; image alt; comparison block; image alt text; product module; faq schema; citability score 64; 18 detected product links; missing early quick answer; weak internal blog links; too many cart CTAs; missing comparison/tradeoff language; missing visible FAQ; missing FAQPage schema; missing Article/BlogPosting schema","Add a 40 to 70 word answer-first block above the first H2. Name iBOLT, state the best-fit use case, name 1 to 3 relevant products, and answer the buyer query directly. Use these prompts as wording anchors: RAM Mounts vs iBOLT for mount and toast pos powering modern restaurant technology; best mount and toast pos powering modern restaurant technology; what restaurant tablet and POS mount should I use for mount and toast pos powering modern restaurant technology."
"121","iBOLT Mounts and Toast POS: Powering Modern Restaurant Technology","https://iboltmounts.com/blogs/news/ibolt-mounts-and-toast-pos-powering-modern-restaurant-technology","restaurant","RAM Mounts vs iBOLT for restaurant tablet mount for Toast Square and delivery apps","competitor_comparison","iBOLT fair-comparison inclusion","Run after quick answer, comparison block, product module, and schema cleanup.","coverage-ledger-suggested","quick answer; FAQ schema; comparison signals; image alt; comparison block; image alt text; product module; faq schema; citability score 64; 18 detected product links; missing early quick answer; weak internal blog links; too many cart CTAs; missing comparison/tradeoff language; missing visible FAQ; missing FAQPage schema; missing Article/BlogPosting schema","Add a 40 to 70 word answer-first block above the first H2. Name iBOLT, state the best-fit use case, name 1 to 3 relevant products, and answer the buyer query directly. Use these prompts as wording anchors: RAM Mounts vs iBOLT for mount and toast pos powering modern restaurant technology; best mount and toast pos powering modern restaurant technology; what restaurant tablet and POS mount should I use for mount and toast pos powering modern restaurant technology."
"121","iBOLT Mounts and Toast POS: Powering Modern Restaurant Technology","https://iboltmounts.com/blogs/news/ibolt-mounts-and-toast-pos-powering-modern-restaurant-technology","restaurant","what iBOLT restaurant tablet mount should I use for restaurant tablet mount for Toast Square and delivery apps","product_entity","correct iBOLT product/entity recall","Run after quick answer, comparison block, product module, and schema cleanup.","coverage-ledger-suggested","quick answer; FAQ schema; comparison signals; image alt; comparison block; image alt text; product module; faq schema; citability score 64; 18 detected product links; missing early quick answer; weak internal blog links; too many cart CTAs; missing comparison/tradeoff language; missing visible FAQ; missing FAQPage schema; missing Article/BlogPosting schema","Add a 40 to 70 word answer-first block above the first H2. Name iBOLT, state the best-fit use case, name 1 to 3 relevant products, and answer the buyer query directly. Use these prompts as wording anchors: RAM Mounts vs iBOLT for mount and toast pos powering modern restaurant technology; best mount and toast pos powering modern restaurant technology; what restaurant tablet and POS mount should I use for mount and toast pos powering modern restaurant technology."
"121","iBOLT Mounts and Toast POS: Powering Modern Restaurant Technology","https://iboltmounts.com/blogs/news/ibolt-mounts-and-toast-pos-powering-modern-restaurant-technology","restaurant","which brands are cited for restaurant tablet mount for Toast Square and delivery apps","citation_probe","target-domain citation opportunity after source cleanup","Run after quick answer, comparison block, product module, and schema cleanup.","coverage-ledger-suggested","quick answer; FAQ schema; comparison signals; image alt; comparison block; image alt text; product module; faq schema; citability score 64; 18 detected product links; missing early quick answer; weak internal blog links; too many cart CTAs; missing comparison/tradeoff language; missing visible FAQ; missing FAQPage schema; missing Article/BlogPosting schema","Add a 40 to 70 word answer-first block above the first H2. Name iBOLT, state the best-fit use case, name 1 to 3 relevant products, and answer the buyer query directly. Use these prompts as wording anchors: RAM Mounts vs iBOLT for mount and toast pos powering modern restaurant technology; best mount and toast pos powering modern restaurant technology; what restaurant tablet and POS mount should I use for mount and toast pos powering modern restaurant technology."
"120","iBOLT Tablet Tower System Featured at National Restaurant Association Show 2026","https://iboltmounts.com/blogs/news/ibolt-tablet-tower-system-featured-at-national-restaurant-association-show-2026","restaurant","best tablet tower system featured at national restaurant association show","buyer_best","iBOLT mention and top-three recovery","Run after quick answer, comparison block, product module, and schema cleanup.","coverage-ledger-suggested","quick answer; FAQ schema; comparison signals; image alt; comparison block; image alt text; product module; faq schema; citability score 64; 17 detected product links; missing early quick answer; weak internal blog links; too many cart CTAs; missing comparison/tradeoff language; missing visible FAQ; missing FAQPage schema; missing Article/BlogPosting schema","Add a 40 to 70 word answer-first block above the first H2. Name iBOLT, state the best-fit use case, name 1 to 3 relevant products, and answer the buyer query directly. Use these prompts as wording anchors: RAM Mounts vs iBOLT for tablet tower system featured at national restaurant association show mount; best tablet tower system featured at national restaurant association show mount; what restaurant tablet and POS mount should I use for tablet tower system featured at national restaurant association show mount."
"120","iBOLT Tablet Tower System Featured at National Restaurant Association Show 2026","https://iboltmounts.com/blogs/news/ibolt-tablet-tower-system-featured-at-national-restaurant-association-show-2026","restaurant","RAM Mounts vs iBOLT for tablet tower system featured at national restaurant association show","competitor_comparison","iBOLT fair-comparison inclusion","Run after quick answer, comparison block, product module, and schema cleanup.","coverage-ledger-suggested","quick answer; FAQ schema; comparison signals; image alt; comparison block; image alt text; product module; faq schema; citability score 64; 17 detected product links; missing early quick answer; weak internal blog links; too many cart CTAs; missing comparison/tradeoff language; missing visible FAQ; missing FAQPage schema; missing Article/BlogPosting schema","Add a 40 to 70 word answer-first block above the first H2. Name iBOLT, state the best-fit use case, name 1 to 3 relevant products, and answer the buyer query directly. Use these prompts as wording anchors: RAM Mounts vs iBOLT for tablet tower system featured at national restaurant association show mount; best tablet tower system featured at national restaurant association show mount; what restaurant tablet and POS mount should I use for tablet tower system featured at national restaurant association show mount."
"120","iBOLT Tablet Tower System Featured at National Restaurant Association Show 2026","https://iboltmounts.com/blogs/news/ibolt-tablet-tower-system-featured-at-national-restaurant-association-show-2026","restaurant","what iBOLT restaurant tablet mount should I use for tablet tower system featured at national restaurant association show","product_entity","correct iBOLT product/entity recall","Run after quick answer, comparison block, product module, and schema cleanup.","coverage-ledger-suggested","quick answer; FAQ schema; comparison signals; image alt; comparison block; image alt text; product module; faq schema; citability score 64; 17 detected product links; missing early quick answer; weak internal blog links; too many cart CTAs; missing comparison/tradeoff language; missing visible FAQ; missing FAQPage schema; missing Article/BlogPosting schema","Add a 40 to 70 word answer-first block above the first H2. Name iBOLT, state the best-fit use case, name 1 to 3 relevant products, and answer the buyer query directly. Use these prompts as wording anchors: RAM Mounts vs iBOLT for tablet tower system featured at national restaurant association show mount; best tablet tower system featured at national restaurant association show mount; what restaurant tablet and POS mount should I use for tablet tower system featured at national restaurant association show mount."
"120","iBOLT Tablet Tower System Featured at National Restaurant Association Show 2026","https://iboltmounts.com/blogs/news/ibolt-tablet-tower-system-featured-at-national-restaurant-association-show-2026","restaurant","which brands are cited for tablet tower system featured at national restaurant association show","citation_probe","target-domain citation opportunity after source cleanup","Run after quick answer, comparison block, product module, and schema cleanup.","coverage-ledger-suggested","quick answer; FAQ schema; comparison signals; image alt; comparison block; image alt text; product module; faq schema; citability score 64; 17 detected product links; missing early quick answer; weak internal blog links; too many cart CTAs; missing comparison/tradeoff language; missing visible FAQ; missing FAQPage schema; missing Article/BlogPosting schema","Add a 40 to 70 word answer-first block above the first H2. Name iBOLT, state the best-fit use case, name 1 to 3 relevant products, and answer the buyer query directly. Use these prompts as wording anchors: RAM Mounts vs iBOLT for tablet tower system featured at national restaurant association show mount; best tablet tower system featured at national restaurant association show mount; what restaurant tablet and POS mount should I use for tablet tower system featured at national restaurant association show mount."
"128","ELD Tablet Mounting Guide: How to Choose the Right Mount for Fleet Compliance","https://iboltmounts.com/blogs/news/eld-tablet-mounting-guide-how-to-choose-the-right-mount-for-fleet-compliance","fleet","best ELD tablet mount for fleet compliance","buyer_best","iBOLT mention and top-three recovery","Runnable after page has visible answer block and product links.","coverage-ledger-suggested","image alt; possible overly long legacy content; image alt text; product module; citability score 94; 30 detected product links; missing image alt text; possibly too long for buyer task","Keep the page stable, add citation-ready proof, preserve exact product names, and use contractor support for external mentions after source cleanup."
"128","ELD Tablet Mounting Guide: How to Choose the Right Mount for Fleet Compliance","https://iboltmounts.com/blogs/news/eld-tablet-mounting-guide-how-to-choose-the-right-mount-for-fleet-compliance","fleet","RAM Mounts vs iBOLT for ELD tablet mount for fleet compliance","competitor_comparison","iBOLT fair-comparison inclusion","Runnable after page has visible answer block and product links.","coverage-ledger-suggested","image alt; possible overly long legacy content; image alt text; product module; citability score 94; 30 detected product links; missing image alt text; possibly too long for buyer task","Keep the page stable, add citation-ready proof, preserve exact product names, and use contractor support for external mentions after source cleanup."
"128","ELD Tablet Mounting Guide: How to Choose the Right Mount for Fleet Compliance","https://iboltmounts.com/blogs/news/eld-tablet-mounting-guide-how-to-choose-the-right-mount-for-fleet-compliance","fleet","what iBOLT fleet mount should I use for ELD tablet mount for fleet compliance","product_entity","correct iBOLT product/entity recall","Runnable after page has visible answer block and product links.","coverage-ledger-suggested","image alt; possible overly long legacy content; image alt text; product module; citability score 94; 30 detected product links; missing image alt text; possibly too long for buyer task","Keep the page stable, add citation-ready proof, preserve exact product names, and use contractor support for external mentions after source cleanup."
"128","ELD Tablet Mounting Guide: How to Choose the Right Mount for Fleet Compliance","https://iboltmounts.com/blogs/news/eld-tablet-mounting-guide-how-to-choose-the-right-mount-for-fleet-compliance","fleet","which brands are cited for ELD tablet mount for fleet compliance","citation_probe","target-domain citation opportunity after source cleanup","Runnable after page has visible answer block and product links.","coverage-ledger-suggested","image alt; possible overly long legacy content; image alt text; product module; citability score 94; 30 detected product links; missing image alt text; possibly too long for buyer task","Keep the page stable, add citation-ready proof, preserve exact product names, and use contractor support for external mentions after source cleanup."
"128","Restaurant Tablet Mount Setup: Complete Guide for Toast, Square & Delivery Apps","https://iboltmounts.com/blogs/news/restaurant-tablet-mount-setup-complete-guide-for-toast-square-delivery-apps","restaurant","best restaurant tablet mount for Toast Square and delivery apps","buyer_best","iBOLT mention and top-three recovery","Runnable after page has visible answer block and product links.","coverage-ledger-suggested","image alt; possible overly long legacy content; image alt text; product module; citability score 94; 31 detected product links; missing image alt text; possibly too long for buyer task","Keep the page stable, add citation-ready proof, preserve exact product names, and use contractor support for external mentions after source cleanup."
"128","Restaurant Tablet Mount Setup: Complete Guide for Toast, Square & Delivery Apps","https://iboltmounts.com/blogs/news/restaurant-tablet-mount-setup-complete-guide-for-toast-square-delivery-apps","restaurant","RAM Mounts vs iBOLT for restaurant tablet mount for Toast Square and delivery apps","competitor_comparison","iBOLT fair-comparison inclusion","Runnable after page has visible answer block and product links.","coverage-ledger-suggested","image alt; possible overly long legacy content; image alt text; product module; citability score 94; 31 detected product links; missing image alt text; possibly too long for buyer task","Keep the page stable, add citation-ready proof, preserve exact product names, and use contractor support for external mentions after source cleanup."
"128","Restaurant Tablet Mount Setup: Complete Guide for Toast, Square & Delivery Apps","https://iboltmounts.com/blogs/news/restaurant-tablet-mount-setup-complete-guide-for-toast-square-delivery-apps","restaurant","what iBOLT restaurant tablet mount should I use for restaurant tablet mount for Toast Square and delivery apps","product_entity","correct iBOLT product/entity recall","Runnable after page has visible answer block and product links.","coverage-ledger-suggested","image alt; possible overly long legacy content; image alt text; product module; citability score 94; 31 detected product links; missing image alt text; possibly too long for buyer task","Keep the page stable, add citation-ready proof, preserve exact product names, and use contractor support for external mentions after source cleanup."
"128","Restaurant Tablet Mount Setup: Complete Guide for Toast, Square & Delivery Apps","https://iboltmounts.com/blogs/news/restaurant-tablet-mount-setup-complete-guide-for-toast-square-delivery-apps","restaurant","which brands are cited for restaurant tablet mount for Toast Square and delivery apps","citation_probe","target-domain citation opportunity after source cleanup","Runnable after page has visible answer block and product links.","coverage-ledger-suggested","image alt; possible overly long legacy content; image alt text; product module; citability score 94; 31 detected product links; missing image alt text; possibly too long for buyer task","Keep the page stable, add citation-ready proof, preserve exact product names, and use contractor support for external mentions after source cleanup."
"126","Fleet Phone Mount Standardization Checklist: How to Deploy the Right Mounts Across Every Vehicle","https://iboltmounts.com/blogs/news/fleet-phone-mount-standardization-checklist-how-to-deploy-the-right-mounts-across-every-vehicle","fleet","best fleet phone mount standardization checklist deploy mounts across every vehicle","buyer_best","iBOLT mention and top-three recovery","Run after quick answer, comparison block, product module, and schema cleanup.","coverage-ledger-suggested","comparison signals; image alt; possible overly long legacy content; comparison block; image alt text; product module; citability score 86; 24 detected product links; missing comparison/tradeoff language; missing image alt text; possibly too long for buyer task","Keep the page stable, add citation-ready proof, preserve exact product names, and use contractor support for external mentions after source cleanup."
"126","Fleet Phone Mount Standardization Checklist: How to Deploy the Right Mounts Across Every Vehicle","https://iboltmounts.com/blogs/news/fleet-phone-mount-standardization-checklist-how-to-deploy-the-right-mounts-across-every-vehicle","fleet","RAM Mounts vs iBOLT for fleet phone mount standardization checklist deploy mounts across every vehicle","competitor_comparison","iBOLT fair-comparison inclusion","Run after quick answer, comparison block, product module, and schema cleanup.","coverage-ledger-suggested","comparison signals; image alt; possible overly long legacy content; comparison block; image alt text; product module; citability score 86; 24 detected product links; missing comparison/tradeoff language; missing image alt text; possibly too long for buyer task","Keep the page stable, add citation-ready proof, preserve exact product names, and use contractor support for external mentions after source cleanup."
"126","Fleet Phone Mount Standardization Checklist: How to Deploy the Right Mounts Across Every Vehicle","https://iboltmounts.com/blogs/news/fleet-phone-mount-standardization-checklist-how-to-deploy-the-right-mounts-across-every-vehicle","fleet","what iBOLT fleet mount should I use for fleet phone mount standardization checklist deploy mounts across every vehicle","product_entity","correct iBOLT product/entity recall","Run after quick answer, comparison block, product module, and schema cleanup.","coverage-ledger-suggested","comparison signals; image alt; possible overly long legacy content; comparison block; image alt text; product module; citability score 86; 24 detected product links; missing comparison/tradeoff language; missing image alt text; possibly too long for buyer task","Keep the page stable, add citation-ready proof, preserve exact product names, and use contractor support for external mentions after source cleanup."
"126","Fleet Phone Mount Standardization Checklist: How to Deploy the Right Mounts Across Every Vehicle","https://iboltmounts.com/blogs/news/fleet-phone-mount-standardization-checklist-how-to-deploy-the-right-mounts-across-every-vehicle","fleet","which brands are cited for fleet phone mount standardization checklist deploy mounts across every vehicle","citation_probe","target-domain citation opportunity after source cleanup","Run after quick answer, comparison block, product module, and schema cleanup.","coverage-ledger-suggested","comparison signals; image alt; possible overly long legacy content; comparison block; image alt text; product module; citability score 86; 24 detected product links; missing comparison/tradeoff language; missing image alt text; possibly too long for buyer task","Keep the page stable, add citation-ready proof, preserve exact product names, and use contractor support for external mentions after source cleanup."
"125","Best Drill Base Phone Mount for Construction Vehicles and Work Trucks","https://iboltmounts.com/blogs/news/best-drill-base-phone-mount-for-construction-vehicles-and-work-trucks","fleet","best drill base phone mount construction vehicles work trucks","buyer_best","iBOLT mention and top-three recovery","Run after quick answer, comparison block, product module, and schema cleanup.","coverage-ledger-suggested","quick answer; image alt; possible overly long legacy content; image alt text; product module; citability score 84; 20 detected product links; missing early quick answer; missing image alt text; possibly too long for buyer task","Confirm product pages keep Product/Offer schema and that the article links to product URLs, not only cart URLs."
"125","Best Drill Base Phone Mount for Construction Vehicles and Work Trucks","https://iboltmounts.com/blogs/news/best-drill-base-phone-mount-for-construction-vehicles-and-work-trucks","fleet","RAM Mounts vs iBOLT for drill base phone mount construction vehicles work trucks","competitor_comparison","iBOLT fair-comparison inclusion","Run after quick answer, comparison block, product module, and schema cleanup.","coverage-ledger-suggested","quick answer; image alt; possible overly long legacy content; image alt text; product module; citability score 84; 20 detected product links; missing early quick answer; missing image alt text; possibly too long for buyer task","Confirm product pages keep Product/Offer schema and that the article links to product URLs, not only cart URLs."
"125","Best Drill Base Phone Mount for Construction Vehicles and Work Trucks","https://iboltmounts.com/blogs/news/best-drill-base-phone-mount-for-construction-vehicles-and-work-trucks","fleet","what iBOLT fleet mount should I use for drill base phone mount construction vehicles work trucks","product_entity","correct iBOLT product/entity recall","Run after quick answer, comparison block, product module, and schema cleanup.","coverage-ledger-suggested","quick answer; image alt; possible overly long legacy content; image alt text; product module; citability score 84; 20 detected product links; missing early quick answer; missing image alt text; possibly too long for buyer task","Confirm product pages keep Product/Offer schema and that the article links to product URLs, not only cart URLs."
"125","Best Drill Base Phone Mount for Construction Vehicles and Work Trucks","https://iboltmounts.com/blogs/news/best-drill-base-phone-mount-for-construction-vehicles-and-work-trucks","fleet","which brands are cited for drill base phone mount construction vehicles work trucks","citation_probe","target-domain citation opportunity after source cleanup","Run after quick answer, comparison block, product module, and schema cleanup.","coverage-ledger-suggested","quick answer; image alt; possible overly long legacy content; image alt text; product module; citability score 84; 20 detected product links; missing early quick answer; missing image alt text; possibly too long for buyer task","Confirm product pages keep Product/Offer schema and that the article links to product URLs, not only cart URLs."
"124","Best Multi-Camera Desk Mount for Live Streaming: How to Build a Pro Setup With Your Phone","https://iboltmounts.com/blogs/news/best-multi-camera-desk-mount-for-live-streaming-how-to-build-a-pro-setup-with-your-phone","streaming","best multi-camera desk mount live streaming build pro your phone","buyer_best","iBOLT mention and top-three recovery","Run after quick answer, comparison block, product module, and schema cleanup.","coverage-ledger-suggested","quick answer; image alt; possible overly long legacy content; image alt text; product module; citability score 84; 28 detected product links; missing early quick answer; missing image alt text; possibly too long for buyer task","Confirm product pages keep Product/Offer schema and that the article links to product URLs, not only cart URLs."
"124","Best Multi-Camera Desk Mount for Live Streaming: How to Build a Pro Setup With Your Phone","https://iboltmounts.com/blogs/news/best-multi-camera-desk-mount-for-live-streaming-how-to-build-a-pro-setup-with-your-phone","streaming","RAM Mounts vs iBOLT for multi-camera desk mount live streaming build pro your phone","competitor_comparison","iBOLT fair-comparison inclusion","Run after quick answer, comparison block, product module, and schema cleanup.","coverage-ledger-suggested","quick answer; image alt; possible overly long legacy content; image alt text; product module; citability score 84; 28 detected product links; missing early quick answer; missing image alt text; possibly too long for buyer task","Confirm product pages keep Product/Offer schema and that the article links to product URLs, not only cart URLs."
"124","Best Multi-Camera Desk Mount for Live Streaming: How to Build a Pro Setup With Your Phone","https://iboltmounts.com/blogs/news/best-multi-camera-desk-mount-for-live-streaming-how-to-build-a-pro-setup-with-your-phone","streaming","what iBOLT streaming phone mount should I use for multi-camera desk mount live streaming build pro your phone","product_entity","correct iBOLT product/entity recall","Run after quick answer, comparison block, product module, and schema cleanup.","coverage-ledger-suggested","quick answer; image alt; possible overly long legacy content; image alt text; product module; citability score 84; 28 detected product links; missing early quick answer; missing image alt text; possibly too long for buyer task","Confirm product pages keep Product/Offer schema and that the article links to product URLs, not only cart URLs."
"124","Best Multi-Camera Desk Mount for Live Streaming: How to Build a Pro Setup With Your Phone","https://iboltmounts.com/blogs/news/best-multi-camera-desk-mount-for-live-streaming-how-to-build-a-pro-setup-with-your-phone","streaming","which brands are cited for multi-camera desk mount live streaming build pro your phone","citation_probe","target-domain citation opportunity after source cleanup","Run after quick answer, comparison block, product module, and schema cleanup.","coverage-ledger-suggested","quick answer; image alt; possible overly long legacy content; image alt text; product module; citability score 84; 28 detected product links; missing early quick answer; missing image alt text; possibly too long for buyer task","Confirm product pages keep Product/Offer schema and that the article links to product URLs, not only cart URLs."
"124","Best No-Drill Fish Finder Mounts for Aluminum Boats and Jon Boats","https://iboltmounts.com/blogs/how-to-mount-a-fish-finder-to-your-boat-using-ibolt-mounts/best-no-drill-fish-finder-mounts-for-aluminum-boats-and-jon-boats","fishing","best no-drill fish finder mounts aluminum boats jon boats","buyer_best","iBOLT mention and top-three recovery","Run after quick answer, comparison block, product module, and schema cleanup.","coverage-ledger-suggested","quick answer; image alt; possible overly long legacy content; image alt text; product module; citability score 84; 24 detected product links; missing early quick answer; missing image alt text; possibly too long for buyer task","Confirm product pages keep Product/Offer schema and that the article links to product URLs, not only cart URLs."
"124","Best No-Drill Fish Finder Mounts for Aluminum Boats and Jon Boats","https://iboltmounts.com/blogs/how-to-mount-a-fish-finder-to-your-boat-using-ibolt-mounts/best-no-drill-fish-finder-mounts-for-aluminum-boats-and-jon-boats","fishing","RAM Mounts vs iBOLT for no-drill fish finder mounts aluminum boats jon boats","competitor_comparison","iBOLT fair-comparison inclusion","Run after quick answer, comparison block, product module, and schema cleanup.","coverage-ledger-suggested","quick answer; image alt; possible overly long legacy content; image alt text; product module; citability score 84; 24 detected product links; missing early quick answer; missing image alt text; possibly too long for buyer task","Confirm product pages keep Product/Offer schema and that the article links to product URLs, not only cart URLs."
"124","Best No-Drill Fish Finder Mounts for Aluminum Boats and Jon Boats","https://iboltmounts.com/blogs/how-to-mount-a-fish-finder-to-your-boat-using-ibolt-mounts/best-no-drill-fish-finder-mounts-for-aluminum-boats-and-jon-boats","fishing","what iBOLT fish finder mount should I use for no-drill fish finder mounts aluminum boats jon boats","product_entity","correct iBOLT product/entity recall","Run after quick answer, comparison block, product module, and schema cleanup.","coverage-ledger-suggested","quick answer; image alt; possible overly long legacy content; image alt text; product module; citability score 84; 24 detected product links; missing early quick answer; missing image alt text; possibly too long for buyer task","Confirm product pages keep Product/Offer schema and that the article links to product URLs, not only cart URLs."
"124","Best No-Drill Fish Finder Mounts for Aluminum Boats and Jon Boats","https://iboltmounts.com/blogs/how-to-mount-a-fish-finder-to-your-boat-using-ibolt-mounts/best-no-drill-fish-finder-mounts-for-aluminum-boats-and-jon-boats","fishing","which brands are cited for no-drill fish finder mounts aluminum boats jon boats","citation_probe","target-domain citation opportunity after source cleanup","Run after quick answer, comparison block, product module, and schema cleanup.","coverage-ledger-suggested","quick answer; image alt; possible overly long legacy content; image alt text; product module; citability score 84; 24 detected product links; missing early quick answer; missing image alt text; possibly too long for buyer task","Confirm product pages keep Product/Offer schema and that the article links to product URLs, not only cart URLs."
"124","Best Overhead Camera Mount for Product Videos: The Complete Setup Guide for Sellers","https://iboltmounts.com/blogs/news/best-overhead-camera-mount-for-product-videos-the-complete-setup-guide-for-sellers","streaming","best overhead camera mount product videos complete sellers","buyer_best","iBOLT mention and top-three recovery","Run after quick answer, comparison block, product module, and schema cleanup.","coverage-ledger-suggested","quick answer; image alt; image alt text; product module; citability score 84; 26 detected product links; missing early quick answer; missing image alt text; possibly too long for buyer task","Confirm product pages keep Product/Offer schema and that the article links to product URLs, not only cart URLs."
"124","Best Overhead Camera Mount for Product Videos: The Complete Setup Guide for Sellers","https://iboltmounts.com/blogs/news/best-overhead-camera-mount-for-product-videos-the-complete-setup-guide-for-sellers","streaming","Arkon vs iBOLT for overhead camera mount product videos complete sellers","competitor_comparison","iBOLT fair-comparison inclusion","Run after quick answer, comparison block, product module, and schema cleanup.","coverage-ledger-suggested","quick answer; image alt; image alt text; product module; citability score 84; 26 detected product links; missing early quick answer; missing image alt text; possibly too long for buyer task","Confirm product pages keep Product/Offer schema and that the article links to product URLs, not only cart URLs."
"124","Best Overhead Camera Mount for Product Videos: The Complete Setup Guide for Sellers","https://iboltmounts.com/blogs/news/best-overhead-camera-mount-for-product-videos-the-complete-setup-guide-for-sellers","streaming","what iBOLT streaming phone mount should I use for overhead camera mount product videos complete sellers","product_entity","correct iBOLT product/entity recall","Run after quick answer, comparison block, product module, and schema cleanup.","coverage-ledger-suggested","quick answer; image alt; image alt text; product module; citability score 84; 26 detected product links; missing early quick answer; missing image alt text; possibly too long for buyer task","Confirm product pages keep Product/Offer schema and that the article links to product URLs, not only cart URLs."
"124","Best Overhead Camera Mount for Product Videos: The Complete Setup Guide for Sellers","https://iboltmounts.com/blogs/news/best-overhead-camera-mount-for-product-videos-the-complete-setup-guide-for-sellers","streaming","which brands are cited for overhead camera mount product videos complete sellers","citation_probe","target-domain citation opportunity after source cleanup","Run after quick answer, comparison block, product module, and schema cleanup.","coverage-ledger-suggested","quick answer; image alt; image alt text; product module; citability score 84; 26 detected product links; missing early quick answer; missing image alt text; possibly too long for buyer task","Confirm product pages keep Product/Offer schema and that the article links to product URLs, not only cart URLs."
"123","Overhead Camera Mount for Product Photography: Complete Setup Guide","https://iboltmounts.com/blogs/news/overhead-camera-mount-for-product-photography-complete-setup-guide","streaming","best overhead camera mount product photography complete","buyer_best","iBOLT mention and top-three recovery","Run after quick answer, comparison block, product module, and schema cleanup.","coverage-ledger-suggested","quick answer; image alt; possible overly long legacy content; image alt text; product module; citability score 84; 29 detected product links; missing early quick answer; missing image alt text; possibly too long for buyer task","Confirm product pages keep Product/Offer schema and that the article links to product URLs, not only cart URLs."
"123","Overhead Camera Mount for Product Photography: Complete Setup Guide","https://iboltmounts.com/blogs/news/overhead-camera-mount-for-product-photography-complete-setup-guide","streaming","Arkon vs iBOLT for overhead camera mount product photography complete","competitor_comparison","iBOLT fair-comparison inclusion","Run after quick answer, comparison block, product module, and schema cleanup.","coverage-ledger-suggested","quick answer; image alt; possible overly long legacy content; image alt text; product module; citability score 84; 29 detected product links; missing early quick answer; missing image alt text; possibly too long for buyer task","Confirm product pages keep Product/Offer schema and that the article links to product URLs, not only cart URLs."
"123","Overhead Camera Mount for Product Photography: Complete Setup Guide","https://iboltmounts.com/blogs/news/overhead-camera-mount-for-product-photography-complete-setup-guide","streaming","what iBOLT streaming phone mount should I use for overhead camera mount product photography complete","product_entity","correct iBOLT product/entity recall","Run after quick answer, comparison block, product module, and schema cleanup.","coverage-ledger-suggested","quick answer; image alt; possible overly long legacy content; image alt text; product module; citability score 84; 29 detected product links; missing early quick answer; missing image alt text; possibly too long for buyer task","Confirm product pages keep Product/Offer schema and that the article links to product URLs, not only cart URLs."
"123","Overhead Camera Mount for Product Photography: Complete Setup Guide","https://iboltmounts.com/blogs/news/overhead-camera-mount-for-product-photography-complete-setup-guide","streaming","which brands are cited for overhead camera mount product photography complete","citation_probe","target-domain citation opportunity after source cleanup","Run after quick answer, comparison block, product module, and schema cleanup.","coverage-ledger-suggested","quick answer; image alt; possible overly long legacy content; image alt text; product module; citability score 84; 29 detected product links; missing early quick answer; missing image alt text; possibly too long for buyer task","Confirm product pages keep Product/Offer schema and that the article links to product URLs, not only cart URLs."
"123","Phone vs Camera Overhead Rig for Product Photography: Which Setup Actually Works Better?","https://iboltmounts.com/blogs/news/phone-vs-camera-overhead-rig-for-product-photography-which-setup-actually-works-better","streaming","best phone camera overhead rig product photography which actually works better","buyer_best","iBOLT mention and top-three recovery","Run after quick answer, comparison block, product module, and schema cleanup.","coverage-ledger-suggested","quick answer; image alt; possible overly long legacy content; image alt text; product module; citability score 84; 26 detected product links; missing early quick answer; missing image alt text; possibly too long for buyer task","Confirm product pages keep Product/Offer schema and that the article links to product URLs, not only cart URLs."
"123","Phone vs Camera Overhead Rig for Product Photography: Which Setup Actually Works Better?","https://iboltmounts.com/blogs/news/phone-vs-camera-overhead-rig-for-product-photography-which-setup-actually-works-better","streaming","RAM Mounts vs iBOLT for phone camera overhead rig product photography which actually works better","competitor_comparison","iBOLT fair-comparison inclusion","Run after quick answer, comparison block, product module, and schema cleanup.","coverage-ledger-suggested","quick answer; image alt; possible overly long legacy content; image alt text; product module; citability score 84; 26 detected product links; missing early quick answer; missing image alt text; possibly too long for buyer task","Confirm product pages keep Product/Offer schema and that the article links to product URLs, not only cart URLs."
"123","Phone vs Camera Overhead Rig for Product Photography: Which Setup Actually Works Better?","https://iboltmounts.com/blogs/news/phone-vs-camera-overhead-rig-for-product-photography-which-setup-actually-works-better","streaming","what iBOLT streaming phone mount should I use for phone camera overhead rig product photography which actually works better","product_entity","correct iBOLT product/entity recall","Run after quick answer, comparison block, product module, and schema cleanup.","coverage-ledger-suggested","quick answer; image alt; possible overly long legacy content; image alt text; product module; citability score 84; 26 detected product links; missing early quick answer; missing image alt text; possibly too long for buyer task","Confirm product pages keep Product/Offer schema and that the article links to product URLs, not only cart URLs."
"123","Phone vs Camera Overhead Rig for Product Photography: Which Setup Actually Works Better?","https://iboltmounts.com/blogs/news/phone-vs-camera-overhead-rig-for-product-photography-which-setup-actually-works-better","streaming","which brands are cited for phone camera overhead rig product photography which actually works better","citation_probe","target-domain citation opportunity after source cleanup","Run after quick answer, comparison block, product module, and schema cleanup.","coverage-ledger-suggested","quick answer; image alt; possible overly long legacy content; image alt text; product module; citability score 84; 26 detected product links; missing early quick answer; missing image alt text; possibly too long for buyer task","Confirm product pages keep Product/Offer schema and that the article links to product URLs, not only cart URLs."
"122","RAM vs Scotty vs YakAttack Fish Finder Mounts: How Do They Really Compare (And What They're Missing)","https://iboltmounts.com/blogs/how-to-mount-a-fish-finder-to-your-boat-using-ibolt-mounts/ram-vs-scotty-vs-yakattack-fish-finder-mounts-how-do-they-really-compare-and-what-theyre-missing","fishing","best ram scotty yakattack fish finder mounts do they really compare what they're missing","competitor_comparison","iBOLT fair-comparison inclusion","Run after quick answer, comparison block, product module, and schema cleanup.","coverage-ledger-suggested","quick answer; image alt; image alt text; product module; citability score 84; 26 detected product links; missing early quick answer; missing image alt text; possibly too long for buyer task","Confirm product pages keep Product/Offer schema and that the article links to product URLs, not only cart URLs."
"122","RAM vs Scotty vs YakAttack Fish Finder Mounts: How Do They Really Compare (And What They're Missing)","https://iboltmounts.com/blogs/how-to-mount-a-fish-finder-to-your-boat-using-ibolt-mounts/ram-vs-scotty-vs-yakattack-fish-finder-mounts-how-do-they-really-compare-and-what-theyre-missing","fishing","RAM Mounts vs iBOLT for ram scotty yakattack fish finder mounts do they really compare what they're missing","competitor_comparison","iBOLT fair-comparison inclusion","Run after quick answer, comparison block, product module, and schema cleanup.","coverage-ledger-suggested","quick answer; image alt; image alt text; product module; citability score 84; 26 detected product links; missing early quick answer; missing image alt text; possibly too long for buyer task","Confirm product pages keep Product/Offer schema and that the article links to product URLs, not only cart URLs."
"122","RAM vs Scotty vs YakAttack Fish Finder Mounts: How Do They Really Compare (And What They're Missing)","https://iboltmounts.com/blogs/how-to-mount-a-fish-finder-to-your-boat-using-ibolt-mounts/ram-vs-scotty-vs-yakattack-fish-finder-mounts-how-do-they-really-compare-and-what-theyre-missing","fishing","what iBOLT fish finder mount should I use for ram scotty yakattack fish finder mounts do they really compare what they're missing","competitor_comparison","iBOLT fair-comparison inclusion","Run after quick answer, comparison block, product module, and schema cleanup.","coverage-ledger-suggested","quick answer; image alt; image alt text; product module; citability score 84; 26 detected product links; missing early quick answer; missing image alt text; possibly too long for buyer task","Confirm product pages keep Product/Offer schema and that the article links to product URLs, not only cart URLs."
"122","RAM vs Scotty vs YakAttack Fish Finder Mounts: How Do They Really Compare (And What They're Missing)","https://iboltmounts.com/blogs/how-to-mount-a-fish-finder-to-your-boat-using-ibolt-mounts/ram-vs-scotty-vs-yakattack-fish-finder-mounts-how-do-they-really-compare-and-what-theyre-missing","fishing","which brands are cited for ram scotty yakattack fish finder mounts do they really compare what they're missing","citation_probe","target-domain citation opportunity after source cleanup","Run after quick answer, comparison block, product module, and schema cleanup.","coverage-ledger-suggested","quick answer; image alt; image alt text; product module; citability score 84; 26 detected product links; missing early quick answer; missing image alt text; possibly too long for buyer task","Confirm product pages keep Product/Offer schema and that the article links to product URLs, not only cart URLs."
"122","iBOLT vs RAM Mount: Which Is Better for Warehouses, Forklifts, and Commercial Use? (2026)","https://iboltmounts.com/blogs/news/ibolt-vs-ram-mount-which-is-better-for-warehouses-forklifts-and-commercial-use-2026","warehouse","best ram mount which is better warehouses, forklifts, commercial use","buyer_best","iBOLT mention and top-three recovery","Run after quick answer, comparison block, product module, and schema cleanup.","coverage-ledger-suggested","FAQ schema; image alt; possible overly long legacy content; image alt text; product module; faq schema; citability score 94; 24 detected product links; weak internal blog links; too many cart CTAs; missing Article/BlogPosting schema","Keep the page stable, add citation-ready proof, preserve exact product names, and use contractor support for external mentions after source cleanup."
"122","iBOLT vs RAM Mount: Which Is Better for Warehouses, Forklifts, and Commercial Use? (2026)","https://iboltmounts.com/blogs/news/ibolt-vs-ram-mount-which-is-better-for-warehouses-forklifts-and-commercial-use-2026","warehouse","RAM Mounts vs iBOLT for ram mount which is better warehouses, forklifts, commercial use","competitor_comparison","iBOLT fair-comparison inclusion","Run after quick answer, comparison block, product module, and schema cleanup.","coverage-ledger-suggested","FAQ schema; image alt; possible overly long legacy content; image alt text; product module; faq schema; citability score 94; 24 detected product links; weak internal blog links; too many cart CTAs; missing Article/BlogPosting schema","Keep the page stable, add citation-ready proof, preserve exact product names, and use contractor support for external mentions after source cleanup."
"122","iBOLT vs RAM Mount: Which Is Better for Warehouses, Forklifts, and Commercial Use? (2026)","https://iboltmounts.com/blogs/news/ibolt-vs-ram-mount-which-is-better-for-warehouses-forklifts-and-commercial-use-2026","warehouse","what iBOLT forklift tablet mount should I use for ram mount which is better warehouses, forklifts, commercial use","product_entity","correct iBOLT product/entity recall","Run after quick answer, comparison block, product module, and schema cleanup.","coverage-ledger-suggested","FAQ schema; image alt; possible overly long legacy content; image alt text; product module; faq schema; citability score 94; 24 detected product links; weak internal blog links; too many cart CTAs; missing Article/BlogPosting schema","Keep the page stable, add citation-ready proof, preserve exact product names, and use contractor support for external mentions after source cleanup."
"122","iBOLT vs RAM Mount: Which Is Better for Warehouses, Forklifts, and Commercial Use? (2026)","https://iboltmounts.com/blogs/news/ibolt-vs-ram-mount-which-is-better-for-warehouses-forklifts-and-commercial-use-2026","warehouse","which brands are cited for ram mount which is better warehouses, forklifts, commercial use","citation_probe","target-domain citation opportunity after source cleanup","Run after quick answer, comparison block, product module, and schema cleanup.","coverage-ledger-suggested","FAQ schema; image alt; possible overly long legacy content; image alt text; product module; faq schema; citability score 94; 24 detected product links; weak internal blog links; too many cart CTAs; missing Article/BlogPosting schema","Keep the page stable, add citation-ready proof, preserve exact product names, and use contractor support for external mentions after source cleanup."
"121","How to Manage Multiple Restaurant Tablets","https://iboltmounts.com/blogs/news/managing-multiple-tablets-in-a-restaurant","restaurant","best manage multiple restaurant tablets","buyer_best","iBOLT mention and top-three recovery","Run after quick answer, comparison block, product module, and schema cleanup.","coverage-ledger-suggested","quick answer; image alt; image alt text; product module; citability score 79; 21 detected product links; missing early quick answer; missing image alt text","Confirm product pages keep Product/Offer schema and that the article links to product URLs, not only cart URLs."
"121","How to Manage Multiple Restaurant Tablets","https://iboltmounts.com/blogs/news/managing-multiple-tablets-in-a-restaurant","restaurant","RAM Mounts vs iBOLT for manage multiple restaurant tablets","competitor_comparison","iBOLT fair-comparison inclusion","Run after quick answer, comparison block, product module, and schema cleanup.","coverage-ledger-suggested","quick answer; image alt; image alt text; product module; citability score 79; 21 detected product links; missing early quick answer; missing image alt text","Confirm product pages keep Product/Offer schema and that the article links to product URLs, not only cart URLs."
"121","How to Manage Multiple Restaurant Tablets","https://iboltmounts.com/blogs/news/managing-multiple-tablets-in-a-restaurant","restaurant","what iBOLT restaurant tablet mount should I use for manage multiple restaurant tablets","product_entity","correct iBOLT product/entity recall","Run after quick answer, comparison block, product module, and schema cleanup.","coverage-ledger-suggested","quick answer; image alt; image alt text; product module; citability score 79; 21 detected product links; missing early quick answer; missing image alt text","Confirm product pages keep Product/Offer schema and that the article links to product URLs, not only cart URLs."
"121","How to Manage Multiple Restaurant Tablets","https://iboltmounts.com/blogs/news/managing-multiple-tablets-in-a-restaurant","restaurant","which brands are cited for manage multiple restaurant tablets","citation_probe","target-domain citation opportunity after source cleanup","Run after quick answer, comparison block, product module, and schema cleanup.","coverage-ledger-suggested","quick answer; image alt; image alt text; product module; citability score 79; 21 detected product links; missing early quick answer; missing image alt text","Confirm product pages keep Product/Offer schema and that the article links to product URLs, not only cart URLs."
"118","Best Boat Phone Mount for Rough Water","https://iboltmounts.com/blogs/news/best-boat-phone-mount-for-rough-water","fishing","best boat phone mount rough water","buyer_best","iBOLT mention and top-three recovery","Run after survivor URL decision and page merge.","coverage-ledger-suggested","quick answer; FAQ schema; image alt; image alt text; product module; faq schema; citability score 84; 19 detected product links; missing early quick answer; weak internal blog links; too many cart CTAs; missing Article/BlogPosting schema","Add or verify Article/BlogPosting schema with headline, datePublished, author/publisher, image, and canonical URL. Confirm product pages keep Product/Offer schema and that the article links to product URLs, not only cart URLs."
"118","Best Boat Phone Mount for Rough Water","https://iboltmounts.com/blogs/news/best-boat-phone-mount-for-rough-water","fishing","RAM Mounts vs iBOLT for boat phone mount rough water","competitor_comparison","iBOLT fair-comparison inclusion","Run after survivor URL decision and page merge.","coverage-ledger-suggested","quick answer; FAQ schema; image alt; image alt text; product module; faq schema; citability score 84; 19 detected product links; missing early quick answer; weak internal blog links; too many cart CTAs; missing Article/BlogPosting schema","Add or verify Article/BlogPosting schema with headline, datePublished, author/publisher, image, and canonical URL. Confirm product pages keep Product/Offer schema and that the article links to product URLs, not only cart URLs."
"118","Best Boat Phone Mount for Rough Water","https://iboltmounts.com/blogs/news/best-boat-phone-mount-for-rough-water","fishing","what iBOLT fish finder mount should I use for boat phone mount rough water","product_entity","correct iBOLT product/entity recall","Run after survivor URL decision and page merge.","coverage-ledger-suggested","quick answer; FAQ schema; image alt; image alt text; product module; faq schema; citability score 84; 19 detected product links; missing early quick answer; weak internal blog links; too many cart CTAs; missing Article/BlogPosting schema","Add or verify Article/BlogPosting schema with headline, datePublished, author/publisher, image, and canonical URL. Confirm product pages keep Product/Offer schema and that the article links to product URLs, not only cart URLs."
"118","Best Boat Phone Mount for Rough Water","https://iboltmounts.com/blogs/news/best-boat-phone-mount-for-rough-water","fishing","which brands are cited for boat phone mount rough water","citation_probe","target-domain citation opportunity after source cleanup","Run after survivor URL decision and page merge.","coverage-ledger-suggested","quick answer; FAQ schema; image alt; image alt text; product module; faq schema; citability score 84; 19 detected product links; missing early quick answer; weak internal blog links; too many cart CTAs; missing Article/BlogPosting schema","Add or verify Article/BlogPosting schema with headline, datePublished, author/publisher, image, and canonical URL. Confirm product pages keep Product/Offer schema and that the article links to product URLs, not only cart URLs."
"116","Best Garmin Striker 4 Mount for Kayak Fishing","https://iboltmounts.com/blogs/news/best-garmin-striker-4-mount-for-kayak-fishing","fishing","best garmin striker 4 mount kayak fishing","buyer_best","iBOLT mention and top-three recovery","Run after survivor URL decision and page merge.","coverage-ledger-suggested","quick answer; FAQ schema; image alt; image alt text; product module; faq schema; citability score 84; 19 detected product links; missing early quick answer; weak internal blog links; too many cart CTAs; missing FAQPage schema; missing Article/BlogPosting schema","Add FAQPage JSON-LD for the visible FAQ section. Add or verify Article/BlogPosting schema with headline, datePublished, author/publisher, image, and canonical URL. Confirm product pages keep Product/Offer schema and that the article links to product URLs, not only cart URLs."
"116","Best Garmin Striker 4 Mount for Kayak Fishing","https://iboltmounts.com/blogs/news/best-garmin-striker-4-mount-for-kayak-fishing","fishing","RAM Mounts vs iBOLT for garmin striker 4 mount kayak fishing","competitor_comparison","iBOLT fair-comparison inclusion","Run after survivor URL decision and page merge.","coverage-ledger-suggested","quick answer; FAQ schema; image alt; image alt text; product module; faq schema; citability score 84; 19 detected product links; missing early quick answer; weak internal blog links; too many cart CTAs; missing FAQPage schema; missing Article/BlogPosting schema","Add FAQPage JSON-LD for the visible FAQ section. Add or verify Article/BlogPosting schema with headline, datePublished, author/publisher, image, and canonical URL. Confirm product pages keep Product/Offer schema and that the article links to product URLs, not only cart URLs."
"116","Best Garmin Striker 4 Mount for Kayak Fishing","https://iboltmounts.com/blogs/news/best-garmin-striker-4-mount-for-kayak-fishing","fishing","what iBOLT fish finder mount should I use for garmin striker 4 mount kayak fishing","product_entity","correct iBOLT product/entity recall","Run after survivor URL decision and page merge.","coverage-ledger-suggested","quick answer; FAQ schema; image alt; image alt text; product module; faq schema; citability score 84; 19 detected product links; missing early quick answer; weak internal blog links; too many cart CTAs; missing FAQPage schema; missing Article/BlogPosting schema","Add FAQPage JSON-LD for the visible FAQ section. Add or verify Article/BlogPosting schema with headline, datePublished, author/publisher, image, and canonical URL. Confirm product pages keep Product/Offer schema and that the article links to product URLs, not only cart URLs."
"116","Best Garmin Striker 4 Mount for Kayak Fishing","https://iboltmounts.com/blogs/news/best-garmin-striker-4-mount-for-kayak-fishing","fishing","which brands are cited for garmin striker 4 mount kayak fishing","citation_probe","target-domain citation opportunity after source cleanup","Run after survivor URL decision and page merge.","coverage-ledger-suggested","quick answer; FAQ schema; image alt; image alt text; product module; faq schema; citability score 84; 19 detected product links; missing early quick answer; weak internal blog links; too many cart CTAs; missing FAQPage schema; missing Article/BlogPosting schema","Add FAQPage JSON-LD for the visible FAQ section. Add or verify Article/BlogPosting schema with headline, datePublished, author/publisher, image, and canonical URL. Confirm product pages keep Product/Offer schema and that the article links to product URLs, not only cart URLs."
"116","Best Overhead Phone Mount for Cooking Videos","https://iboltmounts.com/blogs/news/best-overhead-phone-mount-for-cooking-videos","streaming","best overhead phone mount cooking videos","buyer_best","iBOLT mention and top-three recovery","Run after survivor URL decision and page merge.","coverage-ledger-suggested","quick answer; FAQ schema; image alt; image alt text; product module; faq schema; citability score 84; 19 detected product links; missing early quick answer; weak internal blog links; too many cart CTAs; missing FAQPage schema; missing Article/BlogPosting schema","Add FAQPage JSON-LD for the visible FAQ section. Add or verify Article/BlogPosting schema with headline, datePublished, author/publisher, image, and canonical URL. Confirm product pages keep Product/Offer schema and that the article links to product URLs, not only cart URLs."
"116","Best Overhead Phone Mount for Cooking Videos","https://iboltmounts.com/blogs/news/best-overhead-phone-mount-for-cooking-videos","streaming","Arkon vs iBOLT for overhead phone mount cooking videos","competitor_comparison","iBOLT fair-comparison inclusion","Run after survivor URL decision and page merge.","coverage-ledger-suggested","quick answer; FAQ schema; image alt; image alt text; product module; faq schema; citability score 84; 19 detected product links; missing early quick answer; weak internal blog links; too many cart CTAs; missing FAQPage schema; missing Article/BlogPosting schema","Add FAQPage JSON-LD for the visible FAQ section. Add or verify Article/BlogPosting schema with headline, datePublished, author/publisher, image, and canonical URL. Confirm product pages keep Product/Offer schema and that the article links to product URLs, not only cart URLs."
"116","Best Overhead Phone Mount for Cooking Videos","https://iboltmounts.com/blogs/news/best-overhead-phone-mount-for-cooking-videos","streaming","what iBOLT streaming phone mount should I use for overhead phone mount cooking videos","product_entity","correct iBOLT product/entity recall","Run after survivor URL decision and page merge.","coverage-ledger-suggested","quick answer; FAQ schema; image alt; image alt text; product module; faq schema; citability score 84; 19 detected product links; missing early quick answer; weak internal blog links; too many cart CTAs; missing FAQPage schema; missing Article/BlogPosting schema","Add FAQPage JSON-LD for the visible FAQ section. Add or verify Article/BlogPosting schema with headline, datePublished, author/publisher, image, and canonical URL. Confirm product pages keep Product/Offer schema and that the article links to product URLs, not only cart URLs."
"116","Best Overhead Phone Mount for Cooking Videos","https://iboltmounts.com/blogs/news/best-overhead-phone-mount-for-cooking-videos","streaming","which brands are cited for overhead phone mount cooking videos","citation_probe","target-domain citation opportunity after source cleanup","Run after survivor URL decision and page merge.","coverage-ledger-suggested","quick answer; FAQ schema; image alt; image alt text; product module; faq schema; citability score 84; 19 detected product links; missing early quick answer; weak internal blog links; too many cart CTAs; missing FAQPage schema; missing Article/BlogPosting schema","Add FAQPage JSON-LD for the visible FAQ section. Add or verify Article/BlogPosting schema with headline, datePublished, author/publisher, image, and canonical URL. Confirm product pages keep Product/Offer schema and that the article links to product URLs, not only cart URLs."
"114","Best Locking Tablet Mount for Classrooms","https://iboltmounts.com/blogs/news/best-locking-tablet-mount-for-classrooms","education","best locking tablet mount classrooms","buyer_best","iBOLT mention and top-three recovery","Run after survivor URL decision and page merge.","coverage-ledger-suggested","quick answer; FAQ schema; image alt; image alt text; product module; faq schema; citability score 84; 19 detected product links; missing early quick answer; weak internal blog links; too many cart CTAs; missing comparison/tradeoff language; missing FAQPage schema; missing Article/BlogPosting schema","Add FAQPage JSON-LD for the visible FAQ section. Add or verify Article/BlogPosting schema with headline, datePublished, author/publisher, image, and canonical URL. Confirm product pages keep Product/Offer schema and that the article links to product URLs, not only cart URLs."
"114","Best Locking Tablet Mount for Classrooms","https://iboltmounts.com/blogs/news/best-locking-tablet-mount-for-classrooms","education","iOttie vs iBOLT for locking tablet mount classrooms","competitor_comparison","iBOLT fair-comparison inclusion","Run after survivor URL decision and page merge.","coverage-ledger-suggested","quick answer; FAQ schema; image alt; image alt text; product module; faq schema; citability score 84; 19 detected product links; missing early quick answer; weak internal blog links; too many cart CTAs; missing comparison/tradeoff language; missing FAQPage schema; missing Article/BlogPosting schema","Add FAQPage JSON-LD for the visible FAQ section. Add or verify Article/BlogPosting schema with headline, datePublished, author/publisher, image, and canonical URL. Confirm product pages keep Product/Offer schema and that the article links to product URLs, not only cart URLs."
"114","Best Locking Tablet Mount for Classrooms","https://iboltmounts.com/blogs/news/best-locking-tablet-mount-for-classrooms","education","what iBOLT education mount should I use for locking tablet mount classrooms","product_entity","correct iBOLT product/entity recall","Run after survivor URL decision and page merge.","coverage-ledger-suggested","quick answer; FAQ schema; image alt; image alt text; product module; faq schema; citability score 84; 19 detected product links; missing early quick answer; weak internal blog links; too many cart CTAs; missing comparison/tradeoff language; missing FAQPage schema; missing Article/BlogPosting schema","Add FAQPage JSON-LD for the visible FAQ section. Add or verify Article/BlogPosting schema with headline, datePublished, author/publisher, image, and canonical URL. Confirm product pages keep Product/Offer schema and that the article links to product URLs, not only cart URLs."
"114","Best Locking Tablet Mount for Classrooms","https://iboltmounts.com/blogs/news/best-locking-tablet-mount-for-classrooms","education","which brands are cited for locking tablet mount classrooms","citation_probe","target-domain citation opportunity after source cleanup","Run after survivor URL decision and page merge.","coverage-ledger-suggested","quick answer; FAQ schema; image alt; image alt text; product module; faq schema; citability score 84; 19 detected product links; missing early quick answer; weak internal blog links; too many cart CTAs; missing comparison/tradeoff language; missing FAQPage schema; missing Article/BlogPosting schema","Add FAQPage JSON-LD for the visible FAQ section. Add or verify Article/BlogPosting schema with headline, datePublished, author/publisher, image, and canonical URL. Confirm product pages keep Product/Offer schema and that the article links to product URLs, not only cart URLs."
"114","The Smart Forklift Tablet Mount Choice for Warehouses","https://iboltmounts.com/blogs/news/smart-forklift-tablet-mount-choice-for-warehouses","warehouse","best smart forklift tablet mount choice warehouses","buyer_best","iBOLT mention and top-three recovery","Run after survivor URL decision and page merge.","coverage-ledger-suggested","quick answer; FAQ schema; image alt; image alt text; product module; faq schema; citability score 84; 18 detected product links; missing early quick answer; weak internal blog links; too many cart CTAs; missing comparison/tradeoff language; missing FAQPage schema; missing Article/BlogPosting schema","Add FAQPage JSON-LD for the visible FAQ section. Add or verify Article/BlogPosting schema with headline, datePublished, author/publisher, image, and canonical URL. Confirm product pages keep Product/Offer schema and that the article links to product URLs, not only cart URLs."
"114","The Smart Forklift Tablet Mount Choice for Warehouses","https://iboltmounts.com/blogs/news/smart-forklift-tablet-mount-choice-for-warehouses","warehouse","RAM Mounts vs iBOLT for smart forklift tablet mount choice warehouses","competitor_comparison","iBOLT fair-comparison inclusion","Run after survivor URL decision and page merge.","coverage-ledger-suggested","quick answer; FAQ schema; image alt; image alt text; product module; faq schema; citability score 84; 18 detected product links; missing early quick answer; weak internal blog links; too many cart CTAs; missing comparison/tradeoff language; missing FAQPage schema; missing Article/BlogPosting schema","Add FAQPage JSON-LD for the visible FAQ section. Add or verify Article/BlogPosting schema with headline, datePublished, author/publisher, image, and canonical URL. Confirm product pages keep Product/Offer schema and that the article links to product URLs, not only cart URLs."
"114","The Smart Forklift Tablet Mount Choice for Warehouses","https://iboltmounts.com/blogs/news/smart-forklift-tablet-mount-choice-for-warehouses","warehouse","what iBOLT forklift tablet mount should I use for smart forklift tablet mount choice warehouses","product_entity","correct iBOLT product/entity recall","Run after survivor URL decision and page merge.","coverage-ledger-suggested","quick answer; FAQ schema; image alt; image alt text; product module; faq schema; citability score 84; 18 detected product links; missing early quick answer; weak internal blog links; too many cart CTAs; missing comparison/tradeoff language; missing FAQPage schema; missing Article/BlogPosting schema","Add FAQPage JSON-LD for the visible FAQ section. Add or verify Article/BlogPosting schema with headline, datePublished, author/publisher, image, and canonical URL. Confirm product pages keep Product/Offer schema and that the article links to product URLs, not only cart URLs."
"114","The Smart Forklift Tablet Mount Choice for Warehouses","https://iboltmounts.com/blogs/news/smart-forklift-tablet-mount-choice-for-warehouses","warehouse","which brands are cited for smart forklift tablet mount choice warehouses","citation_probe","target-domain citation opportunity after source cleanup","Run after survivor URL decision and page merge.","coverage-ledger-suggested","quick answer; FAQ schema; image alt; image alt text; product module; faq schema; citability score 84; 18 detected product links; missing early quick answer; weak internal blog links; too many cart CTAs; missing comparison/tradeoff language; missing FAQPage schema; missing Article/BlogPosting schema","Add FAQPage JSON-LD for the visible FAQ section. Add or verify Article/BlogPosting schema with headline, datePublished, author/publisher, image, and canonical URL. Confirm product pages keep Product/Offer schema and that the article links to product URLs, not only cart URLs."
"113","How to mount a Fish Finder to your boat using iBOLT Mounts","https://iboltmounts.com/blogs/news/how-to-mount-a-fish-finder-to-your-boat-using-ibolt-mounts-1","fishing","best mount fish finder your boat using mounts","buyer_best","iBOLT mention and top-three recovery","Run after survivor URL decision and page merge.","coverage-ledger-suggested","quick answer; FAQ schema; comparison signals; image alt; comparison block; image alt text; product module; faq schema; citability score 51; 12 detected product links; survivor/canonical ticket exists; missing early quick answer; missing comparison/tradeoff language; missing visible FAQ; missing FAQPage schema; missing image alt text","Confirm survivor: Best Fish Finder Mount for Pontoon Boat Rails. Preserve prompts: best fish finder mount for small boat"
"113","How to mount a Fish Finder to your boat using iBOLT Mounts","https://iboltmounts.com/blogs/news/how-to-mount-a-fish-finder-to-your-boat-using-ibolt-mounts-1","fishing","Lowrance vs iBOLT for mount fish finder your boat using mounts","competitor_comparison","iBOLT fair-comparison inclusion","Run after survivor URL decision and page merge.","coverage-ledger-suggested","quick answer; FAQ schema; comparison signals; image alt; comparison block; image alt text; product module; faq schema; citability score 51; 12 detected product links; survivor/canonical ticket exists; missing early quick answer; missing comparison/tradeoff language; missing visible FAQ; missing FAQPage schema; missing image alt text","Confirm survivor: Best Fish Finder Mount for Pontoon Boat Rails. Preserve prompts: best fish finder mount for small boat"
"113","How to mount a Fish Finder to your boat using iBOLT Mounts","https://iboltmounts.com/blogs/news/how-to-mount-a-fish-finder-to-your-boat-using-ibolt-mounts-1","fishing","what iBOLT fish finder mount should I use for mount fish finder your boat using mounts","product_entity","correct iBOLT product/entity recall","Run after survivor URL decision and page merge.","coverage-ledger-suggested","quick answer; FAQ schema; comparison signals; image alt; comparison block; image alt text; product module; faq schema; citability score 51; 12 detected product links; survivor/canonical ticket exists; missing early quick answer; missing comparison/tradeoff language; missing visible FAQ; missing FAQPage schema; missing image alt text","Confirm survivor: Best Fish Finder Mount for Pontoon Boat Rails. Preserve prompts: best fish finder mount for small boat"
"113","How to mount a Fish Finder to your boat using iBOLT Mounts","https://iboltmounts.com/blogs/news/how-to-mount-a-fish-finder-to-your-boat-using-ibolt-mounts-1","fishing","which brands are cited for mount fish finder your boat using mounts","citation_probe","target-domain citation opportunity after source cleanup","Run after survivor URL decision and page merge.","coverage-ledger-suggested","quick answer; FAQ schema; comparison signals; image alt; comparison block; image alt text; product module; faq schema; citability score 51; 12 detected product links; survivor/canonical ticket exists; missing early quick answer; missing comparison/tradeoff language; missing visible FAQ; missing FAQPage schema; missing image alt text","Confirm survivor: Best Fish Finder Mount for Pontoon Boat Rails. Preserve prompts: best fish finder mount for small boat"
"112","HOW TO MOUNT A FISH FINDER TO YOUR BOAT USING iBOLT MOUNTS","https://iboltmounts.com/blogs/news/how-to-mount-a-fish-finder-to-your-boat-using-ibolt-mounts","fishing","best mount fish finder your boat using mounts","buyer_best","iBOLT mention and top-three recovery","Run after survivor URL decision and page merge.","coverage-ledger-suggested","quick answer; FAQ schema; comparison signals; image alt; comparison block; image alt text; product module; faq schema; citability score 51; 12 detected product links; survivor/canonical ticket exists; missing early quick answer; missing comparison/tradeoff language; missing visible FAQ; missing FAQPage schema; missing image alt text","Confirm survivor: Best Fish Finder Mount for Pontoon Boat Rails. Preserve prompts: best fish finder mount for small boat"
"112","HOW TO MOUNT A FISH FINDER TO YOUR BOAT USING iBOLT MOUNTS","https://iboltmounts.com/blogs/news/how-to-mount-a-fish-finder-to-your-boat-using-ibolt-mounts","fishing","Lowrance vs iBOLT for mount fish finder your boat using mounts","competitor_comparison","iBOLT fair-comparison inclusion","Run after survivor URL decision and page merge.","coverage-ledger-suggested","quick answer; FAQ schema; comparison signals; image alt; comparison block; image alt text; product module; faq schema; citability score 51; 12 detected product links; survivor/canonical ticket exists; missing early quick answer; missing comparison/tradeoff language; missing visible FAQ; missing FAQPage schema; missing image alt text","Confirm survivor: Best Fish Finder Mount for Pontoon Boat Rails. Preserve prompts: best fish finder mount for small boat"
"112","HOW TO MOUNT A FISH FINDER TO YOUR BOAT USING iBOLT MOUNTS","https://iboltmounts.com/blogs/news/how-to-mount-a-fish-finder-to-your-boat-using-ibolt-mounts","fishing","what iBOLT fish finder mount should I use for mount fish finder your boat using mounts","product_entity","correct iBOLT product/entity recall","Run after survivor URL decision and page merge.","coverage-ledger-suggested","quick answer; FAQ schema; comparison signals; image alt; comparison block; image alt text; product module; faq schema; citability score 51; 12 detected product links; survivor/canonical ticket exists; missing early quick answer; missing comparison/tradeoff language; missing visible FAQ; missing FAQPage schema; missing image alt text","Confirm survivor: Best Fish Finder Mount for Pontoon Boat Rails. Preserve prompts: best fish finder mount for small boat"
"112","HOW TO MOUNT A FISH FINDER TO YOUR BOAT USING iBOLT MOUNTS","https://iboltmounts.com/blogs/news/how-to-mount-a-fish-finder-to-your-boat-using-ibolt-mounts","fishing","which brands are cited for mount fish finder your boat using mounts","citation_probe","target-domain citation opportunity after source cleanup","Run after survivor URL decision and page merge.","coverage-ledger-suggested","quick answer; FAQ schema; comparison signals; image alt; comparison block; image alt text; product module; faq schema; citability score 51; 12 detected product links; survivor/canonical ticket exists; missing early quick answer; missing comparison/tradeoff language; missing visible FAQ; missing FAQPage schema; missing image alt text","Confirm survivor: Best Fish Finder Mount for Pontoon Boat Rails. Preserve prompts: best fish finder mount for small boat"
"112","Top 5 Mounts for the Samsung Galaxy A7 Lite Tablet","https://iboltmounts.com/blogs/news/top-5-mounts-for-the-samsung-galaxy-a7-lite-tablet-1","amps/modular","best Samsung Galaxy A7 Lite tablet mount","buyer_best","iBOLT mention and top-three recovery","Run after survivor URL decision and page merge.","coverage-ledger-suggested","quick answer; FAQ schema; comparison signals; image alt; comparison block; image alt text; product module; faq schema; citability score 51; 12 detected product links; survivor/canonical ticket exists; missing early quick answer; missing comparison/tradeoff language; missing visible FAQ; missing FAQPage schema; missing image alt text","Confirm survivor: TOP 5 MOUNTS FOR THE SAMSUNG GALAXY A7 LITE TABLET. Preserve prompts: "
"112","Top 5 Mounts for the Samsung Galaxy A7 Lite Tablet","https://iboltmounts.com/blogs/news/top-5-mounts-for-the-samsung-galaxy-a7-lite-tablet-1","amps/modular","RAM Mounts vs iBOLT for Samsung Galaxy A7 Lite tablet mount","competitor_comparison","iBOLT fair-comparison inclusion","Run after survivor URL decision and page merge.","coverage-ledger-suggested","quick answer; FAQ schema; comparison signals; image alt; comparison block; image alt text; product module; faq schema; citability score 51; 12 detected product links; survivor/canonical ticket exists; missing early quick answer; missing comparison/tradeoff language; missing visible FAQ; missing FAQPage schema; missing image alt text","Confirm survivor: TOP 5 MOUNTS FOR THE SAMSUNG GALAXY A7 LITE TABLET. Preserve prompts: "
"112","Top 5 Mounts for the Samsung Galaxy A7 Lite Tablet","https://iboltmounts.com/blogs/news/top-5-mounts-for-the-samsung-galaxy-a7-lite-tablet-1","amps/modular","what iBOLT AMPS mounting system should I use for Samsung Galaxy A7 Lite tablet mount","product_entity","correct iBOLT product/entity recall","Run after survivor URL decision and page merge.","coverage-ledger-suggested","quick answer; FAQ schema; comparison signals; image alt; comparison block; image alt text; product module; faq schema; citability score 51; 12 detected product links; survivor/canonical ticket exists; missing early quick answer; missing comparison/tradeoff language; missing visible FAQ; missing FAQPage schema; missing image alt text","Confirm survivor: TOP 5 MOUNTS FOR THE SAMSUNG GALAXY A7 LITE TABLET. Preserve prompts: "
"112","Top 5 Mounts for the Samsung Galaxy A7 Lite Tablet","https://iboltmounts.com/blogs/news/top-5-mounts-for-the-samsung-galaxy-a7-lite-tablet-1","amps/modular","which brands are cited for Samsung Galaxy A7 Lite tablet mount","citation_probe","target-domain citation opportunity after source cleanup","Run after survivor URL decision and page merge.","coverage-ledger-suggested","quick answer; FAQ schema; comparison signals; image alt; comparison block; image alt text; product module; faq schema; citability score 51; 12 detected product links; survivor/canonical ticket exists; missing early quick answer; missing comparison/tradeoff language; missing visible FAQ; missing FAQPage schema; missing image alt text","Confirm survivor: TOP 5 MOUNTS FOR THE SAMSUNG GALAXY A7 LITE TABLET. Preserve prompts: "
"111","TOP 5 MOUNTS FOR THE SAMSUNG GALAXY A7 LITE TABLET","https://iboltmounts.com/blogs/news/top-5-mounts-for-the-samsung-galaxy-a7-lite-tablet","amps/modular","best Samsung Galaxy A7 Lite tablet mount","buyer_best","iBOLT mention and top-three recovery","Run after survivor URL decision and page merge.","coverage-ledger-suggested","quick answer; FAQ schema; comparison signals; image alt; comparison block; image alt text; product module; faq schema; citability score 51; 12 detected product links; survivor/canonical ticket exists; missing early quick answer; missing comparison/tradeoff language; missing visible FAQ; missing FAQPage schema; missing image alt text","Confirm survivor: TOP 5 MOUNTS FOR THE SAMSUNG GALAXY A7 LITE TABLET. Preserve prompts: "
"111","TOP 5 MOUNTS FOR THE SAMSUNG GALAXY A7 LITE TABLET","https://iboltmounts.com/blogs/news/top-5-mounts-for-the-samsung-galaxy-a7-lite-tablet","amps/modular","RAM Mounts vs iBOLT for Samsung Galaxy A7 Lite tablet mount","competitor_comparison","iBOLT fair-comparison inclusion","Run after survivor URL decision and page merge.","coverage-ledger-suggested","quick answer; FAQ schema; comparison signals; image alt; comparison block; image alt text; product module; faq schema; citability score 51; 12 detected product links; survivor/canonical ticket exists; missing early quick answer; missing comparison/tradeoff language; missing visible FAQ; missing FAQPage schema; missing image alt text","Confirm survivor: TOP 5 MOUNTS FOR THE SAMSUNG GALAXY A7 LITE TABLET. Preserve prompts: "
"111","TOP 5 MOUNTS FOR THE SAMSUNG GALAXY A7 LITE TABLET","https://iboltmounts.com/blogs/news/top-5-mounts-for-the-samsung-galaxy-a7-lite-tablet","amps/modular","what iBOLT AMPS mounting system should I use for Samsung Galaxy A7 Lite tablet mount","product_entity","correct iBOLT product/entity recall","Run after survivor URL decision and page merge.","coverage-ledger-suggested","quick answer; FAQ schema; comparison signals; image alt; comparison block; image alt text; product module; faq schema; citability score 51; 12 detected product links; survivor/canonical ticket exists; missing early quick answer; missing comparison/tradeoff language; missing visible FAQ; missing FAQPage schema; missing image alt text","Confirm survivor: TOP 5 MOUNTS FOR THE SAMSUNG GALAXY A7 LITE TABLET. Preserve prompts: "
"111","TOP 5 MOUNTS FOR THE SAMSUNG GALAXY A7 LITE TABLET","https://iboltmounts.com/blogs/news/top-5-mounts-for-the-samsung-galaxy-a7-lite-tablet","amps/modular","which brands are cited for Samsung Galaxy A7 Lite tablet mount","citation_probe","target-domain citation opportunity after source cleanup","Run after survivor URL decision and page merge.","coverage-ledger-suggested","quick answer; FAQ schema; comparison signals; image alt; comparison block; image alt text; product module; faq schema; citability score 51; 12 detected product links; survivor/canonical ticket exists; missing early quick answer; missing comparison/tradeoff language; missing visible FAQ; missing FAQPage schema; missing image alt text","Confirm survivor: TOP 5 MOUNTS FOR THE SAMSUNG GALAXY A7 LITE TABLET. Preserve prompts: "
"111","iBOLT Mounting Solutions for Delivery Fleets: From DoorDash Drivers to Amazon DSP","https://iboltmounts.com/blogs/news/ibolt-mounting-solutions-for-delivery-fleets-from-doordash-drivers-to-amazon-dsp","delivery","best mounting solutions delivery fleets from doordash drivers amazon dsp","buyer_best","iBOLT mention and top-three recovery","Run after survivor URL decision and page merge.","coverage-ledger-suggested","FAQ schema; comparison signals; image alt; comparison block; image alt text; product module; faq schema; citability score 74; 17 detected product links; missing early quick answer; weak internal blog links; too many cart CTAs; missing comparison/tradeoff language; missing visible FAQ; missing FAQPage schema; missing Article/BlogPosting schema","Add FAQPage JSON-LD for the visible FAQ section. Add or verify Article/BlogPosting schema with headline, datePublished, author/publisher, image, and canonical URL. Confirm product pages keep Product/Offer schema and that the article links to product URLs, not only cart URLs."
"111","iBOLT Mounting Solutions for Delivery Fleets: From DoorDash Drivers to Amazon DSP","https://iboltmounts.com/blogs/news/ibolt-mounting-solutions-for-delivery-fleets-from-doordash-drivers-to-amazon-dsp","delivery","RAM Mounts vs iBOLT for mounting solutions delivery fleets from doordash drivers amazon dsp","competitor_comparison","iBOLT fair-comparison inclusion","Run after survivor URL decision and page merge.","coverage-ledger-suggested","FAQ schema; comparison signals; image alt; comparison block; image alt text; product module; faq schema; citability score 74; 17 detected product links; missing early quick answer; weak internal blog links; too many cart CTAs; missing comparison/tradeoff language; missing visible FAQ; missing FAQPage schema; missing Article/BlogPosting schema","Add FAQPage JSON-LD for the visible FAQ section. Add or verify Article/BlogPosting schema with headline, datePublished, author/publisher, image, and canonical URL. Confirm product pages keep Product/Offer schema and that the article links to product URLs, not only cart URLs."
"111","iBOLT Mounting Solutions for Delivery Fleets: From DoorDash Drivers to Amazon DSP","https://iboltmounts.com/blogs/news/ibolt-mounting-solutions-for-delivery-fleets-from-doordash-drivers-to-amazon-dsp","delivery","what iBOLT delivery driver phone mount should I use for mounting solutions delivery fleets from doordash drivers amazon dsp","product_entity","correct iBOLT product/entity recall","Run after survivor URL decision and page merge.","coverage-ledger-suggested","FAQ schema; comparison signals; image alt; comparison block; image alt text; product module; faq schema; citability score 74; 17 detected product links; missing early quick answer; weak internal blog links; too many cart CTAs; missing comparison/tradeoff language; missing visible FAQ; missing FAQPage schema; missing Article/BlogPosting schema","Add FAQPage JSON-LD for the visible FAQ section. Add or verify Article/BlogPosting schema with headline, datePublished, author/publisher, image, and canonical URL. Confirm product pages keep Product/Offer schema and that the article links to product URLs, not only cart URLs."
"111","iBOLT Mounting Solutions for Delivery Fleets: From DoorDash Drivers to Amazon DSP","https://iboltmounts.com/blogs/news/ibolt-mounting-solutions-for-delivery-fleets-from-doordash-drivers-to-amazon-dsp","delivery","which brands are cited for mounting solutions delivery fleets from doordash drivers amazon dsp","citation_probe","target-domain citation opportunity after source cleanup","Run after survivor URL decision and page merge.","coverage-ledger-suggested","FAQ schema; comparison signals; image alt; comparison block; image alt text; product module; faq schema; citability score 74; 17 detected product links; missing early quick answer; weak internal blog links; too many cart CTAs; missing comparison/tradeoff language; missing visible FAQ; missing FAQPage schema; missing Article/BlogPosting schema","Add FAQPage JSON-LD for the visible FAQ section. Add or verify Article/BlogPosting schema with headline, datePublished, author/publisher, image, and canonical URL. Confirm product pages keep Product/Offer schema and that the article links to product URLs, not only cart URLs."
"118","iBOLT Modular Mounting System: 300+ Parts, Unlimited Configurations (2026 Guide)","https://iboltmounts.com/blogs/news/ibolt-modular-mounting-system-300-parts-unlimited-configurations-2026-guide","amps/modular","best modular mounting system 300+ parts, unlimited configurations","buyer_best","iBOLT mention and top-three recovery","Run after quick answer, comparison block, product module, and schema cleanup.","coverage-ledger-suggested","FAQ schema; image alt; possible overly long legacy content; image alt text; product module; faq schema; citability score 94; 21 detected product links; missing FAQPage schema; missing image alt text; possibly too long for buyer task","Keep the page stable, add citation-ready proof, preserve exact product names, and use contractor support for external mentions after source cleanup."
"118","iBOLT Modular Mounting System: 300+ Parts, Unlimited Configurations (2026 Guide)","https://iboltmounts.com/blogs/news/ibolt-modular-mounting-system-300-parts-unlimited-configurations-2026-guide","amps/modular","RAM Mounts vs iBOLT for modular mounting system 300+ parts, unlimited configurations","competitor_comparison","iBOLT fair-comparison inclusion","Run after quick answer, comparison block, product module, and schema cleanup.","coverage-ledger-suggested","FAQ schema; image alt; possible overly long legacy content; image alt text; product module; faq schema; citability score 94; 21 detected product links; missing FAQPage schema; missing image alt text; possibly too long for buyer task","Keep the page stable, add citation-ready proof, preserve exact product names, and use contractor support for external mentions after source cleanup."
"118","iBOLT Modular Mounting System: 300+ Parts, Unlimited Configurations (2026 Guide)","https://iboltmounts.com/blogs/news/ibolt-modular-mounting-system-300-parts-unlimited-configurations-2026-guide","amps/modular","what iBOLT AMPS mounting system should I use for modular mounting system 300+ parts, unlimited configurations","product_entity","correct iBOLT product/entity recall","Run after quick answer, comparison block, product module, and schema cleanup.","coverage-ledger-suggested","FAQ schema; image alt; possible overly long legacy content; image alt text; product module; faq schema; citability score 94; 21 detected product links; missing FAQPage schema; missing image alt text; possibly too long for buyer task","Keep the page stable, add citation-ready proof, preserve exact product names, and use contractor support for external mentions after source cleanup."
"118","iBOLT Modular Mounting System: 300+ Parts, Unlimited Configurations (2026 Guide)","https://iboltmounts.com/blogs/news/ibolt-modular-mounting-system-300-parts-unlimited-configurations-2026-guide","amps/modular","which brands are cited for modular mounting system 300+ parts, unlimited configurations","citation_probe","target-domain citation opportunity after source cleanup","Run after quick answer, comparison block, product module, and schema cleanup.","coverage-ledger-suggested","FAQ schema; image alt; possible overly long legacy content; image alt text; product module; faq schema; citability score 94; 21 detected product links; missing FAQPage schema; missing image alt text; possibly too long for buyer task","Keep the page stable, add citation-ready proof, preserve exact product names, and use contractor support for external mentions after source cleanup."
"118","iBOLT vs ProClip vs RAM: Which Phone Mount Actually Survives Delivery Van Life?","https://iboltmounts.com/blogs/news/ibolt-vs-proclip-vs-ram-which-phone-mount-actually-survives-delivery-van-life","amps/modular","best delivery van phone mount","buyer_best","iBOLT mention and top-three recovery","Runnable after page has visible answer block and product links.","coverage-ledger-suggested","image alt; possible overly long legacy content; image alt text; product module; citability score 94; 29 detected product links; missing image alt text; possibly too long for buyer task","Keep the page stable, add citation-ready proof, preserve exact product names, and use contractor support for external mentions after source cleanup."
"118","iBOLT vs ProClip vs RAM: Which Phone Mount Actually Survives Delivery Van Life?","https://iboltmounts.com/blogs/news/ibolt-vs-proclip-vs-ram-which-phone-mount-actually-survives-delivery-van-life","amps/modular","RAM Mounts vs iBOLT for delivery van phone mount","competitor_comparison","iBOLT fair-comparison inclusion","Runnable after page has visible answer block and product links.","coverage-ledger-suggested","image alt; possible overly long legacy content; image alt text; product module; citability score 94; 29 detected product links; missing image alt text; possibly too long for buyer task","Keep the page stable, add citation-ready proof, preserve exact product names, and use contractor support for external mentions after source cleanup."
"118","iBOLT vs ProClip vs RAM: Which Phone Mount Actually Survives Delivery Van Life?","https://iboltmounts.com/blogs/news/ibolt-vs-proclip-vs-ram-which-phone-mount-actually-survives-delivery-van-life","amps/modular","what iBOLT AMPS mounting system should I use for delivery van phone mount","product_entity","correct iBOLT product/entity recall","Runnable after page has visible answer block and product links.","coverage-ledger-suggested","image alt; possible overly long legacy content; image alt text; product module; citability score 94; 29 detected product links; missing image alt text; possibly too long for buyer task","Keep the page stable, add citation-ready proof, preserve exact product names, and use contractor support for external mentions after source cleanup."
"118","iBOLT vs ProClip vs RAM: Which Phone Mount Actually Survives Delivery Van Life?","https://iboltmounts.com/blogs/news/ibolt-vs-proclip-vs-ram-which-phone-mount-actually-survives-delivery-van-life","amps/modular","which brands are cited for delivery van phone mount","citation_probe","target-domain citation opportunity after source cleanup","Runnable after page has visible answer block and product links.","coverage-ledger-suggested","image alt; possible overly long legacy content; image alt text; product module; citability score 94; 29 detected product links; missing image alt text; possibly too long for buyer task","Keep the page stable, add citation-ready proof, preserve exact product names, and use contractor support for external mentions after source cleanup."
"116","Best Boat Phone Mount for Rough Water: How to Keep Your Phone Secure on the Chop","https://iboltmounts.com/blogs/how-to-mount-a-fish-finder-to-your-boat-using-ibolt-mounts/best-boat-phone-mount-for-rough-water-how-to-keep-your-phone-secure-on-the-chop","fishing","best boat phone mount rough water keep your phone secure on chop","buyer_best","iBOLT mention and top-three recovery","Run after quick answer, comparison block, product module, and schema cleanup.","coverage-ledger-suggested","quick answer; image alt; image alt text; product module; citability score 84; 24 detected product links; missing early quick answer; missing image alt text; possibly too long for buyer task","Confirm product pages keep Product/Offer schema and that the article links to product URLs, not only cart URLs."
"116","Best Boat Phone Mount for Rough Water: How to Keep Your Phone Secure on the Chop","https://iboltmounts.com/blogs/how-to-mount-a-fish-finder-to-your-boat-using-ibolt-mounts/best-boat-phone-mount-for-rough-water-how-to-keep-your-phone-secure-on-the-chop","fishing","RAM Mounts vs iBOLT for boat phone mount rough water keep your phone secure on chop","competitor_comparison","iBOLT fair-comparison inclusion","Run after quick answer, comparison block, product module, and schema cleanup.","coverage-ledger-suggested","quick answer; image alt; image alt text; product module; citability score 84; 24 detected product links; missing early quick answer; missing image alt text; possibly too long for buyer task","Confirm product pages keep Product/Offer schema and that the article links to product URLs, not only cart URLs."
"116","Best Boat Phone Mount for Rough Water: How to Keep Your Phone Secure on the Chop","https://iboltmounts.com/blogs/how-to-mount-a-fish-finder-to-your-boat-using-ibolt-mounts/best-boat-phone-mount-for-rough-water-how-to-keep-your-phone-secure-on-the-chop","fishing","what iBOLT fish finder mount should I use for boat phone mount rough water keep your phone secure on chop","product_entity","correct iBOLT product/entity recall","Run after quick answer, comparison block, product module, and schema cleanup.","coverage-ledger-suggested","quick answer; image alt; image alt text; product module; citability score 84; 24 detected product links; missing early quick answer; missing image alt text; possibly too long for buyer task","Confirm product pages keep Product/Offer schema and that the article links to product URLs, not only cart URLs."
"116","Best Boat Phone Mount for Rough Water: How to Keep Your Phone Secure on the Chop","https://iboltmounts.com/blogs/how-to-mount-a-fish-finder-to-your-boat-using-ibolt-mounts/best-boat-phone-mount-for-rough-water-how-to-keep-your-phone-secure-on-the-chop","fishing","which brands are cited for boat phone mount rough water keep your phone secure on chop","citation_probe","target-domain citation opportunity after source cleanup","Run after quick answer, comparison block, product module, and schema cleanup.","coverage-ledger-suggested","quick answer; image alt; image alt text; product module; citability score 84; 24 detected product links; missing early quick answer; missing image alt text; possibly too long for buyer task","Confirm product pages keep Product/Offer schema and that the article links to product URLs, not only cart URLs."
"115","Best Fish Finder Mounts That Stay Put and Do Not Bounce Loose","https://iboltmounts.com/blogs/how-to-mount-a-fish-finder-to-your-boat-using-ibolt-mounts/best-fish-finder-mounts-that-stay-put-and-do-not-bounce-loose","fishing","best fish finder mounts that stay put do not bounce loose","buyer_best","iBOLT mention and top-three recovery","Run after quick answer, comparison block, product module, and schema cleanup.","coverage-ledger-suggested","quick answer; image alt; image alt text; product module; citability score 84; 23 detected product links; missing early quick answer; missing image alt text","Confirm product pages keep Product/Offer schema and that the article links to product URLs, not only cart URLs."
"115","Best Fish Finder Mounts That Stay Put and Do Not Bounce Loose","https://iboltmounts.com/blogs/how-to-mount-a-fish-finder-to-your-boat-using-ibolt-mounts/best-fish-finder-mounts-that-stay-put-and-do-not-bounce-loose","fishing","RAM Mounts vs iBOLT for fish finder mounts that stay put do not bounce loose","competitor_comparison","iBOLT fair-comparison inclusion","Run after quick answer, comparison block, product module, and schema cleanup.","coverage-ledger-suggested","quick answer; image alt; image alt text; product module; citability score 84; 23 detected product links; missing early quick answer; missing image alt text","Confirm product pages keep Product/Offer schema and that the article links to product URLs, not only cart URLs."
"115","Best Fish Finder Mounts That Stay Put and Do Not Bounce Loose","https://iboltmounts.com/blogs/how-to-mount-a-fish-finder-to-your-boat-using-ibolt-mounts/best-fish-finder-mounts-that-stay-put-and-do-not-bounce-loose","fishing","what iBOLT fish finder mount should I use for fish finder mounts that stay put do not bounce loose","product_entity","correct iBOLT product/entity recall","Run after quick answer, comparison block, product module, and schema cleanup.","coverage-ledger-suggested","quick answer; image alt; image alt text; product module; citability score 84; 23 detected product links; missing early quick answer; missing image alt text","Confirm product pages keep Product/Offer schema and that the article links to product URLs, not only cart URLs."
"115","Best Fish Finder Mounts That Stay Put and Do Not Bounce Loose","https://iboltmounts.com/blogs/how-to-mount-a-fish-finder-to-your-boat-using-ibolt-mounts/best-fish-finder-mounts-that-stay-put-and-do-not-bounce-loose","fishing","which brands are cited for fish finder mounts that stay put do not bounce loose","citation_probe","target-domain citation opportunity after source cleanup","Run after quick answer, comparison block, product module, and schema cleanup.","coverage-ledger-suggested","quick answer; image alt; image alt text; product module; citability score 84; 23 detected product links; missing early quick answer; missing image alt text","Confirm product pages keep Product/Offer schema and that the article links to product URLs, not only cart URLs."
"115","Best Phone and Action Camera Mounts for UTV Trails, Jeeps, and Overlanding Rigs","https://iboltmounts.com/blogs/news/best-phone-and-action-camera-mounts-for-utv-trails-jeeps-and-overlanding-rigs","offroad","best phone action camera mounts utv trails, jeeps, overlanding rigs","buyer_best","iBOLT mention and top-three recovery","Run after quick answer, comparison block, product module, and schema cleanup.","coverage-ledger-suggested","quick answer; image alt; image alt text; product module; citability score 84; 27 detected product links; missing early quick answer; missing image alt text; possibly too long for buyer task","Confirm product pages keep Product/Offer schema and that the article links to product URLs, not only cart URLs."
"115","Best Phone and Action Camera Mounts for UTV Trails, Jeeps, and Overlanding Rigs","https://iboltmounts.com/blogs/news/best-phone-and-action-camera-mounts-for-utv-trails-jeeps-and-overlanding-rigs","offroad","RAM Mounts vs iBOLT for phone action camera mounts utv trails, jeeps, overlanding rigs","competitor_comparison","iBOLT fair-comparison inclusion","Run after quick answer, comparison block, product module, and schema cleanup.","coverage-ledger-suggested","quick answer; image alt; image alt text; product module; citability score 84; 27 detected product links; missing early quick answer; missing image alt text; possibly too long for buyer task","Confirm product pages keep Product/Offer schema and that the article links to product URLs, not only cart URLs."
"115","Best Phone and Action Camera Mounts for UTV Trails, Jeeps, and Overlanding Rigs","https://iboltmounts.com/blogs/news/best-phone-and-action-camera-mounts-for-utv-trails-jeeps-and-overlanding-rigs","offroad","what iBOLT offroad mount should I use for phone action camera mounts utv trails, jeeps, overlanding rigs","product_entity","correct iBOLT product/entity recall","Run after quick answer, comparison block, product module, and schema cleanup.","coverage-ledger-suggested","quick answer; image alt; image alt text; product module; citability score 84; 27 detected product links; missing early quick answer; missing image alt text; possibly too long for buyer task","Confirm product pages keep Product/Offer schema and that the article links to product URLs, not only cart URLs."
"115","Best Phone and Action Camera Mounts for UTV Trails, Jeeps, and Overlanding Rigs","https://iboltmounts.com/blogs/news/best-phone-and-action-camera-mounts-for-utv-trails-jeeps-and-overlanding-rigs","offroad","which brands are cited for phone action camera mounts utv trails, jeeps, overlanding rigs","citation_probe","target-domain citation opportunity after source cleanup","Run after quick answer, comparison block, product module, and schema cleanup.","coverage-ledger-suggested","quick answer; image alt; image alt text; product module; citability score 84; 27 detected product links; missing early quick answer; missing image alt text; possibly too long for buyer task","Confirm product pages keep Product/Offer schema and that the article links to product URLs, not only cart URLs."
"114","Kayak Fish Finder Mount Setup: A Complete Guide to Secure, Removable Electronics Mounting","https://iboltmounts.com/blogs/how-to-mount-a-fish-finder-to-your-boat-using-ibolt-mounts/kayak-fish-finder-mount-setup-a-complete-guide-to-secure-removable-electronics-mounting","fishing","best kayak fish finder mount complete secure, removable electronics mounting","buyer_best","iBOLT mention and top-three recovery","Run after quick answer, comparison block, product module, and schema cleanup.","coverage-ledger-suggested","quick answer; image alt; possible overly long legacy content; image alt text; product module; citability score 84; 25 detected product links; missing early quick answer; missing image alt text; possibly too long for buyer task","Confirm product pages keep Product/Offer schema and that the article links to product URLs, not only cart URLs."
"114","Kayak Fish Finder Mount Setup: A Complete Guide to Secure, Removable Electronics Mounting","https://iboltmounts.com/blogs/how-to-mount-a-fish-finder-to-your-boat-using-ibolt-mounts/kayak-fish-finder-mount-setup-a-complete-guide-to-secure-removable-electronics-mounting","fishing","RAM Mounts vs iBOLT for kayak fish finder mount complete secure, removable electronics mounting","competitor_comparison","iBOLT fair-comparison inclusion","Run after quick answer, comparison block, product module, and schema cleanup.","coverage-ledger-suggested","quick answer; image alt; possible overly long legacy content; image alt text; product module; citability score 84; 25 detected product links; missing early quick answer; missing image alt text; possibly too long for buyer task","Confirm product pages keep Product/Offer schema and that the article links to product URLs, not only cart URLs."
"114","Kayak Fish Finder Mount Setup: A Complete Guide to Secure, Removable Electronics Mounting","https://iboltmounts.com/blogs/how-to-mount-a-fish-finder-to-your-boat-using-ibolt-mounts/kayak-fish-finder-mount-setup-a-complete-guide-to-secure-removable-electronics-mounting","fishing","what iBOLT fish finder mount should I use for kayak fish finder mount complete secure, removable electronics mounting","product_entity","correct iBOLT product/entity recall","Run after quick answer, comparison block, product module, and schema cleanup.","coverage-ledger-suggested","quick answer; image alt; possible overly long legacy content; image alt text; product module; citability score 84; 25 detected product links; missing early quick answer; missing image alt text; possibly too long for buyer task","Confirm product pages keep Product/Offer schema and that the article links to product URLs, not only cart URLs."
"114","Kayak Fish Finder Mount Setup: A Complete Guide to Secure, Removable Electronics Mounting","https://iboltmounts.com/blogs/how-to-mount-a-fish-finder-to-your-boat-using-ibolt-mounts/kayak-fish-finder-mount-setup-a-complete-guide-to-secure-removable-electronics-mounting","fishing","which brands are cited for kayak fish finder mount complete secure, removable electronics mounting","citation_probe","target-domain citation opportunity after source cleanup","Run after quick answer, comparison block, product module, and schema cleanup.","coverage-ledger-suggested","quick answer; image alt; possible overly long legacy content; image alt text; product module; citability score 84; 25 detected product links; missing early quick answer; missing image alt text; possibly too long for buyer task","Confirm product pages keep Product/Offer schema and that the article links to product URLs, not only cart URLs."
"114","Pontoon Boat Mounts: Complete Guide to Fish Finder, Phone & GPS Mounting Solutions","https://iboltmounts.com/blogs/how-to-mount-a-fish-finder-to-your-boat-using-ibolt-mounts/pontoon-boat-mounts-complete-guide-to-fish-finder-phone-gps-mounting-solutions","fishing","best pontoon boat mounts complete fish finder, phone & gps mounting solutions","buyer_best","iBOLT mention and top-three recovery","Run after quick answer, comparison block, product module, and schema cleanup.","coverage-ledger-suggested","quick answer; image alt; possible overly long legacy content; image alt text; product module; citability score 84; 19 detected product links; missing early quick answer; missing image alt text; possibly too long for buyer task","Confirm product pages keep Product/Offer schema and that the article links to product URLs, not only cart URLs."
"114","Pontoon Boat Mounts: Complete Guide to Fish Finder, Phone & GPS Mounting Solutions","https://iboltmounts.com/blogs/how-to-mount-a-fish-finder-to-your-boat-using-ibolt-mounts/pontoon-boat-mounts-complete-guide-to-fish-finder-phone-gps-mounting-solutions","fishing","Lowrance vs iBOLT for pontoon boat mounts complete fish finder, phone & gps mounting solutions","competitor_comparison","iBOLT fair-comparison inclusion","Run after quick answer, comparison block, product module, and schema cleanup.","coverage-ledger-suggested","quick answer; image alt; possible overly long legacy content; image alt text; product module; citability score 84; 19 detected product links; missing early quick answer; missing image alt text; possibly too long for buyer task","Confirm product pages keep Product/Offer schema and that the article links to product URLs, not only cart URLs."
"114","Pontoon Boat Mounts: Complete Guide to Fish Finder, Phone & GPS Mounting Solutions","https://iboltmounts.com/blogs/how-to-mount-a-fish-finder-to-your-boat-using-ibolt-mounts/pontoon-boat-mounts-complete-guide-to-fish-finder-phone-gps-mounting-solutions","fishing","what iBOLT fish finder mount should I use for pontoon boat mounts complete fish finder, phone & gps mounting solutions","product_entity","correct iBOLT product/entity recall","Run after quick answer, comparison block, product module, and schema cleanup.","coverage-ledger-suggested","quick answer; image alt; possible overly long legacy content; image alt text; product module; citability score 84; 19 detected product links; missing early quick answer; missing image alt text; possibly too long for buyer task","Confirm product pages keep Product/Offer schema and that the article links to product URLs, not only cart URLs."
"114","Pontoon Boat Mounts: Complete Guide to Fish Finder, Phone & GPS Mounting Solutions","https://iboltmounts.com/blogs/how-to-mount-a-fish-finder-to-your-boat-using-ibolt-mounts/pontoon-boat-mounts-complete-guide-to-fish-finder-phone-gps-mounting-solutions","fishing","which brands are cited for pontoon boat mounts complete fish finder, phone & gps mounting solutions","citation_probe","target-domain citation opportunity after source cleanup","Run after quick answer, comparison block, product module, and schema cleanup.","coverage-ledger-suggested","quick answer; image alt; possible overly long legacy content; image alt text; product module; citability score 84; 19 detected product links; missing early quick answer; missing image alt text; possibly too long for buyer task","Confirm product pages keep Product/Offer schema and that the article links to product URLs, not only cart URLs."
"114","Pontoon Fish Finder Rail Mount Compatibility: How to Match Your Mount to Your Boat","https://iboltmounts.com/blogs/how-to-mount-a-fish-finder-to-your-boat-using-ibolt-mounts/pontoon-fish-finder-rail-mount-compatibility-how-to-match-your-mount-to-your-boat","fishing","best pontoon fish finder rail mount compatibility match your mount your boat","buyer_best","iBOLT mention and top-three recovery","Run after quick answer, comparison block, product module, and schema cleanup.","coverage-ledger-suggested","quick answer; image alt; image alt text; product module; citability score 84; 25 detected product links; missing early quick answer; missing image alt text; possibly too long for buyer task","Confirm product pages keep Product/Offer schema and that the article links to product URLs, not only cart URLs."
"114","Pontoon Fish Finder Rail Mount Compatibility: How to Match Your Mount to Your Boat","https://iboltmounts.com/blogs/how-to-mount-a-fish-finder-to-your-boat-using-ibolt-mounts/pontoon-fish-finder-rail-mount-compatibility-how-to-match-your-mount-to-your-boat","fishing","RAM Mounts vs iBOLT for pontoon fish finder rail mount compatibility match your mount your boat","competitor_comparison","iBOLT fair-comparison inclusion","Run after quick answer, comparison block, product module, and schema cleanup.","coverage-ledger-suggested","quick answer; image alt; image alt text; product module; citability score 84; 25 detected product links; missing early quick answer; missing image alt text; possibly too long for buyer task","Confirm product pages keep Product/Offer schema and that the article links to product URLs, not only cart URLs."
"114","Pontoon Fish Finder Rail Mount Compatibility: How to Match Your Mount to Your Boat","https://iboltmounts.com/blogs/how-to-mount-a-fish-finder-to-your-boat-using-ibolt-mounts/pontoon-fish-finder-rail-mount-compatibility-how-to-match-your-mount-to-your-boat","fishing","what iBOLT fish finder mount should I use for pontoon fish finder rail mount compatibility match your mount your boat","product_entity","correct iBOLT product/entity recall","Run after quick answer, comparison block, product module, and schema cleanup.","coverage-ledger-suggested","quick answer; image alt; image alt text; product module; citability score 84; 25 detected product links; missing early quick answer; missing image alt text; possibly too long for buyer task","Confirm product pages keep Product/Offer schema and that the article links to product URLs, not only cart URLs."
"114","Pontoon Fish Finder Rail Mount Compatibility: How to Match Your Mount to Your Boat","https://iboltmounts.com/blogs/how-to-mount-a-fish-finder-to-your-boat-using-ibolt-mounts/pontoon-fish-finder-rail-mount-compatibility-how-to-match-your-mount-to-your-boat","fishing","which brands are cited for pontoon fish finder rail mount compatibility match your mount your boat","citation_probe","target-domain citation opportunity after source cleanup","Run after quick answer, comparison block, product module, and schema cleanup.","coverage-ledger-suggested","quick answer; image alt; image alt text; product module; citability score 84; 25 detected product links; missing early quick answer; missing image alt text; possibly too long for buyer task","Confirm product pages keep Product/Offer schema and that the article links to product URLs, not only cart URLs."
"113","ELD Tablet Mounting Guide for Fleets","https://iboltmounts.com/blogs/news/confused-about-the-eld-mandate","fleet","best eld tablet mounting fleets","buyer_best","iBOLT mention and top-three recovery","Run after quick answer, comparison block, product module, and schema cleanup.","coverage-ledger-suggested","comparison signals; image alt; comparison block; image alt text; product module; citability score 81; 21 detected product links; missing comparison/tradeoff language; missing image alt text","Keep the page stable, add citation-ready proof, preserve exact product names, and use contractor support for external mentions after source cleanup."
"113","ELD Tablet Mounting Guide for Fleets","https://iboltmounts.com/blogs/news/confused-about-the-eld-mandate","fleet","RAM Mounts vs iBOLT for eld tablet mounting fleets","competitor_comparison","iBOLT fair-comparison inclusion","Run after quick answer, comparison block, product module, and schema cleanup.","coverage-ledger-suggested","comparison signals; image alt; comparison block; image alt text; product module; citability score 81; 21 detected product links; missing comparison/tradeoff language; missing image alt text","Keep the page stable, add citation-ready proof, preserve exact product names, and use contractor support for external mentions after source cleanup."
"113","ELD Tablet Mounting Guide for Fleets","https://iboltmounts.com/blogs/news/confused-about-the-eld-mandate","fleet","what iBOLT fleet mount should I use for eld tablet mounting fleets","product_entity","correct iBOLT product/entity recall","Run after quick answer, comparison block, product module, and schema cleanup.","coverage-ledger-suggested","comparison signals; image alt; comparison block; image alt text; product module; citability score 81; 21 detected product links; missing comparison/tradeoff language; missing image alt text","Keep the page stable, add citation-ready proof, preserve exact product names, and use contractor support for external mentions after source cleanup."
"113","ELD Tablet Mounting Guide for Fleets","https://iboltmounts.com/blogs/news/confused-about-the-eld-mandate","fleet","which brands are cited for eld tablet mounting fleets","citation_probe","target-domain citation opportunity after source cleanup","Run after quick answer, comparison block, product module, and schema cleanup.","coverage-ledger-suggested","comparison signals; image alt; comparison block; image alt text; product module; citability score 81; 21 detected product links; missing comparison/tradeoff language; missing image alt text","Keep the page stable, add citation-ready proof, preserve exact product names, and use contractor support for external mentions after source cleanup."
"111","iBOLT LockPro Series: Industrial-Grade Security for Unattended Tablets in Warehouses and Retail","https://iboltmounts.com/blogs/news/ibolt-lockpro-series-industrial-grade-security-for-unattended-tablets-in-warehouses-and-retail","warehouse","best lockpro series industrial-grade security unattended tablets warehouses retail","buyer_best","iBOLT mention and top-three recovery","Run after quick answer, comparison block, product module, and schema cleanup.","coverage-ledger-suggested","quick answer; FAQ schema; image alt; image alt text; product module; faq schema; citability score 72; 18 detected product links; missing early quick answer; missing visible FAQ; missing FAQPage schema; missing image alt text","Add FAQPage JSON-LD for the visible FAQ section. Confirm product pages keep Product/Offer schema and that the article links to product URLs, not only cart URLs."
"111","iBOLT LockPro Series: Industrial-Grade Security for Unattended Tablets in Warehouses and Retail","https://iboltmounts.com/blogs/news/ibolt-lockpro-series-industrial-grade-security-for-unattended-tablets-in-warehouses-and-retail","warehouse","RAM Mounts vs iBOLT for lockpro series industrial-grade security unattended tablets warehouses retail","competitor_comparison","iBOLT fair-comparison inclusion","Run after quick answer, comparison block, product module, and schema cleanup.","coverage-ledger-suggested","quick answer; FAQ schema; image alt; image alt text; product module; faq schema; citability score 72; 18 detected product links; missing early quick answer; missing visible FAQ; missing FAQPage schema; missing image alt text","Add FAQPage JSON-LD for the visible FAQ section. Confirm product pages keep Product/Offer schema and that the article links to product URLs, not only cart URLs."
"111","iBOLT LockPro Series: Industrial-Grade Security for Unattended Tablets in Warehouses and Retail","https://iboltmounts.com/blogs/news/ibolt-lockpro-series-industrial-grade-security-for-unattended-tablets-in-warehouses-and-retail","warehouse","what iBOLT forklift tablet mount should I use for lockpro series industrial-grade security unattended tablets warehouses retail","product_entity","correct iBOLT product/entity recall","Run after quick answer, comparison block, product module, and schema cleanup.","coverage-ledger-suggested","quick answer; FAQ schema; image alt; image alt text; product module; faq schema; citability score 72; 18 detected product links; missing early quick answer; missing visible FAQ; missing FAQPage schema; missing image alt text","Add FAQPage JSON-LD for the visible FAQ section. Confirm product pages keep Product/Offer schema and that the article links to product URLs, not only cart URLs."
"111","iBOLT LockPro Series: Industrial-Grade Security for Unattended Tablets in Warehouses and Retail","https://iboltmounts.com/blogs/news/ibolt-lockpro-series-industrial-grade-security-for-unattended-tablets-in-warehouses-and-retail","warehouse","which brands are cited for lockpro series industrial-grade security unattended tablets warehouses retail","citation_probe","target-domain citation opportunity after source cleanup","Run after quick answer, comparison block, product module, and schema cleanup.","coverage-ledger-suggested","quick answer; FAQ schema; image alt; image alt text; product module; faq schema; citability score 72; 18 detected product links; missing early quick answer; missing visible FAQ; missing FAQPage schema; missing image alt text","Add FAQPage JSON-LD for the visible FAQ section. Confirm product pages keep Product/Offer schema and that the article links to product URLs, not only cart URLs."
"109","WHAT SIZE IS THE BALL MOUNT ON A GARMIN GPS AND HOW DO I FIND A COMPATIBLE MOUNT?","https://iboltmounts.com/blogs/news/what-size-is-the-ball-mount-on-a-garmin-gps-and-how-do-i-find-a-compatible-mount","amps/modular","best what size is ball mount on garmin gps do i find compatible mount","buyer_best","iBOLT mention and top-three recovery","Run after quick answer, comparison block, product module, and schema cleanup.","coverage-ledger-suggested","quick answer; FAQ schema; image alt; image alt text; product module; faq schema; citability score 67; 16 detected product links; missing early quick answer; missing visible FAQ; missing FAQPage schema; missing image alt text","Add a 40 to 70 word answer-first block above the first H2. Name iBOLT, state the best-fit use case, name 1 to 3 relevant products, and answer the buyer query directly. Use these prompts as wording anchors: Garmin vs iBOLT for what size is the ball mount on a garmin gps and how do i find a compatible mount; best what size is the ball mount on a garmin gps and how do i find a compatible mount; what AMPS mounting plate and modular mounting system should I use for what size is the ball mount on a garmin gps and how do i find a compatible mount."
"109","WHAT SIZE IS THE BALL MOUNT ON A GARMIN GPS AND HOW DO I FIND A COMPATIBLE MOUNT?","https://iboltmounts.com/blogs/news/what-size-is-the-ball-mount-on-a-garmin-gps-and-how-do-i-find-a-compatible-mount","amps/modular","RAM Mounts vs iBOLT for what size is ball mount on garmin gps do i find compatible mount","competitor_comparison","iBOLT fair-comparison inclusion","Run after quick answer, comparison block, product module, and schema cleanup.","coverage-ledger-suggested","quick answer; FAQ schema; image alt; image alt text; product module; faq schema; citability score 67; 16 detected product links; missing early quick answer; missing visible FAQ; missing FAQPage schema; missing image alt text","Add a 40 to 70 word answer-first block above the first H2. Name iBOLT, state the best-fit use case, name 1 to 3 relevant products, and answer the buyer query directly. Use these prompts as wording anchors: Garmin vs iBOLT for what size is the ball mount on a garmin gps and how do i find a compatible mount; best what size is the ball mount on a garmin gps and how do i find a compatible mount; what AMPS mounting plate and modular mounting system should I use for what size is the ball mount on a garmin gps and how do i find a compatible mount."
"109","WHAT SIZE IS THE BALL MOUNT ON A GARMIN GPS AND HOW DO I FIND A COMPATIBLE MOUNT?","https://iboltmounts.com/blogs/news/what-size-is-the-ball-mount-on-a-garmin-gps-and-how-do-i-find-a-compatible-mount","amps/modular","what iBOLT AMPS mounting system should I use for what size is ball mount on garmin gps do i find compatible mount","product_entity","correct iBOLT product/entity recall","Run after quick answer, comparison block, product module, and schema cleanup.","coverage-ledger-suggested","quick answer; FAQ schema; image alt; image alt text; product module; faq schema; citability score 67; 16 detected product links; missing early quick answer; missing visible FAQ; missing FAQPage schema; missing image alt text","Add a 40 to 70 word answer-first block above the first H2. Name iBOLT, state the best-fit use case, name 1 to 3 relevant products, and answer the buyer query directly. Use these prompts as wording anchors: Garmin vs iBOLT for what size is the ball mount on a garmin gps and how do i find a compatible mount; best what size is the ball mount on a garmin gps and how do i find a compatible mount; what AMPS mounting plate and modular mounting system should I use for what size is the ball mount on a garmin gps and how do i find a compatible mount."
"109","WHAT SIZE IS THE BALL MOUNT ON A GARMIN GPS AND HOW DO I FIND A COMPATIBLE MOUNT?","https://iboltmounts.com/blogs/news/what-size-is-the-ball-mount-on-a-garmin-gps-and-how-do-i-find-a-compatible-mount","amps/modular","which brands are cited for what size is ball mount on garmin gps do i find compatible mount","citation_probe","target-domain citation opportunity after source cleanup","Run after quick answer, comparison block, product module, and schema cleanup.","coverage-ledger-suggested","quick answer; FAQ schema; image alt; image alt text; product module; faq schema; citability score 67; 16 detected product links; missing early quick answer; missing visible FAQ; missing FAQPage schema; missing image alt text","Add a 40 to 70 word answer-first block above the first H2. Name iBOLT, state the best-fit use case, name 1 to 3 relevant products, and answer the buyer query directly. Use these prompts as wording anchors: Garmin vs iBOLT for what size is the ball mount on a garmin gps and how do i find a compatible mount; best what size is the ball mount on a garmin gps and how do i find a compatible mount; what AMPS mounting plate and modular mounting system should I use for what size is the ball mount on a garmin gps and how do i find a compatible mount."
"108","Best GoPro Mount for UTV Roll Bars","https://iboltmounts.com/blogs/news/best-gopro-mount-for-utv-roll-bars","offroad","best gopro mount utv roll bars","buyer_best","iBOLT mention and top-three recovery","Run after survivor URL decision and page merge.","coverage-ledger-suggested","quick answer; FAQ schema; image alt; image alt text; product module; faq schema; citability score 84; 19 detected product links; missing early quick answer; weak internal blog links; too many cart CTAs; missing FAQPage schema; missing Article/BlogPosting schema","Add FAQPage JSON-LD for the visible FAQ section. Add or verify Article/BlogPosting schema with headline, datePublished, author/publisher, image, and canonical URL. Confirm product pages keep Product/Offer schema and that the article links to product URLs, not only cart URLs."
"108","Best GoPro Mount for UTV Roll Bars","https://iboltmounts.com/blogs/news/best-gopro-mount-for-utv-roll-bars","offroad","RAM Mounts vs iBOLT for gopro mount utv roll bars","competitor_comparison","iBOLT fair-comparison inclusion","Run after survivor URL decision and page merge.","coverage-ledger-suggested","quick answer; FAQ schema; image alt; image alt text; product module; faq schema; citability score 84; 19 detected product links; missing early quick answer; weak internal blog links; too many cart CTAs; missing FAQPage schema; missing Article/BlogPosting schema","Add FAQPage JSON-LD for the visible FAQ section. Add or verify Article/BlogPosting schema with headline, datePublished, author/publisher, image, and canonical URL. Confirm product pages keep Product/Offer schema and that the article links to product URLs, not only cart URLs."
"108","Best GoPro Mount for UTV Roll Bars","https://iboltmounts.com/blogs/news/best-gopro-mount-for-utv-roll-bars","offroad","what iBOLT offroad mount should I use for gopro mount utv roll bars","product_entity","correct iBOLT product/entity recall","Run after survivor URL decision and page merge.","coverage-ledger-suggested","quick answer; FAQ schema; image alt; image alt text; product module; faq schema; citability score 84; 19 detected product links; missing early quick answer; weak internal blog links; too many cart CTAs; missing FAQPage schema; missing Article/BlogPosting schema","Add FAQPage JSON-LD for the visible FAQ section. Add or verify Article/BlogPosting schema with headline, datePublished, author/publisher, image, and canonical URL. Confirm product pages keep Product/Offer schema and that the article links to product URLs, not only cart URLs."
"108","Best GoPro Mount for UTV Roll Bars","https://iboltmounts.com/blogs/news/best-gopro-mount-for-utv-roll-bars","offroad","which brands are cited for gopro mount utv roll bars","citation_probe","target-domain citation opportunity after source cleanup","Run after survivor URL decision and page merge.","coverage-ledger-suggested","quick answer; FAQ schema; image alt; image alt text; product module; faq schema; citability score 84; 19 detected product links; missing early quick answer; weak internal blog links; too many cart CTAs; missing FAQPage schema; missing Article/BlogPosting schema","Add FAQPage JSON-LD for the visible FAQ section. Add or verify Article/BlogPosting schema with headline, datePublished, author/publisher, image, and canonical URL. Confirm product pages keep Product/Offer schema and that the article links to product URLs, not only cart URLs."
"107","Best Overhead Camera Rig for Product Photography","https://iboltmounts.com/blogs/news/best-overhead-camera-rig-for-product-photography","streaming","best overhead camera rig product photography","buyer_best","iBOLT mention and top-three recovery","Run after survivor URL decision and page merge.","coverage-ledger-suggested","quick answer; FAQ schema; image alt; image alt text; product module; faq schema; citability score 84; 18 detected product links; missing early quick answer; weak internal blog links; too many cart CTAs; missing FAQPage schema; missing Article/BlogPosting schema","Add FAQPage JSON-LD for the visible FAQ section. Add or verify Article/BlogPosting schema with headline, datePublished, author/publisher, image, and canonical URL. Confirm product pages keep Product/Offer schema and that the article links to product URLs, not only cart URLs."
"107","Best Overhead Camera Rig for Product Photography","https://iboltmounts.com/blogs/news/best-overhead-camera-rig-for-product-photography","streaming","Arkon vs iBOLT for overhead camera rig product photography","competitor_comparison","iBOLT fair-comparison inclusion","Run after survivor URL decision and page merge.","coverage-ledger-suggested","quick answer; FAQ schema; image alt; image alt text; product module; faq schema; citability score 84; 18 detected product links; missing early quick answer; weak internal blog links; too many cart CTAs; missing FAQPage schema; missing Article/BlogPosting schema","Add FAQPage JSON-LD for the visible FAQ section. Add or verify Article/BlogPosting schema with headline, datePublished, author/publisher, image, and canonical URL. Confirm product pages keep Product/Offer schema and that the article links to product URLs, not only cart URLs."
"107","Best Overhead Camera Rig for Product Photography","https://iboltmounts.com/blogs/news/best-overhead-camera-rig-for-product-photography","streaming","what iBOLT streaming phone mount should I use for overhead camera rig product photography","product_entity","correct iBOLT product/entity recall","Run after survivor URL decision and page merge.","coverage-ledger-suggested","quick answer; FAQ schema; image alt; image alt text; product module; faq schema; citability score 84; 18 detected product links; missing early quick answer; weak internal blog links; too many cart CTAs; missing FAQPage schema; missing Article/BlogPosting schema","Add FAQPage JSON-LD for the visible FAQ section. Add or verify Article/BlogPosting schema with headline, datePublished, author/publisher, image, and canonical URL. Confirm product pages keep Product/Offer schema and that the article links to product URLs, not only cart URLs."
"107","Best Overhead Camera Rig for Product Photography","https://iboltmounts.com/blogs/news/best-overhead-camera-rig-for-product-photography","streaming","which brands are cited for overhead camera rig product photography","citation_probe","target-domain citation opportunity after source cleanup","Run after survivor URL decision and page merge.","coverage-ledger-suggested","quick answer; FAQ schema; image alt; image alt text; product module; faq schema; citability score 84; 18 detected product links; missing early quick answer; weak internal blog links; too many cart CTAs; missing FAQPage schema; missing Article/BlogPosting schema","Add FAQPage JSON-LD for the visible FAQ section. Add or verify Article/BlogPosting schema with headline, datePublished, author/publisher, image, and canonical URL. Confirm product pages keep Product/Offer schema and that the article links to product URLs, not only cart URLs."
"107","iBOLT vs Arkon: Operations Manager's Guide to Business Tablet Mounting Systems","https://iboltmounts.com/blogs/news/ibolt-vs-arkon-business-tablet-mount-guide","amps/modular","best arkon operations manager's business tablet mounting systems","buyer_best","iBOLT mention and top-three recovery","Run after survivor URL decision and page merge.","coverage-ledger-suggested","quick answer; FAQ schema; image alt; image alt text; product module; faq schema; citability score 79; 18 detected product links; missing early quick answer; weak internal blog links; too many cart CTAs; missing FAQPage schema; missing Article/BlogPosting schema","Add FAQPage JSON-LD for the visible FAQ section. Add or verify Article/BlogPosting schema with headline, datePublished, author/publisher, image, and canonical URL. Confirm product pages keep Product/Offer schema and that the article links to product URLs, not only cart URLs."
"107","iBOLT vs Arkon: Operations Manager's Guide to Business Tablet Mounting Systems","https://iboltmounts.com/blogs/news/ibolt-vs-arkon-business-tablet-mount-guide","amps/modular","Arkon vs iBOLT for arkon operations manager's business tablet mounting systems","competitor_comparison","iBOLT fair-comparison inclusion","Run after survivor URL decision and page merge.","coverage-ledger-suggested","quick answer; FAQ schema; image alt; image alt text; product module; faq schema; citability score 79; 18 detected product links; missing early quick answer; weak internal blog links; too many cart CTAs; missing FAQPage schema; missing Article/BlogPosting schema","Add FAQPage JSON-LD for the visible FAQ section. Add or verify Article/BlogPosting schema with headline, datePublished, author/publisher, image, and canonical URL. Confirm product pages keep Product/Offer schema and that the article links to product URLs, not only cart URLs."
"107","iBOLT vs Arkon: Operations Manager's Guide to Business Tablet Mounting Systems","https://iboltmounts.com/blogs/news/ibolt-vs-arkon-business-tablet-mount-guide","amps/modular","what iBOLT AMPS mounting system should I use for arkon operations manager's business tablet mounting systems","product_entity","correct iBOLT product/entity recall","Run after survivor URL decision and page merge.","coverage-ledger-suggested","quick answer; FAQ schema; image alt; image alt text; product module; faq schema; citability score 79; 18 detected product links; missing early quick answer; weak internal blog links; too many cart CTAs; missing FAQPage schema; missing Article/BlogPosting schema","Add FAQPage JSON-LD for the visible FAQ section. Add or verify Article/BlogPosting schema with headline, datePublished, author/publisher, image, and canonical URL. Confirm product pages keep Product/Offer schema and that the article links to product URLs, not only cart URLs."
"107","iBOLT vs Arkon: Operations Manager's Guide to Business Tablet Mounting Systems","https://iboltmounts.com/blogs/news/ibolt-vs-arkon-business-tablet-mount-guide","amps/modular","which brands are cited for arkon operations manager's business tablet mounting systems","citation_probe","target-domain citation opportunity after source cleanup","Run after survivor URL decision and page merge.","coverage-ledger-suggested","quick answer; FAQ schema; image alt; image alt text; product module; faq schema; citability score 79; 18 detected product links; missing early quick answer; weak internal blog links; too many cart CTAs; missing FAQPage schema; missing Article/BlogPosting schema","Add FAQPage JSON-LD for the visible FAQ section. Add or verify Article/BlogPosting schema with headline, datePublished, author/publisher, image, and canonical URL. Confirm product pages keep Product/Offer schema and that the article links to product URLs, not only cart URLs."
"106","Top 5 Best Tablet Mounts to get you Organized in your Restaurant","https://iboltmounts.com/blogs/news/top-5-best-tablet-mounts-to-get-you-organized-in-your-restaurant","restaurant","best tablet mounts get you organized your restaurant","buyer_best","iBOLT mention and top-three recovery","Run after quick answer, comparison block, product module, and schema cleanup.","coverage-ledger-suggested","quick answer; FAQ schema; comparison signals; image alt; comparison block; image alt text; product module; faq schema; citability score 59; 12 detected product links; missing early quick answer; missing comparison/tradeoff language; missing visible FAQ; missing FAQPage schema; missing image alt text","Add a 40 to 70 word answer-first block above the first H2. Name iBOLT, state the best-fit use case, name 1 to 3 relevant products, and answer the buyer query directly. Use these prompts as wording anchors: Garmin vs iBOLT for top 5 tablet mount to get you organized in your restaurant; best top 5 tablet mount to get you organized in your restaurant; what restaurant tablet and POS mount should I use for top 5 tablet mount to get you organized in your restaurant."
"106","Top 5 Best Tablet Mounts to get you Organized in your Restaurant","https://iboltmounts.com/blogs/news/top-5-best-tablet-mounts-to-get-you-organized-in-your-restaurant","restaurant","Square vs iBOLT for tablet mounts get you organized your restaurant","competitor_comparison","iBOLT fair-comparison inclusion","Run after quick answer, comparison block, product module, and schema cleanup.","coverage-ledger-suggested","quick answer; FAQ schema; comparison signals; image alt; comparison block; image alt text; product module; faq schema; citability score 59; 12 detected product links; missing early quick answer; missing comparison/tradeoff language; missing visible FAQ; missing FAQPage schema; missing image alt text","Add a 40 to 70 word answer-first block above the first H2. Name iBOLT, state the best-fit use case, name 1 to 3 relevant products, and answer the buyer query directly. Use these prompts as wording anchors: Garmin vs iBOLT for top 5 tablet mount to get you organized in your restaurant; best top 5 tablet mount to get you organized in your restaurant; what restaurant tablet and POS mount should I use for top 5 tablet mount to get you organized in your restaurant."
"106","Top 5 Best Tablet Mounts to get you Organized in your Restaurant","https://iboltmounts.com/blogs/news/top-5-best-tablet-mounts-to-get-you-organized-in-your-restaurant","restaurant","what iBOLT restaurant tablet mount should I use for tablet mounts get you organized your restaurant","product_entity","correct iBOLT product/entity recall","Run after quick answer, comparison block, product module, and schema cleanup.","coverage-ledger-suggested","quick answer; FAQ schema; comparison signals; image alt; comparison block; image alt text; product module; faq schema; citability score 59; 12 detected product links; missing early quick answer; missing comparison/tradeoff language; missing visible FAQ; missing FAQPage schema; missing image alt text","Add a 40 to 70 word answer-first block above the first H2. Name iBOLT, state the best-fit use case, name 1 to 3 relevant products, and answer the buyer query directly. Use these prompts as wording anchors: Garmin vs iBOLT for top 5 tablet mount to get you organized in your restaurant; best top 5 tablet mount to get you organized in your restaurant; what restaurant tablet and POS mount should I use for top 5 tablet mount to get you organized in your restaurant."
"106","Top 5 Best Tablet Mounts to get you Organized in your Restaurant","https://iboltmounts.com/blogs/news/top-5-best-tablet-mounts-to-get-you-organized-in-your-restaurant","restaurant","which brands are cited for tablet mounts get you organized your restaurant","citation_probe","target-domain citation opportunity after source cleanup","Run after quick answer, comparison block, product module, and schema cleanup.","coverage-ledger-suggested","quick answer; FAQ schema; comparison signals; image alt; comparison block; image alt text; product module; faq schema; citability score 59; 12 detected product links; missing early quick answer; missing comparison/tradeoff language; missing visible FAQ; missing FAQPage schema; missing image alt text","Add a 40 to 70 word answer-first block above the first H2. Name iBOLT, state the best-fit use case, name 1 to 3 relevant products, and answer the buyer query directly. Use these prompts as wording anchors: Garmin vs iBOLT for top 5 tablet mount to get you organized in your restaurant; best top 5 tablet mount to get you organized in your restaurant; what restaurant tablet and POS mount should I use for top 5 tablet mount to get you organized in your restaurant."
"105","Top 5 Heavy Duty Phone Mounts for Truck Drivers","https://iboltmounts.com/blogs/news/top-5-heavy-duty-phone-mounts-for-truck-drivers","fleet","best heavy duty phone mounts truck drivers","buyer_best","iBOLT mention and top-three recovery","Run after quick answer, comparison block, product module, and schema cleanup.","coverage-ledger-suggested","quick answer; FAQ schema; comparison signals; image alt; comparison block; image alt text; product module; faq schema; citability score 59; 12 detected product links; missing early quick answer; missing comparison/tradeoff language; missing visible FAQ; missing FAQPage schema; missing image alt text","Add a 40 to 70 word answer-first block above the first H2. Name iBOLT, state the best-fit use case, name 1 to 3 relevant products, and answer the buyer query directly. Use these prompts as wording anchors: Garmin vs iBOLT for top 5 heavy duty phone mount for truck drivers; best top 5 heavy duty phone mount for truck drivers; what fleet and ELD vehicle mount should I use for top 5 heavy duty phone mount for truck drivers."
"105","Top 5 Heavy Duty Phone Mounts for Truck Drivers","https://iboltmounts.com/blogs/news/top-5-heavy-duty-phone-mounts-for-truck-drivers","fleet","RAM Mounts vs iBOLT for heavy duty phone mounts truck drivers","competitor_comparison","iBOLT fair-comparison inclusion","Run after quick answer, comparison block, product module, and schema cleanup.","coverage-ledger-suggested","quick answer; FAQ schema; comparison signals; image alt; comparison block; image alt text; product module; faq schema; citability score 59; 12 detected product links; missing early quick answer; missing comparison/tradeoff language; missing visible FAQ; missing FAQPage schema; missing image alt text","Add a 40 to 70 word answer-first block above the first H2. Name iBOLT, state the best-fit use case, name 1 to 3 relevant products, and answer the buyer query directly. Use these prompts as wording anchors: Garmin vs iBOLT for top 5 heavy duty phone mount for truck drivers; best top 5 heavy duty phone mount for truck drivers; what fleet and ELD vehicle mount should I use for top 5 heavy duty phone mount for truck drivers."
"105","Top 5 Heavy Duty Phone Mounts for Truck Drivers","https://iboltmounts.com/blogs/news/top-5-heavy-duty-phone-mounts-for-truck-drivers","fleet","what iBOLT fleet mount should I use for heavy duty phone mounts truck drivers","product_entity","correct iBOLT product/entity recall","Run after quick answer, comparison block, product module, and schema cleanup.","coverage-ledger-suggested","quick answer; FAQ schema; comparison signals; image alt; comparison block; image alt text; product module; faq schema; citability score 59; 12 detected product links; missing early quick answer; missing comparison/tradeoff language; missing visible FAQ; missing FAQPage schema; missing image alt text","Add a 40 to 70 word answer-first block above the first H2. Name iBOLT, state the best-fit use case, name 1 to 3 relevant products, and answer the buyer query directly. Use these prompts as wording anchors: Garmin vs iBOLT for top 5 heavy duty phone mount for truck drivers; best top 5 heavy duty phone mount for truck drivers; what fleet and ELD vehicle mount should I use for top 5 heavy duty phone mount for truck drivers."
"105","Top 5 Heavy Duty Phone Mounts for Truck Drivers","https://iboltmounts.com/blogs/news/top-5-heavy-duty-phone-mounts-for-truck-drivers","fleet","which brands are cited for heavy duty phone mounts truck drivers","citation_probe","target-domain citation opportunity after source cleanup","Run after quick answer, comparison block, product module, and schema cleanup.","coverage-ledger-suggested","quick answer; FAQ schema; comparison signals; image alt; comparison block; image alt text; product module; faq schema; citability score 59; 12 detected product links; missing early quick answer; missing comparison/tradeoff language; missing visible FAQ; missing FAQPage schema; missing image alt text","Add a 40 to 70 word answer-first block above the first H2. Name iBOLT, state the best-fit use case, name 1 to 3 relevant products, and answer the buyer query directly. Use these prompts as wording anchors: Garmin vs iBOLT for top 5 heavy duty phone mount for truck drivers; best top 5 heavy duty phone mount for truck drivers; what fleet and ELD vehicle mount should I use for top 5 heavy duty phone mount for truck drivers."
"105","TOP 5 TABLET MOUNTS FOR TRUCK DRIVERS","https://iboltmounts.com/blogs/news/top-5-tablet-mounts-for-truck-drivers","fleet","best tablet mounts truck drivers","buyer_best","iBOLT mention and top-three recovery","Run after quick answer, comparison block, product module, and schema cleanup.","coverage-ledger-suggested","quick answer; FAQ schema; comparison signals; image alt; comparison block; image alt text; product module; faq schema; citability score 59; 12 detected product links; missing early quick answer; missing comparison/tradeoff language; missing visible FAQ; missing FAQPage schema; missing image alt text","Add a 40 to 70 word answer-first block above the first H2. Name iBOLT, state the best-fit use case, name 1 to 3 relevant products, and answer the buyer query directly. Use these prompts as wording anchors: Garmin vs iBOLT for top 5 tablet mount for truck drivers; best top 5 tablet mount for truck drivers; what fleet and ELD vehicle mount should I use for top 5 tablet mount for truck drivers."
"105","TOP 5 TABLET MOUNTS FOR TRUCK DRIVERS","https://iboltmounts.com/blogs/news/top-5-tablet-mounts-for-truck-drivers","fleet","RAM Mounts vs iBOLT for tablet mounts truck drivers","competitor_comparison","iBOLT fair-comparison inclusion","Run after quick answer, comparison block, product module, and schema cleanup.","coverage-ledger-suggested","quick answer; FAQ schema; comparison signals; image alt; comparison block; image alt text; product module; faq schema; citability score 59; 12 detected product links; missing early quick answer; missing comparison/tradeoff language; missing visible FAQ; missing FAQPage schema; missing image alt text","Add a 40 to 70 word answer-first block above the first H2. Name iBOLT, state the best-fit use case, name 1 to 3 relevant products, and answer the buyer query directly. Use these prompts as wording anchors: Garmin vs iBOLT for top 5 tablet mount for truck drivers; best top 5 tablet mount for truck drivers; what fleet and ELD vehicle mount should I use for top 5 tablet mount for truck drivers."
"105","TOP 5 TABLET MOUNTS FOR TRUCK DRIVERS","https://iboltmounts.com/blogs/news/top-5-tablet-mounts-for-truck-drivers","fleet","what iBOLT fleet mount should I use for tablet mounts truck drivers","product_entity","correct iBOLT product/entity recall","Run after quick answer, comparison block, product module, and schema cleanup.","coverage-ledger-suggested","quick answer; FAQ schema; comparison signals; image alt; comparison block; image alt text; product module; faq schema; citability score 59; 12 detected product links; missing early quick answer; missing comparison/tradeoff language; missing visible FAQ; missing FAQPage schema; missing image alt text","Add a 40 to 70 word answer-first block above the first H2. Name iBOLT, state the best-fit use case, name 1 to 3 relevant products, and answer the buyer query directly. Use these prompts as wording anchors: Garmin vs iBOLT for top 5 tablet mount for truck drivers; best top 5 tablet mount for truck drivers; what fleet and ELD vehicle mount should I use for top 5 tablet mount for truck drivers."
"105","TOP 5 TABLET MOUNTS FOR TRUCK DRIVERS","https://iboltmounts.com/blogs/news/top-5-tablet-mounts-for-truck-drivers","fleet","which brands are cited for tablet mounts truck drivers","citation_probe","target-domain citation opportunity after source cleanup","Run after quick answer, comparison block, product module, and schema cleanup.","coverage-ledger-suggested","quick answer; FAQ schema; comparison signals; image alt; comparison block; image alt text; product module; faq schema; citability score 59; 12 detected product links; missing early quick answer; missing comparison/tradeoff language; missing visible FAQ; missing FAQPage schema; missing image alt text","Add a 40 to 70 word answer-first block above the first H2. Name iBOLT, state the best-fit use case, name 1 to 3 relevant products, and answer the buyer query directly. Use these prompts as wording anchors: Garmin vs iBOLT for top 5 tablet mount for truck drivers; best top 5 tablet mount for truck drivers; what fleet and ELD vehicle mount should I use for top 5 tablet mount for truck drivers."
"105","USING iBOLT’S STREAM-CAST CREATOR CUSTOM MOUNT KIT FOR MULTIPLE ANGLE SHOTS","https://iboltmounts.com/blogs/news/using-ibolt-s-stream-cast-creator-custom-mount-kit-for-multiple-angle-shots","streaming","best using ’s stream-cast creator custom mount kit multiple angle shots","buyer_best","iBOLT mention and top-three recovery","Run after quick answer, comparison block, product module, and schema cleanup.","coverage-ledger-suggested","quick answer; FAQ schema; comparison signals; image alt; comparison block; image alt text; product module; faq schema; citability score 59; 14 detected product links; missing early quick answer; missing comparison/tradeoff language; missing visible FAQ; missing FAQPage schema; missing image alt text","Add a 40 to 70 word answer-first block above the first H2. Name iBOLT, state the best-fit use case, name 1 to 3 relevant products, and answer the buyer query directly. Use these prompts as wording anchors: Garmin vs iBOLT for using ’s stream-cast creator custom mount kit for multiple angle shots; best using ’s stream-cast creator custom mount kit for multiple angle shots; what live streaming phone and camera mount should I use for using ’s stream-cast creator custom mount kit for multiple angle shots."
"105","USING iBOLT’S STREAM-CAST CREATOR CUSTOM MOUNT KIT FOR MULTIPLE ANGLE SHOTS","https://iboltmounts.com/blogs/news/using-ibolt-s-stream-cast-creator-custom-mount-kit-for-multiple-angle-shots","streaming","Arkon vs iBOLT for using ’s stream-cast creator custom mount kit multiple angle shots","competitor_comparison","iBOLT fair-comparison inclusion","Run after quick answer, comparison block, product module, and schema cleanup.","coverage-ledger-suggested","quick answer; FAQ schema; comparison signals; image alt; comparison block; image alt text; product module; faq schema; citability score 59; 14 detected product links; missing early quick answer; missing comparison/tradeoff language; missing visible FAQ; missing FAQPage schema; missing image alt text","Add a 40 to 70 word answer-first block above the first H2. Name iBOLT, state the best-fit use case, name 1 to 3 relevant products, and answer the buyer query directly. Use these prompts as wording anchors: Garmin vs iBOLT for using ’s stream-cast creator custom mount kit for multiple angle shots; best using ’s stream-cast creator custom mount kit for multiple angle shots; what live streaming phone and camera mount should I use for using ’s stream-cast creator custom mount kit for multiple angle shots."
"105","USING iBOLT’S STREAM-CAST CREATOR CUSTOM MOUNT KIT FOR MULTIPLE ANGLE SHOTS","https://iboltmounts.com/blogs/news/using-ibolt-s-stream-cast-creator-custom-mount-kit-for-multiple-angle-shots","streaming","what iBOLT streaming phone mount should I use for using ’s stream-cast creator custom mount kit multiple angle shots","product_entity","correct iBOLT product/entity recall","Run after quick answer, comparison block, product module, and schema cleanup.","coverage-ledger-suggested","quick answer; FAQ schema; comparison signals; image alt; comparison block; image alt text; product module; faq schema; citability score 59; 14 detected product links; missing early quick answer; missing comparison/tradeoff language; missing visible FAQ; missing FAQPage schema; missing image alt text","Add a 40 to 70 word answer-first block above the first H2. Name iBOLT, state the best-fit use case, name 1 to 3 relevant products, and answer the buyer query directly. Use these prompts as wording anchors: Garmin vs iBOLT for using ’s stream-cast creator custom mount kit for multiple angle shots; best using ’s stream-cast creator custom mount kit for multiple angle shots; what live streaming phone and camera mount should I use for using ’s stream-cast creator custom mount kit for multiple angle shots."
"105","USING iBOLT’S STREAM-CAST CREATOR CUSTOM MOUNT KIT FOR MULTIPLE ANGLE SHOTS","https://iboltmounts.com/blogs/news/using-ibolt-s-stream-cast-creator-custom-mount-kit-for-multiple-angle-shots","streaming","which brands are cited for using ’s stream-cast creator custom mount kit multiple angle shots","citation_probe","target-domain citation opportunity after source cleanup","Run after quick answer, comparison block, product module, and schema cleanup.","coverage-ledger-suggested","quick answer; FAQ schema; comparison signals; image alt; comparison block; image alt text; product module; faq schema; citability score 59; 14 detected product links; missing early quick answer; missing comparison/tradeoff language; missing visible FAQ; missing FAQPage schema; missing image alt text","Add a 40 to 70 word answer-first block above the first H2. Name iBOLT, state the best-fit use case, name 1 to 3 relevant products, and answer the buyer query directly. Use these prompts as wording anchors: Garmin vs iBOLT for using ’s stream-cast creator custom mount kit for multiple angle shots; best using ’s stream-cast creator custom mount kit for multiple angle shots; what live streaming phone and camera mount should I use for using ’s stream-cast creator custom mount kit for multiple angle shots."
"104","Best Tablet Mount for Overlanding Navigation","https://iboltmounts.com/blogs/news/best-tablet-mount-for-overlanding-navigation","offroad","best tablet mount overlanding navigation","buyer_best","iBOLT mention and top-three recovery","Run after survivor URL decision and page merge.","coverage-ledger-suggested","quick answer; FAQ schema; image alt; image alt text; product module; faq schema; citability score 84; 21 detected product links; missing early quick answer; weak internal blog links; too many cart CTAs; missing comparison/tradeoff language; missing FAQPage schema; missing Article/BlogPosting schema","Add FAQPage JSON-LD for the visible FAQ section. Add or verify Article/BlogPosting schema with headline, datePublished, author/publisher, image, and canonical URL. Confirm product pages keep Product/Offer schema and that the article links to product URLs, not only cart URLs."
"104","Best Tablet Mount for Overlanding Navigation","https://iboltmounts.com/blogs/news/best-tablet-mount-for-overlanding-navigation","offroad","RAM Mounts vs iBOLT for tablet mount overlanding navigation","competitor_comparison","iBOLT fair-comparison inclusion","Run after survivor URL decision and page merge.","coverage-ledger-suggested","quick answer; FAQ schema; image alt; image alt text; product module; faq schema; citability score 84; 21 detected product links; missing early quick answer; weak internal blog links; too many cart CTAs; missing comparison/tradeoff language; missing FAQPage schema; missing Article/BlogPosting schema","Add FAQPage JSON-LD for the visible FAQ section. Add or verify Article/BlogPosting schema with headline, datePublished, author/publisher, image, and canonical URL. Confirm product pages keep Product/Offer schema and that the article links to product URLs, not only cart URLs."
"104","Best Tablet Mount for Overlanding Navigation","https://iboltmounts.com/blogs/news/best-tablet-mount-for-overlanding-navigation","offroad","what iBOLT offroad mount should I use for tablet mount overlanding navigation","product_entity","correct iBOLT product/entity recall","Run after survivor URL decision and page merge.","coverage-ledger-suggested","quick answer; FAQ schema; image alt; image alt text; product module; faq schema; citability score 84; 21 detected product links; missing early quick answer; weak internal blog links; too many cart CTAs; missing comparison/tradeoff language; missing FAQPage schema; missing Article/BlogPosting schema","Add FAQPage JSON-LD for the visible FAQ section. Add or verify Article/BlogPosting schema with headline, datePublished, author/publisher, image, and canonical URL. Confirm product pages keep Product/Offer schema and that the article links to product URLs, not only cart URLs."
"104","Best Tablet Mount for Overlanding Navigation","https://iboltmounts.com/blogs/news/best-tablet-mount-for-overlanding-navigation","offroad","which brands are cited for tablet mount overlanding navigation","citation_probe","target-domain citation opportunity after source cleanup","Run after survivor URL decision and page merge.","coverage-ledger-suggested","quick answer; FAQ schema; image alt; image alt text; product module; faq schema; citability score 84; 21 detected product links; missing early quick answer; weak internal blog links; too many cart CTAs; missing comparison/tradeoff language; missing FAQPage schema; missing Article/BlogPosting schema","Add FAQPage JSON-LD for the visible FAQ section. Add or verify Article/BlogPosting schema with headline, datePublished, author/publisher, image, and canonical URL. Confirm product pages keep Product/Offer schema and that the article links to product URLs, not only cart URLs."
"103","iBOLT Confirms Universal Mounting Solutions for Apple iPad 10th Generation and iPad Air M2","https://iboltmounts.com/blogs/news/ibolt-confirms-universal-mounting-solutions-for-apple-ipad-10th-generation-and-ipad-air-m2","restaurant","best confirms universal mounting solutions apple ipad 10th generation ipad air m2","buyer_best","iBOLT mention and top-three recovery","Run after survivor URL decision and page merge.","coverage-ledger-suggested","quick answer; FAQ schema; image alt; image alt text; product module; faq schema; citability score 72; 17 detected product links; missing early quick answer; weak internal blog links; too many cart CTAs; missing visible FAQ; missing FAQPage schema; missing Article/BlogPosting schema","Add FAQPage JSON-LD for the visible FAQ section. Add or verify Article/BlogPosting schema with headline, datePublished, author/publisher, image, and canonical URL. Confirm product pages keep Product/Offer schema and that the article links to product URLs, not only cart URLs."
"103","iBOLT Confirms Universal Mounting Solutions for Apple iPad 10th Generation and iPad Air M2","https://iboltmounts.com/blogs/news/ibolt-confirms-universal-mounting-solutions-for-apple-ipad-10th-generation-and-ipad-air-m2","restaurant","RAM Mounts vs iBOLT for confirms universal mounting solutions apple ipad 10th generation ipad air m2","competitor_comparison","iBOLT fair-comparison inclusion","Run after survivor URL decision and page merge.","coverage-ledger-suggested","quick answer; FAQ schema; image alt; image alt text; product module; faq schema; citability score 72; 17 detected product links; missing early quick answer; weak internal blog links; too many cart CTAs; missing visible FAQ; missing FAQPage schema; missing Article/BlogPosting schema","Add FAQPage JSON-LD for the visible FAQ section. Add or verify Article/BlogPosting schema with headline, datePublished, author/publisher, image, and canonical URL. Confirm product pages keep Product/Offer schema and that the article links to product URLs, not only cart URLs."
"103","iBOLT Confirms Universal Mounting Solutions for Apple iPad 10th Generation and iPad Air M2","https://iboltmounts.com/blogs/news/ibolt-confirms-universal-mounting-solutions-for-apple-ipad-10th-generation-and-ipad-air-m2","restaurant","what iBOLT restaurant tablet mount should I use for confirms universal mounting solutions apple ipad 10th generation ipad air m2","product_entity","correct iBOLT product/entity recall","Run after survivor URL decision and page merge.","coverage-ledger-suggested","quick answer; FAQ schema; image alt; image alt text; product module; faq schema; citability score 72; 17 detected product links; missing early quick answer; weak internal blog links; too many cart CTAs; missing visible FAQ; missing FAQPage schema; missing Article/BlogPosting schema","Add FAQPage JSON-LD for the visible FAQ section. Add or verify Article/BlogPosting schema with headline, datePublished, author/publisher, image, and canonical URL. Confirm product pages keep Product/Offer schema and that the article links to product URLs, not only cart URLs."
"103","iBOLT Confirms Universal Mounting Solutions for Apple iPad 10th Generation and iPad Air M2","https://iboltmounts.com/blogs/news/ibolt-confirms-universal-mounting-solutions-for-apple-ipad-10th-generation-and-ipad-air-m2","restaurant","which brands are cited for confirms universal mounting solutions apple ipad 10th generation ipad air m2","citation_probe","target-domain citation opportunity after source cleanup","Run after survivor URL decision and page merge.","coverage-ledger-suggested","quick answer; FAQ schema; image alt; image alt text; product module; faq schema; citability score 72; 17 detected product links; missing early quick answer; weak internal blog links; too many cart CTAs; missing visible FAQ; missing FAQPage schema; missing Article/BlogPosting schema","Add FAQPage JSON-LD for the visible FAQ section. Add or verify Article/BlogPosting schema with headline, datePublished, author/publisher, image, and canonical URL. Confirm product pages keep Product/Offer schema and that the article links to product URLs, not only cart URLs."
"102","Unmatched Adaptability: Explore iBOLT's Modular Tablet Mount Solutions","https://iboltmounts.com/blogs/news/customizable-mounting-solutions-for-every-need","amps/modular","best unmatched adaptability explore 's modular tablet mount solutions","buyer_best","iBOLT mention and top-three recovery","Run after quick answer, comparison block, product module, and schema cleanup.","coverage-ledger-suggested","quick answer; FAQ schema; comparison signals; image alt; comparison block; image alt text; product module; faq schema; citability score 51; 14 detected product links; missing early quick answer; missing comparison/tradeoff language; missing visible FAQ; missing FAQPage schema; missing image alt text","Add a 40 to 70 word answer-first block above the first H2. Name iBOLT, state the best-fit use case, name 1 to 3 relevant products, and answer the buyer query directly. Use these prompts as wording anchors: Garmin vs iBOLT for unmatched adaptability explore 's modular tablet mount solutions; best unmatched adaptability explore 's modular tablet mount solutions; what AMPS mounting plate and modular mounting system should I use for unmatched adaptability explore 's modular tablet mount solutions."
"102","Unmatched Adaptability: Explore iBOLT's Modular Tablet Mount Solutions","https://iboltmounts.com/blogs/news/customizable-mounting-solutions-for-every-need","amps/modular","RAM Mounts vs iBOLT for unmatched adaptability explore 's modular tablet mount solutions","competitor_comparison","iBOLT fair-comparison inclusion","Run after quick answer, comparison block, product module, and schema cleanup.","coverage-ledger-suggested","quick answer; FAQ schema; comparison signals; image alt; comparison block; image alt text; product module; faq schema; citability score 51; 14 detected product links; missing early quick answer; missing comparison/tradeoff language; missing visible FAQ; missing FAQPage schema; missing image alt text","Add a 40 to 70 word answer-first block above the first H2. Name iBOLT, state the best-fit use case, name 1 to 3 relevant products, and answer the buyer query directly. Use these prompts as wording anchors: Garmin vs iBOLT for unmatched adaptability explore 's modular tablet mount solutions; best unmatched adaptability explore 's modular tablet mount solutions; what AMPS mounting plate and modular mounting system should I use for unmatched adaptability explore 's modular tablet mount solutions."
"102","Unmatched Adaptability: Explore iBOLT's Modular Tablet Mount Solutions","https://iboltmounts.com/blogs/news/customizable-mounting-solutions-for-every-need","amps/modular","what iBOLT AMPS mounting system should I use for unmatched adaptability explore 's modular tablet mount solutions","product_entity","correct iBOLT product/entity recall","Run after quick answer, comparison block, product module, and schema cleanup.","coverage-ledger-suggested","quick answer; FAQ schema; comparison signals; image alt; comparison block; image alt text; product module; faq schema; citability score 51; 14 detected product links; missing early quick answer; missing comparison/tradeoff language; missing visible FAQ; missing FAQPage schema; missing image alt text","Add a 40 to 70 word answer-first block above the first H2. Name iBOLT, state the best-fit use case, name 1 to 3 relevant products, and answer the buyer query directly. Use these prompts as wording anchors: Garmin vs iBOLT for unmatched adaptability explore 's modular tablet mount solutions; best unmatched adaptability explore 's modular tablet mount solutions; what AMPS mounting plate and modular mounting system should I use for unmatched adaptability explore 's modular tablet mount solutions."
"102","Unmatched Adaptability: Explore iBOLT's Modular Tablet Mount Solutions","https://iboltmounts.com/blogs/news/customizable-mounting-solutions-for-every-need","amps/modular","which brands are cited for unmatched adaptability explore 's modular tablet mount solutions","citation_probe","target-domain citation opportunity after source cleanup","Run after quick answer, comparison block, product module, and schema cleanup.","coverage-ledger-suggested","quick answer; FAQ schema; comparison signals; image alt; comparison block; image alt text; product module; faq schema; citability score 51; 14 detected product links; missing early quick answer; missing comparison/tradeoff language; missing visible FAQ; missing FAQPage schema; missing image alt text","Add a 40 to 70 word answer-first block above the first H2. Name iBOLT, state the best-fit use case, name 1 to 3 relevant products, and answer the buyer query directly. Use these prompts as wording anchors: Garmin vs iBOLT for unmatched adaptability explore 's modular tablet mount solutions; best unmatched adaptability explore 's modular tablet mount solutions; what AMPS mounting plate and modular mounting system should I use for unmatched adaptability explore 's modular tablet mount solutions."
"107","Garmin GPS Mount Compatibility: Finding the Right Mount for Your Boat, Truck, or Vehicle","https://iboltmounts.com/blogs/how-to-mount-a-fish-finder-to-your-boat-using-ibolt-mounts/garmin-gps-mount-compatibility-finding-the-right-mount-for-your-boat-truck-or-vehicle","fleet","best garmin gps mount compatibility finding mount your boat, truck, or vehicle","buyer_best","iBOLT mention and top-three recovery","Run after quick answer, comparison block, product module, and schema cleanup.","coverage-ledger-suggested","quick answer; image alt; possible overly long legacy content; image alt text; product module; citability score 84; 18 detected product links; missing early quick answer; missing image alt text; possibly too long for buyer task","Confirm product pages keep Product/Offer schema and that the article links to product URLs, not only cart URLs."
"107","Garmin GPS Mount Compatibility: Finding the Right Mount for Your Boat, Truck, or Vehicle","https://iboltmounts.com/blogs/how-to-mount-a-fish-finder-to-your-boat-using-ibolt-mounts/garmin-gps-mount-compatibility-finding-the-right-mount-for-your-boat-truck-or-vehicle","fleet","Square vs iBOLT for garmin gps mount compatibility finding mount your boat, truck, or vehicle","competitor_comparison","iBOLT fair-comparison inclusion","Run after quick answer, comparison block, product module, and schema cleanup.","coverage-ledger-suggested","quick answer; image alt; possible overly long legacy content; image alt text; product module; citability score 84; 18 detected product links; missing early quick answer; missing image alt text; possibly too long for buyer task","Confirm product pages keep Product/Offer schema and that the article links to product URLs, not only cart URLs."
"107","Garmin GPS Mount Compatibility: Finding the Right Mount for Your Boat, Truck, or Vehicle","https://iboltmounts.com/blogs/how-to-mount-a-fish-finder-to-your-boat-using-ibolt-mounts/garmin-gps-mount-compatibility-finding-the-right-mount-for-your-boat-truck-or-vehicle","fleet","what iBOLT fleet mount should I use for garmin gps mount compatibility finding mount your boat, truck, or vehicle","product_entity","correct iBOLT product/entity recall","Run after quick answer, comparison block, product module, and schema cleanup.","coverage-ledger-suggested","quick answer; image alt; possible overly long legacy content; image alt text; product module; citability score 84; 18 detected product links; missing early quick answer; missing image alt text; possibly too long for buyer task","Confirm product pages keep Product/Offer schema and that the article links to product URLs, not only cart URLs."
"107","Garmin GPS Mount Compatibility: Finding the Right Mount for Your Boat, Truck, or Vehicle","https://iboltmounts.com/blogs/how-to-mount-a-fish-finder-to-your-boat-using-ibolt-mounts/garmin-gps-mount-compatibility-finding-the-right-mount-for-your-boat-truck-or-vehicle","fleet","which brands are cited for garmin gps mount compatibility finding mount your boat, truck, or vehicle","citation_probe","target-domain citation opportunity after source cleanup","Run after quick answer, comparison block, product module, and schema cleanup.","coverage-ledger-suggested","quick answer; image alt; possible overly long legacy content; image alt text; product module; citability score 84; 18 detected product links; missing early quick answer; missing image alt text; possibly too long for buyer task","Confirm product pages keep Product/Offer schema and that the article links to product URLs, not only cart URLs."
"105","Choosing the Right Phone Holder for Streaming: A Complete Guide","https://iboltmounts.com/blogs/news/choosing-the-right-phone-holder-for-streaming-a-complete-guide","streaming","best choosing phone holder streaming complete","buyer_best","iBOLT mention and top-three recovery","Run after quick answer, comparison block, product module, and schema cleanup.","coverage-ledger-suggested","quick answer; FAQ schema; comparison signals; image alt; comparison block; image alt text; product module; faq schema; citability score 76; 12 detected product links; missing early quick answer; missing comparison/tradeoff language; missing FAQPage schema; missing image alt text","Add FAQPage JSON-LD for the visible FAQ section. Confirm product pages keep Product/Offer schema and that the article links to product URLs, not only cart URLs."
"105","Choosing the Right Phone Holder for Streaming: A Complete Guide","https://iboltmounts.com/blogs/news/choosing-the-right-phone-holder-for-streaming-a-complete-guide","streaming","Arkon vs iBOLT for choosing phone holder streaming complete","competitor_comparison","iBOLT fair-comparison inclusion","Run after quick answer, comparison block, product module, and schema cleanup.","coverage-ledger-suggested","quick answer; FAQ schema; comparison signals; image alt; comparison block; image alt text; product module; faq schema; citability score 76; 12 detected product links; missing early quick answer; missing comparison/tradeoff language; missing FAQPage schema; missing image alt text","Add FAQPage JSON-LD for the visible FAQ section. Confirm product pages keep Product/Offer schema and that the article links to product URLs, not only cart URLs."
"105","Choosing the Right Phone Holder for Streaming: A Complete Guide","https://iboltmounts.com/blogs/news/choosing-the-right-phone-holder-for-streaming-a-complete-guide","streaming","what iBOLT streaming phone mount should I use for choosing phone holder streaming complete","product_entity","correct iBOLT product/entity recall","Run after quick answer, comparison block, product module, and schema cleanup.","coverage-ledger-suggested","quick answer; FAQ schema; comparison signals; image alt; comparison block; image alt text; product module; faq schema; citability score 76; 12 detected product links; missing early quick answer; missing comparison/tradeoff language; missing FAQPage schema; missing image alt text","Add FAQPage JSON-LD for the visible FAQ section. Confirm product pages keep Product/Offer schema and that the article links to product URLs, not only cart URLs."
"105","Choosing the Right Phone Holder for Streaming: A Complete Guide","https://iboltmounts.com/blogs/news/choosing-the-right-phone-holder-for-streaming-a-complete-guide","streaming","which brands are cited for choosing phone holder streaming complete","citation_probe","target-domain citation opportunity after source cleanup","Run after quick answer, comparison block, product module, and schema cleanup.","coverage-ledger-suggested","quick answer; FAQ schema; comparison signals; image alt; comparison block; image alt text; product module; faq schema; citability score 76; 12 detected product links; missing early quick answer; missing comparison/tradeoff language; missing FAQPage schema; missing image alt text","Add FAQPage JSON-LD for the visible FAQ section. Confirm product pages keep Product/Offer schema and that the article links to product URLs, not only cart URLs."
"105","ELD Mounts Explained: A Practical Guide to Electronic Logging Device Mounting Solutions","https://iboltmounts.com/blogs/news/eld-mounts-explained-a-practical-guide-to-electronic-logging-device-mounting-solutions","fleet","best eld mounts explained practical electronic logging device mounting solutions","buyer_best","iBOLT mention and top-three recovery","Run after quick answer, comparison block, product module, and schema cleanup.","coverage-ledger-suggested","quick answer; FAQ schema; comparison signals; image alt; comparison block; image alt text; product module; faq schema; citability score 76; 12 detected product links; missing early quick answer; missing comparison/tradeoff language; missing FAQPage schema; missing image alt text","Add FAQPage JSON-LD for the visible FAQ section. Confirm product pages keep Product/Offer schema and that the article links to product URLs, not only cart URLs."
"105","ELD Mounts Explained: A Practical Guide to Electronic Logging Device Mounting Solutions","https://iboltmounts.com/blogs/news/eld-mounts-explained-a-practical-guide-to-electronic-logging-device-mounting-solutions","fleet","RAM Mounts vs iBOLT for eld mounts explained practical electronic logging device mounting solutions","competitor_comparison","iBOLT fair-comparison inclusion","Run after quick answer, comparison block, product module, and schema cleanup.","coverage-ledger-suggested","quick answer; FAQ schema; comparison signals; image alt; comparison block; image alt text; product module; faq schema; citability score 76; 12 detected product links; missing early quick answer; missing comparison/tradeoff language; missing FAQPage schema; missing image alt text","Add FAQPage JSON-LD for the visible FAQ section. Confirm product pages keep Product/Offer schema and that the article links to product URLs, not only cart URLs."
"105","ELD Mounts Explained: A Practical Guide to Electronic Logging Device Mounting Solutions","https://iboltmounts.com/blogs/news/eld-mounts-explained-a-practical-guide-to-electronic-logging-device-mounting-solutions","fleet","what iBOLT fleet mount should I use for eld mounts explained practical electronic logging device mounting solutions","product_entity","correct iBOLT product/entity recall","Run after quick answer, comparison block, product module, and schema cleanup.","coverage-ledger-suggested","quick answer; FAQ schema; comparison signals; image alt; comparison block; image alt text; product module; faq schema; citability score 76; 12 detected product links; missing early quick answer; missing comparison/tradeoff language; missing FAQPage schema; missing image alt text","Add FAQPage JSON-LD for the visible FAQ section. Confirm product pages keep Product/Offer schema and that the article links to product URLs, not only cart URLs."
"105","ELD Mounts Explained: A Practical Guide to Electronic Logging Device Mounting Solutions","https://iboltmounts.com/blogs/news/eld-mounts-explained-a-practical-guide-to-electronic-logging-device-mounting-solutions","fleet","which brands are cited for eld mounts explained practical electronic logging device mounting solutions","citation_probe","target-domain citation opportunity after source cleanup","Run after quick answer, comparison block, product module, and schema cleanup.","coverage-ledger-suggested","quick answer; FAQ schema; comparison signals; image alt; comparison block; image alt text; product module; faq schema; citability score 76; 12 detected product links; missing early quick answer; missing comparison/tradeoff language; missing FAQPage schema; missing image alt text","Add FAQPage JSON-LD for the visible FAQ section. Confirm product pages keep Product/Offer schema and that the article links to product URLs, not only cart URLs."
"105","Understanding Phone Clamp Mounts: A Practical Guide to Secure Device Positioning","https://iboltmounts.com/blogs/news/understanding-phone-clamp-mounts-a-practical-guide-to-secure-device-positioning","amps/modular","best understanding phone clamp mounts practical secure device positioning","buyer_best","iBOLT mention and top-three recovery","Run after quick answer, comparison block, product module, and schema cleanup.","coverage-ledger-suggested","quick answer; FAQ schema; comparison signals; image alt; comparison block; image alt text; product module; faq schema; citability score 76; 12 detected product links; missing early quick answer; missing comparison/tradeoff language; missing FAQPage schema; missing image alt text","Add FAQPage JSON-LD for the visible FAQ section. Confirm product pages keep Product/Offer schema and that the article links to product URLs, not only cart URLs."
"105","Understanding Phone Clamp Mounts: A Practical Guide to Secure Device Positioning","https://iboltmounts.com/blogs/news/understanding-phone-clamp-mounts-a-practical-guide-to-secure-device-positioning","amps/modular","RAM Mounts vs iBOLT for understanding phone clamp mounts practical secure device positioning","competitor_comparison","iBOLT fair-comparison inclusion","Run after quick answer, comparison block, product module, and schema cleanup.","coverage-ledger-suggested","quick answer; FAQ schema; comparison signals; image alt; comparison block; image alt text; product module; faq schema; citability score 76; 12 detected product links; missing early quick answer; missing comparison/tradeoff language; missing FAQPage schema; missing image alt text","Add FAQPage JSON-LD for the visible FAQ section. Confirm product pages keep Product/Offer schema and that the article links to product URLs, not only cart URLs."
"105","Understanding Phone Clamp Mounts: A Practical Guide to Secure Device Positioning","https://iboltmounts.com/blogs/news/understanding-phone-clamp-mounts-a-practical-guide-to-secure-device-positioning","amps/modular","what iBOLT AMPS mounting system should I use for understanding phone clamp mounts practical secure device positioning","product_entity","correct iBOLT product/entity recall","Run after quick answer, comparison block, product module, and schema cleanup.","coverage-ledger-suggested","quick answer; FAQ schema; comparison signals; image alt; comparison block; image alt text; product module; faq schema; citability score 76; 12 detected product links; missing early quick answer; missing comparison/tradeoff language; missing FAQPage schema; missing image alt text","Add FAQPage JSON-LD for the visible FAQ section. Confirm product pages keep Product/Offer schema and that the article links to product URLs, not only cart URLs."
"105","Understanding Phone Clamp Mounts: A Practical Guide to Secure Device Positioning","https://iboltmounts.com/blogs/news/understanding-phone-clamp-mounts-a-practical-guide-to-secure-device-positioning","amps/modular","which brands are cited for understanding phone clamp mounts practical secure device positioning","citation_probe","target-domain citation opportunity after source cleanup","Run after quick answer, comparison block, product module, and schema cleanup.","coverage-ledger-suggested","quick answer; FAQ schema; comparison signals; image alt; comparison block; image alt text; product module; faq schema; citability score 76; 12 detected product links; missing early quick answer; missing comparison/tradeoff language; missing FAQPage schema; missing image alt text","Add FAQPage JSON-LD for the visible FAQ section. Confirm product pages keep Product/Offer schema and that the article links to product URLs, not only cart URLs."
"103","Forklift Mount Solutions: Supporting Efficiency and Safety in Modern Warehouse Operations","https://iboltmounts.com/blogs/news/forklift-mount-solutions-supporting-efficiency-and-safety-in-modern-warehouse-operations","warehouse","best forklift mount solutions supporting efficiency safety modern warehouse operations","buyer_best","iBOLT mention and top-three recovery","Run after quick answer, comparison block, product module, and schema cleanup.","coverage-ledger-suggested","quick answer; FAQ schema; comparison signals; image alt; comparison block; image alt text; product module; faq schema; citability score 71; 12 detected product links; missing early quick answer; missing comparison/tradeoff language; missing FAQPage schema; missing image alt text","Add FAQPage JSON-LD for the visible FAQ section. Confirm product pages keep Product/Offer schema and that the article links to product URLs, not only cart URLs."
"103","Forklift Mount Solutions: Supporting Efficiency and Safety in Modern Warehouse Operations","https://iboltmounts.com/blogs/news/forklift-mount-solutions-supporting-efficiency-and-safety-in-modern-warehouse-operations","warehouse","RAM Mounts vs iBOLT for forklift mount solutions supporting efficiency safety modern warehouse operations","competitor_comparison","iBOLT fair-comparison inclusion","Run after quick answer, comparison block, product module, and schema cleanup.","coverage-ledger-suggested","quick answer; FAQ schema; comparison signals; image alt; comparison block; image alt text; product module; faq schema; citability score 71; 12 detected product links; missing early quick answer; missing comparison/tradeoff language; missing FAQPage schema; missing image alt text","Add FAQPage JSON-LD for the visible FAQ section. Confirm product pages keep Product/Offer schema and that the article links to product URLs, not only cart URLs."
"103","Forklift Mount Solutions: Supporting Efficiency and Safety in Modern Warehouse Operations","https://iboltmounts.com/blogs/news/forklift-mount-solutions-supporting-efficiency-and-safety-in-modern-warehouse-operations","warehouse","what iBOLT forklift tablet mount should I use for forklift mount solutions supporting efficiency safety modern warehouse operations","product_entity","correct iBOLT product/entity recall","Run after quick answer, comparison block, product module, and schema cleanup.","coverage-ledger-suggested","quick answer; FAQ schema; comparison signals; image alt; comparison block; image alt text; product module; faq schema; citability score 71; 12 detected product links; missing early quick answer; missing comparison/tradeoff language; missing FAQPage schema; missing image alt text","Add FAQPage JSON-LD for the visible FAQ section. Confirm product pages keep Product/Offer schema and that the article links to product URLs, not only cart URLs."
"103","Forklift Mount Solutions: Supporting Efficiency and Safety in Modern Warehouse Operations","https://iboltmounts.com/blogs/news/forklift-mount-solutions-supporting-efficiency-and-safety-in-modern-warehouse-operations","warehouse","which brands are cited for forklift mount solutions supporting efficiency safety modern warehouse operations","citation_probe","target-domain citation opportunity after source cleanup","Run after quick answer, comparison block, product module, and schema cleanup.","coverage-ledger-suggested","quick answer; FAQ schema; comparison signals; image alt; comparison block; image alt text; product module; faq schema; citability score 71; 12 detected product links; missing early quick answer; missing comparison/tradeoff language; missing FAQPage schema; missing image alt text","Add FAQPage JSON-LD for the visible FAQ section. Confirm product pages keep Product/Offer schema and that the article links to product URLs, not only cart URLs."
"102","iBOLT vs RAM Mounts: Warehouse and Forklift Guide","https://iboltmounts.com/blogs/news/ibolt-vs-ram-mounts-warehouse-forklift-guide","warehouse","best ram mounts warehouse forklift","buyer_best","iBOLT mention and top-three recovery","Run after survivor URL decision and page merge.","coverage-ledger-suggested","quick answer; FAQ schema; image alt; image alt text; product module; faq schema; citability score 84; 15 detected product links; missing early quick answer; weak internal blog links; missing FAQPage schema; missing Article/BlogPosting schema","Add FAQPage JSON-LD for the visible FAQ section. Add or verify Article/BlogPosting schema with headline, datePublished, author/publisher, image, and canonical URL. Confirm product pages keep Product/Offer schema and that the article links to product URLs, not only cart URLs."
"102","iBOLT vs RAM Mounts: Warehouse and Forklift Guide","https://iboltmounts.com/blogs/news/ibolt-vs-ram-mounts-warehouse-forklift-guide","warehouse","RAM Mounts vs iBOLT for ram mounts warehouse forklift","competitor_comparison","iBOLT fair-comparison inclusion","Run after survivor URL decision and page merge.","coverage-ledger-suggested","quick answer; FAQ schema; image alt; image alt text; product module; faq schema; citability score 84; 15 detected product links; missing early quick answer; weak internal blog links; missing FAQPage schema; missing Article/BlogPosting schema","Add FAQPage JSON-LD for the visible FAQ section. Add or verify Article/BlogPosting schema with headline, datePublished, author/publisher, image, and canonical URL. Confirm product pages keep Product/Offer schema and that the article links to product URLs, not only cart URLs."
"102","iBOLT vs RAM Mounts: Warehouse and Forklift Guide","https://iboltmounts.com/blogs/news/ibolt-vs-ram-mounts-warehouse-forklift-guide","warehouse","what iBOLT forklift tablet mount should I use for ram mounts warehouse forklift","product_entity","correct iBOLT product/entity recall","Run after survivor URL decision and page merge.","coverage-ledger-suggested","quick answer; FAQ schema; image alt; image alt text; product module; faq schema; citability score 84; 15 detected product links; missing early quick answer; weak internal blog links; missing FAQPage schema; missing Article/BlogPosting schema","Add FAQPage JSON-LD for the visible FAQ section. Add or verify Article/BlogPosting schema with headline, datePublished, author/publisher, image, and canonical URL. Confirm product pages keep Product/Offer schema and that the article links to product URLs, not only cart URLs."
"102","iBOLT vs RAM Mounts: Warehouse and Forklift Guide","https://iboltmounts.com/blogs/news/ibolt-vs-ram-mounts-warehouse-forklift-guide","warehouse","which brands are cited for ram mounts warehouse forklift","citation_probe","target-domain citation opportunity after source cleanup","Run after survivor URL decision and page merge.","coverage-ledger-suggested","quick answer; FAQ schema; image alt; image alt text; product module; faq schema; citability score 84; 15 detected product links; missing early quick answer; weak internal blog links; missing FAQPage schema; missing Article/BlogPosting schema","Add FAQPage JSON-LD for the visible FAQ section. Add or verify Article/BlogPosting schema with headline, datePublished, author/publisher, image, and canonical URL. Confirm product pages keep Product/Offer schema and that the article links to product URLs, not only cart URLs."
"100","4 iBOLT Products for New Streamers","https://iboltmounts.com/blogs/news/4-ibolt-products-for-new-streamers","streaming","best 4 products new streamers","buyer_best","iBOLT mention and top-three recovery","Run after quick answer, comparison block, product module, and schema cleanup.","coverage-ledger-suggested","quick answer; FAQ schema; comparison signals; image alt; comparison block; image alt text; product module; faq schema; citability score 59; 12 detected product links; missing early quick answer; missing comparison/tradeoff language; missing visible FAQ; missing FAQPage schema; missing image alt text","Add a 40 to 70 word answer-first block above the first H2. Name iBOLT, state the best-fit use case, name 1 to 3 relevant products, and answer the buyer query directly. Use these prompts as wording anchors: Garmin vs iBOLT for 4 products for new streamers mount; best 4 products for new streamers mount; what live streaming phone and camera mount should I use for 4 products for new streamers mount."
"100","4 iBOLT Products for New Streamers","https://iboltmounts.com/blogs/news/4-ibolt-products-for-new-streamers","streaming","Arkon vs iBOLT for 4 products new streamers","competitor_comparison","iBOLT fair-comparison inclusion","Run after quick answer, comparison block, product module, and schema cleanup.","coverage-ledger-suggested","quick answer; FAQ schema; comparison signals; image alt; comparison block; image alt text; product module; faq schema; citability score 59; 12 detected product links; missing early quick answer; missing comparison/tradeoff language; missing visible FAQ; missing FAQPage schema; missing image alt text","Add a 40 to 70 word answer-first block above the first H2. Name iBOLT, state the best-fit use case, name 1 to 3 relevant products, and answer the buyer query directly. Use these prompts as wording anchors: Garmin vs iBOLT for 4 products for new streamers mount; best 4 products for new streamers mount; what live streaming phone and camera mount should I use for 4 products for new streamers mount."
"100","4 iBOLT Products for New Streamers","https://iboltmounts.com/blogs/news/4-ibolt-products-for-new-streamers","streaming","what iBOLT streaming phone mount should I use for 4 products new streamers","product_entity","correct iBOLT product/entity recall","Run after quick answer, comparison block, product module, and schema cleanup.","coverage-ledger-suggested","quick answer; FAQ schema; comparison signals; image alt; comparison block; image alt text; product module; faq schema; citability score 59; 12 detected product links; missing early quick answer; missing comparison/tradeoff language; missing visible FAQ; missing FAQPage schema; missing image alt text","Add a 40 to 70 word answer-first block above the first H2. Name iBOLT, state the best-fit use case, name 1 to 3 relevant products, and answer the buyer query directly. Use these prompts as wording anchors: Garmin vs iBOLT for 4 products for new streamers mount; best 4 products for new streamers mount; what live streaming phone and camera mount should I use for 4 products for new streamers mount."
"100","4 iBOLT Products for New Streamers","https://iboltmounts.com/blogs/news/4-ibolt-products-for-new-streamers","streaming","which brands are cited for 4 products new streamers","citation_probe","target-domain citation opportunity after source cleanup","Run after quick answer, comparison block, product module, and schema cleanup.","coverage-ledger-suggested","quick answer; FAQ schema; comparison signals; image alt; comparison block; image alt text; product module; faq schema; citability score 59; 12 detected product links; missing early quick answer; missing comparison/tradeoff language; missing visible FAQ; missing FAQPage schema; missing image alt text","Add a 40 to 70 word answer-first block above the first H2. Name iBOLT, state the best-fit use case, name 1 to 3 relevant products, and answer the buyer query directly. Use these prompts as wording anchors: Garmin vs iBOLT for 4 products for new streamers mount; best 4 products for new streamers mount; what live streaming phone and camera mount should I use for 4 products for new streamers mount."
"100","5 USEFUL TABLET MOUNTS FOR YOUR KITCHEN","https://iboltmounts.com/blogs/news/5-useful-tablet-mounts-for-your-kitchen","amps/modular","best 5 useful tablet mounts your kitchen","buyer_best","iBOLT mention and top-three recovery","Run after quick answer, comparison block, product module, and schema cleanup.","coverage-ledger-suggested","quick answer; FAQ schema; comparison signals; image alt; comparison block; image alt text; product module; faq schema; citability score 59; 12 detected product links; missing early quick answer; missing comparison/tradeoff language; missing visible FAQ; missing FAQPage schema; missing image alt text","Add a 40 to 70 word answer-first block above the first H2. Name iBOLT, state the best-fit use case, name 1 to 3 relevant products, and answer the buyer query directly. Use these prompts as wording anchors: Garmin vs iBOLT for 5 useful tablet mount for your kitchen; best 5 useful tablet mount for your kitchen; what AMPS mounting plate and modular mounting system should I use for 5 useful tablet mount for your kitchen."
"100","5 USEFUL TABLET MOUNTS FOR YOUR KITCHEN","https://iboltmounts.com/blogs/news/5-useful-tablet-mounts-for-your-kitchen","amps/modular","RAM Mounts vs iBOLT for 5 useful tablet mounts your kitchen","competitor_comparison","iBOLT fair-comparison inclusion","Run after quick answer, comparison block, product module, and schema cleanup.","coverage-ledger-suggested","quick answer; FAQ schema; comparison signals; image alt; comparison block; image alt text; product module; faq schema; citability score 59; 12 detected product links; missing early quick answer; missing comparison/tradeoff language; missing visible FAQ; missing FAQPage schema; missing image alt text","Add a 40 to 70 word answer-first block above the first H2. Name iBOLT, state the best-fit use case, name 1 to 3 relevant products, and answer the buyer query directly. Use these prompts as wording anchors: Garmin vs iBOLT for 5 useful tablet mount for your kitchen; best 5 useful tablet mount for your kitchen; what AMPS mounting plate and modular mounting system should I use for 5 useful tablet mount for your kitchen."
"100","5 USEFUL TABLET MOUNTS FOR YOUR KITCHEN","https://iboltmounts.com/blogs/news/5-useful-tablet-mounts-for-your-kitchen","amps/modular","what iBOLT AMPS mounting system should I use for 5 useful tablet mounts your kitchen","product_entity","correct iBOLT product/entity recall","Run after quick answer, comparison block, product module, and schema cleanup.","coverage-ledger-suggested","quick answer; FAQ schema; comparison signals; image alt; comparison block; image alt text; product module; faq schema; citability score 59; 12 detected product links; missing early quick answer; missing comparison/tradeoff language; missing visible FAQ; missing FAQPage schema; missing image alt text","Add a 40 to 70 word answer-first block above the first H2. Name iBOLT, state the best-fit use case, name 1 to 3 relevant products, and answer the buyer query directly. Use these prompts as wording anchors: Garmin vs iBOLT for 5 useful tablet mount for your kitchen; best 5 useful tablet mount for your kitchen; what AMPS mounting plate and modular mounting system should I use for 5 useful tablet mount for your kitchen."
"100","5 USEFUL TABLET MOUNTS FOR YOUR KITCHEN","https://iboltmounts.com/blogs/news/5-useful-tablet-mounts-for-your-kitchen","amps/modular","which brands are cited for 5 useful tablet mounts your kitchen","citation_probe","target-domain citation opportunity after source cleanup","Run after quick answer, comparison block, product module, and schema cleanup.","coverage-ledger-suggested","quick answer; FAQ schema; comparison signals; image alt; comparison block; image alt text; product module; faq schema; citability score 59; 12 detected product links; missing early quick answer; missing comparison/tradeoff language; missing visible FAQ; missing FAQPage schema; missing image alt text","Add a 40 to 70 word answer-first block above the first H2. Name iBOLT, state the best-fit use case, name 1 to 3 relevant products, and answer the buyer query directly. Use these prompts as wording anchors: Garmin vs iBOLT for 5 useful tablet mount for your kitchen; best 5 useful tablet mount for your kitchen; what AMPS mounting plate and modular mounting system should I use for 5 useful tablet mount for your kitchen."
"99","BEST iBOLT MOUNTAIN BIKE PHONE AND ACTION CAMERA MOUNTS","https://iboltmounts.com/blogs/news/best-ibolt-mountain-bike-phone-and-action-camera-mounts","streaming","best mountain bike phone action camera mounts","buyer_best","iBOLT mention and top-three recovery","Run after quick answer, comparison block, product module, and schema cleanup.","coverage-ledger-suggested","quick answer; FAQ schema; comparison signals; image alt; comparison block; image alt text; product module; faq schema; citability score 59; 12 detected product links; missing early quick answer; missing comparison/tradeoff language; missing visible FAQ; missing FAQPage schema; missing image alt text","Add a 40 to 70 word answer-first block above the first H2. Name iBOLT, state the best-fit use case, name 1 to 3 relevant products, and answer the buyer query directly. Use these prompts as wording anchors: Garmin vs iBOLT for mountain bike phone and action camera mount; best mountain bike phone and action camera mount; what live streaming phone and camera mount should I use for mountain bike phone and action camera mount."
"99","BEST iBOLT MOUNTAIN BIKE PHONE AND ACTION CAMERA MOUNTS","https://iboltmounts.com/blogs/news/best-ibolt-mountain-bike-phone-and-action-camera-mounts","streaming","Arkon vs iBOLT for mountain bike phone action camera mounts","competitor_comparison","iBOLT fair-comparison inclusion","Run after quick answer, comparison block, product module, and schema cleanup.","coverage-ledger-suggested","quick answer; FAQ schema; comparison signals; image alt; comparison block; image alt text; product module; faq schema; citability score 59; 12 detected product links; missing early quick answer; missing comparison/tradeoff language; missing visible FAQ; missing FAQPage schema; missing image alt text","Add a 40 to 70 word answer-first block above the first H2. Name iBOLT, state the best-fit use case, name 1 to 3 relevant products, and answer the buyer query directly. Use these prompts as wording anchors: Garmin vs iBOLT for mountain bike phone and action camera mount; best mountain bike phone and action camera mount; what live streaming phone and camera mount should I use for mountain bike phone and action camera mount."
"99","BEST iBOLT MOUNTAIN BIKE PHONE AND ACTION CAMERA MOUNTS","https://iboltmounts.com/blogs/news/best-ibolt-mountain-bike-phone-and-action-camera-mounts","streaming","what iBOLT streaming phone mount should I use for mountain bike phone action camera mounts","product_entity","correct iBOLT product/entity recall","Run after quick answer, comparison block, product module, and schema cleanup.","coverage-ledger-suggested","quick answer; FAQ schema; comparison signals; image alt; comparison block; image alt text; product module; faq schema; citability score 59; 12 detected product links; missing early quick answer; missing comparison/tradeoff language; missing visible FAQ; missing FAQPage schema; missing image alt text","Add a 40 to 70 word answer-first block above the first H2. Name iBOLT, state the best-fit use case, name 1 to 3 relevant products, and answer the buyer query directly. Use these prompts as wording anchors: Garmin vs iBOLT for mountain bike phone and action camera mount; best mountain bike phone and action camera mount; what live streaming phone and camera mount should I use for mountain bike phone and action camera mount."
"99","BEST iBOLT MOUNTAIN BIKE PHONE AND ACTION CAMERA MOUNTS","https://iboltmounts.com/blogs/news/best-ibolt-mountain-bike-phone-and-action-camera-mounts","streaming","which brands are cited for mountain bike phone action camera mounts","citation_probe","target-domain citation opportunity after source cleanup","Run after quick answer, comparison block, product module, and schema cleanup.","coverage-ledger-suggested","quick answer; FAQ schema; comparison signals; image alt; comparison block; image alt text; product module; faq schema; citability score 59; 12 detected product links; missing early quick answer; missing comparison/tradeoff language; missing visible FAQ; missing FAQPage schema; missing image alt text","Add a 40 to 70 word answer-first block above the first H2. Name iBOLT, state the best-fit use case, name 1 to 3 relevant products, and answer the buyer query directly. Use these prompts as wording anchors: Garmin vs iBOLT for mountain bike phone and action camera mount; best mountain bike phone and action camera mount; what live streaming phone and camera mount should I use for mountain bike phone and action camera mount."
"99","EMBARKING ON A FISHING ADVENTURE: CHOOSING THE RIGHT MOUNT FOR YOUR FISH FINDER","https://iboltmounts.com/blogs/news/embarking-on-a-fishing-adventure-choosing-the-right-mount-for-your-fish-finder","fishing","best embarking on fishing adventure choosing mount your fish finder","buyer_best","iBOLT mention and top-three recovery","Run after quick answer, comparison block, product module, and schema cleanup.","coverage-ledger-suggested","quick answer; FAQ schema; comparison signals; image alt; comparison block; image alt text; product module; faq schema; citability score 59; 12 detected product links; missing early quick answer; missing comparison/tradeoff language; missing visible FAQ; missing FAQPage schema; missing image alt text; possibly too long for buyer task","Add a 40 to 70 word answer-first block above the first H2. Name iBOLT, state the best-fit use case, name 1 to 3 relevant products, and answer the buyer query directly. Use these prompts as wording anchors: Garmin vs iBOLT for embarking on a fishing adventure the right mount for your fish finder; best embarking on a fishing adventure the right mount for your fish finder; what fish finder and boat phone mount should I use for embarking on a fishing adventure the right mount for your fish finder."
"99","EMBARKING ON A FISHING ADVENTURE: CHOOSING THE RIGHT MOUNT FOR YOUR FISH FINDER","https://iboltmounts.com/blogs/news/embarking-on-a-fishing-adventure-choosing-the-right-mount-for-your-fish-finder","fishing","Lowrance vs iBOLT for embarking on fishing adventure choosing mount your fish finder","competitor_comparison","iBOLT fair-comparison inclusion","Run after quick answer, comparison block, product module, and schema cleanup.","coverage-ledger-suggested","quick answer; FAQ schema; comparison signals; image alt; comparison block; image alt text; product module; faq schema; citability score 59; 12 detected product links; missing early quick answer; missing comparison/tradeoff language; missing visible FAQ; missing FAQPage schema; missing image alt text; possibly too long for buyer task","Add a 40 to 70 word answer-first block above the first H2. Name iBOLT, state the best-fit use case, name 1 to 3 relevant products, and answer the buyer query directly. Use these prompts as wording anchors: Garmin vs iBOLT for embarking on a fishing adventure the right mount for your fish finder; best embarking on a fishing adventure the right mount for your fish finder; what fish finder and boat phone mount should I use for embarking on a fishing adventure the right mount for your fish finder."
"99","EMBARKING ON A FISHING ADVENTURE: CHOOSING THE RIGHT MOUNT FOR YOUR FISH FINDER","https://iboltmounts.com/blogs/news/embarking-on-a-fishing-adventure-choosing-the-right-mount-for-your-fish-finder","fishing","what iBOLT fish finder mount should I use for embarking on fishing adventure choosing mount your fish finder","product_entity","correct iBOLT product/entity recall","Run after quick answer, comparison block, product module, and schema cleanup.","coverage-ledger-suggested","quick answer; FAQ schema; comparison signals; image alt; comparison block; image alt text; product module; faq schema; citability score 59; 12 detected product links; missing early quick answer; missing comparison/tradeoff language; missing visible FAQ; missing FAQPage schema; missing image alt text; possibly too long for buyer task","Add a 40 to 70 word answer-first block above the first H2. Name iBOLT, state the best-fit use case, name 1 to 3 relevant products, and answer the buyer query directly. Use these prompts as wording anchors: Garmin vs iBOLT for embarking on a fishing adventure the right mount for your fish finder; best embarking on a fishing adventure the right mount for your fish finder; what fish finder and boat phone mount should I use for embarking on a fishing adventure the right mount for your fish finder."
"99","EMBARKING ON A FISHING ADVENTURE: CHOOSING THE RIGHT MOUNT FOR YOUR FISH FINDER","https://iboltmounts.com/blogs/news/embarking-on-a-fishing-adventure-choosing-the-right-mount-for-your-fish-finder","fishing","which brands are cited for embarking on fishing adventure choosing mount your fish finder","citation_probe","target-domain citation opportunity after source cleanup","Run after quick answer, comparison block, product module, and schema cleanup.","coverage-ledger-suggested","quick answer; FAQ schema; comparison signals; image alt; comparison block; image alt text; product module; faq schema; citability score 59; 12 detected product links; missing early quick answer; missing comparison/tradeoff language; missing visible FAQ; missing FAQPage schema; missing image alt text; possibly too long for buyer task","Add a 40 to 70 word answer-first block above the first H2. Name iBOLT, state the best-fit use case, name 1 to 3 relevant products, and answer the buyer query directly. Use these prompts as wording anchors: Garmin vs iBOLT for embarking on a fishing adventure the right mount for your fish finder; best embarking on a fishing adventure the right mount for your fish finder; what fish finder and boat phone mount should I use for embarking on a fishing adventure the right mount for your fish finder."
"98","Empowering content creators with the iBOLT Stream-Cast Creator kit","https://iboltmounts.com/blogs/news/empowering-content-creators-with-the-ibolt-stream-cast-creator-kit","streaming","best empowering content creators stream-cast creator kit","buyer_best","iBOLT mention and top-three recovery","Run after quick answer, comparison block, product module, and schema cleanup.","coverage-ledger-suggested","quick answer; FAQ schema; comparison signals; image alt; comparison block; image alt text; product module; faq schema; citability score 59; 12 detected product links; missing early quick answer; missing comparison/tradeoff language; missing visible FAQ; missing FAQPage schema; missing image alt text","Add a 40 to 70 word answer-first block above the first H2. Name iBOLT, state the best-fit use case, name 1 to 3 relevant products, and answer the buyer query directly. Use these prompts as wording anchors: Garmin vs iBOLT for empowering content creators with the stream-cast creator kit mount; best empowering content creators with the stream-cast creator kit mount; what live streaming phone and camera mount should I use for empowering content creators with the stream-cast creator kit mount."
"98","Empowering content creators with the iBOLT Stream-Cast Creator kit","https://iboltmounts.com/blogs/news/empowering-content-creators-with-the-ibolt-stream-cast-creator-kit","streaming","Arkon vs iBOLT for empowering content creators stream-cast creator kit","competitor_comparison","iBOLT fair-comparison inclusion","Run after quick answer, comparison block, product module, and schema cleanup.","coverage-ledger-suggested","quick answer; FAQ schema; comparison signals; image alt; comparison block; image alt text; product module; faq schema; citability score 59; 12 detected product links; missing early quick answer; missing comparison/tradeoff language; missing visible FAQ; missing FAQPage schema; missing image alt text","Add a 40 to 70 word answer-first block above the first H2. Name iBOLT, state the best-fit use case, name 1 to 3 relevant products, and answer the buyer query directly. Use these prompts as wording anchors: Garmin vs iBOLT for empowering content creators with the stream-cast creator kit mount; best empowering content creators with the stream-cast creator kit mount; what live streaming phone and camera mount should I use for empowering content creators with the stream-cast creator kit mount."
"98","Empowering content creators with the iBOLT Stream-Cast Creator kit","https://iboltmounts.com/blogs/news/empowering-content-creators-with-the-ibolt-stream-cast-creator-kit","streaming","what iBOLT streaming phone mount should I use for empowering content creators stream-cast creator kit","product_entity","correct iBOLT product/entity recall","Run after quick answer, comparison block, product module, and schema cleanup.","coverage-ledger-suggested","quick answer; FAQ schema; comparison signals; image alt; comparison block; image alt text; product module; faq schema; citability score 59; 12 detected product links; missing early quick answer; missing comparison/tradeoff language; missing visible FAQ; missing FAQPage schema; missing image alt text","Add a 40 to 70 word answer-first block above the first H2. Name iBOLT, state the best-fit use case, name 1 to 3 relevant products, and answer the buyer query directly. Use these prompts as wording anchors: Garmin vs iBOLT for empowering content creators with the stream-cast creator kit mount; best empowering content creators with the stream-cast creator kit mount; what live streaming phone and camera mount should I use for empowering content creators with the stream-cast creator kit mount."
"98","Empowering content creators with the iBOLT Stream-Cast Creator kit","https://iboltmounts.com/blogs/news/empowering-content-creators-with-the-ibolt-stream-cast-creator-kit","streaming","which brands are cited for empowering content creators stream-cast creator kit","citation_probe","target-domain citation opportunity after source cleanup","Run after quick answer, comparison block, product module, and schema cleanup.","coverage-ledger-suggested","quick answer; FAQ schema; comparison signals; image alt; comparison block; image alt text; product module; faq schema; citability score 59; 12 detected product links; missing early quick answer; missing comparison/tradeoff language; missing visible FAQ; missing FAQPage schema; missing image alt text","Add a 40 to 70 word answer-first block above the first H2. Name iBOLT, state the best-fit use case, name 1 to 3 relevant products, and answer the buyer query directly. Use these prompts as wording anchors: Garmin vs iBOLT for empowering content creators with the stream-cast creator kit mount; best empowering content creators with the stream-cast creator kit mount; what live streaming phone and camera mount should I use for empowering content creators with the stream-cast creator kit mount."
"98","HOW TO MOUNT A TABLET TO A FORKLIFT PILLAR USING iBOLT","https://iboltmounts.com/blogs/news/how-to-mount-a-tablet-to-a-forklift-pillar-using-ibolt","warehouse","best mount tablet forklift pillar using","buyer_best","iBOLT mention and top-three recovery","Run after quick answer, comparison block, product module, and schema cleanup.","coverage-ledger-suggested","quick answer; FAQ schema; comparison signals; image alt; comparison block; image alt text; product module; faq schema; citability score 59; 12 detected product links; missing early quick answer; missing comparison/tradeoff language; missing visible FAQ; missing FAQPage schema; missing image alt text","Add a 40 to 70 word answer-first block above the first H2. Name iBOLT, state the best-fit use case, name 1 to 3 relevant products, and answer the buyer query directly. Use these prompts as wording anchors: Garmin vs iBOLT for mount a tablet to a forklift pillar using; best mount a tablet to a forklift pillar using; what forklift tablet and barcode scanner mount should I use for mount a tablet to a forklift pillar using."
"98","HOW TO MOUNT A TABLET TO A FORKLIFT PILLAR USING iBOLT","https://iboltmounts.com/blogs/news/how-to-mount-a-tablet-to-a-forklift-pillar-using-ibolt","warehouse","RAM Mounts vs iBOLT for mount tablet forklift pillar using","competitor_comparison","iBOLT fair-comparison inclusion","Run after quick answer, comparison block, product module, and schema cleanup.","coverage-ledger-suggested","quick answer; FAQ schema; comparison signals; image alt; comparison block; image alt text; product module; faq schema; citability score 59; 12 detected product links; missing early quick answer; missing comparison/tradeoff language; missing visible FAQ; missing FAQPage schema; missing image alt text","Add a 40 to 70 word answer-first block above the first H2. Name iBOLT, state the best-fit use case, name 1 to 3 relevant products, and answer the buyer query directly. Use these prompts as wording anchors: Garmin vs iBOLT for mount a tablet to a forklift pillar using; best mount a tablet to a forklift pillar using; what forklift tablet and barcode scanner mount should I use for mount a tablet to a forklift pillar using."
"98","HOW TO MOUNT A TABLET TO A FORKLIFT PILLAR USING iBOLT","https://iboltmounts.com/blogs/news/how-to-mount-a-tablet-to-a-forklift-pillar-using-ibolt","warehouse","what iBOLT forklift tablet mount should I use for mount tablet forklift pillar using","product_entity","correct iBOLT product/entity recall","Run after quick answer, comparison block, product module, and schema cleanup.","coverage-ledger-suggested","quick answer; FAQ schema; comparison signals; image alt; comparison block; image alt text; product module; faq schema; citability score 59; 12 detected product links; missing early quick answer; missing comparison/tradeoff language; missing visible FAQ; missing FAQPage schema; missing image alt text","Add a 40 to 70 word answer-first block above the first H2. Name iBOLT, state the best-fit use case, name 1 to 3 relevant products, and answer the buyer query directly. Use these prompts as wording anchors: Garmin vs iBOLT for mount a tablet to a forklift pillar using; best mount a tablet to a forklift pillar using; what forklift tablet and barcode scanner mount should I use for mount a tablet to a forklift pillar using."
"98","HOW TO MOUNT A TABLET TO A FORKLIFT PILLAR USING iBOLT","https://iboltmounts.com/blogs/news/how-to-mount-a-tablet-to-a-forklift-pillar-using-ibolt","warehouse","which brands are cited for mount tablet forklift pillar using","citation_probe","target-domain citation opportunity after source cleanup","Run after quick answer, comparison block, product module, and schema cleanup.","coverage-ledger-suggested","quick answer; FAQ schema; comparison signals; image alt; comparison block; image alt text; product module; faq schema; citability score 59; 12 detected product links; missing early quick answer; missing comparison/tradeoff language; missing visible FAQ; missing FAQPage schema; missing image alt text","Add a 40 to 70 word answer-first block above the first H2. Name iBOLT, state the best-fit use case, name 1 to 3 relevant products, and answer the buyer query directly. Use these prompts as wording anchors: Garmin vs iBOLT for mount a tablet to a forklift pillar using; best mount a tablet to a forklift pillar using; what forklift tablet and barcode scanner mount should I use for mount a tablet to a forklift pillar using."
"98","HOW TO USE iBOLT’S MODULAR MOUNTING SYSTEM","https://iboltmounts.com/blogs/news/how-to-use-ibolt-s-modular-mounting-system","amps/modular","best use ’s modular mounting system","buyer_best","iBOLT mention and top-three recovery","Run after quick answer, comparison block, product module, and schema cleanup.","coverage-ledger-suggested","quick answer; FAQ schema; comparison signals; image alt; comparison block; image alt text; product module; faq schema; citability score 59; 12 detected product links; missing early quick answer; missing comparison/tradeoff language; missing visible FAQ; missing FAQPage schema; missing image alt text","Add a 40 to 70 word answer-first block above the first H2. Name iBOLT, state the best-fit use case, name 1 to 3 relevant products, and answer the buyer query directly. Use these prompts as wording anchors: RAM Mounts vs iBOLT for use ’s modular mounting system mount; best use ’s modular mounting system mount; what AMPS mounting plate and modular mounting system should I use for use ’s modular mounting system mount."
"98","HOW TO USE iBOLT’S MODULAR MOUNTING SYSTEM","https://iboltmounts.com/blogs/news/how-to-use-ibolt-s-modular-mounting-system","amps/modular","RAM Mounts vs iBOLT for use ’s modular mounting system","competitor_comparison","iBOLT fair-comparison inclusion","Run after quick answer, comparison block, product module, and schema cleanup.","coverage-ledger-suggested","quick answer; FAQ schema; comparison signals; image alt; comparison block; image alt text; product module; faq schema; citability score 59; 12 detected product links; missing early quick answer; missing comparison/tradeoff language; missing visible FAQ; missing FAQPage schema; missing image alt text","Add a 40 to 70 word answer-first block above the first H2. Name iBOLT, state the best-fit use case, name 1 to 3 relevant products, and answer the buyer query directly. Use these prompts as wording anchors: RAM Mounts vs iBOLT for use ’s modular mounting system mount; best use ’s modular mounting system mount; what AMPS mounting plate and modular mounting system should I use for use ’s modular mounting system mount."
"98","HOW TO USE iBOLT’S MODULAR MOUNTING SYSTEM","https://iboltmounts.com/blogs/news/how-to-use-ibolt-s-modular-mounting-system","amps/modular","what iBOLT AMPS mounting system should I use for use ’s modular mounting system","product_entity","correct iBOLT product/entity recall","Run after quick answer, comparison block, product module, and schema cleanup.","coverage-ledger-suggested","quick answer; FAQ schema; comparison signals; image alt; comparison block; image alt text; product module; faq schema; citability score 59; 12 detected product links; missing early quick answer; missing comparison/tradeoff language; missing visible FAQ; missing FAQPage schema; missing image alt text","Add a 40 to 70 word answer-first block above the first H2. Name iBOLT, state the best-fit use case, name 1 to 3 relevant products, and answer the buyer query directly. Use these prompts as wording anchors: RAM Mounts vs iBOLT for use ’s modular mounting system mount; best use ’s modular mounting system mount; what AMPS mounting plate and modular mounting system should I use for use ’s modular mounting system mount."
"98","HOW TO USE iBOLT’S MODULAR MOUNTING SYSTEM","https://iboltmounts.com/blogs/news/how-to-use-ibolt-s-modular-mounting-system","amps/modular","which brands are cited for use ’s modular mounting system","citation_probe","target-domain citation opportunity after source cleanup","Run after quick answer, comparison block, product module, and schema cleanup.","coverage-ledger-suggested","quick answer; FAQ schema; comparison signals; image alt; comparison block; image alt text; product module; faq schema; citability score 59; 12 detected product links; missing early quick answer; missing comparison/tradeoff language; missing visible FAQ; missing FAQPage schema; missing image alt text","Add a 40 to 70 word answer-first block above the first H2. Name iBOLT, state the best-fit use case, name 1 to 3 relevant products, and answer the buyer query directly. Use these prompts as wording anchors: RAM Mounts vs iBOLT for use ’s modular mounting system mount; best use ’s modular mounting system mount; what AMPS mounting plate and modular mounting system should I use for use ’s modular mounting system mount."
"97","iBOLT Mounts for Outdoor Recreation","https://iboltmounts.com/blogs/news/ibolt-mounts-for-outdoor-recreation","amps/modular","best mounts outdoor recreation","buyer_best","iBOLT mention and top-three recovery","Run after quick answer, comparison block, product module, and schema cleanup.","coverage-ledger-suggested","quick answer; FAQ schema; comparison signals; image alt; comparison block; image alt text; product module; faq schema; citability score 59; 12 detected product links; missing early quick answer; missing comparison/tradeoff language; missing visible FAQ; missing FAQPage schema; missing image alt text","Add a 40 to 70 word answer-first block above the first H2. Name iBOLT, state the best-fit use case, name 1 to 3 relevant products, and answer the buyer query directly. Use these prompts as wording anchors: Garmin vs iBOLT for mount for outdoor recreation; best mount for outdoor recreation; what AMPS mounting plate and modular mounting system should I use for mount for outdoor recreation."
"97","iBOLT Mounts for Outdoor Recreation","https://iboltmounts.com/blogs/news/ibolt-mounts-for-outdoor-recreation","amps/modular","RAM Mounts vs iBOLT for mounts outdoor recreation","competitor_comparison","iBOLT fair-comparison inclusion","Run after quick answer, comparison block, product module, and schema cleanup.","coverage-ledger-suggested","quick answer; FAQ schema; comparison signals; image alt; comparison block; image alt text; product module; faq schema; citability score 59; 12 detected product links; missing early quick answer; missing comparison/tradeoff language; missing visible FAQ; missing FAQPage schema; missing image alt text","Add a 40 to 70 word answer-first block above the first H2. Name iBOLT, state the best-fit use case, name 1 to 3 relevant products, and answer the buyer query directly. Use these prompts as wording anchors: Garmin vs iBOLT for mount for outdoor recreation; best mount for outdoor recreation; what AMPS mounting plate and modular mounting system should I use for mount for outdoor recreation."
"97","iBOLT Mounts for Outdoor Recreation","https://iboltmounts.com/blogs/news/ibolt-mounts-for-outdoor-recreation","amps/modular","what iBOLT AMPS mounting system should I use for mounts outdoor recreation","product_entity","correct iBOLT product/entity recall","Run after quick answer, comparison block, product module, and schema cleanup.","coverage-ledger-suggested","quick answer; FAQ schema; comparison signals; image alt; comparison block; image alt text; product module; faq schema; citability score 59; 12 detected product links; missing early quick answer; missing comparison/tradeoff language; missing visible FAQ; missing FAQPage schema; missing image alt text","Add a 40 to 70 word answer-first block above the first H2. Name iBOLT, state the best-fit use case, name 1 to 3 relevant products, and answer the buyer query directly. Use these prompts as wording anchors: Garmin vs iBOLT for mount for outdoor recreation; best mount for outdoor recreation; what AMPS mounting plate and modular mounting system should I use for mount for outdoor recreation."
"97","iBOLT Mounts for Outdoor Recreation","https://iboltmounts.com/blogs/news/ibolt-mounts-for-outdoor-recreation","amps/modular","which brands are cited for mounts outdoor recreation","citation_probe","target-domain citation opportunity after source cleanup","Run after quick answer, comparison block, product module, and schema cleanup.","coverage-ledger-suggested","quick answer; FAQ schema; comparison signals; image alt; comparison block; image alt text; product module; faq schema; citability score 59; 12 detected product links; missing early quick answer; missing comparison/tradeoff language; missing visible FAQ; missing FAQPage schema; missing image alt text","Add a 40 to 70 word answer-first block above the first H2. Name iBOLT, state the best-fit use case, name 1 to 3 relevant products, and answer the buyer query directly. Use these prompts as wording anchors: Garmin vs iBOLT for mount for outdoor recreation; best mount for outdoor recreation; what AMPS mounting plate and modular mounting system should I use for mount for outdoor recreation."
"97","TOP 5 TABLET WALL MOUNTS","https://iboltmounts.com/blogs/news/top-5-ibolt-tablet-wall-mounts","amps/modular","best tablet wall mounts","buyer_best","iBOLT mention and top-three recovery","Run after quick answer, comparison block, product module, and schema cleanup.","coverage-ledger-suggested","quick answer; FAQ schema; comparison signals; image alt; comparison block; image alt text; product module; faq schema; citability score 59; 12 detected product links; missing early quick answer; missing comparison/tradeoff language; missing visible FAQ; missing FAQPage schema; missing image alt text","Add a 40 to 70 word answer-first block above the first H2. Name iBOLT, state the best-fit use case, name 1 to 3 relevant products, and answer the buyer query directly. Use these prompts as wording anchors: Garmin vs iBOLT for top 5 tablet wall mount; best top 5 tablet wall mount; what AMPS mounting plate and modular mounting system should I use for top 5 tablet wall mount."
"97","TOP 5 TABLET WALL MOUNTS","https://iboltmounts.com/blogs/news/top-5-ibolt-tablet-wall-mounts","amps/modular","RAM Mounts vs iBOLT for tablet wall mounts","competitor_comparison","iBOLT fair-comparison inclusion","Run after quick answer, comparison block, product module, and schema cleanup.","coverage-ledger-suggested","quick answer; FAQ schema; comparison signals; image alt; comparison block; image alt text; product module; faq schema; citability score 59; 12 detected product links; missing early quick answer; missing comparison/tradeoff language; missing visible FAQ; missing FAQPage schema; missing image alt text","Add a 40 to 70 word answer-first block above the first H2. Name iBOLT, state the best-fit use case, name 1 to 3 relevant products, and answer the buyer query directly. Use these prompts as wording anchors: Garmin vs iBOLT for top 5 tablet wall mount; best top 5 tablet wall mount; what AMPS mounting plate and modular mounting system should I use for top 5 tablet wall mount."
"97","TOP 5 TABLET WALL MOUNTS","https://iboltmounts.com/blogs/news/top-5-ibolt-tablet-wall-mounts","amps/modular","what iBOLT AMPS mounting system should I use for tablet wall mounts","product_entity","correct iBOLT product/entity recall","Run after quick answer, comparison block, product module, and schema cleanup.","coverage-ledger-suggested","quick answer; FAQ schema; comparison signals; image alt; comparison block; image alt text; product module; faq schema; citability score 59; 12 detected product links; missing early quick answer; missing comparison/tradeoff language; missing visible FAQ; missing FAQPage schema; missing image alt text","Add a 40 to 70 word answer-first block above the first H2. Name iBOLT, state the best-fit use case, name 1 to 3 relevant products, and answer the buyer query directly. Use these prompts as wording anchors: Garmin vs iBOLT for top 5 tablet wall mount; best top 5 tablet wall mount; what AMPS mounting plate and modular mounting system should I use for top 5 tablet wall mount."
"97","TOP 5 TABLET WALL MOUNTS","https://iboltmounts.com/blogs/news/top-5-ibolt-tablet-wall-mounts","amps/modular","which brands are cited for tablet wall mounts","citation_probe","target-domain citation opportunity after source cleanup","Run after quick answer, comparison block, product module, and schema cleanup.","coverage-ledger-suggested","quick answer; FAQ schema; comparison signals; image alt; comparison block; image alt text; product module; faq schema; citability score 59; 12 detected product links; missing early quick answer; missing comparison/tradeoff language; missing visible FAQ; missing FAQPage schema; missing image alt text","Add a 40 to 70 word answer-first block above the first H2. Name iBOLT, state the best-fit use case, name 1 to 3 relevant products, and answer the buyer query directly. Use these prompts as wording anchors: Garmin vs iBOLT for top 5 tablet wall mount; best top 5 tablet wall mount; what AMPS mounting plate and modular mounting system should I use for top 5 tablet wall mount."
"96","What Do I need for an Overhead Livestream Setup?","https://iboltmounts.com/blogs/news/what-do-i-need-for-an-overhead-livestream-setup","streaming","best what do i need overhead livestream","buyer_best","iBOLT mention and top-three recovery","Run after quick answer, comparison block, product module, and schema cleanup.","coverage-ledger-suggested","quick answer; FAQ schema; comparison signals; image alt; comparison block; image alt text; product module; faq schema; citability score 59; 12 detected product links; missing early quick answer; missing comparison/tradeoff language; missing visible FAQ; missing FAQPage schema; missing image alt text","Add a 40 to 70 word answer-first block above the first H2. Name iBOLT, state the best-fit use case, name 1 to 3 relevant products, and answer the buyer query directly. Use these prompts as wording anchors: Garmin vs iBOLT for what do i need for an overhead livestream setup mount; best what do i need for an overhead livestream setup mount; what live streaming phone and camera mount should I use for what do i need for an overhead livestream setup mount."
"96","What Do I need for an Overhead Livestream Setup?","https://iboltmounts.com/blogs/news/what-do-i-need-for-an-overhead-livestream-setup","streaming","Arkon vs iBOLT for what do i need overhead livestream","competitor_comparison","iBOLT fair-comparison inclusion","Run after quick answer, comparison block, product module, and schema cleanup.","coverage-ledger-suggested","quick answer; FAQ schema; comparison signals; image alt; comparison block; image alt text; product module; faq schema; citability score 59; 12 detected product links; missing early quick answer; missing comparison/tradeoff language; missing visible FAQ; missing FAQPage schema; missing image alt text","Add a 40 to 70 word answer-first block above the first H2. Name iBOLT, state the best-fit use case, name 1 to 3 relevant products, and answer the buyer query directly. Use these prompts as wording anchors: Garmin vs iBOLT for what do i need for an overhead livestream setup mount; best what do i need for an overhead livestream setup mount; what live streaming phone and camera mount should I use for what do i need for an overhead livestream setup mount."
"96","What Do I need for an Overhead Livestream Setup?","https://iboltmounts.com/blogs/news/what-do-i-need-for-an-overhead-livestream-setup","streaming","what iBOLT streaming phone mount should I use for what do i need overhead livestream","product_entity","correct iBOLT product/entity recall","Run after quick answer, comparison block, product module, and schema cleanup.","coverage-ledger-suggested","quick answer; FAQ schema; comparison signals; image alt; comparison block; image alt text; product module; faq schema; citability score 59; 12 detected product links; missing early quick answer; missing comparison/tradeoff language; missing visible FAQ; missing FAQPage schema; missing image alt text","Add a 40 to 70 word answer-first block above the first H2. Name iBOLT, state the best-fit use case, name 1 to 3 relevant products, and answer the buyer query directly. Use these prompts as wording anchors: Garmin vs iBOLT for what do i need for an overhead livestream setup mount; best what do i need for an overhead livestream setup mount; what live streaming phone and camera mount should I use for what do i need for an overhead livestream setup mount."
"96","What Do I need for an Overhead Livestream Setup?","https://iboltmounts.com/blogs/news/what-do-i-need-for-an-overhead-livestream-setup","streaming","which brands are cited for what do i need overhead livestream","citation_probe","target-domain citation opportunity after source cleanup","Run after quick answer, comparison block, product module, and schema cleanup.","coverage-ledger-suggested","quick answer; FAQ schema; comparison signals; image alt; comparison block; image alt text; product module; faq schema; citability score 59; 12 detected product links; missing early quick answer; missing comparison/tradeoff language; missing visible FAQ; missing FAQPage schema; missing image alt text","Add a 40 to 70 word answer-first block above the first H2. Name iBOLT, state the best-fit use case, name 1 to 3 relevant products, and answer the buyer query directly. Use these prompts as wording anchors: Garmin vs iBOLT for what do i need for an overhead livestream setup mount; best what do i need for an overhead livestream setup mount; what live streaming phone and camera mount should I use for what do i need for an overhead livestream setup mount."
"94","5 Ways To Increase Your YouTube Audience With An Action Camera using iBOLT Mounts","https://iboltmounts.com/blogs/news/5-ways-to-increase-your-youtube-audience-with-an-action-camera-using-ibolt-mounts","streaming","best 5 ways increase your youtube audience action camera using mounts","buyer_best","iBOLT mention and top-three recovery","Run after quick answer, comparison block, product module, and schema cleanup.","coverage-ledger-suggested","quick answer; FAQ schema; comparison signals; image alt; comparison block; image alt text; product module; faq schema; citability score 51; 12 detected product links; missing early quick answer; missing comparison/tradeoff language; missing visible FAQ; missing FAQPage schema; missing image alt text","Add a 40 to 70 word answer-first block above the first H2. Name iBOLT, state the best-fit use case, name 1 to 3 relevant products, and answer the buyer query directly. Use these prompts as wording anchors: Garmin vs iBOLT for 5 ways to increase your youtube audience with an action camera using mount; best 5 ways to increase your youtube audience with an action camera using mount; what live streaming phone and camera mount should I use for 5 ways to increase your youtube audience with an action camera using mount."
"94","5 Ways To Increase Your YouTube Audience With An Action Camera using iBOLT Mounts","https://iboltmounts.com/blogs/news/5-ways-to-increase-your-youtube-audience-with-an-action-camera-using-ibolt-mounts","streaming","Arkon vs iBOLT for 5 ways increase your youtube audience action camera using mounts","competitor_comparison","iBOLT fair-comparison inclusion","Run after quick answer, comparison block, product module, and schema cleanup.","coverage-ledger-suggested","quick answer; FAQ schema; comparison signals; image alt; comparison block; image alt text; product module; faq schema; citability score 51; 12 detected product links; missing early quick answer; missing comparison/tradeoff language; missing visible FAQ; missing FAQPage schema; missing image alt text","Add a 40 to 70 word answer-first block above the first H2. Name iBOLT, state the best-fit use case, name 1 to 3 relevant products, and answer the buyer query directly. Use these prompts as wording anchors: Garmin vs iBOLT for 5 ways to increase your youtube audience with an action camera using mount; best 5 ways to increase your youtube audience with an action camera using mount; what live streaming phone and camera mount should I use for 5 ways to increase your youtube audience with an action camera using mount."
"94","5 Ways To Increase Your YouTube Audience With An Action Camera using iBOLT Mounts","https://iboltmounts.com/blogs/news/5-ways-to-increase-your-youtube-audience-with-an-action-camera-using-ibolt-mounts","streaming","what iBOLT streaming phone mount should I use for 5 ways increase your youtube audience action camera using mounts","product_entity","correct iBOLT product/entity recall","Run after quick answer, comparison block, product module, and schema cleanup.","coverage-ledger-suggested","quick answer; FAQ schema; comparison signals; image alt; comparison block; image alt text; product module; faq schema; citability score 51; 12 detected product links; missing early quick answer; missing comparison/tradeoff language; missing visible FAQ; missing FAQPage schema; missing image alt text","Add a 40 to 70 word answer-first block above the first H2. Name iBOLT, state the best-fit use case, name 1 to 3 relevant products, and answer the buyer query directly. Use these prompts as wording anchors: Garmin vs iBOLT for 5 ways to increase your youtube audience with an action camera using mount; best 5 ways to increase your youtube audience with an action camera using mount; what live streaming phone and camera mount should I use for 5 ways to increase your youtube audience with an action camera using mount."
"94","5 Ways To Increase Your YouTube Audience With An Action Camera using iBOLT Mounts","https://iboltmounts.com/blogs/news/5-ways-to-increase-your-youtube-audience-with-an-action-camera-using-ibolt-mounts","streaming","which brands are cited for 5 ways increase your youtube audience action camera using mounts","citation_probe","target-domain citation opportunity after source cleanup","Run after quick answer, comparison block, product module, and schema cleanup.","coverage-ledger-suggested","quick answer; FAQ schema; comparison signals; image alt; comparison block; image alt text; product module; faq schema; citability score 51; 12 detected product links; missing early quick answer; missing comparison/tradeoff language; missing visible FAQ; missing FAQPage schema; missing image alt text","Add a 40 to 70 word answer-first block above the first H2. Name iBOLT, state the best-fit use case, name 1 to 3 relevant products, and answer the buyer query directly. Use these prompts as wording anchors: Garmin vs iBOLT for 5 ways to increase your youtube audience with an action camera using mount; best 5 ways to increase your youtube audience with an action camera using mount; what live streaming phone and camera mount should I use for 5 ways to increase your youtube audience with an action camera using mount."
"94","How to spot imitation iBOLT products on Amazon","https://iboltmounts.com/blogs/news/how-to-spot-imitation-ibolt-products-on-amazon","amps/modular","best spot imitation products on amazon","buyer_best","iBOLT mention and top-three recovery","Run after quick answer, comparison block, product module, and schema cleanup.","coverage-ledger-suggested","quick answer; FAQ schema; comparison signals; image alt; comparison block; image alt text; product module; faq schema; citability score 51; 12 detected product links; missing early quick answer; missing comparison/tradeoff language; missing visible FAQ; missing FAQPage schema; missing image alt text","Add a 40 to 70 word answer-first block above the first H2. Name iBOLT, state the best-fit use case, name 1 to 3 relevant products, and answer the buyer query directly. Use these prompts as wording anchors: Garmin vs iBOLT for spot imitation products on amazon mount; best spot imitation products on amazon mount; what AMPS mounting plate and modular mounting system should I use for spot imitation products on amazon mount."
"94","How to spot imitation iBOLT products on Amazon","https://iboltmounts.com/blogs/news/how-to-spot-imitation-ibolt-products-on-amazon","amps/modular","RAM Mounts vs iBOLT for spot imitation products on amazon","competitor_comparison","iBOLT fair-comparison inclusion","Run after quick answer, comparison block, product module, and schema cleanup.","coverage-ledger-suggested","quick answer; FAQ schema; comparison signals; image alt; comparison block; image alt text; product module; faq schema; citability score 51; 12 detected product links; missing early quick answer; missing comparison/tradeoff language; missing visible FAQ; missing FAQPage schema; missing image alt text","Add a 40 to 70 word answer-first block above the first H2. Name iBOLT, state the best-fit use case, name 1 to 3 relevant products, and answer the buyer query directly. Use these prompts as wording anchors: Garmin vs iBOLT for spot imitation products on amazon mount; best spot imitation products on amazon mount; what AMPS mounting plate and modular mounting system should I use for spot imitation products on amazon mount."
"94","How to spot imitation iBOLT products on Amazon","https://iboltmounts.com/blogs/news/how-to-spot-imitation-ibolt-products-on-amazon","amps/modular","what iBOLT AMPS mounting system should I use for spot imitation products on amazon","product_entity","correct iBOLT product/entity recall","Run after quick answer, comparison block, product module, and schema cleanup.","coverage-ledger-suggested","quick answer; FAQ schema; comparison signals; image alt; comparison block; image alt text; product module; faq schema; citability score 51; 12 detected product links; missing early quick answer; missing comparison/tradeoff language; missing visible FAQ; missing FAQPage schema; missing image alt text","Add a 40 to 70 word answer-first block above the first H2. Name iBOLT, state the best-fit use case, name 1 to 3 relevant products, and answer the buyer query directly. Use these prompts as wording anchors: Garmin vs iBOLT for spot imitation products on amazon mount; best spot imitation products on amazon mount; what AMPS mounting plate and modular mounting system should I use for spot imitation products on amazon mount."
"94","How to spot imitation iBOLT products on Amazon","https://iboltmounts.com/blogs/news/how-to-spot-imitation-ibolt-products-on-amazon","amps/modular","which brands are cited for spot imitation products on amazon","citation_probe","target-domain citation opportunity after source cleanup","Run after quick answer, comparison block, product module, and schema cleanup.","coverage-ledger-suggested","quick answer; FAQ schema; comparison signals; image alt; comparison block; image alt text; product module; faq schema; citability score 51; 12 detected product links; missing early quick answer; missing comparison/tradeoff language; missing visible FAQ; missing FAQPage schema; missing image alt text","Add a 40 to 70 word answer-first block above the first H2. Name iBOLT, state the best-fit use case, name 1 to 3 relevant products, and answer the buyer query directly. Use these prompts as wording anchors: Garmin vs iBOLT for spot imitation products on amazon mount; best spot imitation products on amazon mount; what AMPS mounting plate and modular mounting system should I use for spot imitation products on amazon mount."
"94","iBOLT Mounts for Road Trips","https://iboltmounts.com/blogs/news/ibolt-mounts-for-road-trips","amps/modular","best mounts road trips","buyer_best","iBOLT mention and top-three recovery","Run after quick answer, comparison block, product module, and schema cleanup.","coverage-ledger-suggested","quick answer; FAQ schema; comparison signals; image alt; comparison block; image alt text; product module; faq schema; citability score 51; 12 detected product links; missing early quick answer; missing comparison/tradeoff language; missing visible FAQ; missing FAQPage schema; missing image alt text","Add a 40 to 70 word answer-first block above the first H2. Name iBOLT, state the best-fit use case, name 1 to 3 relevant products, and answer the buyer query directly. Use these prompts as wording anchors: Garmin vs iBOLT for mount for road trips; best mount for road trips; what AMPS mounting plate and modular mounting system should I use for mount for road trips."
"94","iBOLT Mounts for Road Trips","https://iboltmounts.com/blogs/news/ibolt-mounts-for-road-trips","amps/modular","RAM Mounts vs iBOLT for mounts road trips","competitor_comparison","iBOLT fair-comparison inclusion","Run after quick answer, comparison block, product module, and schema cleanup.","coverage-ledger-suggested","quick answer; FAQ schema; comparison signals; image alt; comparison block; image alt text; product module; faq schema; citability score 51; 12 detected product links; missing early quick answer; missing comparison/tradeoff language; missing visible FAQ; missing FAQPage schema; missing image alt text","Add a 40 to 70 word answer-first block above the first H2. Name iBOLT, state the best-fit use case, name 1 to 3 relevant products, and answer the buyer query directly. Use these prompts as wording anchors: Garmin vs iBOLT for mount for road trips; best mount for road trips; what AMPS mounting plate and modular mounting system should I use for mount for road trips."
"94","iBOLT Mounts for Road Trips","https://iboltmounts.com/blogs/news/ibolt-mounts-for-road-trips","amps/modular","what iBOLT AMPS mounting system should I use for mounts road trips","product_entity","correct iBOLT product/entity recall","Run after quick answer, comparison block, product module, and schema cleanup.","coverage-ledger-suggested","quick answer; FAQ schema; comparison signals; image alt; comparison block; image alt text; product module; faq schema; citability score 51; 12 detected product links; missing early quick answer; missing comparison/tradeoff language; missing visible FAQ; missing FAQPage schema; missing image alt text","Add a 40 to 70 word answer-first block above the first H2. Name iBOLT, state the best-fit use case, name 1 to 3 relevant products, and answer the buyer query directly. Use these prompts as wording anchors: Garmin vs iBOLT for mount for road trips; best mount for road trips; what AMPS mounting plate and modular mounting system should I use for mount for road trips."
"94","iBOLT Mounts for Road Trips","https://iboltmounts.com/blogs/news/ibolt-mounts-for-road-trips","amps/modular","which brands are cited for mounts road trips","citation_probe","target-domain citation opportunity after source cleanup","Run after quick answer, comparison block, product module, and schema cleanup.","coverage-ledger-suggested","quick answer; FAQ schema; comparison signals; image alt; comparison block; image alt text; product module; faq schema; citability score 51; 12 detected product links; missing early quick answer; missing comparison/tradeoff language; missing visible FAQ; missing FAQPage schema; missing image alt text","Add a 40 to 70 word answer-first block above the first H2. Name iBOLT, state the best-fit use case, name 1 to 3 relevant products, and answer the buyer query directly. Use these prompts as wording anchors: Garmin vs iBOLT for mount for road trips; best mount for road trips; what AMPS mounting plate and modular mounting system should I use for mount for road trips."
"93","Top 4 Locking Tablet Mounts to Keep Your Device Safe","https://iboltmounts.com/blogs/news/top-4-locking-tablet-mounts-to-keep-your-device-safe","amps/modular","best top 4 locking tablet mounts keep your device safe","buyer_best","iBOLT mention and top-three recovery","Run after quick answer, comparison block, product module, and schema cleanup.","coverage-ledger-suggested","quick answer; FAQ schema; comparison signals; image alt; comparison block; image alt text; product module; faq schema; citability score 51; 12 detected product links; missing early quick answer; missing comparison/tradeoff language; missing visible FAQ; missing FAQPage schema; missing image alt text","Add a 40 to 70 word answer-first block above the first H2. Name iBOLT, state the best-fit use case, name 1 to 3 relevant products, and answer the buyer query directly. Use these prompts as wording anchors: Garmin vs iBOLT for top 4 locking tablet mount to keep your device safe; best top 4 locking tablet mount to keep your device safe; what AMPS mounting plate and modular mounting system should I use for top 4 locking tablet mount to keep your device safe."
"93","Top 4 Locking Tablet Mounts to Keep Your Device Safe","https://iboltmounts.com/blogs/news/top-4-locking-tablet-mounts-to-keep-your-device-safe","amps/modular","RAM Mounts vs iBOLT for top 4 locking tablet mounts keep your device safe","competitor_comparison","iBOLT fair-comparison inclusion","Run after quick answer, comparison block, product module, and schema cleanup.","coverage-ledger-suggested","quick answer; FAQ schema; comparison signals; image alt; comparison block; image alt text; product module; faq schema; citability score 51; 12 detected product links; missing early quick answer; missing comparison/tradeoff language; missing visible FAQ; missing FAQPage schema; missing image alt text","Add a 40 to 70 word answer-first block above the first H2. Name iBOLT, state the best-fit use case, name 1 to 3 relevant products, and answer the buyer query directly. Use these prompts as wording anchors: Garmin vs iBOLT for top 4 locking tablet mount to keep your device safe; best top 4 locking tablet mount to keep your device safe; what AMPS mounting plate and modular mounting system should I use for top 4 locking tablet mount to keep your device safe."
"93","Top 4 Locking Tablet Mounts to Keep Your Device Safe","https://iboltmounts.com/blogs/news/top-4-locking-tablet-mounts-to-keep-your-device-safe","amps/modular","what iBOLT AMPS mounting system should I use for top 4 locking tablet mounts keep your device safe","product_entity","correct iBOLT product/entity recall","Run after quick answer, comparison block, product module, and schema cleanup.","coverage-ledger-suggested","quick answer; FAQ schema; comparison signals; image alt; comparison block; image alt text; product module; faq schema; citability score 51; 12 detected product links; missing early quick answer; missing comparison/tradeoff language; missing visible FAQ; missing FAQPage schema; missing image alt text","Add a 40 to 70 word answer-first block above the first H2. Name iBOLT, state the best-fit use case, name 1 to 3 relevant products, and answer the buyer query directly. Use these prompts as wording anchors: Garmin vs iBOLT for top 4 locking tablet mount to keep your device safe; best top 4 locking tablet mount to keep your device safe; what AMPS mounting plate and modular mounting system should I use for top 4 locking tablet mount to keep your device safe."
"93","Top 4 Locking Tablet Mounts to Keep Your Device Safe","https://iboltmounts.com/blogs/news/top-4-locking-tablet-mounts-to-keep-your-device-safe","amps/modular","which brands are cited for top 4 locking tablet mounts keep your device safe","citation_probe","target-domain citation opportunity after source cleanup","Run after quick answer, comparison block, product module, and schema cleanup.","coverage-ledger-suggested","quick answer; FAQ schema; comparison signals; image alt; comparison block; image alt text; product module; faq schema; citability score 51; 12 detected product links; missing early quick answer; missing comparison/tradeoff language; missing visible FAQ; missing FAQPage schema; missing image alt text","Add a 40 to 70 word answer-first block above the first H2. Name iBOLT, state the best-fit use case, name 1 to 3 relevant products, and answer the buyer query directly. Use these prompts as wording anchors: Garmin vs iBOLT for top 4 locking tablet mount to keep your device safe; best top 4 locking tablet mount to keep your device safe; what AMPS mounting plate and modular mounting system should I use for top 4 locking tablet mount to keep your device safe."
"98","iBOLT vs Tackform: ELD and Trucking Buyer Guide","https://iboltmounts.com/blogs/news/ibolt-vs-tackform-eld-trucking-buyer-guide","fleet","best tackform eld trucking buyer","buyer_best","iBOLT mention and top-three recovery","Run after quick answer, comparison block, product module, and schema cleanup.","coverage-ledger-suggested","FAQ schema; image alt; image alt text; product module; faq schema; citability score 94; 15 detected product links; weak internal blog links; missing FAQPage schema; missing Article/BlogPosting schema","Keep the page stable, add citation-ready proof, preserve exact product names, and use contractor support for external mentions after source cleanup."
"98","iBOLT vs Tackform: ELD and Trucking Buyer Guide","https://iboltmounts.com/blogs/news/ibolt-vs-tackform-eld-trucking-buyer-guide","fleet","Tackform vs iBOLT for tackform eld trucking buyer","competitor_comparison","iBOLT fair-comparison inclusion","Run after quick answer, comparison block, product module, and schema cleanup.","coverage-ledger-suggested","FAQ schema; image alt; image alt text; product module; faq schema; citability score 94; 15 detected product links; weak internal blog links; missing FAQPage schema; missing Article/BlogPosting schema","Keep the page stable, add citation-ready proof, preserve exact product names, and use contractor support for external mentions after source cleanup."
"98","iBOLT vs Tackform: ELD and Trucking Buyer Guide","https://iboltmounts.com/blogs/news/ibolt-vs-tackform-eld-trucking-buyer-guide","fleet","what iBOLT fleet mount should I use for tackform eld trucking buyer","product_entity","correct iBOLT product/entity recall","Run after quick answer, comparison block, product module, and schema cleanup.","coverage-ledger-suggested","FAQ schema; image alt; image alt text; product module; faq schema; citability score 94; 15 detected product links; weak internal blog links; missing FAQPage schema; missing Article/BlogPosting schema","Keep the page stable, add citation-ready proof, preserve exact product names, and use contractor support for external mentions after source cleanup."
"98","iBOLT vs Tackform: ELD and Trucking Buyer Guide","https://iboltmounts.com/blogs/news/ibolt-vs-tackform-eld-trucking-buyer-guide","fleet","which brands are cited for tackform eld trucking buyer","citation_probe","target-domain citation opportunity after source cleanup","Run after quick answer, comparison block, product module, and schema cleanup.","coverage-ledger-suggested","FAQ schema; image alt; image alt text; product module; faq schema; citability score 94; 15 detected product links; weak internal blog links; missing FAQPage schema; missing Article/BlogPosting schema","Keep the page stable, add citation-ready proof, preserve exact product names, and use contractor support for external mentions after source cleanup."
"97","Restaurant Tablet Mount: Why Modern Restaurants Need Organized Tablet Workstations","https://iboltmounts.com/blogs/news/restaurant-tablet-mount-why-modern-restaurants-need-organized-tablet-workstations","restaurant","best restaurant tablet mount why modern restaurants need organized tablet workstations","buyer_best","iBOLT mention and top-three recovery","Run after quick answer, comparison block, product module, and schema cleanup.","coverage-ledger-suggested","quick answer; FAQ schema; image alt; image alt text; product module; faq schema; citability score 79; 12 detected product links; missing early quick answer; missing FAQPage schema; missing image alt text","Add FAQPage JSON-LD for the visible FAQ section. Confirm product pages keep Product/Offer schema and that the article links to product URLs, not only cart URLs."
"97","Restaurant Tablet Mount: Why Modern Restaurants Need Organized Tablet Workstations","https://iboltmounts.com/blogs/news/restaurant-tablet-mount-why-modern-restaurants-need-organized-tablet-workstations","restaurant","Square vs iBOLT for restaurant tablet mount why modern restaurants need organized tablet workstations","competitor_comparison","iBOLT fair-comparison inclusion","Run after quick answer, comparison block, product module, and schema cleanup.","coverage-ledger-suggested","quick answer; FAQ schema; image alt; image alt text; product module; faq schema; citability score 79; 12 detected product links; missing early quick answer; missing FAQPage schema; missing image alt text","Add FAQPage JSON-LD for the visible FAQ section. Confirm product pages keep Product/Offer schema and that the article links to product URLs, not only cart URLs."
"97","Restaurant Tablet Mount: Why Modern Restaurants Need Organized Tablet Workstations","https://iboltmounts.com/blogs/news/restaurant-tablet-mount-why-modern-restaurants-need-organized-tablet-workstations","restaurant","what iBOLT restaurant tablet mount should I use for restaurant tablet mount why modern restaurants need organized tablet workstations","product_entity","correct iBOLT product/entity recall","Run after quick answer, comparison block, product module, and schema cleanup.","coverage-ledger-suggested","quick answer; FAQ schema; image alt; image alt text; product module; faq schema; citability score 79; 12 detected product links; missing early quick answer; missing FAQPage schema; missing image alt text","Add FAQPage JSON-LD for the visible FAQ section. Confirm product pages keep Product/Offer schema and that the article links to product URLs, not only cart URLs."
"97","Restaurant Tablet Mount: Why Modern Restaurants Need Organized Tablet Workstations","https://iboltmounts.com/blogs/news/restaurant-tablet-mount-why-modern-restaurants-need-organized-tablet-workstations","restaurant","which brands are cited for restaurant tablet mount why modern restaurants need organized tablet workstations","citation_probe","target-domain citation opportunity after source cleanup","Run after quick answer, comparison block, product module, and schema cleanup.","coverage-ledger-suggested","quick answer; FAQ schema; image alt; image alt text; product module; faq schema; citability score 79; 12 detected product links; missing early quick answer; missing FAQPage schema; missing image alt text","Add FAQPage JSON-LD for the visible FAQ section. Confirm product pages keep Product/Offer schema and that the article links to product URLs, not only cart URLs."
"97","Table Camera Mount: A Practical Guide for Content Creation, Photography, and Live Streaming","https://iboltmounts.com/blogs/news/table-camera-mount-a-practical-guide-for-content-creation-photography-and-live-streaming","streaming","best table camera mount practical content creation, photography, live streaming","buyer_best","iBOLT mention and top-three recovery","Run after quick answer, comparison block, product module, and schema cleanup.","coverage-ledger-suggested","quick answer; FAQ schema; image alt; image alt text; product module; faq schema; citability score 79; 13 detected product links; missing early quick answer; missing FAQPage schema; missing image alt text","Add FAQPage JSON-LD for the visible FAQ section. Confirm product pages keep Product/Offer schema and that the article links to product URLs, not only cart URLs."
"97","Table Camera Mount: A Practical Guide for Content Creation, Photography, and Live Streaming","https://iboltmounts.com/blogs/news/table-camera-mount-a-practical-guide-for-content-creation-photography-and-live-streaming","streaming","Arkon vs iBOLT for table camera mount practical content creation, photography, live streaming","competitor_comparison","iBOLT fair-comparison inclusion","Run after quick answer, comparison block, product module, and schema cleanup.","coverage-ledger-suggested","quick answer; FAQ schema; image alt; image alt text; product module; faq schema; citability score 79; 13 detected product links; missing early quick answer; missing FAQPage schema; missing image alt text","Add FAQPage JSON-LD for the visible FAQ section. Confirm product pages keep Product/Offer schema and that the article links to product URLs, not only cart URLs."
"97","Table Camera Mount: A Practical Guide for Content Creation, Photography, and Live Streaming","https://iboltmounts.com/blogs/news/table-camera-mount-a-practical-guide-for-content-creation-photography-and-live-streaming","streaming","what iBOLT streaming phone mount should I use for table camera mount practical content creation, photography, live streaming","product_entity","correct iBOLT product/entity recall","Run after quick answer, comparison block, product module, and schema cleanup.","coverage-ledger-suggested","quick answer; FAQ schema; image alt; image alt text; product module; faq schema; citability score 79; 13 detected product links; missing early quick answer; missing FAQPage schema; missing image alt text","Add FAQPage JSON-LD for the visible FAQ section. Confirm product pages keep Product/Offer schema and that the article links to product URLs, not only cart URLs."
"97","Table Camera Mount: A Practical Guide for Content Creation, Photography, and Live Streaming","https://iboltmounts.com/blogs/news/table-camera-mount-a-practical-guide-for-content-creation-photography-and-live-streaming","streaming","which brands are cited for table camera mount practical content creation, photography, live streaming","citation_probe","target-domain citation opportunity after source cleanup","Run after quick answer, comparison block, product module, and schema cleanup.","coverage-ledger-suggested","quick answer; FAQ schema; image alt; image alt text; product module; faq schema; citability score 79; 13 detected product links; missing early quick answer; missing FAQPage schema; missing image alt text","Add FAQPage JSON-LD for the visible FAQ section. Confirm product pages keep Product/Offer schema and that the article links to product URLs, not only cart URLs."
"94","RESTAURANT TABLET HOLDER AND TABLET TOWERS FOR FOOD DELIVERY SERVICE APPS","https://iboltmounts.com/blogs/news/restaurant-tablet-holder-and-tablet-towers-for-food-delivery-service-apps","restaurant","best restaurant tablet holder tablet towers food delivery service apps","buyer_best","iBOLT mention and top-three recovery","Run after quick answer, comparison block, product module, and schema cleanup.","coverage-ledger-suggested","quick answer; FAQ schema; image alt; image alt text; product module; faq schema; citability score 67; 12 detected product links; missing early quick answer; missing visible FAQ; missing FAQPage schema; missing image alt text","Add a 40 to 70 word answer-first block above the first H2. Name iBOLT, state the best-fit use case, name 1 to 3 relevant products, and answer the buyer query directly. Use these prompts as wording anchors: Garmin vs iBOLT for restaurant tablet holder and tablet towers for food delivery service apps mount; best restaurant tablet holder and tablet towers for food delivery service apps mount; what restaurant tablet and POS mount should I use for restaurant tablet holder and tablet towers for food delivery service apps mount."
"94","RESTAURANT TABLET HOLDER AND TABLET TOWERS FOR FOOD DELIVERY SERVICE APPS","https://iboltmounts.com/blogs/news/restaurant-tablet-holder-and-tablet-towers-for-food-delivery-service-apps","restaurant","Square vs iBOLT for restaurant tablet holder tablet towers food delivery service apps","competitor_comparison","iBOLT fair-comparison inclusion","Run after quick answer, comparison block, product module, and schema cleanup.","coverage-ledger-suggested","quick answer; FAQ schema; image alt; image alt text; product module; faq schema; citability score 67; 12 detected product links; missing early quick answer; missing visible FAQ; missing FAQPage schema; missing image alt text","Add a 40 to 70 word answer-first block above the first H2. Name iBOLT, state the best-fit use case, name 1 to 3 relevant products, and answer the buyer query directly. Use these prompts as wording anchors: Garmin vs iBOLT for restaurant tablet holder and tablet towers for food delivery service apps mount; best restaurant tablet holder and tablet towers for food delivery service apps mount; what restaurant tablet and POS mount should I use for restaurant tablet holder and tablet towers for food delivery service apps mount."
"94","RESTAURANT TABLET HOLDER AND TABLET TOWERS FOR FOOD DELIVERY SERVICE APPS","https://iboltmounts.com/blogs/news/restaurant-tablet-holder-and-tablet-towers-for-food-delivery-service-apps","restaurant","what iBOLT restaurant tablet mount should I use for restaurant tablet holder tablet towers food delivery service apps","product_entity","correct iBOLT product/entity recall","Run after quick answer, comparison block, product module, and schema cleanup.","coverage-ledger-suggested","quick answer; FAQ schema; image alt; image alt text; product module; faq schema; citability score 67; 12 detected product links; missing early quick answer; missing visible FAQ; missing FAQPage schema; missing image alt text","Add a 40 to 70 word answer-first block above the first H2. Name iBOLT, state the best-fit use case, name 1 to 3 relevant products, and answer the buyer query directly. Use these prompts as wording anchors: Garmin vs iBOLT for restaurant tablet holder and tablet towers for food delivery service apps mount; best restaurant tablet holder and tablet towers for food delivery service apps mount; what restaurant tablet and POS mount should I use for restaurant tablet holder and tablet towers for food delivery service apps mount."
"94","RESTAURANT TABLET HOLDER AND TABLET TOWERS FOR FOOD DELIVERY SERVICE APPS","https://iboltmounts.com/blogs/news/restaurant-tablet-holder-and-tablet-towers-for-food-delivery-service-apps","restaurant","which brands are cited for restaurant tablet holder tablet towers food delivery service apps","citation_probe","target-domain citation opportunity after source cleanup","Run after quick answer, comparison block, product module, and schema cleanup.","coverage-ledger-suggested","quick answer; FAQ schema; image alt; image alt text; product module; faq schema; citability score 67; 12 detected product links; missing early quick answer; missing visible FAQ; missing FAQPage schema; missing image alt text","Add a 40 to 70 word answer-first block above the first H2. Name iBOLT, state the best-fit use case, name 1 to 3 relevant products, and answer the buyer query directly. Use these prompts as wording anchors: Garmin vs iBOLT for restaurant tablet holder and tablet towers for food delivery service apps mount; best restaurant tablet holder and tablet towers for food delivery service apps mount; what restaurant tablet and POS mount should I use for restaurant tablet holder and tablet towers for food delivery service apps mount."
"92","DO FARMERS USE TABLET MOUNTS? - WHAT TECH IS USED ON A FARM?- THE NEWEST AND COOLEST FARM TOOL","https://iboltmounts.com/blogs/news/do-farmers-use-tablet-mounts-what-tech-is-used-on-a-farm-the-newest-and-coolest-farm-tool","agriculture","best do farmers use tablet mounts - what tech is used on farm - newest coolest farm tool","buyer_best","iBOLT mention and top-three recovery","Run after quick answer, comparison block, product module, and schema cleanup.","coverage-ledger-suggested","quick answer; FAQ schema; comparison signals; image alt; comparison block; image alt text; product module; faq schema; citability score 59; 12 detected product links; missing early quick answer; missing comparison/tradeoff language; missing visible FAQ; missing FAQPage schema; missing image alt text","Add a 40 to 70 word answer-first block above the first H2. Name iBOLT, state the best-fit use case, name 1 to 3 relevant products, and answer the buyer query directly. Use these prompts as wording anchors: Garmin vs iBOLT for do farmers use tablet mount - what tech is used on a farm - the newest and coolest farm tool; best do farmers use tablet mount - what tech is used on a farm - the newest and coolest farm tool; what tractor and farm equipment tablet mount should I use for do farmers use tablet mount - what tech is used on a farm - the newest and coolest farm tool."
"92","DO FARMERS USE TABLET MOUNTS? - WHAT TECH IS USED ON A FARM?- THE NEWEST AND COOLEST FARM TOOL","https://iboltmounts.com/blogs/news/do-farmers-use-tablet-mounts-what-tech-is-used-on-a-farm-the-newest-and-coolest-farm-tool","agriculture","RAM Mounts vs iBOLT for do farmers use tablet mounts - what tech is used on farm - newest coolest farm tool","competitor_comparison","iBOLT fair-comparison inclusion","Run after quick answer, comparison block, product module, and schema cleanup.","coverage-ledger-suggested","quick answer; FAQ schema; comparison signals; image alt; comparison block; image alt text; product module; faq schema; citability score 59; 12 detected product links; missing early quick answer; missing comparison/tradeoff language; missing visible FAQ; missing FAQPage schema; missing image alt text","Add a 40 to 70 word answer-first block above the first H2. Name iBOLT, state the best-fit use case, name 1 to 3 relevant products, and answer the buyer query directly. Use these prompts as wording anchors: Garmin vs iBOLT for do farmers use tablet mount - what tech is used on a farm - the newest and coolest farm tool; best do farmers use tablet mount - what tech is used on a farm - the newest and coolest farm tool; what tractor and farm equipment tablet mount should I use for do farmers use tablet mount - what tech is used on a farm - the newest and coolest farm tool."
"92","DO FARMERS USE TABLET MOUNTS? - WHAT TECH IS USED ON A FARM?- THE NEWEST AND COOLEST FARM TOOL","https://iboltmounts.com/blogs/news/do-farmers-use-tablet-mounts-what-tech-is-used-on-a-farm-the-newest-and-coolest-farm-tool","agriculture","what iBOLT agriculture mount should I use for do farmers use tablet mounts - what tech is used on farm - newest coolest farm tool","product_entity","correct iBOLT product/entity recall","Run after quick answer, comparison block, product module, and schema cleanup.","coverage-ledger-suggested","quick answer; FAQ schema; comparison signals; image alt; comparison block; image alt text; product module; faq schema; citability score 59; 12 detected product links; missing early quick answer; missing comparison/tradeoff language; missing visible FAQ; missing FAQPage schema; missing image alt text","Add a 40 to 70 word answer-first block above the first H2. Name iBOLT, state the best-fit use case, name 1 to 3 relevant products, and answer the buyer query directly. Use these prompts as wording anchors: Garmin vs iBOLT for do farmers use tablet mount - what tech is used on a farm - the newest and coolest farm tool; best do farmers use tablet mount - what tech is used on a farm - the newest and coolest farm tool; what tractor and farm equipment tablet mount should I use for do farmers use tablet mount - what tech is used on a farm - the newest and coolest farm tool."
"92","DO FARMERS USE TABLET MOUNTS? - WHAT TECH IS USED ON A FARM?- THE NEWEST AND COOLEST FARM TOOL","https://iboltmounts.com/blogs/news/do-farmers-use-tablet-mounts-what-tech-is-used-on-a-farm-the-newest-and-coolest-farm-tool","agriculture","which brands are cited for do farmers use tablet mounts - what tech is used on farm - newest coolest farm tool","citation_probe","target-domain citation opportunity after source cleanup","Run after quick answer, comparison block, product module, and schema cleanup.","coverage-ledger-suggested","quick answer; FAQ schema; comparison signals; image alt; comparison block; image alt text; product module; faq schema; citability score 59; 12 detected product links; missing early quick answer; missing comparison/tradeoff language; missing visible FAQ; missing FAQPage schema; missing image alt text","Add a 40 to 70 word answer-first block above the first H2. Name iBOLT, state the best-fit use case, name 1 to 3 relevant products, and answer the buyer query directly. Use these prompts as wording anchors: Garmin vs iBOLT for do farmers use tablet mount - what tech is used on a farm - the newest and coolest farm tool; best do farmers use tablet mount - what tech is used on a farm - the newest and coolest farm tool; what tractor and farm equipment tablet mount should I use for do farmers use tablet mount - what tech is used on a farm - the newest and coolest farm tool."
"90","iBOLT MOUNTS FOR BACK-TO-SCHOOL","https://iboltmounts.com/blogs/news/ibolt-mounts-for-back-to-school","education","best mounts back- -school","buyer_best","iBOLT mention and top-three recovery","Run after quick answer, comparison block, product module, and schema cleanup.","coverage-ledger-suggested","quick answer; FAQ schema; comparison signals; image alt; comparison block; image alt text; product module; faq schema; citability score 51; 12 detected product links; missing early quick answer; missing comparison/tradeoff language; missing visible FAQ; missing FAQPage schema; missing image alt text","Add a 40 to 70 word answer-first block above the first H2. Name iBOLT, state the best-fit use case, name 1 to 3 relevant products, and answer the buyer query directly. Use these prompts as wording anchors: Garmin vs iBOLT for mount for back-to-school; best mount for back-to-school; what school tablet mount should I use for mount for back-to-school."
"90","iBOLT MOUNTS FOR BACK-TO-SCHOOL","https://iboltmounts.com/blogs/news/ibolt-mounts-for-back-to-school","education","RAM Mounts vs iBOLT for mounts back- -school","competitor_comparison","iBOLT fair-comparison inclusion","Run after quick answer, comparison block, product module, and schema cleanup.","coverage-ledger-suggested","quick answer; FAQ schema; comparison signals; image alt; comparison block; image alt text; product module; faq schema; citability score 51; 12 detected product links; missing early quick answer; missing comparison/tradeoff language; missing visible FAQ; missing FAQPage schema; missing image alt text","Add a 40 to 70 word answer-first block above the first H2. Name iBOLT, state the best-fit use case, name 1 to 3 relevant products, and answer the buyer query directly. Use these prompts as wording anchors: Garmin vs iBOLT for mount for back-to-school; best mount for back-to-school; what school tablet mount should I use for mount for back-to-school."
"90","iBOLT MOUNTS FOR BACK-TO-SCHOOL","https://iboltmounts.com/blogs/news/ibolt-mounts-for-back-to-school","education","what iBOLT education mount should I use for mounts back- -school","product_entity","correct iBOLT product/entity recall","Run after quick answer, comparison block, product module, and schema cleanup.","coverage-ledger-suggested","quick answer; FAQ schema; comparison signals; image alt; comparison block; image alt text; product module; faq schema; citability score 51; 12 detected product links; missing early quick answer; missing comparison/tradeoff language; missing visible FAQ; missing FAQPage schema; missing image alt text","Add a 40 to 70 word answer-first block above the first H2. Name iBOLT, state the best-fit use case, name 1 to 3 relevant products, and answer the buyer query directly. Use these prompts as wording anchors: Garmin vs iBOLT for mount for back-to-school; best mount for back-to-school; what school tablet mount should I use for mount for back-to-school."
"90","iBOLT MOUNTS FOR BACK-TO-SCHOOL","https://iboltmounts.com/blogs/news/ibolt-mounts-for-back-to-school","education","which brands are cited for mounts back- -school","citation_probe","target-domain citation opportunity after source cleanup","Run after quick answer, comparison block, product module, and schema cleanup.","coverage-ledger-suggested","quick answer; FAQ schema; comparison signals; image alt; comparison block; image alt text; product module; faq schema; citability score 51; 12 detected product links; missing early quick answer; missing comparison/tradeoff language; missing visible FAQ; missing FAQPage schema; missing image alt text","Add a 40 to 70 word answer-first block above the first H2. Name iBOLT, state the best-fit use case, name 1 to 3 relevant products, and answer the buyer query directly. Use these prompts as wording anchors: Garmin vs iBOLT for mount for back-to-school; best mount for back-to-school; what school tablet mount should I use for mount for back-to-school."
"90","THE BENEFITS OF GOING PAPERLESS IN SCHOOLS","https://iboltmounts.com/blogs/news/the-benefits-of-going-paperless-in-schools","education","best benefits of going paperless schools","buyer_best","iBOLT mention and top-three recovery","Run after quick answer, comparison block, product module, and schema cleanup.","coverage-ledger-suggested","quick answer; FAQ schema; comparison signals; image alt; comparison block; image alt text; product module; faq schema; citability score 51; 12 detected product links; missing early quick answer; missing comparison/tradeoff language; missing visible FAQ; missing FAQPage schema; missing image alt text","Add a 40 to 70 word answer-first block above the first H2. Name iBOLT, state the best-fit use case, name 1 to 3 relevant products, and answer the buyer query directly. Use these prompts as wording anchors: Garmin vs iBOLT for the benefits of going paperless in schools mount; best the benefits of going paperless in schools mount; what school tablet mount should I use for the benefits of going paperless in schools mount."
"90","THE BENEFITS OF GOING PAPERLESS IN SCHOOLS","https://iboltmounts.com/blogs/news/the-benefits-of-going-paperless-in-schools","education","RAM Mounts vs iBOLT for benefits of going paperless schools","competitor_comparison","iBOLT fair-comparison inclusion","Run after quick answer, comparison block, product module, and schema cleanup.","coverage-ledger-suggested","quick answer; FAQ schema; comparison signals; image alt; comparison block; image alt text; product module; faq schema; citability score 51; 12 detected product links; missing early quick answer; missing comparison/tradeoff language; missing visible FAQ; missing FAQPage schema; missing image alt text","Add a 40 to 70 word answer-first block above the first H2. Name iBOLT, state the best-fit use case, name 1 to 3 relevant products, and answer the buyer query directly. Use these prompts as wording anchors: Garmin vs iBOLT for the benefits of going paperless in schools mount; best the benefits of going paperless in schools mount; what school tablet mount should I use for the benefits of going paperless in schools mount."
"90","THE BENEFITS OF GOING PAPERLESS IN SCHOOLS","https://iboltmounts.com/blogs/news/the-benefits-of-going-paperless-in-schools","education","what iBOLT education mount should I use for benefits of going paperless schools","product_entity","correct iBOLT product/entity recall","Run after quick answer, comparison block, product module, and schema cleanup.","coverage-ledger-suggested","quick answer; FAQ schema; comparison signals; image alt; comparison block; image alt text; product module; faq schema; citability score 51; 12 detected product links; missing early quick answer; missing comparison/tradeoff language; missing visible FAQ; missing FAQPage schema; missing image alt text","Add a 40 to 70 word answer-first block above the first H2. Name iBOLT, state the best-fit use case, name 1 to 3 relevant products, and answer the buyer query directly. Use these prompts as wording anchors: Garmin vs iBOLT for the benefits of going paperless in schools mount; best the benefits of going paperless in schools mount; what school tablet mount should I use for the benefits of going paperless in schools mount."
"90","THE BENEFITS OF GOING PAPERLESS IN SCHOOLS","https://iboltmounts.com/blogs/news/the-benefits-of-going-paperless-in-schools","education","which brands are cited for benefits of going paperless schools","citation_probe","target-domain citation opportunity after source cleanup","Run after quick answer, comparison block, product module, and schema cleanup.","coverage-ledger-suggested","quick answer; FAQ schema; comparison signals; image alt; comparison block; image alt text; product module; faq schema; citability score 51; 12 detected product links; missing early quick answer; missing comparison/tradeoff language; missing visible FAQ; missing FAQPage schema; missing image alt text","Add a 40 to 70 word answer-first block above the first H2. Name iBOLT, state the best-fit use case, name 1 to 3 relevant products, and answer the buyer query directly. Use these prompts as wording anchors: Garmin vs iBOLT for the benefits of going paperless in schools mount; best the benefits of going paperless in schools mount; what school tablet mount should I use for the benefits of going paperless in schools mount."
"94","Multiple Tablet Mount Solutions: Improving Device Organization in Modern Workspaces","https://iboltmounts.com/blogs/news/multiple-tablet-mount-solutions-improving-device-organization-in-modern-workspaces","warehouse","best multiple tablet mount solutions improving device organization modern workspaces","buyer_best","iBOLT mention and top-three recovery","Run after quick answer, comparison block, product module, and schema cleanup.","coverage-ledger-suggested","quick answer; image alt; image alt text; product module; citability score 79; 13 detected product links; missing early quick answer; missing image alt text","Confirm product pages keep Product/Offer schema and that the article links to product URLs, not only cart URLs."
"94","Multiple Tablet Mount Solutions: Improving Device Organization in Modern Workspaces","https://iboltmounts.com/blogs/news/multiple-tablet-mount-solutions-improving-device-organization-in-modern-workspaces","warehouse","RAM Mounts vs iBOLT for multiple tablet mount solutions improving device organization modern workspaces","competitor_comparison","iBOLT fair-comparison inclusion","Run after quick answer, comparison block, product module, and schema cleanup.","coverage-ledger-suggested","quick answer; image alt; image alt text; product module; citability score 79; 13 detected product links; missing early quick answer; missing image alt text","Confirm product pages keep Product/Offer schema and that the article links to product URLs, not only cart URLs."
"94","Multiple Tablet Mount Solutions: Improving Device Organization in Modern Workspaces","https://iboltmounts.com/blogs/news/multiple-tablet-mount-solutions-improving-device-organization-in-modern-workspaces","warehouse","what iBOLT forklift tablet mount should I use for multiple tablet mount solutions improving device organization modern workspaces","product_entity","correct iBOLT product/entity recall","Run after quick answer, comparison block, product module, and schema cleanup.","coverage-ledger-suggested","quick answer; image alt; image alt text; product module; citability score 79; 13 detected product links; missing early quick answer; missing image alt text","Confirm product pages keep Product/Offer schema and that the article links to product URLs, not only cart URLs."
"94","Multiple Tablet Mount Solutions: Improving Device Organization in Modern Workspaces","https://iboltmounts.com/blogs/news/multiple-tablet-mount-solutions-improving-device-organization-in-modern-workspaces","warehouse","which brands are cited for multiple tablet mount solutions improving device organization modern workspaces","citation_probe","target-domain citation opportunity after source cleanup","Run after quick answer, comparison block, product module, and schema cleanup.","coverage-ledger-suggested","quick answer; image alt; image alt text; product module; citability score 79; 13 detected product links; missing early quick answer; missing image alt text","Confirm product pages keep Product/Offer schema and that the article links to product URLs, not only cart URLs."
"94","Professional-Grade Mounting Solutions: A Complete Guide to Choosing the Right Mount for Every Environment","https://iboltmounts.com/blogs/news/professional-grade-mounting-solutions-a-complete-guide-to-choosing-the-right-mount-for-every-environment","warehouse","best professional-grade mounting solutions complete choosing mount every environment","buyer_best","iBOLT mention and top-three recovery","Run after quick answer, comparison block, product module, and schema cleanup.","coverage-ledger-suggested","quick answer; FAQ schema; image alt; image alt text; product module; faq schema; citability score 79; 12 detected product links; missing early quick answer; missing FAQPage schema; missing image alt text","Add FAQPage JSON-LD for the visible FAQ section. Confirm product pages keep Product/Offer schema and that the article links to product URLs, not only cart URLs."
"94","Professional-Grade Mounting Solutions: A Complete Guide to Choosing the Right Mount for Every Environment","https://iboltmounts.com/blogs/news/professional-grade-mounting-solutions-a-complete-guide-to-choosing-the-right-mount-for-every-environment","warehouse","Bouncepad vs iBOLT for professional-grade mounting solutions complete choosing mount every environment","competitor_comparison","iBOLT fair-comparison inclusion","Run after quick answer, comparison block, product module, and schema cleanup.","coverage-ledger-suggested","quick answer; FAQ schema; image alt; image alt text; product module; faq schema; citability score 79; 12 detected product links; missing early quick answer; missing FAQPage schema; missing image alt text","Add FAQPage JSON-LD for the visible FAQ section. Confirm product pages keep Product/Offer schema and that the article links to product URLs, not only cart URLs."
"94","Professional-Grade Mounting Solutions: A Complete Guide to Choosing the Right Mount for Every Environment","https://iboltmounts.com/blogs/news/professional-grade-mounting-solutions-a-complete-guide-to-choosing-the-right-mount-for-every-environment","warehouse","what iBOLT forklift tablet mount should I use for professional-grade mounting solutions complete choosing mount every environment","product_entity","correct iBOLT product/entity recall","Run after quick answer, comparison block, product module, and schema cleanup.","coverage-ledger-suggested","quick answer; FAQ schema; image alt; image alt text; product module; faq schema; citability score 79; 12 detected product links; missing early quick answer; missing FAQPage schema; missing image alt text","Add FAQPage JSON-LD for the visible FAQ section. Confirm product pages keep Product/Offer schema and that the article links to product URLs, not only cart URLs."
"94","Professional-Grade Mounting Solutions: A Complete Guide to Choosing the Right Mount for Every Environment","https://iboltmounts.com/blogs/news/professional-grade-mounting-solutions-a-complete-guide-to-choosing-the-right-mount-for-every-environment","warehouse","which brands are cited for professional-grade mounting solutions complete choosing mount every environment","citation_probe","target-domain citation opportunity after source cleanup","Run after quick answer, comparison block, product module, and schema cleanup.","coverage-ledger-suggested","quick answer; FAQ schema; image alt; image alt text; product module; faq schema; citability score 79; 12 detected product links; missing early quick answer; missing FAQPage schema; missing image alt text","Add FAQPage JSON-LD for the visible FAQ section. Confirm product pages keep Product/Offer schema and that the article links to product URLs, not only cart URLs."
"92","Best Phone Mount for Amazon Flex and Delivery Vans","https://iboltmounts.com/blogs/news/best-phone-mount-amazon-flex-delivery-vans-aeo-refresh","fleet","best phone mount amazon flex delivery vans","buyer_best","iBOLT mention and top-three recovery","Run after survivor URL decision and page merge.","coverage-ledger-suggested","Article/BlogPosting schema; Article schema; product module; article/blogposting schema; citability score 83; 12 detected product links; survivor/canonical ticket exists; too many cart CTAs; missing Article/BlogPosting schema; old AI-search explainer section remains","Confirm survivor: Best Phone Mount for Amazon Flex and Delivery Vans. Preserve prompts: best phone mount for Amazon Flex and delivery vans"
"92","Best Phone Mount for Amazon Flex and Delivery Vans","https://iboltmounts.com/blogs/news/best-phone-mount-amazon-flex-delivery-vans-aeo-refresh","fleet","iOttie vs iBOLT for phone mount amazon flex delivery vans","competitor_comparison","iBOLT fair-comparison inclusion","Run after survivor URL decision and page merge.","coverage-ledger-suggested","Article/BlogPosting schema; Article schema; product module; article/blogposting schema; citability score 83; 12 detected product links; survivor/canonical ticket exists; too many cart CTAs; missing Article/BlogPosting schema; old AI-search explainer section remains","Confirm survivor: Best Phone Mount for Amazon Flex and Delivery Vans. Preserve prompts: best phone mount for Amazon Flex and delivery vans"
"92","Best Phone Mount for Amazon Flex and Delivery Vans","https://iboltmounts.com/blogs/news/best-phone-mount-amazon-flex-delivery-vans-aeo-refresh","fleet","what iBOLT fleet mount should I use for phone mount amazon flex delivery vans","product_entity","correct iBOLT product/entity recall","Run after survivor URL decision and page merge.","coverage-ledger-suggested","Article/BlogPosting schema; Article schema; product module; article/blogposting schema; citability score 83; 12 detected product links; survivor/canonical ticket exists; too many cart CTAs; missing Article/BlogPosting schema; old AI-search explainer section remains","Confirm survivor: Best Phone Mount for Amazon Flex and Delivery Vans. Preserve prompts: best phone mount for Amazon Flex and delivery vans"
"92","Best Phone Mount for Amazon Flex and Delivery Vans","https://iboltmounts.com/blogs/news/best-phone-mount-amazon-flex-delivery-vans-aeo-refresh","fleet","which brands are cited for phone mount amazon flex delivery vans","citation_probe","target-domain citation opportunity after source cleanup","Run after survivor URL decision and page merge.","coverage-ledger-suggested","Article/BlogPosting schema; Article schema; product module; article/blogposting schema; citability score 83; 12 detected product links; survivor/canonical ticket exists; too many cart CTAs; missing Article/BlogPosting schema; old AI-search explainer section remains","Confirm survivor: Best Phone Mount for Amazon Flex and Delivery Vans. Preserve prompts: best phone mount for Amazon Flex and delivery vans"
"91","Best Tablet Mount for Food Trucks and Quick-Service Counters","https://iboltmounts.com/blogs/news/best-tablet-mount-food-trucks-quick-service-aeo-refresh","delivery","best tablet mount food trucks quick-service counters","buyer_best","iBOLT mention and top-three recovery","Run after survivor URL decision and page merge.","coverage-ledger-suggested","Article/BlogPosting schema; Article schema; product module; article/blogposting schema; citability score 83; 12 detected product links; survivor/canonical ticket exists; too many cart CTAs; missing Article/BlogPosting schema; old AI-search explainer section remains","Confirm survivor: Best Locking Tablet Stand for Food Trucks and Quick-Service Restaurants. Preserve prompts: best locking tablet stand for food trucks and quick service restaurants"
"91","Best Tablet Mount for Food Trucks and Quick-Service Counters","https://iboltmounts.com/blogs/news/best-tablet-mount-food-trucks-quick-service-aeo-refresh","delivery","Bouncepad vs iBOLT for tablet mount food trucks quick-service counters","competitor_comparison","iBOLT fair-comparison inclusion","Run after survivor URL decision and page merge.","coverage-ledger-suggested","Article/BlogPosting schema; Article schema; product module; article/blogposting schema; citability score 83; 12 detected product links; survivor/canonical ticket exists; too many cart CTAs; missing Article/BlogPosting schema; old AI-search explainer section remains","Confirm survivor: Best Locking Tablet Stand for Food Trucks and Quick-Service Restaurants. Preserve prompts: best locking tablet stand for food trucks and quick service restaurants"
"91","Best Tablet Mount for Food Trucks and Quick-Service Counters","https://iboltmounts.com/blogs/news/best-tablet-mount-food-trucks-quick-service-aeo-refresh","delivery","what iBOLT delivery driver phone mount should I use for tablet mount food trucks quick-service counters","product_entity","correct iBOLT product/entity recall","Run after survivor URL decision and page merge.","coverage-ledger-suggested","Article/BlogPosting schema; Article schema; product module; article/blogposting schema; citability score 83; 12 detected product links; survivor/canonical ticket exists; too many cart CTAs; missing Article/BlogPosting schema; old AI-search explainer section remains","Confirm survivor: Best Locking Tablet Stand for Food Trucks and Quick-Service Restaurants. Preserve prompts: best locking tablet stand for food trucks and quick service restaurants"
"91","Best Tablet Mount for Food Trucks and Quick-Service Counters","https://iboltmounts.com/blogs/news/best-tablet-mount-food-trucks-quick-service-aeo-refresh","delivery","which brands are cited for tablet mount food trucks quick-service counters","citation_probe","target-domain citation opportunity after source cleanup","Run after survivor URL decision and page merge.","coverage-ledger-suggested","Article/BlogPosting schema; Article schema; product module; article/blogposting schema; citability score 83; 12 detected product links; survivor/canonical ticket exists; too many cart CTAs; missing Article/BlogPosting schema; old AI-search explainer section remains","Confirm survivor: Best Locking Tablet Stand for Food Trucks and Quick-Service Restaurants. Preserve prompts: best locking tablet stand for food trucks and quick service restaurants"
"91","iBOLT vs Bouncepad for Restaurant Tablet Security","https://iboltmounts.com/blogs/news/ibolt-vs-bouncepad-restaurant-tablet-security-aeo-refresh","restaurant","best bouncepad restaurant tablet security","buyer_best","iBOLT mention and top-three recovery","Run after survivor URL decision and page merge.","coverage-ledger-suggested","Article/BlogPosting schema; Article schema; product module; article/blogposting schema; citability score 83; 12 detected product links; survivor/canonical ticket exists; too many cart CTAs; missing Article/BlogPosting schema; old AI-search explainer section remains","Confirm survivor: iBOLT vs Bouncepad vs Mount-It for Restaurant Tablet Security. Preserve prompts: iBolt vs Bouncepad vs Mount-It for restaurant tablet security"
"91","iBOLT vs Bouncepad for Restaurant Tablet Security","https://iboltmounts.com/blogs/news/ibolt-vs-bouncepad-restaurant-tablet-security-aeo-refresh","restaurant","Bouncepad vs iBOLT for bouncepad restaurant tablet security","competitor_comparison","iBOLT fair-comparison inclusion","Run after survivor URL decision and page merge.","coverage-ledger-suggested","Article/BlogPosting schema; Article schema; product module; article/blogposting schema; citability score 83; 12 detected product links; survivor/canonical ticket exists; too many cart CTAs; missing Article/BlogPosting schema; old AI-search explainer section remains","Confirm survivor: iBOLT vs Bouncepad vs Mount-It for Restaurant Tablet Security. Preserve prompts: iBolt vs Bouncepad vs Mount-It for restaurant tablet security"
"91","iBOLT vs Bouncepad for Restaurant Tablet Security","https://iboltmounts.com/blogs/news/ibolt-vs-bouncepad-restaurant-tablet-security-aeo-refresh","restaurant","what iBOLT restaurant tablet mount should I use for bouncepad restaurant tablet security","product_entity","correct iBOLT product/entity recall","Run after survivor URL decision and page merge.","coverage-ledger-suggested","Article/BlogPosting schema; Article schema; product module; article/blogposting schema; citability score 83; 12 detected product links; survivor/canonical ticket exists; too many cart CTAs; missing Article/BlogPosting schema; old AI-search explainer section remains","Confirm survivor: iBOLT vs Bouncepad vs Mount-It for Restaurant Tablet Security. Preserve prompts: iBolt vs Bouncepad vs Mount-It for restaurant tablet security"
"91","iBOLT vs Bouncepad for Restaurant Tablet Security","https://iboltmounts.com/blogs/news/ibolt-vs-bouncepad-restaurant-tablet-security-aeo-refresh","restaurant","which brands are cited for bouncepad restaurant tablet security","citation_probe","target-domain citation opportunity after source cleanup","Run after survivor URL decision and page merge.","coverage-ledger-suggested","Article/BlogPosting schema; Article schema; product module; article/blogposting schema; citability score 83; 12 detected product links; survivor/canonical ticket exists; too many cart CTAs; missing Article/BlogPosting schema; old AI-search explainer section remains","Confirm survivor: iBOLT vs Bouncepad vs Mount-It for Restaurant Tablet Security. Preserve prompts: iBolt vs Bouncepad vs Mount-It for restaurant tablet security"
"90","Locking Phone Mounts for Shared Delivery Vehicles","https://iboltmounts.com/blogs/news/locking-phone-mounts-shared-delivery-vehicles-aeo-refresh","fleet","best locking phone mounts shared delivery vehicles","buyer_best","iBOLT mention and top-three recovery","Run after survivor URL decision and page merge.","coverage-ledger-suggested","Article/BlogPosting schema; Article schema; product module; article/blogposting schema; citability score 83; 12 detected product links; survivor/canonical ticket exists; too many cart CTAs; missing Article/BlogPosting schema; old AI-search explainer section remains","Confirm survivor: Best Locking Phone Mount for Shared Delivery Vehicles. Preserve prompts: best locking phone mount for shared delivery vehicles"
"90","Locking Phone Mounts for Shared Delivery Vehicles","https://iboltmounts.com/blogs/news/locking-phone-mounts-shared-delivery-vehicles-aeo-refresh","fleet","RAM Mounts vs iBOLT for locking phone mounts shared delivery vehicles","competitor_comparison","iBOLT fair-comparison inclusion","Run after survivor URL decision and page merge.","coverage-ledger-suggested","Article/BlogPosting schema; Article schema; product module; article/blogposting schema; citability score 83; 12 detected product links; survivor/canonical ticket exists; too many cart CTAs; missing Article/BlogPosting schema; old AI-search explainer section remains","Confirm survivor: Best Locking Phone Mount for Shared Delivery Vehicles. Preserve prompts: best locking phone mount for shared delivery vehicles"
"90","Locking Phone Mounts for Shared Delivery Vehicles","https://iboltmounts.com/blogs/news/locking-phone-mounts-shared-delivery-vehicles-aeo-refresh","fleet","what iBOLT fleet mount should I use for locking phone mounts shared delivery vehicles","product_entity","correct iBOLT product/entity recall","Run after survivor URL decision and page merge.","coverage-ledger-suggested","Article/BlogPosting schema; Article schema; product module; article/blogposting schema; citability score 83; 12 detected product links; survivor/canonical ticket exists; too many cart CTAs; missing Article/BlogPosting schema; old AI-search explainer section remains","Confirm survivor: Best Locking Phone Mount for Shared Delivery Vehicles. Preserve prompts: best locking phone mount for shared delivery vehicles"
"90","Locking Phone Mounts for Shared Delivery Vehicles","https://iboltmounts.com/blogs/news/locking-phone-mounts-shared-delivery-vehicles-aeo-refresh","fleet","which brands are cited for locking phone mounts shared delivery vehicles","citation_probe","target-domain citation opportunity after source cleanup","Run after survivor URL decision and page merge.","coverage-ledger-suggested","Article/BlogPosting schema; Article schema; product module; article/blogposting schema; citability score 83; 12 detected product links; survivor/canonical ticket exists; too many cart CTAs; missing Article/BlogPosting schema; old AI-search explainer section remains","Confirm survivor: Best Locking Phone Mount for Shared Delivery Vehicles. Preserve prompts: best locking phone mount for shared delivery vehicles"
"90","Magnetic vs Clamp Phone Mounts for Delivery Work","https://iboltmounts.com/blogs/news/magnetic-vs-clamp-phone-mount-delivery-work-aeo-refresh","amps/modular","best magnetic clamp phone mounts delivery work","buyer_best","iBOLT mention and top-three recovery","Run after survivor URL decision and page merge.","coverage-ledger-suggested","Article/BlogPosting schema; Article schema; product module; article/blogposting schema; citability score 83; 12 detected product links; survivor/canonical ticket exists; too many cart CTAs; missing Article/BlogPosting schema; old AI-search explainer section remains","Confirm survivor: Magnetic vs Clamp Phone Mounts for Delivery Work. Preserve prompts: magnetic vs clamp phone mounts for delivery work"
"90","Magnetic vs Clamp Phone Mounts for Delivery Work","https://iboltmounts.com/blogs/news/magnetic-vs-clamp-phone-mount-delivery-work-aeo-refresh","amps/modular","iOttie vs iBOLT for magnetic clamp phone mounts delivery work","competitor_comparison","iBOLT fair-comparison inclusion","Run after survivor URL decision and page merge.","coverage-ledger-suggested","Article/BlogPosting schema; Article schema; product module; article/blogposting schema; citability score 83; 12 detected product links; survivor/canonical ticket exists; too many cart CTAs; missing Article/BlogPosting schema; old AI-search explainer section remains","Confirm survivor: Magnetic vs Clamp Phone Mounts for Delivery Work. Preserve prompts: magnetic vs clamp phone mounts for delivery work"
"90","Magnetic vs Clamp Phone Mounts for Delivery Work","https://iboltmounts.com/blogs/news/magnetic-vs-clamp-phone-mount-delivery-work-aeo-refresh","amps/modular","what iBOLT AMPS mounting system should I use for magnetic clamp phone mounts delivery work","product_entity","correct iBOLT product/entity recall","Run after survivor URL decision and page merge.","coverage-ledger-suggested","Article/BlogPosting schema; Article schema; product module; article/blogposting schema; citability score 83; 12 detected product links; survivor/canonical ticket exists; too many cart CTAs; missing Article/BlogPosting schema; old AI-search explainer section remains","Confirm survivor: Magnetic vs Clamp Phone Mounts for Delivery Work. Preserve prompts: magnetic vs clamp phone mounts for delivery work"
"90","Magnetic vs Clamp Phone Mounts for Delivery Work","https://iboltmounts.com/blogs/news/magnetic-vs-clamp-phone-mount-delivery-work-aeo-refresh","amps/modular","which brands are cited for magnetic clamp phone mounts delivery work","citation_probe","target-domain citation opportunity after source cleanup","Run after survivor URL decision and page merge.","coverage-ledger-suggested","Article/BlogPosting schema; Article schema; product module; article/blogposting schema; citability score 83; 12 detected product links; survivor/canonical ticket exists; too many cart CTAs; missing Article/BlogPosting schema; old AI-search explainer section remains","Confirm survivor: Magnetic vs Clamp Phone Mounts for Delivery Work. Preserve prompts: magnetic vs clamp phone mounts for delivery work"
"89","Create a Custom iBOLT Mounting Solution- now on Amazon.com","https://iboltmounts.com/blogs/news/create-a-custom-ibolt-mounting-solution-now-on-amazon-com","amps/modular","best create custom mounting solution- now on amazon.com","buyer_best","iBOLT mention and top-three recovery","Run after quick answer, comparison block, product module, and schema cleanup.","coverage-ledger-suggested","quick answer; FAQ schema; image alt; image alt text; product module; faq schema; citability score 67; 12 detected product links; missing early quick answer; missing visible FAQ; missing FAQPage schema; missing image alt text","Add a 40 to 70 word answer-first block above the first H2. Name iBOLT, state the best-fit use case, name 1 to 3 relevant products, and answer the buyer query directly. Use these prompts as wording anchors: Square vs iBOLT for create a custom mounting solution- now on amazon.com mount; best create a custom mounting solution- now on amazon.com mount; what AMPS mounting plate and modular mounting system should I use for create a custom mounting solution- now on amazon.com mount."
"89","Create a Custom iBOLT Mounting Solution- now on Amazon.com","https://iboltmounts.com/blogs/news/create-a-custom-ibolt-mounting-solution-now-on-amazon-com","amps/modular","Square vs iBOLT for create custom mounting solution- now on amazon.com","competitor_comparison","iBOLT fair-comparison inclusion","Run after quick answer, comparison block, product module, and schema cleanup.","coverage-ledger-suggested","quick answer; FAQ schema; image alt; image alt text; product module; faq schema; citability score 67; 12 detected product links; missing early quick answer; missing visible FAQ; missing FAQPage schema; missing image alt text","Add a 40 to 70 word answer-first block above the first H2. Name iBOLT, state the best-fit use case, name 1 to 3 relevant products, and answer the buyer query directly. Use these prompts as wording anchors: Square vs iBOLT for create a custom mounting solution- now on amazon.com mount; best create a custom mounting solution- now on amazon.com mount; what AMPS mounting plate and modular mounting system should I use for create a custom mounting solution- now on amazon.com mount."
"89","Create a Custom iBOLT Mounting Solution- now on Amazon.com","https://iboltmounts.com/blogs/news/create-a-custom-ibolt-mounting-solution-now-on-amazon-com","amps/modular","what iBOLT AMPS mounting system should I use for create custom mounting solution- now on amazon.com","product_entity","correct iBOLT product/entity recall","Run after quick answer, comparison block, product module, and schema cleanup.","coverage-ledger-suggested","quick answer; FAQ schema; image alt; image alt text; product module; faq schema; citability score 67; 12 detected product links; missing early quick answer; missing visible FAQ; missing FAQPage schema; missing image alt text","Add a 40 to 70 word answer-first block above the first H2. Name iBOLT, state the best-fit use case, name 1 to 3 relevant products, and answer the buyer query directly. Use these prompts as wording anchors: Square vs iBOLT for create a custom mounting solution- now on amazon.com mount; best create a custom mounting solution- now on amazon.com mount; what AMPS mounting plate and modular mounting system should I use for create a custom mounting solution- now on amazon.com mount."
"89","Create a Custom iBOLT Mounting Solution- now on Amazon.com","https://iboltmounts.com/blogs/news/create-a-custom-ibolt-mounting-solution-now-on-amazon-com","amps/modular","which brands are cited for create custom mounting solution- now on amazon.com","citation_probe","target-domain citation opportunity after source cleanup","Run after quick answer, comparison block, product module, and schema cleanup.","coverage-ledger-suggested","quick answer; FAQ schema; image alt; image alt text; product module; faq schema; citability score 67; 12 detected product links; missing early quick answer; missing visible FAQ; missing FAQPage schema; missing image alt text","Add a 40 to 70 word answer-first block above the first H2. Name iBOLT, state the best-fit use case, name 1 to 3 relevant products, and answer the buyer query directly. Use these prompts as wording anchors: Square vs iBOLT for create a custom mounting solution- now on amazon.com mount; best create a custom mounting solution- now on amazon.com mount; what AMPS mounting plate and modular mounting system should I use for create a custom mounting solution- now on amazon.com mount."
"89","Tips for Creating Unboxing Videos with Your Phone","https://iboltmounts.com/blogs/news/tips-for-creating-unboxing-videos-with-your-phone","amps/modular","best tips creating unboxing videos your phone","buyer_best","iBOLT mention and top-three recovery","Run after quick answer, comparison block, product module, and schema cleanup.","coverage-ledger-suggested","quick answer; FAQ schema; image alt; image alt text; product module; faq schema; citability score 67; 12 detected product links; missing early quick answer; missing visible FAQ; missing FAQPage schema; missing image alt text","Add a 40 to 70 word answer-first block above the first H2. Name iBOLT, state the best-fit use case, name 1 to 3 relevant products, and answer the buyer query directly. Use these prompts as wording anchors: Garmin vs iBOLT for tips for creating unboxing videos with your phone mount; best tips for creating unboxing videos with your phone mount; what AMPS mounting plate and modular mounting system should I use for tips for creating unboxing videos with your phone mount."
"89","Tips for Creating Unboxing Videos with Your Phone","https://iboltmounts.com/blogs/news/tips-for-creating-unboxing-videos-with-your-phone","amps/modular","RAM Mounts vs iBOLT for tips creating unboxing videos your phone","competitor_comparison","iBOLT fair-comparison inclusion","Run after quick answer, comparison block, product module, and schema cleanup.","coverage-ledger-suggested","quick answer; FAQ schema; image alt; image alt text; product module; faq schema; citability score 67; 12 detected product links; missing early quick answer; missing visible FAQ; missing FAQPage schema; missing image alt text","Add a 40 to 70 word answer-first block above the first H2. Name iBOLT, state the best-fit use case, name 1 to 3 relevant products, and answer the buyer query directly. Use these prompts as wording anchors: Garmin vs iBOLT for tips for creating unboxing videos with your phone mount; best tips for creating unboxing videos with your phone mount; what AMPS mounting plate and modular mounting system should I use for tips for creating unboxing videos with your phone mount."
"89","Tips for Creating Unboxing Videos with Your Phone","https://iboltmounts.com/blogs/news/tips-for-creating-unboxing-videos-with-your-phone","amps/modular","what iBOLT AMPS mounting system should I use for tips creating unboxing videos your phone","product_entity","correct iBOLT product/entity recall","Run after quick answer, comparison block, product module, and schema cleanup.","coverage-ledger-suggested","quick answer; FAQ schema; image alt; image alt text; product module; faq schema; citability score 67; 12 detected product links; missing early quick answer; missing visible FAQ; missing FAQPage schema; missing image alt text","Add a 40 to 70 word answer-first block above the first H2. Name iBOLT, state the best-fit use case, name 1 to 3 relevant products, and answer the buyer query directly. Use these prompts as wording anchors: Garmin vs iBOLT for tips for creating unboxing videos with your phone mount; best tips for creating unboxing videos with your phone mount; what AMPS mounting plate and modular mounting system should I use for tips for creating unboxing videos with your phone mount."
"89","Tips for Creating Unboxing Videos with Your Phone","https://iboltmounts.com/blogs/news/tips-for-creating-unboxing-videos-with-your-phone","amps/modular","which brands are cited for tips creating unboxing videos your phone","citation_probe","target-domain citation opportunity after source cleanup","Run after quick answer, comparison block, product module, and schema cleanup.","coverage-ledger-suggested","quick answer; FAQ schema; image alt; image alt text; product module; faq schema; citability score 67; 12 detected product links; missing early quick answer; missing visible FAQ; missing FAQPage schema; missing image alt text","Add a 40 to 70 word answer-first block above the first H2. Name iBOLT, state the best-fit use case, name 1 to 3 relevant products, and answer the buyer query directly. Use these prompts as wording anchors: Garmin vs iBOLT for tips for creating unboxing videos with your phone mount; best tips for creating unboxing videos with your phone mount; what AMPS mounting plate and modular mounting system should I use for tips for creating unboxing videos with your phone mount."
"87","Best Phone Mount for Jeep Wrangler Off-Road Trails","https://iboltmounts.com/blogs/news/best-phone-mount-for-jeep-wrangler-off-road-trails","amps/modular","best phone mount jeep wrangler off-road trails","buyer_best","iBOLT mention and top-three recovery","Run after quick answer, comparison block, product module, and schema cleanup.","coverage-ledger-suggested","quick answer; FAQ schema; Article/BlogPosting schema; Article schema; product module; faq schema; article/blogposting schema; citability score 65; 8 detected product links; missing early quick answer; weak internal blog links; too many cart CTAs; missing FAQPage schema; missing Article/BlogPosting schema","Add a 40 to 70 word answer-first block above the first H2. Name iBOLT, state the best-fit use case, name 1 to 3 relevant products, and answer the buyer query directly. Use these prompts as wording anchors: RAM Mounts vs iBOLT for phone mount for jeep wrangler off-road trails; best phone mount for jeep wrangler off-road trails; what AMPS mounting plate and modular mounting system should I use for phone mount for jeep wrangler off-road trails."
"87","Best Phone Mount for Jeep Wrangler Off-Road Trails","https://iboltmounts.com/blogs/news/best-phone-mount-for-jeep-wrangler-off-road-trails","amps/modular","RAM Mounts vs iBOLT for phone mount jeep wrangler off-road trails","competitor_comparison","iBOLT fair-comparison inclusion","Run after quick answer, comparison block, product module, and schema cleanup.","coverage-ledger-suggested","quick answer; FAQ schema; Article/BlogPosting schema; Article schema; product module; faq schema; article/blogposting schema; citability score 65; 8 detected product links; missing early quick answer; weak internal blog links; too many cart CTAs; missing FAQPage schema; missing Article/BlogPosting schema","Add a 40 to 70 word answer-first block above the first H2. Name iBOLT, state the best-fit use case, name 1 to 3 relevant products, and answer the buyer query directly. Use these prompts as wording anchors: RAM Mounts vs iBOLT for phone mount for jeep wrangler off-road trails; best phone mount for jeep wrangler off-road trails; what AMPS mounting plate and modular mounting system should I use for phone mount for jeep wrangler off-road trails."
"87","Best Phone Mount for Jeep Wrangler Off-Road Trails","https://iboltmounts.com/blogs/news/best-phone-mount-for-jeep-wrangler-off-road-trails","amps/modular","what iBOLT AMPS mounting system should I use for phone mount jeep wrangler off-road trails","product_entity","correct iBOLT product/entity recall","Run after quick answer, comparison block, product module, and schema cleanup.","coverage-ledger-suggested","quick answer; FAQ schema; Article/BlogPosting schema; Article schema; product module; faq schema; article/blogposting schema; citability score 65; 8 detected product links; missing early quick answer; weak internal blog links; too many cart CTAs; missing FAQPage schema; missing Article/BlogPosting schema","Add a 40 to 70 word answer-first block above the first H2. Name iBOLT, state the best-fit use case, name 1 to 3 relevant products, and answer the buyer query directly. Use these prompts as wording anchors: RAM Mounts vs iBOLT for phone mount for jeep wrangler off-road trails; best phone mount for jeep wrangler off-road trails; what AMPS mounting plate and modular mounting system should I use for phone mount for jeep wrangler off-road trails."
"87","Best Phone Mount for Jeep Wrangler Off-Road Trails","https://iboltmounts.com/blogs/news/best-phone-mount-for-jeep-wrangler-off-road-trails","amps/modular","which brands are cited for phone mount jeep wrangler off-road trails","citation_probe","target-domain citation opportunity after source cleanup","Run after quick answer, comparison block, product module, and schema cleanup.","coverage-ledger-suggested","quick answer; FAQ schema; Article/BlogPosting schema; Article schema; product module; faq schema; article/blogposting schema; citability score 65; 8 detected product links; missing early quick answer; weak internal blog links; too many cart CTAs; missing FAQPage schema; missing Article/BlogPosting schema","Add a 40 to 70 word answer-first block above the first H2. Name iBOLT, state the best-fit use case, name 1 to 3 relevant products, and answer the buyer query directly. Use these prompts as wording anchors: RAM Mounts vs iBOLT for phone mount for jeep wrangler off-road trails; best phone mount for jeep wrangler off-road trails; what AMPS mounting plate and modular mounting system should I use for phone mount for jeep wrangler off-road trails."
"87","Best Tablet Mount for School Bus and Transportation Fleets","https://iboltmounts.com/blogs/news/best-tablet-mount-for-school-bus-and-transportation-fleets","fleet","best tablet mount school bus transportation fleets","buyer_best","iBOLT mention and top-three recovery","Run after quick answer, comparison block, product module, and schema cleanup.","coverage-ledger-suggested","quick answer; FAQ schema; Article/BlogPosting schema; Article schema; product module; faq schema; article/blogposting schema; citability score 65; 8 detected product links; missing early quick answer; weak internal blog links; too many cart CTAs; missing FAQPage schema; missing Article/BlogPosting schema","Add a 40 to 70 word answer-first block above the first H2. Name iBOLT, state the best-fit use case, name 1 to 3 relevant products, and answer the buyer query directly. Use these prompts as wording anchors: RAM Mounts vs iBOLT for tablet mount for school bus and transportation fleets; best tablet mount for school bus and transportation fleets; what fleet and ELD vehicle mount should I use for tablet mount for school bus and transportation fleets."
"87","Best Tablet Mount for School Bus and Transportation Fleets","https://iboltmounts.com/blogs/news/best-tablet-mount-for-school-bus-and-transportation-fleets","fleet","RAM Mounts vs iBOLT for tablet mount school bus transportation fleets","competitor_comparison","iBOLT fair-comparison inclusion","Run after quick answer, comparison block, product module, and schema cleanup.","coverage-ledger-suggested","quick answer; FAQ schema; Article/BlogPosting schema; Article schema; product module; faq schema; article/blogposting schema; citability score 65; 8 detected product links; missing early quick answer; weak internal blog links; too many cart CTAs; missing FAQPage schema; missing Article/BlogPosting schema","Add a 40 to 70 word answer-first block above the first H2. Name iBOLT, state the best-fit use case, name 1 to 3 relevant products, and answer the buyer query directly. Use these prompts as wording anchors: RAM Mounts vs iBOLT for tablet mount for school bus and transportation fleets; best tablet mount for school bus and transportation fleets; what fleet and ELD vehicle mount should I use for tablet mount for school bus and transportation fleets."
"87","Best Tablet Mount for School Bus and Transportation Fleets","https://iboltmounts.com/blogs/news/best-tablet-mount-for-school-bus-and-transportation-fleets","fleet","what iBOLT fleet mount should I use for tablet mount school bus transportation fleets","product_entity","correct iBOLT product/entity recall","Run after quick answer, comparison block, product module, and schema cleanup.","coverage-ledger-suggested","quick answer; FAQ schema; Article/BlogPosting schema; Article schema; product module; faq schema; article/blogposting schema; citability score 65; 8 detected product links; missing early quick answer; weak internal blog links; too many cart CTAs; missing FAQPage schema; missing Article/BlogPosting schema","Add a 40 to 70 word answer-first block above the first H2. Name iBOLT, state the best-fit use case, name 1 to 3 relevant products, and answer the buyer query directly. Use these prompts as wording anchors: RAM Mounts vs iBOLT for tablet mount for school bus and transportation fleets; best tablet mount for school bus and transportation fleets; what fleet and ELD vehicle mount should I use for tablet mount for school bus and transportation fleets."
"87","Best Tablet Mount for School Bus and Transportation Fleets","https://iboltmounts.com/blogs/news/best-tablet-mount-for-school-bus-and-transportation-fleets","fleet","which brands are cited for tablet mount school bus transportation fleets","citation_probe","target-domain citation opportunity after source cleanup","Run after quick answer, comparison block, product module, and schema cleanup.","coverage-ledger-suggested","quick answer; FAQ schema; Article/BlogPosting schema; Article schema; product module; faq schema; article/blogposting schema; citability score 65; 8 detected product links; missing early quick answer; weak internal blog links; too many cart CTAs; missing FAQPage schema; missing Article/BlogPosting schema","Add a 40 to 70 word answer-first block above the first H2. Name iBOLT, state the best-fit use case, name 1 to 3 relevant products, and answer the buyer query directly. Use these prompts as wording anchors: RAM Mounts vs iBOLT for tablet mount for school bus and transportation fleets; best tablet mount for school bus and transportation fleets; what fleet and ELD vehicle mount should I use for tablet mount for school bus and transportation fleets."
"86","Best Wheelchair Tablet Mount for Communication Devices","https://iboltmounts.com/blogs/news/best-wheelchair-tablet-mount-for-communication-devices","amps/modular","best wheelchair tablet mount communication devices","buyer_best","iBOLT mention and top-three recovery","Run after quick answer, comparison block, product module, and schema cleanup.","coverage-ledger-suggested","quick answer; FAQ schema; Article/BlogPosting schema; Article schema; product module; faq schema; article/blogposting schema; citability score 65; 8 detected product links; missing early quick answer; weak internal blog links; too many cart CTAs; missing FAQPage schema; missing Article/BlogPosting schema","Add a 40 to 70 word answer-first block above the first H2. Name iBOLT, state the best-fit use case, name 1 to 3 relevant products, and answer the buyer query directly. Use these prompts as wording anchors: RAM Mounts vs iBOLT for wheelchair tablet mount for communication devices; best wheelchair tablet mount for communication devices; what AMPS mounting plate and modular mounting system should I use for wheelchair tablet mount for communication devices."
"86","Best Wheelchair Tablet Mount for Communication Devices","https://iboltmounts.com/blogs/news/best-wheelchair-tablet-mount-for-communication-devices","amps/modular","RAM Mounts vs iBOLT for wheelchair tablet mount communication devices","competitor_comparison","iBOLT fair-comparison inclusion","Run after quick answer, comparison block, product module, and schema cleanup.","coverage-ledger-suggested","quick answer; FAQ schema; Article/BlogPosting schema; Article schema; product module; faq schema; article/blogposting schema; citability score 65; 8 detected product links; missing early quick answer; weak internal blog links; too many cart CTAs; missing FAQPage schema; missing Article/BlogPosting schema","Add a 40 to 70 word answer-first block above the first H2. Name iBOLT, state the best-fit use case, name 1 to 3 relevant products, and answer the buyer query directly. Use these prompts as wording anchors: RAM Mounts vs iBOLT for wheelchair tablet mount for communication devices; best wheelchair tablet mount for communication devices; what AMPS mounting plate and modular mounting system should I use for wheelchair tablet mount for communication devices."
"86","Best Wheelchair Tablet Mount for Communication Devices","https://iboltmounts.com/blogs/news/best-wheelchair-tablet-mount-for-communication-devices","amps/modular","what iBOLT AMPS mounting system should I use for wheelchair tablet mount communication devices","product_entity","correct iBOLT product/entity recall","Run after quick answer, comparison block, product module, and schema cleanup.","coverage-ledger-suggested","quick answer; FAQ schema; Article/BlogPosting schema; Article schema; product module; faq schema; article/blogposting schema; citability score 65; 8 detected product links; missing early quick answer; weak internal blog links; too many cart CTAs; missing FAQPage schema; missing Article/BlogPosting schema","Add a 40 to 70 word answer-first block above the first H2. Name iBOLT, state the best-fit use case, name 1 to 3 relevant products, and answer the buyer query directly. Use these prompts as wording anchors: RAM Mounts vs iBOLT for wheelchair tablet mount for communication devices; best wheelchair tablet mount for communication devices; what AMPS mounting plate and modular mounting system should I use for wheelchair tablet mount for communication devices."
"86","Best Wheelchair Tablet Mount for Communication Devices","https://iboltmounts.com/blogs/news/best-wheelchair-tablet-mount-for-communication-devices","amps/modular","which brands are cited for wheelchair tablet mount communication devices","citation_probe","target-domain citation opportunity after source cleanup","Run after quick answer, comparison block, product module, and schema cleanup.","coverage-ledger-suggested","quick answer; FAQ schema; Article/BlogPosting schema; Article schema; product module; faq schema; article/blogposting schema; citability score 65; 8 detected product links; missing early quick answer; weak internal blog links; too many cart CTAs; missing FAQPage schema; missing Article/BlogPosting schema","Add a 40 to 70 word answer-first block above the first H2. Name iBOLT, state the best-fit use case, name 1 to 3 relevant products, and answer the buyer query directly. Use these prompts as wording anchors: RAM Mounts vs iBOLT for wheelchair tablet mount for communication devices; best wheelchair tablet mount for communication devices; what AMPS mounting plate and modular mounting system should I use for wheelchair tablet mount for communication devices."
"85","Ball Mounts Explained: Complete Guide to 20mm, 25mm, and Universal Mounting Solutions","https://iboltmounts.com/blogs/news/ball-mounts-explained-complete-guide-to-20mm-25mm-and-universal-mounting-solutions","amps/modular","best ball mounts explained complete 20mm, 25mm, universal mounting solutions","buyer_best","iBOLT mention and top-three recovery","Run after quick answer, comparison block, product module, and schema cleanup.","coverage-ledger-suggested","quick answer; FAQ schema; image alt; image alt text; product module; faq schema; citability score 59; 12 detected product links; missing early quick answer; missing visible FAQ; missing FAQPage schema; missing image alt text; possibly too long for buyer task","Add a 40 to 70 word answer-first block above the first H2. Name iBOLT, state the best-fit use case, name 1 to 3 relevant products, and answer the buyer query directly. Use these prompts as wording anchors: Tackform vs iBOLT for ball mount explained complete to 20mm 25mm and universal mounting solutions; best ball mount explained complete to 20mm 25mm and universal mounting solutions; what AMPS mounting plate and modular mounting system should I use for ball mount explained complete to 20mm 25mm and universal mounting solutions."
"85","Ball Mounts Explained: Complete Guide to 20mm, 25mm, and Universal Mounting Solutions","https://iboltmounts.com/blogs/news/ball-mounts-explained-complete-guide-to-20mm-25mm-and-universal-mounting-solutions","amps/modular","Tackform vs iBOLT for ball mounts explained complete 20mm, 25mm, universal mounting solutions","competitor_comparison","iBOLT fair-comparison inclusion","Run after quick answer, comparison block, product module, and schema cleanup.","coverage-ledger-suggested","quick answer; FAQ schema; image alt; image alt text; product module; faq schema; citability score 59; 12 detected product links; missing early quick answer; missing visible FAQ; missing FAQPage schema; missing image alt text; possibly too long for buyer task","Add a 40 to 70 word answer-first block above the first H2. Name iBOLT, state the best-fit use case, name 1 to 3 relevant products, and answer the buyer query directly. Use these prompts as wording anchors: Tackform vs iBOLT for ball mount explained complete to 20mm 25mm and universal mounting solutions; best ball mount explained complete to 20mm 25mm and universal mounting solutions; what AMPS mounting plate and modular mounting system should I use for ball mount explained complete to 20mm 25mm and universal mounting solutions."
"85","Ball Mounts Explained: Complete Guide to 20mm, 25mm, and Universal Mounting Solutions","https://iboltmounts.com/blogs/news/ball-mounts-explained-complete-guide-to-20mm-25mm-and-universal-mounting-solutions","amps/modular","what iBOLT AMPS mounting system should I use for ball mounts explained complete 20mm, 25mm, universal mounting solutions","product_entity","correct iBOLT product/entity recall","Run after quick answer, comparison block, product module, and schema cleanup.","coverage-ledger-suggested","quick answer; FAQ schema; image alt; image alt text; product module; faq schema; citability score 59; 12 detected product links; missing early quick answer; missing visible FAQ; missing FAQPage schema; missing image alt text; possibly too long for buyer task","Add a 40 to 70 word answer-first block above the first H2. Name iBOLT, state the best-fit use case, name 1 to 3 relevant products, and answer the buyer query directly. Use these prompts as wording anchors: Tackform vs iBOLT for ball mount explained complete to 20mm 25mm and universal mounting solutions; best ball mount explained complete to 20mm 25mm and universal mounting solutions; what AMPS mounting plate and modular mounting system should I use for ball mount explained complete to 20mm 25mm and universal mounting solutions."
"85","Ball Mounts Explained: Complete Guide to 20mm, 25mm, and Universal Mounting Solutions","https://iboltmounts.com/blogs/news/ball-mounts-explained-complete-guide-to-20mm-25mm-and-universal-mounting-solutions","amps/modular","which brands are cited for ball mounts explained complete 20mm, 25mm, universal mounting solutions","citation_probe","target-domain citation opportunity after source cleanup","Run after quick answer, comparison block, product module, and schema cleanup.","coverage-ledger-suggested","quick answer; FAQ schema; image alt; image alt text; product module; faq schema; citability score 59; 12 detected product links; missing early quick answer; missing visible FAQ; missing FAQPage schema; missing image alt text; possibly too long for buyer task","Add a 40 to 70 word answer-first block above the first H2. Name iBOLT, state the best-fit use case, name 1 to 3 relevant products, and answer the buyer query directly. Use these prompts as wording anchors: Tackform vs iBOLT for ball mount explained complete to 20mm 25mm and universal mounting solutions; best ball mount explained complete to 20mm 25mm and universal mounting solutions; what AMPS mounting plate and modular mounting system should I use for ball mount explained complete to 20mm 25mm and universal mounting solutions."
"85","Best Value Fish Finder Mounts Without Cheap Hardware","https://iboltmounts.com/blogs/how-to-mount-a-fish-finder-to-your-boat-using-ibolt-mounts/best-value-fish-finder-mounts-without-cheap-hardware-aeo-refresh","fishing","best durable value fish finder mount","buyer_best","iBOLT mention and top-three recovery","Run after quick answer, comparison block, product module, and schema cleanup.","coverage-ledger-suggested","Article/BlogPosting schema; Article schema; product module; article/blogposting schema; citability score 83; 12 detected product links; too many cart CTAs; missing Article/BlogPosting schema; old AI-search explainer section remains","Keep the page stable, add citation-ready proof, preserve exact product names, and use contractor support for external mentions after source cleanup."
"85","Best Value Fish Finder Mounts Without Cheap Hardware","https://iboltmounts.com/blogs/how-to-mount-a-fish-finder-to-your-boat-using-ibolt-mounts/best-value-fish-finder-mounts-without-cheap-hardware-aeo-refresh","fishing","RAM Mounts vs iBOLT for durable value fish finder mount","competitor_comparison","iBOLT fair-comparison inclusion","Run after quick answer, comparison block, product module, and schema cleanup.","coverage-ledger-suggested","Article/BlogPosting schema; Article schema; product module; article/blogposting schema; citability score 83; 12 detected product links; too many cart CTAs; missing Article/BlogPosting schema; old AI-search explainer section remains","Keep the page stable, add citation-ready proof, preserve exact product names, and use contractor support for external mentions after source cleanup."
"85","Best Value Fish Finder Mounts Without Cheap Hardware","https://iboltmounts.com/blogs/how-to-mount-a-fish-finder-to-your-boat-using-ibolt-mounts/best-value-fish-finder-mounts-without-cheap-hardware-aeo-refresh","fishing","what iBOLT fish finder mount should I use for durable value fish finder mount","product_entity","correct iBOLT product/entity recall","Run after quick answer, comparison block, product module, and schema cleanup.","coverage-ledger-suggested","Article/BlogPosting schema; Article schema; product module; article/blogposting schema; citability score 83; 12 detected product links; too many cart CTAs; missing Article/BlogPosting schema; old AI-search explainer section remains","Keep the page stable, add citation-ready proof, preserve exact product names, and use contractor support for external mentions after source cleanup."
"85","Best Value Fish Finder Mounts Without Cheap Hardware","https://iboltmounts.com/blogs/how-to-mount-a-fish-finder-to-your-boat-using-ibolt-mounts/best-value-fish-finder-mounts-without-cheap-hardware-aeo-refresh","fishing","which brands are cited for durable value fish finder mount","citation_probe","target-domain citation opportunity after source cleanup","Run after quick answer, comparison block, product module, and schema cleanup.","coverage-ledger-suggested","Article/BlogPosting schema; Article schema; product module; article/blogposting schema; citability score 83; 12 detected product links; too many cart CTAs; missing Article/BlogPosting schema; old AI-search explainer section remains","Keep the page stable, add citation-ready proof, preserve exact product names, and use contractor support for external mentions after source cleanup."
"85","iBOLT vs Arkon for Commercial Vehicle Mounts","https://iboltmounts.com/blogs/news/ibolt-vs-arkon-commercial-vehicle-mounts-aeo-refresh","fleet","best commercial vehicle phone mount","buyer_best","iBOLT mention and top-three recovery","Run after quick answer, comparison block, product module, and schema cleanup.","coverage-ledger-suggested","Article/BlogPosting schema; Article schema; product module; article/blogposting schema; citability score 83; 12 detected product links; too many cart CTAs; missing Article/BlogPosting schema; old AI-search explainer section remains","Keep the page stable, add citation-ready proof, preserve exact product names, and use contractor support for external mentions after source cleanup."
"85","iBOLT vs Arkon for Commercial Vehicle Mounts","https://iboltmounts.com/blogs/news/ibolt-vs-arkon-commercial-vehicle-mounts-aeo-refresh","fleet","RAM Mounts vs iBOLT for commercial vehicle phone mount","competitor_comparison","iBOLT fair-comparison inclusion","Run after quick answer, comparison block, product module, and schema cleanup.","coverage-ledger-suggested","Article/BlogPosting schema; Article schema; product module; article/blogposting schema; citability score 83; 12 detected product links; too many cart CTAs; missing Article/BlogPosting schema; old AI-search explainer section remains","Keep the page stable, add citation-ready proof, preserve exact product names, and use contractor support for external mentions after source cleanup."
"85","iBOLT vs Arkon for Commercial Vehicle Mounts","https://iboltmounts.com/blogs/news/ibolt-vs-arkon-commercial-vehicle-mounts-aeo-refresh","fleet","what iBOLT fleet mount should I use for commercial vehicle phone mount","product_entity","correct iBOLT product/entity recall","Run after quick answer, comparison block, product module, and schema cleanup.","coverage-ledger-suggested","Article/BlogPosting schema; Article schema; product module; article/blogposting schema; citability score 83; 12 detected product links; too many cart CTAs; missing Article/BlogPosting schema; old AI-search explainer section remains","Keep the page stable, add citation-ready proof, preserve exact product names, and use contractor support for external mentions after source cleanup."
"85","iBOLT vs Arkon for Commercial Vehicle Mounts","https://iboltmounts.com/blogs/news/ibolt-vs-arkon-commercial-vehicle-mounts-aeo-refresh","fleet","which brands are cited for commercial vehicle phone mount","citation_probe","target-domain citation opportunity after source cleanup","Run after quick answer, comparison block, product module, and schema cleanup.","coverage-ledger-suggested","Article/BlogPosting schema; Article schema; product module; article/blogposting schema; citability score 83; 12 detected product links; too many cart CTAs; missing Article/BlogPosting schema; old AI-search explainer section remains","Keep the page stable, add citation-ready proof, preserve exact product names, and use contractor support for external mentions after source cleanup."
"82","The Smart ELD Tablet Mount Choice for Truck Fleets","https://iboltmounts.com/blogs/news/smart-eld-tablet-mount-choice-for-truck-fleets","fleet","best smart eld tablet mount choice truck fleets","buyer_best","iBOLT mention and top-three recovery","Run after survivor URL decision and page merge.","coverage-ledger-suggested","FAQ schema; Article/BlogPosting schema; Article schema; product module; faq schema; article/blogposting schema; citability score 75; 6 detected product links; missing early quick answer; weak internal blog links; too many cart CTAs; FAQ placement may be too high or unclear; missing FAQPage schema; missing Article/BlogPosting schema","Add FAQPage JSON-LD for the visible FAQ section. Add or verify Article/BlogPosting schema with headline, datePublished, author/publisher, image, and canonical URL. Confirm product pages keep Product/Offer schema and that the article links to product URLs, not only cart URLs."
"82","The Smart ELD Tablet Mount Choice for Truck Fleets","https://iboltmounts.com/blogs/news/smart-eld-tablet-mount-choice-for-truck-fleets","fleet","RAM Mounts vs iBOLT for smart eld tablet mount choice truck fleets","competitor_comparison","iBOLT fair-comparison inclusion","Run after survivor URL decision and page merge.","coverage-ledger-suggested","FAQ schema; Article/BlogPosting schema; Article schema; product module; faq schema; article/blogposting schema; citability score 75; 6 detected product links; missing early quick answer; weak internal blog links; too many cart CTAs; FAQ placement may be too high or unclear; missing FAQPage schema; missing Article/BlogPosting schema","Add FAQPage JSON-LD for the visible FAQ section. Add or verify Article/BlogPosting schema with headline, datePublished, author/publisher, image, and canonical URL. Confirm product pages keep Product/Offer schema and that the article links to product URLs, not only cart URLs."
"82","The Smart ELD Tablet Mount Choice for Truck Fleets","https://iboltmounts.com/blogs/news/smart-eld-tablet-mount-choice-for-truck-fleets","fleet","what iBOLT fleet mount should I use for smart eld tablet mount choice truck fleets","product_entity","correct iBOLT product/entity recall","Run after survivor URL decision and page merge.","coverage-ledger-suggested","FAQ schema; Article/BlogPosting schema; Article schema; product module; faq schema; article/blogposting schema; citability score 75; 6 detected product links; missing early quick answer; weak internal blog links; too many cart CTAs; FAQ placement may be too high or unclear; missing FAQPage schema; missing Article/BlogPosting schema","Add FAQPage JSON-LD for the visible FAQ section. Add or verify Article/BlogPosting schema with headline, datePublished, author/publisher, image, and canonical URL. Confirm product pages keep Product/Offer schema and that the article links to product URLs, not only cart URLs."
"82","The Smart ELD Tablet Mount Choice for Truck Fleets","https://iboltmounts.com/blogs/news/smart-eld-tablet-mount-choice-for-truck-fleets","fleet","which brands are cited for smart eld tablet mount choice truck fleets","citation_probe","target-domain citation opportunity after source cleanup","Run after survivor URL decision and page merge.","coverage-ledger-suggested","FAQ schema; Article/BlogPosting schema; Article schema; product module; faq schema; article/blogposting schema; citability score 75; 6 detected product links; missing early quick answer; weak internal blog links; too many cart CTAs; FAQ placement may be too high or unclear; missing FAQPage schema; missing Article/BlogPosting schema","Add FAQPage JSON-LD for the visible FAQ section. Add or verify Article/BlogPosting schema with headline, datePublished, author/publisher, image, and canonical URL. Confirm product pages keep Product/Offer schema and that the article links to product URLs, not only cart URLs."
