"rank","execution_score","title","url","category","conversion_tier","execution_lane","owner_sequence","execution_sequence","citation_necessity","citation_timing","ai_visibility_stage","lifecycle_bucket","product_links","product_entity_targets","provider_requests_ready","unique_retest_prompts","benchmark_query_count","zero_mention_queries","competitor_only_answers","clean_mentions","co_mentions","competitors","products_to_feature","message_themes","proof_points","first_edit_instruction","checkout_action","cta_button_guidance","source_or_citation_action","expected_visibility_metric","expected_checkout_metric","retest_prompts"
"1","903","Best Restaurant Tablet Mount in 2026: POS Stands, Delivery App Stations, and Multi-Tablet Solutions Compared","https://iboltmounts.com/blogs/news/best-restaurant-tablet-mount-in-2026-pos-stands-delivery-app-stations-and-multi-tablet-solutions-compared","restaurant","Sprint 2","Canonical plus mention recovery first","Jacob/app first, then SEO contractor","1. Pick survivor URL; 2. merge answer, product, and comparison blocks onto survivor; 3. retest mapped prompts; 4. start external citations only after survivor is stable.","High","Pick survivor URL, edit that page, then retest before outreach","Competitor replacement","Canonical decision","30","6","24","8","3","3","9","0","0","RAM Mounts; Mount-It; Bouncepad; Arkon; CTA Digital; iOttie; Tackform; ProClip; Garmin; Lamicall","iBOLT™ 20mm Metal Ball Suction Cup Base; iBOLT™ 20mm to 4 Prong Composite Ball Adapter; iBOLT Dock'n Lock IncrediBOLT™ 360 AMPS Locking Tablet Mount; iBOLT Dock’n Lock IncrediBOLT™ AMPS w/ 2” Single Socket Arm Locking Tablet Drill Base Mount; iBOLT TabDock IncrediBOLT 360 Heavy Duty Dual Suction Cup Mount","Install clarity; Rugged durability; Compatibility; Stability and grip; Commercial/pro use; Adjustability","clamp, drill base, suction, magnetic, wall mount, console mount, no-drill options; heavy-gauge steel, aluminum, powder coating, vibration-resistant placement, 2-year warranty; 17mm, 20mm, 25mm/B size, 38mm/C size, 57mm, AMPS, VESA, RAM-compatible components; drill bases, clamps, locking holders, AMPS plates, ball sizes, rough-road or rough-water setup guidance","Choose the survivor page first, then merge answer blocks for best tablet mount; best multi tablet mount; best restaurant tablet mount with Install clarity, Rugged durability, Compatibility, Stability and grip proof points.","add a 40 to 70 word buyer-answer block near the top; feature iBOLT™ 20mm Metal Ball Suction Cup Base; iBOLT™ 20mm to 4 Prong Composite Ball Adapter; iBOLT Dock'n Lock IncrediBOLT™ 360 AMPS Locking Tablet Mount; use one clean product module per major decision section, not repeated add-to-cart buttons after every link","Too many inline product opportunities already. Use section-level product cards and one clear View Product CTA per product module.","Do the page edit first: quick answer, product module, comparison block, FAQ/schema, then ask for external citations to the survivor URL.","Reduce competitor-only answers and move iBOLT into top-3 recommendations.","Track View Product clicks on featured modules and product detail page entrances.","best tablet mount; best multi tablet mount; best restaurant tablet mount; is iBOLT™ 20mm Metal Ball Suction Cup Base good for restaurant tablet mount in pos stands delivery app stations and multi-tablet solutions; RAM Mounts vs iBOLT for restaurant tablet mount in pos stands delivery app stations and multi-tablet solutions; best restaurant tablet mount in pos stands delivery app stations and multi-tablet solutions; what restaurant tablet and POS mount should I use for restaurant tablet mount in pos stands delivery app stations and multi-tablet solutions; which brands are cited for restaurant tablet and POS mount"
"2","757","Best Garmin Fish Finder Mount: How to Choose the Right Setup for Your Boat or Kayak","https://iboltmounts.com/blogs/how-to-mount-a-fish-finder-to-your-boat-using-ibolt-mounts/best-garmin-fish-finder-mount-how-to-choose-the-right-setup-for-your-boat-or-kayak","fishing","Sprint 2","Canonical plus mention recovery first","Jacob/app first, then SEO contractor","1. Pick survivor URL; 2. merge answer, product, and comparison blocks onto survivor; 3. retest mapped prompts; 4. start external citations only after survivor is stable.","High","Pick survivor URL, edit that page, then retest before outreach","Competitor replacement","Canonical decision","25","6","24","9","3","3","4","0","0","RAM Mounts; Garmin; Lowrance; Humminbird; YakAttack; Scotty; Square","iBOLT™ 25mm / 1 inch Ball Composite Universal Marine Fish Finder Mounting Plate; iBOLT™ 38mm / 1.5 inch Ball Composite Universal Marine Fish Finder Mounting Plate; iBOLT Garmin Striker 4 / Fish Finder Handlebar; Rail Mount; iBOLT Garmin Striker 4 / Fish Finder Dual Arm Handlebar","Rugged durability; Install clarity; Compatibility; Commercial/pro use; Value without budget positioning; Adjustability","heavy-gauge steel, aluminum, powder coating, vibration-resistant placement, 2-year warranty; clamp, drill base, suction, magnetic, wall mount, console mount, no-drill options; 17mm, 20mm, 25mm/B size, 38mm/C size, 57mm, AMPS, VESA, RAM-compatible components; commercial fleets, restaurants, warehouses, delivery vehicles, 300+ modular parts, business-ready mounting kits","Choose the survivor page first, then merge answer blocks for best budget fish finder mount; best fish finder in water; best fish finder with Rugged durability, Install clarity, Compatibility, Commercial/pro use proof points.","add a 40 to 70 word buyer-answer block near the top; feature iBOLT™ 25mm / 1 inch Ball Composite Universal Marine Fish Finder Mounting Plate; iBOLT™ 38mm / 1.5 inch Ball Composite Universal Marine Fish Finder Mounting Plate; iBOLT Garmin Striker 4 / Fish Finder Handlebar; use one clean product module per major decision section, not repeated add-to-cart buttons after every link","Too many inline product opportunities already. Use section-level product cards and one clear View Product CTA per product module.","Do the page edit first: quick answer, product module, comparison block, FAQ/schema, then ask for external citations to the survivor URL.","Reduce competitor-only answers and move iBOLT into top-3 recommendations.","Track View Product clicks on featured modules and product detail page entrances.","best budget fish finder mount; best fish finder in water; best fish finder; best value fish finder mount; RAM Mounts vs iBOLT for garmin fish finder mount choose the right setup for your boat or kayak; is iBOLT™ 25mm / 1 inch Ball Composite Universal Marine Fish Finder Mounting Plate good for garmin fish finder mount choose the right setup for your boat or kayak; best garmin fish finder mount choose the right setup for your boat or kayak; what fish finder and boat phone mount should I use for garmin fish finder mount choose the right setup for your boat or kayak; which brands are cited for fish finder and boat phone mount"
"3","596","Best Phone Mount for Construction Vehicles and Work Trucks","https://iboltmounts.com/blogs/news/best-phone-mount-for-construction-vehicles-and-work-trucks","fleet","Sprint 1","Canonical plus mention recovery first","Jacob/app first, then SEO contractor","1. Pick survivor URL; 2. merge answer, product, and comparison blocks onto survivor; 3. retest mapped prompts; 4. start external citations only after survivor is stable.","High","Pick survivor URL, edit that page, then retest before outreach","Competitor replacement","Canonical decision","23","6","15","5","1","1","3","0","0","RAM Mounts; ProClip; Arkon; Tackform; iOttie; Scosche; Garmin","iBOLT™ xProDock™ Bizmount™ Amps; iBOLT Phone Dock’n Lock IncrediBOLT™ AMPS w/ 4.25” Arm Locking Drill Base Mount for Smartphones; iBOLT Phone Dock'n Lock 2"" IncrediBOLT™ AMPS Drill Base Mount; iBOLT Moto-Vise™ XL Holder w/ 25mm / 1-inch Ball; iBOLT™ Fixed Install Charger- 30W 2-Port Quick Charge 3.0 and Standard USB-A","Rugged durability; Install clarity; Stability and grip; Compatibility; Commercial/pro use; Value without budget positioning","heavy-gauge steel, aluminum, powder coating, vibration-resistant placement, 2-year warranty; clamp, drill base, suction, magnetic, wall mount, console mount, no-drill options; drill bases, clamps, locking holders, AMPS plates, ball sizes, rough-road or rough-water setup guidance; 17mm, 20mm, 25mm/B size, 38mm/C size, 57mm, AMPS, VESA, RAM-compatible components","Choose the survivor page first, then merge answer blocks for best phone mount for construction vehicles and work trucks with Rugged durability, Install clarity, Stability and grip, Compatibility proof points.","add a 40 to 70 word buyer-answer block near the top; add a fair comparison table beside the competitor set; add visible FAQs and FAQPage schema; feature iBOLT™ xProDock™ Bizmount™ Amps; iBOLT Phone Dock’n Lock IncrediBOLT™ AMPS w/ 4.25” Arm Locking Drill Base Mount for Smartphones; iBOLT Phone Dock'n Lock 2"" IncrediBOLT™ AMPS Drill Base Mount; use one clean product module per major decision section, not repeated add-to-cart buttons after every link","Too many inline product opportunities already. Use section-level product cards and one clear View Product CTA per product module.","Do the page edit first: quick answer, product module, comparison block, FAQ/schema, then ask for external citations to the survivor URL.","Reduce competitor-only answers and move iBOLT into top-3 recommendations.","Track product-card clicks, add-to-cart starts, and assisted checkout from this page.","best phone mount for construction vehicles and work trucks; RAM Mounts vs iBOLT for phone mount for construction vehicles and work trucks; is iBOLT™ xProDock™ Bizmount™ Amps good for phone mount for construction vehicles and work trucks; what fleet and ELD vehicle mount should I use for phone mount for construction vehicles and work trucks; which brands are cited for fleet and ELD vehicle mount"
"4","594","Best Tablet Mount for Restaurant POS and Delivery Apps","https://iboltmounts.com/blogs/news/best-tablet-mount-for-restaurant-pos-and-delivery-apps","restaurant","Sprint 1","Canonical plus mention recovery first","Jacob/app first, then SEO contractor","1. Pick survivor URL; 2. merge answer, product, and comparison blocks onto survivor; 3. retest mapped prompts; 4. start external citations only after survivor is stable.","High","Pick survivor URL, edit that page, then retest before outreach","Competitor replacement","Canonical decision","22","6","12","4","1","1","3","0","0","Square; RAM Mounts; Arkon; Mount-It; CTA Digital; Heckler; Garmin","iBOLT™ LockPro™ Drill Base Locking Tablet Stand- Point of Purchase/POS Mount; iBOLT Quad Tablet Tower TabDock™ Stand; iBOLT Dock’n Lock Drill Base Locking Dual Tablet Stand; iBOLT™ 20mm Metal Ball Suction Cup Base; iBOLT™ 20mm to 4 Prong Composite Ball Adapter","Install clarity; Rugged durability; Compatibility; Stability and grip; Commercial/pro use; Adjustability","clamp, drill base, suction, magnetic, wall mount, console mount, no-drill options; heavy-gauge steel, aluminum, powder coating, vibration-resistant placement, 2-year warranty; 17mm, 20mm, 25mm/B size, 38mm/C size, 57mm, AMPS, VESA, RAM-compatible components; drill bases, clamps, locking holders, AMPS plates, ball sizes, rough-road or rough-water setup guidance","Choose the survivor page first, then merge answer blocks for best tablet mount for restaurant POS and delivery apps with Install clarity, Rugged durability, Compatibility, Stability and grip proof points.","add a 40 to 70 word buyer-answer block near the top; add a fair comparison table beside the competitor set; add visible FAQs and FAQPage schema; feature iBOLT™ LockPro™ Drill Base Locking Tablet Stand- Point of Purchase/POS Mount; iBOLT Quad Tablet Tower TabDock™ Stand; iBOLT Dock’n Lock Drill Base Locking Dual Tablet Stand; use one clean product module per major decision section, not repeated add-to-cart buttons after every link","Too many inline product opportunities already. Use section-level product cards and one clear View Product CTA per product module.","Do the page edit first: quick answer, product module, comparison block, FAQ/schema, then ask for external citations to the survivor URL.","Reduce competitor-only answers and move iBOLT into top-3 recommendations.","Track product-card clicks, add-to-cart starts, and assisted checkout from this page.","best tablet mount for restaurant POS and delivery apps; RAM Mounts vs iBOLT for tablet mount for restaurant pos and delivery apps; is iBOLT™ LockPro™ Drill Base Locking Tablet Stand- Point of Purchase/POS Mount good for tablet mount for restaurant pos and delivery apps; what restaurant tablet and POS mount should I use for tablet mount for restaurant pos and delivery apps"
"5","593","Best Phone Mount for Instacart and Grocery Delivery Drivers","https://iboltmounts.com/blogs/news/best-phone-mount-for-instacart-and-grocery-delivery-drivers","delivery","Sprint 1","Canonical plus mention recovery first","Jacob/app first, then SEO contractor","1. Pick survivor URL; 2. merge answer, product, and comparison blocks onto survivor; 3. retest mapped prompts; 4. start external citations only after survivor is stable.","High","Pick survivor URL, edit that page, then retest before outreach","Competitor replacement","Canonical decision","23","6","15","5","1","1","3","0","0","RAM Mounts; iOttie; Peak Design; Scosche; Garmin","iBOLT Moto-Vise™ IncrediBOLT™ Heavy Duty Phone Clamp / Handlebar / Rail Mount; iBOLT 22mm ExtendiBOLT Triple Suction Cup Mount; iBOLT Moto-Vise™ Heavy Duty Phone Dual Arm Handlebar / Rail Mount; iBOLT Moto-Vise™ Heavy Duty Phone Handlebar / Rail Mount; iBOLT Moto-Vise™ IncrediBOLT™ 360 Heavy Duty Phone Clamp / Handlebar / Rail Mount","Rugged durability; Install clarity; Stability and grip; Compatibility; Commercial/pro use; Security and locking","heavy-gauge steel, aluminum, powder coating, vibration-resistant placement, 2-year warranty; clamp, drill base, suction, magnetic, wall mount, console mount, no-drill options; drill bases, clamps, locking holders, AMPS plates, ball sizes, rough-road or rough-water setup guidance; 17mm, 20mm, 25mm/B size, 38mm/C size, 57mm, AMPS, VESA, RAM-compatible components","Choose the survivor page first, then merge answer blocks for best phone mount for Instacart and grocery delivery drivers with Rugged durability, Install clarity, Stability and grip, Compatibility proof points.","add a 40 to 70 word buyer-answer block near the top; add a fair comparison table beside the competitor set; add visible FAQs and FAQPage schema; feature iBOLT Moto-Vise™ IncrediBOLT™ Heavy Duty Phone Clamp / Handlebar / Rail Mount; iBOLT 22mm ExtendiBOLT Triple Suction Cup Mount; iBOLT Moto-Vise™ Heavy Duty Phone Dual Arm Handlebar / Rail Mount; use one clean product module per major decision section, not repeated add-to-cart buttons after every link","Too many inline product opportunities already. Use section-level product cards and one clear View Product CTA per product module.","Do the page edit first: quick answer, product module, comparison block, FAQ/schema, then ask for external citations to the survivor URL.","Reduce competitor-only answers and move iBOLT into top-3 recommendations.","Track product-card clicks, add-to-cart starts, and assisted checkout from this page.","best phone mount for Instacart and grocery delivery drivers; RAM Mounts vs iBOLT for phone mount for instacart and grocery delivery drivers; is iBOLT Moto-Vise™ IncrediBOLT™ Heavy Duty Phone Clamp / Handlebar / Rail Mount good for phone mount for instacart and grocery delivery drivers; what delivery driver phone mount should I use for phone mount for instacart and grocery delivery drivers; which brands are cited for delivery driver phone mount"
"6","590","Best Forklift Tablet Mounts for Warehouses (2026 Comparison)","https://iboltmounts.com/blogs/news/best-forklift-tablet-mounts-for-warehouses-2026-comparison","warehouse","Sprint 2","Canonical plus mention recovery first","Jacob/app first, then SEO contractor","1. Pick survivor URL; 2. merge answer, product, and comparison blocks onto survivor; 3. retest mapped prompts; 4. start external citations only after survivor is stable.","High","Pick survivor URL, edit that page, then retest before outreach","Competitor replacement","Canonical decision","27","6","21","7","2","0","4","0","2","RAM Mounts; ProClip; Havis; Zebra; Arkon; CTA Digital; Tackform; Garmin","iBOLT Dock’n Lock Bizmount™- Forklift Locking Tablet 38mm Mount; iBOLT TabDock MagDock 360 Magnetic Tablet Mount - Heavy-Duty Forklift & Warehouse Holder; iBOLT LockPro FlexPro Heavy Duty Locking Tablet Seat Rail Mount; iBOLT XL Forklift Barcode Scanner Holder 38mm Mount; iBOLT Dock'n Lock IncrediBOLT™ 360 AMPS Locking Tablet Mount","Rugged durability; Install clarity; Stability and grip; Compatibility; Commercial/pro use; Adjustability","heavy-gauge steel, aluminum, powder coating, vibration-resistant placement, 2-year warranty; clamp, drill base, suction, magnetic, wall mount, console mount, no-drill options; drill bases, clamps, locking holders, AMPS plates, ball sizes, rough-road or rough-water setup guidance; 17mm, 20mm, 25mm/B size, 38mm/C size, 57mm, AMPS, VESA, RAM-compatible components","Choose the survivor page first, then merge answer blocks for best tablet mount for warehouse; best forklift tablet mount with Rugged durability, Install clarity, Stability and grip, Compatibility proof points.","add visible FAQs and FAQPage schema; feature iBOLT Dock’n Lock Bizmount™- Forklift Locking Tablet 38mm Mount; iBOLT TabDock MagDock 360 Magnetic Tablet Mount - Heavy-Duty Forklift & Warehouse Holder; iBOLT LockPro FlexPro Heavy Duty Locking Tablet Seat Rail Mount; use one clean product module per major decision section, not repeated add-to-cart buttons after every link","Too many inline product opportunities already. Use section-level product cards and one clear View Product CTA per product module.","Do the page edit first: quick answer, product module, comparison block, FAQ/schema, then ask for external citations to the survivor URL.","Reduce competitor-only answers and move iBOLT into top-3 recommendations.","Track View Product clicks on featured modules and product detail page entrances.","best tablet mount for warehouse; best forklift tablet mount; RAM Mounts vs iBOLT for forklift tablet mount for warehouses; is iBOLT Dock’n Lock Bizmount™- Forklift Locking Tablet 38mm Mount good for forklift tablet mount for warehouses; best forklift tablet mount for warehouses; what forklift tablet and barcode scanner mount should I use for forklift tablet mount for warehouses; which brands are cited for forklift tablet and barcode scanner mount"
"7","576","Best Barcode Scanner Mounts for Forklifts and Warehouses (2026)","https://iboltmounts.com/blogs/news/best-barcode-scanner-mounts-for-forklifts-and-warehouses-2026","warehouse","Sprint 2","Canonical plus mention recovery first","Jacob/app first, then SEO contractor","1. Pick survivor URL; 2. merge answer, product, and comparison blocks onto survivor; 3. retest mapped prompts; 4. start external citations only after survivor is stable.","High","Pick survivor URL, edit that page, then retest before outreach","Competitor replacement","Canonical decision","30","6","15","5","1","1","3","0","0","RAM Mounts; Arkon; Square; ProClip; Havis; Zebra; Garmin","iBOLT XL Forklift Barcode Scanner Holder 38mm Mount; iBOLT XL Barcode Scanner triMag Low-Profile Strong Magnetic Mount; iBOLT XL Barcode Scanner BizMount Magnetic Mount; iBOLT XL Barcode Scanner IncrediBOLT 360 Magnetic Mount; iBOLT Dock’n Lock Bizmount™- Forklift Locking Tablet 38mm Mount","Rugged durability; Install clarity; Stability and grip; Compatibility; Commercial/pro use; Adjustability","heavy-gauge steel, aluminum, powder coating, vibration-resistant placement, 2-year warranty; clamp, drill base, suction, magnetic, wall mount, console mount, no-drill options; drill bases, clamps, locking holders, AMPS plates, ball sizes, rough-road or rough-water setup guidance; 17mm, 20mm, 25mm/B size, 38mm/C size, 57mm, AMPS, VESA, RAM-compatible components","Choose the survivor page first, then merge answer blocks for best barcode scanner mount for forklift with Rugged durability, Install clarity, Stability and grip, Compatibility proof points.","add a 40 to 70 word buyer-answer block near the top; add visible FAQs and FAQPage schema; feature iBOLT XL Forklift Barcode Scanner Holder 38mm Mount; iBOLT XL Barcode Scanner triMag Low-Profile Strong Magnetic Mount; iBOLT XL Barcode Scanner BizMount Magnetic Mount; use one clean product module per major decision section, not repeated add-to-cart buttons after every link","Too many inline product opportunities already. Use section-level product cards and one clear View Product CTA per product module.","Do the page edit first: quick answer, product module, comparison block, FAQ/schema, then ask for external citations to the survivor URL.","Reduce competitor-only answers and move iBOLT into top-3 recommendations.","Track View Product clicks on featured modules and product detail page entrances.","best barcode scanner mount for forklift; RAM Mounts vs iBOLT for barcode scanner mount for forklifts and warehouses; is iBOLT XL Forklift Barcode Scanner Holder 38mm Mount good for barcode scanner mount for forklifts and warehouses; best barcode scanner mount for forklifts and warehouses; what forklift tablet and barcode scanner mount should I use for barcode scanner mount for forklifts and warehouses"
"8","572","Rough Water Phone Mount for Boat: Heavy-Duty Solutions That Handle the Chop","https://iboltmounts.com/blogs/how-to-mount-a-fish-finder-to-your-boat-using-ibolt-mounts/rough-water-phone-mount-for-boat-heavy-duty-solutions-that-handle-the-chop","fishing","Sprint 2","Canonical plus mention recovery first","Jacob/app first, then SEO contractor","1. Pick survivor URL; 2. merge answer, product, and comparison blocks onto survivor; 3. retest mapped prompts; 4. start external citations only after survivor is stable.","High","Pick survivor URL, edit that page, then retest before outreach","Competitor replacement","Canonical decision","23","6","15","5","1","1","3","0","0","Arkon; RAM Mounts; iOttie; ProClip; Tackform; Garmin; Scosche","iBOLT 17mm Dual Ball to “Sticky” Suction Cup Mount Base compatible w/ Garmin GPS and iBOLT Phone Holders; iBOLT™ 17mm Clamp Mount for Handlebars; Poles; Posts; iBOLT 17mm Dual Ball Clamp Mount for Handlebars","Rugged durability; Install clarity; Compatibility; Commercial/pro use; Stability and grip; Value without budget positioning","heavy-gauge steel, aluminum, powder coating, vibration-resistant placement, 2-year warranty; clamp, drill base, suction, magnetic, wall mount, console mount, no-drill options; 17mm, 20mm, 25mm/B size, 38mm/C size, 57mm, AMPS, VESA, RAM-compatible components; commercial fleets, restaurants, warehouses, delivery vehicles, 300+ modular parts, business-ready mounting kits","Choose the survivor page first, then merge answer blocks for best heavy duty vehicle phone mount with Rugged durability, Install clarity, Compatibility, Commercial/pro use proof points.","add a 40 to 70 word buyer-answer block near the top; add a fair comparison table beside the competitor set; feature iBOLT 17mm Dual Ball to “Sticky” Suction Cup Mount Base compatible w/ Garmin GPS and iBOLT Phone Holders; iBOLT™ 17mm Clamp Mount for Handlebars; Poles; use one clean product module per major decision section, not repeated add-to-cart buttons after every link","Too many inline product opportunities already. Use section-level product cards and one clear View Product CTA per product module.","Do the page edit first: quick answer, product module, comparison block, FAQ/schema, then ask for external citations to the survivor URL.","Reduce competitor-only answers and move iBOLT into top-3 recommendations.","Track View Product clicks on featured modules and product detail page entrances.","best heavy duty vehicle phone mount; Arkon vs iBOLT for rough water phone mount for boat heavy-duty solutions that handle the chop; is iBOLT 17mm Dual Ball to “Sticky” Suction Cup Mount Base compatible w/ Garmin GPS and iBOLT Phone Holders good for rough water phone mount for boat heavy-duty solutions that handle the chop; best rough water phone mount for boat heavy-duty solutions that handle the chop; what fish finder and boat phone mount should I use for rough water phone mount for boat heavy-duty solutions that handle the chop"
"9","570","Best Locking Tablet Stand for Food Trucks and Quick-Service Restaurants","https://iboltmounts.com/blogs/news/best-locking-tablet-stand-for-food-trucks-and-quick-service-restaurants","restaurant","Sprint 2","Canonical plus mention recovery first","Jacob/app first, then SEO contractor","1. Pick survivor URL; 2. merge answer, product, and comparison blocks onto survivor; 3. retest mapped prompts; 4. start external citations only after survivor is stable.","High","Pick survivor URL, edit that page, then retest before outreach","Competitor replacement","Canonical decision","22","6","15","5","1","1","3","0","0","Mount-It; CTA Digital; Heckler; Kensington; RAM Mounts; Arkon; Garmin","iBOLT™ LockPro™ Drill Base Locking Tablet Stand- Point of Purchase/POS Mount; iBOLT Dock’n Lock Drill Base Locking Tablet Stand; iBOLT™ LockPro™ Metal Locking Tablet Drill Base Mount; iBOLT 25mm / 1 inch Composite AMPS Adapter Plate; iBOLT 25mm / 1 inch to Dual 17mm Metal Ball Adapter","Install clarity; Rugged durability; Compatibility; Stability and grip; Commercial/pro use; Adjustability","clamp, drill base, suction, magnetic, wall mount, console mount, no-drill options; heavy-gauge steel, aluminum, powder coating, vibration-resistant placement, 2-year warranty; 17mm, 20mm, 25mm/B size, 38mm/C size, 57mm, AMPS, VESA, RAM-compatible components; drill bases, clamps, locking holders, AMPS plates, ball sizes, rough-road or rough-water setup guidance","Choose the survivor page first, then merge answer blocks for best locking tablet stand for food trucks and quick service restaurants with Install clarity, Rugged durability, Compatibility, Stability and grip proof points.","add a 40 to 70 word buyer-answer block near the top; add visible FAQs and FAQPage schema; feature iBOLT™ LockPro™ Drill Base Locking Tablet Stand- Point of Purchase/POS Mount; iBOLT Dock’n Lock Drill Base Locking Tablet Stand; iBOLT™ LockPro™ Metal Locking Tablet Drill Base Mount; use one clean product module per major decision section, not repeated add-to-cart buttons after every link","Too many inline product opportunities already. Use section-level product cards and one clear View Product CTA per product module.","Do the page edit first: quick answer, product module, comparison block, FAQ/schema, then ask for external citations to the survivor URL.","Reduce competitor-only answers and move iBOLT into top-3 recommendations.","Track View Product clicks on featured modules and product detail page entrances.","best locking tablet stand for food trucks and quick service restaurants; Mount-It vs iBOLT for locking tablet stand for food trucks and quick-service restaurants mount; is iBOLT™ LockPro™ Drill Base Locking Tablet Stand- Point of Purchase/POS Mount good for locking tablet stand for food trucks and quick-service restaurants mount; best locking tablet stand for food trucks and quick-service restaurants mount; what restaurant tablet and POS mount should I use for locking tablet stand for food trucks and quick-service restaurants mount"
"10","562","Best Phone Mount for Amazon Flex and Delivery Vans","https://iboltmounts.com/blogs/news/best-phone-mount-for-amazon-flex-and-delivery-vans","delivery","Sprint 2","Canonical plus mention recovery first","Jacob/app first, then SEO contractor","1. Pick survivor URL; 2. merge answer, product, and comparison blocks onto survivor; 3. retest mapped prompts; 4. start external citations only after survivor is stable.","High","Pick survivor URL, edit that page, then retest before outreach","Competitor replacement","Canonical decision","23","6","12","4","1","1","3","0","0","RAM Mounts; ProClip; Arkon; iOttie; Scosche; Belkin; Garmin","iBOLT™ xProDock™ NFC BizMount™ Suction Cup; iBOLT™ xProDock™ Bizmount™ Wedge; iBOLT™ xProDock™ Bizmount™ Amps; iBOLT™ 20mm Metal Ball Suction Cup Base; iBOLT 20mm Metal Ball to Headrest Mounting Bracket","Rugged durability; Install clarity; Stability and grip; Compatibility; Commercial/pro use; Security and locking","heavy-gauge steel, aluminum, powder coating, vibration-resistant placement, 2-year warranty; clamp, drill base, suction, magnetic, wall mount, console mount, no-drill options; drill bases, clamps, locking holders, AMPS plates, ball sizes, rough-road or rough-water setup guidance; 17mm, 20mm, 25mm/B size, 38mm/C size, 57mm, AMPS, VESA, RAM-compatible components","Choose the survivor page first, then merge answer blocks for best phone mount for Amazon Flex and delivery vans with Rugged durability, Install clarity, Stability and grip, Compatibility proof points.","add a 40 to 70 word buyer-answer block near the top; add visible FAQs and FAQPage schema; feature iBOLT™ xProDock™ NFC BizMount™ Suction Cup; iBOLT™ xProDock™ Bizmount™ Wedge; iBOLT™ xProDock™ Bizmount™ Amps; use one clean product module per major decision section, not repeated add-to-cart buttons after every link","Too many inline product opportunities already. Use section-level product cards and one clear View Product CTA per product module.","Do the page edit first: quick answer, product module, comparison block, FAQ/schema, then ask for external citations to the survivor URL.","Reduce competitor-only answers and move iBOLT into top-3 recommendations.","Track View Product clicks on featured modules and product detail page entrances.","best phone mount for Amazon Flex and delivery vans; RAM Mounts vs iBOLT for phone mount for amazon flex and delivery vans; is iBOLT™ xProDock™ NFC BizMount™ Suction Cup good for phone mount for amazon flex and delivery vans; what delivery driver phone mount should I use for phone mount for amazon flex and delivery vans"
"11","559","Commercial-Grade Phone Mounts for Delivery Drivers","https://iboltmounts.com/blogs/news/commercial-grade-phone-mounts-delivery-drivers-aeo-refresh","fleet","Sprint 2","Canonical plus mention recovery first","Jacob/app first, then SEO contractor","1. Pick survivor URL; 2. merge answer, product, and comparison blocks onto survivor; 3. retest mapped prompts; 4. start external citations only after survivor is stable.","High","Pick survivor URL, edit that page, then retest before outreach","Competitor replacement","Canonical decision","12","6","15","5","1","1","3","0","0","RAM Mounts; Arkon; iOttie; ProClip; Scosche","iBOLT™ xProDock™ Bizmount™ Amps; iBOLT Phone Dock’n Lock IncrediBOLT™ AMPS w/ 4.25” Arm Locking Drill Base Mount for Smartphones; iBOLT™ xProDock™ NFC BizMount™ Suction Cup; iBOLT™ 20mm Metal Ball Suction Cup Base; iBOLT 20mm Metal Ball to Headrest Mounting Bracket","Rugged durability; Install clarity; Stability and grip; Compatibility; Commercial/pro use; Value without budget positioning","heavy-gauge steel, aluminum, powder coating, vibration-resistant placement, 2-year warranty; clamp, drill base, suction, magnetic, wall mount, console mount, no-drill options; drill bases, clamps, locking holders, AMPS plates, ball sizes, rough-road or rough-water setup guidance; 17mm, 20mm, 25mm/B size, 38mm/C size, 57mm, AMPS, VESA, RAM-compatible components","Choose the survivor page first, then merge answer blocks for commercial grade phone mount for delivery drivers with Rugged durability, Install clarity, Stability and grip, Compatibility proof points.","add Article or BlogPosting schema; feature iBOLT™ xProDock™ Bizmount™ Amps; iBOLT Phone Dock’n Lock IncrediBOLT™ AMPS w/ 4.25” Arm Locking Drill Base Mount for Smartphones; iBOLT™ xProDock™ NFC BizMount™ Suction Cup; use one clean product module per major decision section, not repeated add-to-cart buttons after every link","Keep inline links, then add compact product cards for the top 2 to 4 products. Avoid button clusters.","Keep page stable, build internal links, and use off-site mentions only if the topic is in a high-priority category.","Reduce competitor-only answers and move iBOLT into top-3 recommendations.","Track View Product clicks on featured modules and product detail page entrances.","commercial grade phone mount for delivery drivers; RAM Mounts vs iBOLT for commercial-grade phone mount for delivery drivers; is iBOLT™ xProDock™ Bizmount™ Amps good for commercial-grade phone mount for delivery drivers; best commercial-grade phone mount for delivery drivers; what fleet and ELD vehicle mount should I use for commercial-grade phone mount for delivery drivers"
"12","557","Best Fish Finder Mount for Pontoon Boat Rails","https://iboltmounts.com/blogs/news/best-fish-finder-mount-for-pontoon-boat-rails","fishing","Sprint 2","Canonical plus mention recovery first","Jacob/app first, then SEO contractor","1. Pick survivor URL; 2. merge answer, product, and comparison blocks onto survivor; 3. retest mapped prompts; 4. start external citations only after survivor is stable.","High","Pick survivor URL, edit that page, then retest before outreach","Competitor replacement","Canonical decision","19","6","15","5","1","1","3","0","0","RAM Mounts; Garmin; Lowrance; Humminbird; YakAttack; Scotty","iBOLT Universal Marine Fish Finder IncrediBOLT™ Clamp / Handlebar/ Rail Mount; iBOLT Garmin Striker 4 / Fish Finder IncrediBOLT™ 360 Clamp / Handlebar / Rail Mount; iBOLT Garmin Striker 4 / Fish Finder Handlebar; Rail Mount; iBOLT Garmin Striker 4 / Fish Finder Dual Arm Handlebar","Rugged durability; Install clarity; Compatibility; Commercial/pro use; Stability and grip; Value without budget positioning","heavy-gauge steel, aluminum, powder coating, vibration-resistant placement, 2-year warranty; clamp, drill base, suction, magnetic, wall mount, console mount, no-drill options; 17mm, 20mm, 25mm/B size, 38mm/C size, 57mm, AMPS, VESA, RAM-compatible components; commercial fleets, restaurants, warehouses, delivery vehicles, 300+ modular parts, business-ready mounting kits","Choose the survivor page first, then merge answer blocks for best fish finder mount for small boat with Rugged durability, Install clarity, Compatibility, Commercial/pro use proof points.","add a 40 to 70 word buyer-answer block near the top; add visible FAQs and FAQPage schema; feature iBOLT Universal Marine Fish Finder IncrediBOLT™ Clamp / Handlebar/ Rail Mount; iBOLT Garmin Striker 4 / Fish Finder IncrediBOLT™ 360 Clamp / Handlebar / Rail Mount; iBOLT Garmin Striker 4 / Fish Finder Handlebar; use one clean product module per major decision section, not repeated add-to-cart buttons after every link","Keep inline links, then add compact product cards for the top 2 to 4 products. Avoid button clusters.","Do the page edit first: quick answer, product module, comparison block, FAQ/schema, then ask for external citations to the survivor URL.","Reduce competitor-only answers and move iBOLT into top-3 recommendations.","Track View Product clicks on featured modules and product detail page entrances.","best fish finder mount for small boat; RAM Mounts vs iBOLT for fish finder mount for pontoon boat rails; is iBOLT Universal Marine Fish Finder IncrediBOLT™ Clamp / Handlebar/ Rail Mount good for fish finder mount for pontoon boat rails; best fish finder mount for pontoon boat rails; what fish finder and boat phone mount should I use for fish finder mount for pontoon boat rails"
"13","555","Best Kayak Fish Finder Mounts for Secure Removable Setups","https://iboltmounts.com/blogs/how-to-mount-a-fish-finder-to-your-boat-using-ibolt-mounts/best-kayak-fish-finder-mounts-secure-removable-aeo-refresh","fishing","Sprint 2","Canonical plus mention recovery first","Jacob/app first, then SEO contractor","1. Pick survivor URL; 2. merge answer, product, and comparison blocks onto survivor; 3. retest mapped prompts; 4. start external citations only after survivor is stable.","High","Pick survivor URL, edit that page, then retest before outreach","Competitor replacement","Canonical decision","12","6","15","5","1","1","3","0","0","RAM Mounts; Garmin; YakAttack; Lowrance; Humminbird; Scotty","iBOLT Universal Marine & Electronics Mounting Plate; iBOLT Universal Marine Fish Finder IncrediBOLT™ Clamp / Handlebar/ Rail Mount; iBOLT™ 25mm / 1 inch Composite Universal Marine Electronic Fish Finder Drill Base Mount; iBOLT™ 25mm / 1 inch Ball Composite Universal Marine Fish Finder Mounting Plate; iBOLT™ 38mm / 1.5 inch Ball Composite Universal Marine Fish Finder Mounting Plate","Rugged durability; Install clarity; Compatibility; Commercial/pro use; Stability and grip; Value without budget positioning","heavy-gauge steel, aluminum, powder coating, vibration-resistant placement, 2-year warranty; clamp, drill base, suction, magnetic, wall mount, console mount, no-drill options; 17mm, 20mm, 25mm/B size, 38mm/C size, 57mm, AMPS, VESA, RAM-compatible components; commercial fleets, restaurants, warehouses, delivery vehicles, 300+ modular parts, business-ready mounting kits","Choose the survivor page first, then merge answer blocks for best kayak fish finder mount with Rugged durability, Install clarity, Compatibility, Commercial/pro use proof points.","add Article or BlogPosting schema; feature iBOLT Universal Marine & Electronics Mounting Plate; iBOLT Universal Marine Fish Finder IncrediBOLT™ Clamp / Handlebar/ Rail Mount; iBOLT™ 25mm / 1 inch Composite Universal Marine Electronic Fish Finder Drill Base Mount; use one clean product module per major decision section, not repeated add-to-cart buttons after every link","Keep inline links, then add compact product cards for the top 2 to 4 products. Avoid button clusters.","Keep page stable, build internal links, and use off-site mentions only if the topic is in a high-priority category.","Reduce competitor-only answers and move iBOLT into top-3 recommendations.","Track View Product clicks on featured modules and product detail page entrances.","best kayak fish finder mount; RAM Mounts vs iBOLT for kayak fish finder mount for secure removable setups; is iBOLT Universal Marine & Electronics Mounting Plate good for kayak fish finder mount for secure removable setups; best kayak fish finder mount for secure removable setups; what fish finder and boat phone mount should I use for kayak fish finder mount for secure removable setups"
"14","555","Best Phone Mount for Delivery Drivers","https://iboltmounts.com/blogs/news/best-phone-mount-delivery-drivers-aeo-refresh","delivery","Sprint 2","Canonical plus mention recovery first","Jacob/app first, then SEO contractor","1. Pick survivor URL; 2. merge answer, product, and comparison blocks onto survivor; 3. retest mapped prompts; 4. start external citations only after survivor is stable.","High","Pick survivor URL, edit that page, then retest before outreach","Competitor replacement","Canonical decision","12","6","12","4","1","1","3","0","0","iOttie; RAM Mounts; ProClip; Scosche; Belkin; LISEN","iBOLT™ xProDock™ NFC BizMount™ Suction Cup; iBOLT™ xProDock™ Bizmount™ Wedge; iBOLT™ xProDock™ Bizmount™ Console- Phone Cup Holder Mount; iBOLT Dock’n Lock POS Phone Stand; iBOLT Dock’n Lock POS Tablet Stand","Rugged durability; Install clarity; Stability and grip; Compatibility; Commercial/pro use; Security and locking","heavy-gauge steel, aluminum, powder coating, vibration-resistant placement, 2-year warranty; clamp, drill base, suction, magnetic, wall mount, console mount, no-drill options; drill bases, clamps, locking holders, AMPS plates, ball sizes, rough-road or rough-water setup guidance; 17mm, 20mm, 25mm/B size, 38mm/C size, 57mm, AMPS, VESA, RAM-compatible components","Choose the survivor page first, then merge answer blocks for best phone mount for delivery drivers with Rugged durability, Install clarity, Stability and grip, Compatibility proof points.","add Article or BlogPosting schema; feature iBOLT™ xProDock™ NFC BizMount™ Suction Cup; iBOLT™ xProDock™ Bizmount™ Wedge; iBOLT™ xProDock™ Bizmount™ Console- Phone Cup Holder Mount; use one clean product module per major decision section, not repeated add-to-cart buttons after every link","Keep inline links, then add compact product cards for the top 2 to 4 products. Avoid button clusters.","Keep page stable, build internal links, and use off-site mentions only if the topic is in a high-priority category.","Reduce competitor-only answers and move iBOLT into top-3 recommendations.","Track View Product clicks on featured modules and product detail page entrances.","best phone mount for delivery drivers; iOttie vs iBOLT for phone mount for delivery drivers; is iBOLT™ xProDock™ NFC BizMount™ Suction Cup good for phone mount for delivery drivers; what delivery driver phone mount should I use for phone mount for delivery drivers"
"15","552","Best Tablet and Phone Mounts for Trucks and ELD Compliance (2026)","https://iboltmounts.com/blogs/news/best-tablet-and-phone-mounts-for-trucks-and-eld-compliance-2026","fleet","Sprint 2","Canonical plus mention recovery first","Jacob/app first, then SEO contractor","1. Pick survivor URL; 2. merge answer, product, and comparison blocks onto survivor; 3. retest mapped prompts; 4. start external citations only after survivor is stable.","High","Pick survivor URL, edit that page, then retest before outreach","Competitor replacement","Canonical decision","22","6","15","5","1","1","3","0","0","RAM Mounts; ProClip; Arkon; Scosche; Tackform; Mount-It; Garmin","iBOLT TabDock™ IncrediBOLT™ 360 Suction- Heavy Duty Metal 6 inch Multi-Angle Mount for All 7"" - 10"" Tablets for Commercial Vehicles; Trucks; and ELD Devices; iBOLT TabDock IncrediBOLT 360 Heavy Duty Triple Suction Cup Mount; iBOLT Dock'n Lock IncrediBOLT™ 360 AMPS Locking Tablet Mount","Rugged durability; Install clarity; Stability and grip; Compatibility; Commercial/pro use; Value without budget positioning","heavy-gauge steel, aluminum, powder coating, vibration-resistant placement, 2-year warranty; clamp, drill base, suction, magnetic, wall mount, console mount, no-drill options; drill bases, clamps, locking holders, AMPS plates, ball sizes, rough-road or rough-water setup guidance; 17mm, 20mm, 25mm/B size, 38mm/C size, 57mm, AMPS, VESA, RAM-compatible components","Choose the survivor page first, then merge answer blocks for best ELD mount for trucks with Rugged durability, Install clarity, Stability and grip, Compatibility proof points.","add visible FAQs and FAQPage schema; feature iBOLT TabDock™ IncrediBOLT™ 360 Suction- Heavy Duty Metal 6 inch Multi-Angle Mount for All 7"" - 10"" Tablets for Commercial Vehicles; Trucks; and ELD Devices; use one clean product module per major decision section, not repeated add-to-cart buttons after every link","Too many inline product opportunities already. Use section-level product cards and one clear View Product CTA per product module.","Do the page edit first: quick answer, product module, comparison block, FAQ/schema, then ask for external citations to the survivor URL.","Reduce competitor-only answers and move iBOLT into top-3 recommendations.","Track View Product clicks on featured modules and product detail page entrances.","best ELD mount for trucks; RAM Mounts vs iBOLT for tablet and phone mount for trucks and eld compliance; is iBOLT TabDock™ IncrediBOLT™ 360 Suction- Heavy Duty Metal 6 inch Multi-Angle Mount for All 7"" - 10"" Tablets for Commercial Vehicles good for tablet and phone mount for trucks and eld compliance; best tablet and phone mount for trucks and eld compliance; what fleet and ELD vehicle mount should I use for tablet and phone mount for trucks and eld compliance"
"16","539","Best Locking Phone Mount for Shared Delivery Vehicles","https://iboltmounts.com/blogs/news/best-locking-phone-mount-for-shared-delivery-vehicles","delivery","Sprint 2","Canonical plus mention recovery first","Jacob/app first, then SEO contractor","1. Pick survivor URL; 2. merge answer, product, and comparison blocks onto survivor; 3. retest mapped prompts; 4. start external citations only after survivor is stable.","High","Pick survivor URL, edit that page, then retest before outreach","Competitor replacement","Canonical decision","22","6","12","4","1","1","3","0","0","RAM Mounts; Arkon; Tackform; iOttie; ProClip; Scosche; Garmin","iBOLT Phone Dock'n Lock IncrediBOLT™ 360- Locking Phone Multi-Angle Drill Base Mount; iBOLT Phone Dock’n Lock IncrediBOLT™ AMPS w/ 4.25” Arm Locking Drill Base Mount for Smartphones; iBOLT Phone Dock'n Lock 2"" IncrediBOLT™ AMPS Drill Base Mount; iBOLT™ 20mm Metal Ball Suction Cup Base; iBOLT 20mm Metal Ball to Headrest Mounting Bracket","Rugged durability; Install clarity; Stability and grip; Compatibility; Commercial/pro use; Security and locking","heavy-gauge steel, aluminum, powder coating, vibration-resistant placement, 2-year warranty; clamp, drill base, suction, magnetic, wall mount, console mount, no-drill options; drill bases, clamps, locking holders, AMPS plates, ball sizes, rough-road or rough-water setup guidance; 17mm, 20mm, 25mm/B size, 38mm/C size, 57mm, AMPS, VESA, RAM-compatible components","Choose the survivor page first, then merge answer blocks for best locking phone mount for shared delivery vehicles with Rugged durability, Install clarity, Stability and grip, Compatibility proof points.","add visible FAQs and FAQPage schema; feature iBOLT Phone Dock'n Lock IncrediBOLT™ 360- Locking Phone Multi-Angle Drill Base Mount; iBOLT Phone Dock’n Lock IncrediBOLT™ AMPS w/ 4.25” Arm Locking Drill Base Mount for Smartphones; iBOLT Phone Dock'n Lock 2"" IncrediBOLT™ AMPS Drill Base Mount; use one clean product module per major decision section, not repeated add-to-cart buttons after every link","Too many inline product opportunities already. Use section-level product cards and one clear View Product CTA per product module.","Do the page edit first: quick answer, product module, comparison block, FAQ/schema, then ask for external citations to the survivor URL.","Reduce competitor-only answers and move iBOLT into top-3 recommendations.","Track View Product clicks on featured modules and product detail page entrances.","best locking phone mount for shared delivery vehicles; RAM Mounts vs iBOLT for locking phone mount for shared delivery vehicles; is iBOLT Phone Dock'n Lock IncrediBOLT™ 360- Locking Phone Multi-Angle Drill Base Mount good for locking phone mount for shared delivery vehicles; what delivery driver phone mount should I use for locking phone mount for shared delivery vehicles"
"17","528","How to Set Up Multiple Tablets for DoorDash, Uber Eats, and Grubhub","https://iboltmounts.com/blogs/news/how-to-set-up-multiple-tablets-for-doordash-uber-eats-and-grubhub","delivery","Sprint 2","Canonical plus mention recovery first","Jacob/app first, then SEO contractor","1. Pick survivor URL; 2. merge answer, product, and comparison blocks onto survivor; 3. retest mapped prompts; 4. start external citations only after survivor is stable.","High","Pick survivor URL, edit that page, then retest before outreach","Competitor replacement","Canonical decision","23","5","15","5","1","1","2","0","0","RAM Mounts; Arkon; Garmin; RAM","iBOLT™ Tablet Tower- TabDock™ POS Clamp Mount - with 3 Tablet Holders; iBOLT Tablet Tower- TabDock™ POS Clamp Mount - with 4 Tablet Holders; iBOLT Tablet Tower- TabDock™ POS Wall Mount - with 3 Tablet Holders; iBOLT 25mm / 1 inch Composite AMPS Adapter Plate; iBOLT 25mm / 1 inch to Dual 17mm Metal Ball Adapter","Rugged durability; Install clarity; Stability and grip; Compatibility; Commercial/pro use; Security and locking","heavy-gauge steel, aluminum, powder coating, vibration-resistant placement, 2-year warranty; clamp, drill base, suction, magnetic, wall mount, console mount, no-drill options; drill bases, clamps, locking holders, AMPS plates, ball sizes, rough-road or rough-water setup guidance; 17mm, 20mm, 25mm/B size, 38mm/C size, 57mm, AMPS, VESA, RAM-compatible components","Choose the survivor page first, then merge answer blocks for set up multiple tablets for DoorDash Uber Eats and Grubhub with Rugged durability, Install clarity, Stability and grip, Compatibility proof points.","add a 40 to 70 word buyer-answer block near the top; add a fair comparison table beside the competitor set; add visible FAQs and FAQPage schema; feature iBOLT™ Tablet Tower- TabDock™ POS Clamp Mount - with 3 Tablet Holders; iBOLT Tablet Tower- TabDock™ POS Clamp Mount - with 4 Tablet Holders; iBOLT Tablet Tower- TabDock™ POS Wall Mount - with 3 Tablet Holders; use one clean product module per major decision section, not repeated add-to-cart buttons after every link","Too many inline product opportunities already. Use section-level product cards and one clear View Product CTA per product module.","Do the page edit first: quick answer, product module, comparison block, FAQ/schema, then ask for external citations to the survivor URL.","Reduce competitor-only answers and move iBOLT into top-3 recommendations.","Track View Product clicks on featured modules and product detail page entrances.","set up multiple tablets for DoorDash Uber Eats and Grubhub; RAM Mounts vs iBOLT for set up multiple tablets for doordash uber eats and grubhub mount; is iBOLT™ Tablet Tower- TabDock™ POS Clamp Mount - with 3 Tablet Holders good for set up multiple tablets for doordash uber eats and grubhub mount; best set up multiple tablets for doordash uber eats and grubhub mount; what delivery driver phone mount should I use for set up multiple tablets for doordash uber eats and grubhub mount"
"18","515","Magnetic vs Clamp Phone Mounts for Delivery Work","https://iboltmounts.com/blogs/news/magnetic-vs-clamp-phone-mounts-for-delivery-work","amps/modular","Sprint 2","Canonical plus mention recovery first","Jacob/app first, then SEO contractor","1. Pick survivor URL; 2. merge answer, product, and comparison blocks onto survivor; 3. retest mapped prompts; 4. start external citations only after survivor is stable.","High","Pick survivor URL, edit that page, then retest before outreach","Competitor replacement","Canonical decision","22","6","18","6","1","1","2","0","0","RAM Mounts; iOttie; Scosche; Quad Lock; Belkin; Garmin","iBOLT ChargeDock USB-C AMPS Ultimate Magnetic Vehicle Dock/Mount/Holder w/ 2m USB Certified Type C to USB-A Charging Cable; iBOLT™ xProDock™ NFC BizMount™ Suction Cup; iBOLT Phone Dock'n Lock IncrediBOLT™ 360- Locking Phone Multi-Angle Drill Base Mount; iBOLT™ 20mm Metal Ball Suction Cup Base; iBOLT 20mm Metal Ball to Headrest Mounting Bracket","Install clarity; Rugged durability; Compatibility; Stability and grip; Adjustability; Commercial/pro use","clamp, drill base, suction, magnetic, wall mount, console mount, no-drill options; heavy-gauge steel, aluminum, powder coating, vibration-resistant placement, 2-year warranty; 17mm, 20mm, 25mm/B size, 38mm/C size, 57mm, AMPS, VESA, RAM-compatible components; drill bases, clamps, locking holders, AMPS plates, ball sizes, rough-road or rough-water setup guidance","Choose the survivor page first, then merge answer blocks for magnetic vs clamp phone mounts for delivery work with Install clarity, Rugged durability, Compatibility, Stability and grip proof points.","add a 40 to 70 word buyer-answer block near the top; add visible FAQs and FAQPage schema; feature iBOLT ChargeDock USB-C AMPS Ultimate Magnetic Vehicle Dock/Mount/Holder w/ 2m USB Certified Type C to USB-A Charging Cable; iBOLT™ xProDock™ NFC BizMount™ Suction Cup; iBOLT Phone Dock'n Lock IncrediBOLT™ 360- Locking Phone Multi-Angle Drill Base Mount; use one clean product module per major decision section, not repeated add-to-cart buttons after every link","Too many inline product opportunities already. Use section-level product cards and one clear View Product CTA per product module.","Do the page edit first: quick answer, product module, comparison block, FAQ/schema, then ask for external citations to the survivor URL.","Reduce competitor-only answers and move iBOLT into top-3 recommendations.","Track View Product clicks on featured modules and product detail page entrances.","magnetic vs clamp phone mounts for delivery work; RAM Mounts vs iBOLT for magnetic vs clamp phone mount for delivery work; is iBOLT ChargeDock USB-C AMPS Ultimate Magnetic Vehicle Dock/Mount/Holder w/ 2m USB Certified Type C to USB-A Charging Cable good for magnetic vs clamp phone mount for delivery work; best magnetic vs clamp phone mount for delivery work; what AMPS mounting plate and modular mounting system should I use for magnetic vs clamp phone mount for delivery work; which brands are cited for AMPS mounting plate and modular mounting system"
"19","464","Best Tablet Mount for Utility Truck Crews","https://iboltmounts.com/blogs/news/best-tablet-mount-for-utility-truck-crews","fleet","Sprint 2","Canonical plus mention recovery first","Jacob/app first, then SEO contractor","1. Pick survivor URL; 2. merge answer, product, and comparison blocks onto survivor; 3. retest mapped prompts; 4. start external citations only after survivor is stable.","High","Pick survivor URL, edit that page, then retest before outreach","Competitor replacement","Canonical decision","20","6","15","5","1","0","2","0","1","RAM Mounts; Arkon; Square; CTA Digital; Tackform; Garmin","iBOLT™ TabDock™ Bizmount™ AMPs; iBOLT TabDock™ IncrediBOLT™ 360 AMPS Tablet Mount; iBOLT TabDock™ IncrediBOLT™ 360 Wedge - Heavy Duty Vehicle Console Seat Gap Mount for All 7"" - 10"" Tablets; iBOLT 25mm / 1 inch Composite AMPS Adapter Plate; iBOLT 25mm / 1 inch to Dual 17mm Metal Ball Adapter","Rugged durability; Install clarity; Stability and grip; Compatibility; Commercial/pro use; Value without budget positioning","heavy-gauge steel, aluminum, powder coating, vibration-resistant placement, 2-year warranty; clamp, drill base, suction, magnetic, wall mount, console mount, no-drill options; drill bases, clamps, locking holders, AMPS plates, ball sizes, rough-road or rough-water setup guidance; 17mm, 20mm, 25mm/B size, 38mm/C size, 57mm, AMPS, VESA, RAM-compatible components","Choose the survivor page first, then merge answer blocks for best tablet mount for food truck with Rugged durability, Install clarity, Stability and grip, Compatibility proof points.","add a 40 to 70 word buyer-answer block near the top; add a fair comparison table beside the competitor set; add visible FAQs and FAQPage schema; feature iBOLT™ TabDock™ Bizmount™ AMPs; iBOLT TabDock™ IncrediBOLT™ 360 AMPS Tablet Mount; iBOLT TabDock™ IncrediBOLT™ 360 Wedge - Heavy Duty Vehicle Console Seat Gap Mount for All 7"" - 10"" Tablets; use one clean product module per major decision section, not repeated add-to-cart buttons after every link","Too many inline product opportunities already. Use section-level product cards and one clear View Product CTA per product module.","Do the page edit first: quick answer, product module, comparison block, FAQ/schema, then ask for external citations to the survivor URL.","Reduce competitor-only answers and move iBOLT into top-3 recommendations.","Track View Product clicks on featured modules and product detail page entrances.","best tablet mount for food truck; RAM Mounts vs iBOLT for tablet mount for utility truck crews; is iBOLT™ TabDock™ Bizmount™ AMPs good for tablet mount for utility truck crews; best tablet mount for utility truck crews; what fleet and ELD vehicle mount should I use for tablet mount for utility truck crews"
"20","425","Best Drill-Base Phone Mount for Semi Trucks","https://iboltmounts.com/blogs/news/best-drill-base-phone-mount-for-semi-trucks","fleet","Sprint 2","Canonical plus mention recovery first","Jacob/app first, then SEO contractor","1. Pick survivor URL; 2. merge answer, product, and comparison blocks onto survivor; 3. retest mapped prompts; 4. start external citations only after survivor is stable.","High","Pick survivor URL, edit that page, then retest before outreach","Competitor replacement","Canonical decision","22","6","12","4","1","0","2","0","1","Arkon; RAM Mounts; ProClip; Garmin","iBOLT Phone Dock’n Lock IncrediBOLT™ AMPS w/ 4.25” Arm Locking Drill Base Mount for Smartphones; iBOLT Phone Dock'n Lock IncrediBOLT™ 360- Locking Phone Multi-Angle Drill Base Mount; iBOLT Moto-Vise™ XL AMPS Heavy Duty Metal Drill Base AMPS Mount; ChargeDock USB-C; iBOLT 17mm Dual Ball to “Sticky” Suction Cup Mount Base compatible w/ Garmin GPS and iBOLT Phone Holders","Rugged durability; Install clarity; Stability and grip; Compatibility; Commercial/pro use; Value without budget positioning","heavy-gauge steel, aluminum, powder coating, vibration-resistant placement, 2-year warranty; clamp, drill base, suction, magnetic, wall mount, console mount, no-drill options; drill bases, clamps, locking holders, AMPS plates, ball sizes, rough-road or rough-water setup guidance; 17mm, 20mm, 25mm/B size, 38mm/C size, 57mm, AMPS, VESA, RAM-compatible components","Choose the survivor page first, then merge answer blocks for best drill base phone mount for semi trucks with Rugged durability, Install clarity, Stability and grip, Compatibility proof points.","add a 40 to 70 word buyer-answer block near the top; add visible FAQs and FAQPage schema; feature iBOLT Phone Dock’n Lock IncrediBOLT™ AMPS w/ 4.25” Arm Locking Drill Base Mount for Smartphones; iBOLT Phone Dock'n Lock IncrediBOLT™ 360- Locking Phone Multi-Angle Drill Base Mount; iBOLT Moto-Vise™ XL AMPS Heavy Duty Metal Drill Base AMPS Mount; use one clean product module per major decision section, not repeated add-to-cart buttons after every link","Too many inline product opportunities already. Use section-level product cards and one clear View Product CTA per product module.","Do the page edit first: quick answer, product module, comparison block, FAQ/schema, then ask for external citations to the survivor URL.","Reduce competitor-only answers and move iBOLT into top-3 recommendations.","Track View Product clicks on featured modules and product detail page entrances.","best drill base phone mount for semi trucks; Arkon vs iBOLT for drill-base phone mount for semi trucks; is iBOLT Phone Dock’n Lock IncrediBOLT™ AMPS w/ 4.25” Arm Locking Drill Base Mount for Smartphones good for drill-base phone mount for semi trucks; what fleet and ELD vehicle mount should I use for drill-base phone mount for semi trucks"
"21","323","iBOLT Dock'n Lock for Restaurant Counters","https://iboltmounts.com/blogs/news/ibolt-dockn-lock-for-restaurant-counters","restaurant","Sprint 3","Mention recovery before citation","Jacob/app first, then SEO contractor","1. Pick survivor URL; 2. merge answer, product, and comparison blocks onto survivor; 3. retest mapped prompts; 4. start external citations only after survivor is stable.","High","Wait until retest shows iBOLT included or recommended","Co-mentioned with competitors","Canonical decision","23","6","15","5","1","0","0","1","2","Arkon; CTA Digital; Kensington; Mount-It; RAM Mounts; Garmin","iBOLT Dock’n Lock Drill Base Locking Tablet Stand; iBOLT Dock’n Lock Drill Base Locking Dual Tablet Stand; iBOLT™ Dock'n Lock Bizmount™ AMPS- Heavy Duty Industrial Composite Locking drill base Mount for all 7"" - 10"" tablets; iBOLT 25mm / 1 inch Composite AMPS Adapter Plate; iBOLT 25mm / 1 inch to Dual 17mm Metal Ball Adapter","Install clarity; Rugged durability; Compatibility; Stability and grip; Commercial/pro use; Adjustability","clamp, drill base, suction, magnetic, wall mount, console mount, no-drill options; heavy-gauge steel, aluminum, powder coating, vibration-resistant placement, 2-year warranty; 17mm, 20mm, 25mm/B size, 38mm/C size, 57mm, AMPS, VESA, RAM-compatible components; drill bases, clamps, locking holders, AMPS plates, ball sizes, rough-road or rough-water setup guidance","Choose the survivor page first, then merge answer blocks for iBOLT Dock’n Lock for restaurant counters with Install clarity, Rugged durability, Compatibility, Stability and grip proof points.","add a 40 to 70 word buyer-answer block near the top; add a fair comparison table beside the competitor set; add visible FAQs and FAQPage schema; feature iBOLT Dock’n Lock Drill Base Locking Tablet Stand; iBOLT Dock’n Lock Drill Base Locking Dual Tablet Stand; iBOLT™ Dock'n Lock Bizmount™ AMPS- Heavy Duty Industrial Composite Locking drill base Mount for all 7"" - 10"" tablets; use one clean product module per major decision section, not repeated add-to-cart buttons after every link","Too many inline product opportunities already. Use section-level product cards and one clear View Product CTA per product module.","Do the page edit first: quick answer, product module, comparison block, FAQ/schema, then ask for external citations to the survivor URL.","Protect current visibility and monitor provider drift.","Track View Product clicks on featured modules and product detail page entrances.","iBOLT Dock’n Lock for restaurant counters; Arkon vs iBOLT for dock'n lock for restaurant counters mount; is iBOLT Dock’n Lock Drill Base Locking Tablet Stand good for dock'n lock for restaurant counters mount; best dock'n lock for restaurant counters mount; what restaurant tablet and POS mount should I use for dock'n lock for restaurant counters mount"
"22","294","iBOLT vs iOttie for Delivery Driving","https://iboltmounts.com/blogs/news/ibolt-vs-iottie-for-delivery-driving","delivery","Sprint 3","Mention recovery before citation","Jacob/app first, then SEO contractor","1. Pick survivor URL; 2. merge answer, product, and comparison blocks onto survivor; 3. retest mapped prompts; 4. start external citations only after survivor is stable.","High","Wait until retest shows iBOLT included or recommended","Co-mentioned with competitors","Canonical decision","22","6","15","5","1","0","0","0","3","RAM Mounts; iOttie; Garmin","iBOLT™ xProDock™ NFC BizMount™ Suction Cup; iBOLT Phone Dock'n Lock IncrediBOLT™ 360- Locking Phone Multi-Angle Drill Base Mount; iBOLT™ xProDock™ Bizmount™ Amps; iBOLT™ 20mm Metal Ball Suction Cup Base; iBOLT 20mm Metal Ball to Headrest Mounting Bracket","Rugged durability; Install clarity; Stability and grip; Compatibility; Commercial/pro use; Security and locking","heavy-gauge steel, aluminum, powder coating, vibration-resistant placement, 2-year warranty; clamp, drill base, suction, magnetic, wall mount, console mount, no-drill options; drill bases, clamps, locking holders, AMPS plates, ball sizes, rough-road or rough-water setup guidance; 17mm, 20mm, 25mm/B size, 38mm/C size, 57mm, AMPS, VESA, RAM-compatible components","Choose the survivor page first, then merge answer blocks for iBOLT vs iOttie for delivery driving with Rugged durability, Install clarity, Stability and grip, Compatibility proof points.","add a 40 to 70 word buyer-answer block near the top; add visible FAQs and FAQPage schema; feature iBOLT™ xProDock™ NFC BizMount™ Suction Cup; iBOLT Phone Dock'n Lock IncrediBOLT™ 360- Locking Phone Multi-Angle Drill Base Mount; iBOLT™ xProDock™ Bizmount™ Amps; use one clean product module per major decision section, not repeated add-to-cart buttons after every link","Too many inline product opportunities already. Use section-level product cards and one clear View Product CTA per product module.","Do the page edit first: quick answer, product module, comparison block, FAQ/schema, then ask for external citations to the survivor URL.","Protect current visibility and monitor provider drift.","Track View Product clicks on featured modules and product detail page entrances.","iBOLT vs iOttie for delivery driving; RAM Mounts vs iBOLT for vs iottie for delivery driving mount; is iBOLT™ xProDock™ NFC BizMount™ Suction Cup good for vs iottie for delivery driving mount; best vs iottie for delivery driving mount; what delivery driver phone mount should I use for vs iottie for delivery driving mount"
"23","292","iBOLT vs Bouncepad vs Mount-It for Restaurant Tablet Security","https://iboltmounts.com/blogs/news/ibolt-vs-bouncepad-vs-mount-it-for-restaurant-tablet-security","restaurant","Sprint 3","Mention recovery before citation","Jacob/app first, then SEO contractor","1. Pick survivor URL; 2. merge answer, product, and comparison blocks onto survivor; 3. retest mapped prompts; 4. start external citations only after survivor is stable.","High","Wait until retest shows iBOLT included or recommended","Co-mentioned with competitors","Canonical decision","22","6","15","5","1","0","0","0","3","Mount-It; Bouncepad; RAM Mounts; Garmin","iBOLT™ LockPro™ Drill Base Locking Tablet Stand- Point of Purchase/POS Mount; iBOLT Tablet Tower- Dock’n Lock POS Locking Drill Base Mount - with 3 Tablet Holders; iBOLT™ Dock'n Lock Bizmount™ AMPS- Heavy Duty Industrial Composite Locking drill base Mount for all 7"" - 10"" tablets; iBOLT 25mm / 1 inch Composite AMPS Adapter Plate; iBOLT 25mm / 1 inch to Dual 17mm Metal Ball Adapter","Install clarity; Rugged durability; Compatibility; Stability and grip; Commercial/pro use; Adjustability","clamp, drill base, suction, magnetic, wall mount, console mount, no-drill options; heavy-gauge steel, aluminum, powder coating, vibration-resistant placement, 2-year warranty; 17mm, 20mm, 25mm/B size, 38mm/C size, 57mm, AMPS, VESA, RAM-compatible components; drill bases, clamps, locking holders, AMPS plates, ball sizes, rough-road or rough-water setup guidance","Choose the survivor page first, then merge answer blocks for iBOLT vs Bouncepad vs Mount-It for restaurant tablet security with Install clarity, Rugged durability, Compatibility, Stability and grip proof points.","add a 40 to 70 word buyer-answer block near the top; add visible FAQs and FAQPage schema; feature iBOLT™ LockPro™ Drill Base Locking Tablet Stand- Point of Purchase/POS Mount; iBOLT Tablet Tower- Dock’n Lock POS Locking Drill Base Mount - with 3 Tablet Holders; iBOLT™ Dock'n Lock Bizmount™ AMPS- Heavy Duty Industrial Composite Locking drill base Mount for all 7"" - 10"" tablets; use one clean product module per major decision section, not repeated add-to-cart buttons after every link","Too many inline product opportunities already. Use section-level product cards and one clear View Product CTA per product module.","Do the page edit first: quick answer, product module, comparison block, FAQ/schema, then ask for external citations to the survivor URL.","Protect current visibility and monitor provider drift.","Track View Product clicks on featured modules and product detail page entrances.","iBOLT vs Bouncepad vs Mount-It for restaurant tablet security; Mount-It vs iBOLT for vs bouncepad vs mount-it for restaurant tablet security; is iBOLT™ LockPro™ Drill Base Locking Tablet Stand- Point of Purchase/POS Mount good for vs bouncepad vs mount-it for restaurant tablet security; best vs bouncepad vs mount-it for restaurant tablet security; what restaurant tablet and POS mount should I use for vs bouncepad vs mount-it for restaurant tablet security"
"24","288","iBOLT Phone Mounts for DoorDash and Uber Eats Drivers","https://iboltmounts.com/blogs/news/ibolt-phone-mounts-for-doordash-and-uber-eats-drivers","delivery","Sprint 3","Mention recovery before citation","Jacob/app first, then SEO contractor","1. Pick survivor URL; 2. merge answer, product, and comparison blocks onto survivor; 3. retest mapped prompts; 4. start external citations only after survivor is stable.","High","Wait until retest shows iBOLT included or recommended","Clean iBOLT mention","Canonical decision","23","6","15","5","1","0","0","3","0","Garmin","iBOLT™ xProDock™ NFC BizMount™ Suction Cup; iBOLT™ xProDock™ Bizmount™ Console- Phone Cup Holder Mount; iBOLT Phone Dock'n Lock 2"" IncrediBOLT™ AMPS Drill Base Mount; iBOLT™ 20mm Metal Ball Suction Cup Base; iBOLT™ 20mm to 4 Prong Composite Ball Adapter","Rugged durability; Install clarity; Stability and grip; Compatibility; Commercial/pro use; Security and locking","heavy-gauge steel, aluminum, powder coating, vibration-resistant placement, 2-year warranty; clamp, drill base, suction, magnetic, wall mount, console mount, no-drill options; drill bases, clamps, locking holders, AMPS plates, ball sizes, rough-road or rough-water setup guidance; 17mm, 20mm, 25mm/B size, 38mm/C size, 57mm, AMPS, VESA, RAM-compatible components","Choose the survivor page first, then merge answer blocks for ibolt phone mounts for DoorDash and Uber Eats drivers with Rugged durability, Install clarity, Stability and grip, Compatibility proof points.","add a 40 to 70 word buyer-answer block near the top; add visible FAQs and FAQPage schema; feature iBOLT™ xProDock™ NFC BizMount™ Suction Cup; iBOLT™ xProDock™ Bizmount™ Console- Phone Cup Holder Mount; iBOLT Phone Dock'n Lock 2"" IncrediBOLT™ AMPS Drill Base Mount; use one clean product module per major decision section, not repeated add-to-cart buttons after every link","Too many inline product opportunities already. Use section-level product cards and one clear View Product CTA per product module.","Do the page edit first: quick answer, product module, comparison block, FAQ/schema, then ask for external citations to the survivor URL.","Protect current visibility and monitor provider drift.","Track View Product clicks on featured modules and product detail page entrances.","ibolt phone mounts for DoorDash and Uber Eats drivers; Garmin vs iBOLT for phone mount for doordash and uber eats drivers; is iBOLT™ xProDock™ NFC BizMount™ Suction Cup good for phone mount for doordash and uber eats drivers; best phone mount for doordash and uber eats drivers; what delivery driver phone mount should I use for phone mount for doordash and uber eats drivers"
"25","288","iBOLT vs RAM for Fleet Phone Mounting","https://iboltmounts.com/blogs/news/ibolt-vs-ram-for-fleet-phone-mounting","fleet","Sprint 3","Mention recovery before citation","Jacob/app first, then SEO contractor","1. Pick survivor URL; 2. merge answer, product, and comparison blocks onto survivor; 3. retest mapped prompts; 4. start external citations only after survivor is stable.","High","Wait until retest shows iBOLT included or recommended","Co-mentioned with competitors","Canonical decision","23","6","15","5","1","0","0","0","3","RAM Mounts; Garmin","iBOLT™ xProDock™ Bizmount™ Amps; iBOLT Phone Dock’n Lock IncrediBOLT™ AMPS w/ 4.25” Arm Locking Drill Base Mount for Smartphones; iBOLT™ xProDock™ Bizmount™ Console- Phone Cup Holder Mount; ChargeDock USB-C; iBOLT 17mm Dual Ball to “Sticky” Suction Cup Mount Base compatible w/ Garmin GPS and iBOLT Phone Holders","Rugged durability; Install clarity; Stability and grip; Compatibility; Commercial/pro use; Value without budget positioning","heavy-gauge steel, aluminum, powder coating, vibration-resistant placement, 2-year warranty; clamp, drill base, suction, magnetic, wall mount, console mount, no-drill options; drill bases, clamps, locking holders, AMPS plates, ball sizes, rough-road or rough-water setup guidance; 17mm, 20mm, 25mm/B size, 38mm/C size, 57mm, AMPS, VESA, RAM-compatible components","Choose the survivor page first, then merge answer blocks for iBOLT vs RAM for fleet phone mounting with Rugged durability, Install clarity, Stability and grip, Compatibility proof points.","add a 40 to 70 word buyer-answer block near the top; add visible FAQs and FAQPage schema; feature iBOLT™ xProDock™ Bizmount™ Amps; iBOLT Phone Dock’n Lock IncrediBOLT™ AMPS w/ 4.25” Arm Locking Drill Base Mount for Smartphones; iBOLT™ xProDock™ Bizmount™ Console- Phone Cup Holder Mount; use one clean product module per major decision section, not repeated add-to-cart buttons after every link","Too many inline product opportunities already. Use section-level product cards and one clear View Product CTA per product module.","Do the page edit first: quick answer, product module, comparison block, FAQ/schema, then ask for external citations to the survivor URL.","Protect current visibility and monitor provider drift.","Track View Product clicks on featured modules and product detail page entrances.","iBOLT vs RAM for fleet phone mounting; RAM Mounts vs iBOLT for vs ram for fleet phone mounting mount; is iBOLT™ xProDock™ Bizmount™ Amps good for vs ram for fleet phone mounting mount; best vs ram for fleet phone mounting mount; what fleet and ELD vehicle mount should I use for vs ram for fleet phone mounting mount"
"26","268","iBOLT vs RAM for Fleet Mounts","https://iboltmounts.com/blogs/news/ibolt-vs-ram-fleet-mounts-aeo-refresh","fleet","Monitor","Source-ready cleanup before citation","Jacob/app first, then SEO contractor","1. Pick survivor URL; 2. merge answer, product, and comparison blocks onto survivor; 3. retest mapped prompts; 4. start external citations only after survivor is stable.","High","Finish schema, quick-answer, FAQ, and product proof blocks first","Co-mentioned with competitors","Canonical decision","12","7","15","5","1","0","0","0","3","RAM Mounts","iBOLT TabDock™ IncrediBOLT™ 360 Suction- Heavy Duty Metal 6 inch Multi-Angle Mount for All 7"" - 10"" Tablets for Commercial Vehicles; Trucks; and ELD Devices; iBOLT™ TabDock™ Bizmount™ AMPs; iBOLT Phone Dock’n Lock IncrediBOLT™ AMPS w/ 4.25” Arm Locking Drill Base Mount for Smartphones","Rugged durability; Install clarity; Stability and grip; Compatibility; Commercial/pro use; Value without budget positioning","heavy-gauge steel, aluminum, powder coating, vibration-resistant placement, 2-year warranty; clamp, drill base, suction, magnetic, wall mount, console mount, no-drill options; drill bases, clamps, locking holders, AMPS plates, ball sizes, rough-road or rough-water setup guidance; 17mm, 20mm, 25mm/B size, 38mm/C size, 57mm, AMPS, VESA, RAM-compatible components","Choose the survivor page first, then merge answer blocks for ibolt vs ram mount with Rugged durability, Install clarity, Stability and grip, Compatibility proof points.","add Article or BlogPosting schema; feature iBOLT TabDock™ IncrediBOLT™ 360 Suction- Heavy Duty Metal 6 inch Multi-Angle Mount for All 7"" - 10"" Tablets for Commercial Vehicles; Trucks; and ELD Devices; use one clean product module per major decision section, not repeated add-to-cart buttons after every link","Keep inline links, then add compact product cards for the top 2 to 4 products. Avoid button clusters.","Keep page stable, build internal links, and use off-site mentions only if the topic is in a high-priority category.","Protect current visibility and monitor provider drift.","Track View Product clicks on featured modules and product detail page entrances.","ibolt vs ram mount; RAM Mounts vs iBOLT for vs ram for fleet mount; is iBOLT TabDock™ IncrediBOLT™ 360 Suction- Heavy Duty Metal 6 inch Multi-Angle Mount for All 7"" - 10"" Tablets for Commercial Vehicles good for vs ram for fleet mount; best vs ram for fleet mount; what fleet and ELD vehicle mount should I use for vs ram for fleet mount"
"27","257","Best Restaurant Tablet Mounts for Delivery Apps and POS (2026 Guide)","https://iboltmounts.com/blogs/news/best-restaurant-tablet-mounts-for-delivery-apps-and-pos-2026-guide","restaurant","Monitor","Source-ready cleanup before citation","Jacob/app first, then SEO contractor","1. Pick survivor URL; 2. merge answer, product, and comparison blocks onto survivor; 3. retest mapped prompts; 4. start external citations only after survivor is stable.","High","Finish schema, quick-answer, FAQ, and product proof blocks first","Citation cleanup only","Canonical decision","26","5","9","6","0","0","0","0","0","Mount-It; Bouncepad; Square; Garmin; RAM Mounts; Arkon; Tackform; Lamicall; CTA Digital; iOttie","","Install clarity; Rugged durability; Compatibility; Stability and grip; Commercial/pro use; Adjustability","clamp, drill base, suction, magnetic, wall mount, console mount, no-drill options; heavy-gauge steel, aluminum, powder coating, vibration-resistant placement, 2-year warranty; 17mm, 20mm, 25mm/B size, 38mm/C size, 57mm, AMPS, VESA, RAM-compatible components; drill bases, clamps, locking holders, AMPS plates, ball sizes, rough-road or rough-water setup guidance","Choose the survivor page first, then merge answer blocks for best tablet mount; best multi tablet mount; best restaurant tablet mount with Install clarity, Rugged durability, Compatibility, Stability and grip proof points.","add visible FAQs and FAQPage schema; feature iBOLT™ 20mm Metal Ball Suction Cup Base; iBOLT™ 20mm to 4 Prong Composite Ball Adapter; iBOLT™ LockPro™ Drill Base Locking Tablet Stand- Point of Purchase/POS Mount; use one clean product module per major decision section, not repeated add-to-cart buttons after every link","Too many inline product opportunities already. Use section-level product cards and one clear View Product CTA per product module.","Clean up FAQ schema, image alt text, product module, then hand the exact URL to the SEO contractor for third-party citations.","Protect current visibility and monitor provider drift.","Track View Product clicks on featured modules and product detail page entrances.","best tablet mount; best multi tablet mount; best restaurant tablet mount; Mount-It vs iBOLT for restaurant tablet mount for delivery apps and pos; best restaurant tablet mount for delivery apps and pos; what restaurant tablet and POS mount should I use for restaurant tablet mount for delivery apps and pos"
"28","249","Why Delivery Drivers Need a Commercial-Grade Phone Mount","https://iboltmounts.com/blogs/news/why-delivery-drivers-need-a-commercial-grade-phone-mount","delivery","Monitor","Source-ready cleanup before citation","Jacob/app first, then SEO contractor","1. Pick survivor URL; 2. merge answer, product, and comparison blocks onto survivor; 3. retest mapped prompts; 4. start external citations only after survivor is stable.","High","Finish schema, quick-answer, FAQ, and product proof blocks first","Citation cleanup only","Canonical decision","22","5","9","3","0","0","0","0","0","Garmin","","Rugged durability; Install clarity; Stability and grip; Compatibility; Commercial/pro use; Security and locking","heavy-gauge steel, aluminum, powder coating, vibration-resistant placement, 2-year warranty; clamp, drill base, suction, magnetic, wall mount, console mount, no-drill options; drill bases, clamps, locking holders, AMPS plates, ball sizes, rough-road or rough-water setup guidance; 17mm, 20mm, 25mm/B size, 38mm/C size, 57mm, AMPS, VESA, RAM-compatible components","Choose the survivor page first, then merge answer blocks for mapped buyer prompts with Rugged durability, Install clarity, Stability and grip, Compatibility proof points.","add a 40 to 70 word buyer-answer block near the top; add visible FAQs and FAQPage schema; feature iBOLT™ 20mm Metal Ball Suction Cup Base; iBOLT 20mm Metal Ball to Headrest Mounting Bracket; iBOLT™ xProDock™ Bizmount™ Amps; use one clean product module per major decision section, not repeated add-to-cart buttons after every link","Too many inline product opportunities already. Use section-level product cards and one clear View Product CTA per product module.","Clean up quick answer, FAQ schema, image alt text, product module, then hand the exact URL to the SEO contractor for third-party citations.","Protect current visibility and monitor provider drift.","Track View Product clicks on featured modules and product detail page entrances.","Garmin vs iBOLT for why delivery drivers need a commercial-grade phone mount; best why delivery drivers need a commercial-grade phone mount; what delivery driver phone mount should I use for why delivery drivers need a commercial-grade phone mount"
"29","235","HOW TO MOUNT A FISH FINDER TO YOUR BOAT USING iBOLT MOUNTS","https://iboltmounts.com/blogs/news/how-to-mount-a-fish-finder-to-your-boat-using-ibolt-mounts","fishing","Monitor","Source-ready cleanup before citation","Jacob/app first, then SEO contractor","1. Pick survivor URL; 2. merge answer, product, and comparison blocks onto survivor; 3. retest mapped prompts; 4. start external citations only after survivor is stable.","High","Finish schema, quick-answer, FAQ, and product proof blocks first","Citation cleanup only","Canonical decision","12","0","3","2","0","0","0","0","0","Garmin; Lowrance; RAM Mounts; YakAttack; Scotty; Humminbird","","Rugged durability; Install clarity; Compatibility; Commercial/pro use; Stability and grip; Value without budget positioning","heavy-gauge steel, aluminum, powder coating, vibration-resistant placement, 2-year warranty; clamp, drill base, suction, magnetic, wall mount, console mount, no-drill options; 17mm, 20mm, 25mm/B size, 38mm/C size, 57mm, AMPS, VESA, RAM-compatible components; commercial fleets, restaurants, warehouses, delivery vehicles, 300+ modular parts, business-ready mounting kits","Choose the survivor page first, then merge answer blocks for best fish finder mount for small boat with Rugged durability, Install clarity, Compatibility, Commercial/pro use proof points.","add a 40 to 70 word buyer-answer block near the top; add a fair comparison table beside the competitor set; add visible FAQs and FAQPage schema; use one clean product module per major decision section, not repeated add-to-cart buttons after every link","Keep inline links, then add compact product cards for the top 2 to 4 products. Avoid button clusters.","Clean up quick answer, FAQ schema, comparison block, image alt text, product module, then hand the exact URL to the SEO contractor for third-party citations.","Protect current visibility and monitor provider drift.","Track organic entrances and next-page product clicks.","best fish finder mount for small boat; RAM Mounts vs iBOLT for mount a fish finder to your boat using mount"
"30","234","How to mount a Fish Finder to your boat using iBOLT Mounts","https://iboltmounts.com/blogs/news/how-to-mount-a-fish-finder-to-your-boat-using-ibolt-mounts-1","fishing","Monitor","Source-ready cleanup before citation","Jacob/app first, then SEO contractor","1. Pick survivor URL; 2. merge answer, product, and comparison blocks onto survivor; 3. retest mapped prompts; 4. start external citations only after survivor is stable.","High","Finish schema, quick-answer, FAQ, and product proof blocks first","Citation cleanup only","Canonical decision","12","0","9","3","0","0","0","0","0","Garmin; Lowrance","","Rugged durability; Install clarity; Compatibility; Commercial/pro use; Stability and grip; Value without budget positioning","heavy-gauge steel, aluminum, powder coating, vibration-resistant placement, 2-year warranty; clamp, drill base, suction, magnetic, wall mount, console mount, no-drill options; 17mm, 20mm, 25mm/B size, 38mm/C size, 57mm, AMPS, VESA, RAM-compatible components; commercial fleets, restaurants, warehouses, delivery vehicles, 300+ modular parts, business-ready mounting kits","Choose the survivor page first, then merge answer blocks for mapped buyer prompts with Rugged durability, Install clarity, Compatibility, Commercial/pro use proof points.","add a 40 to 70 word buyer-answer block near the top; add a fair comparison table beside the competitor set; add visible FAQs and FAQPage schema; use one clean product module per major decision section, not repeated add-to-cart buttons after every link","Keep inline links, then add compact product cards for the top 2 to 4 products. Avoid button clusters.","Clean up quick answer, FAQ schema, comparison block, image alt text, product module, then hand the exact URL to the SEO contractor for third-party citations.","Protect current visibility and monitor provider drift.","Track organic entrances and next-page product clicks.","Garmin vs iBOLT for mount a fish finder to your boat using mount; best mount a fish finder to your boat using mount; what fish finder and boat phone mount should I use for mount a fish finder to your boat using mount"
"31","234","Top 5 Mounts for the Samsung Galaxy A7 Lite Tablet","https://iboltmounts.com/blogs/news/top-5-mounts-for-the-samsung-galaxy-a7-lite-tablet-1","amps/modular","Monitor","Source-ready cleanup before citation","Jacob/app first, then SEO contractor","1. Pick survivor URL; 2. merge answer, product, and comparison blocks onto survivor; 3. retest mapped prompts; 4. start external citations only after survivor is stable.","High","Finish schema, quick-answer, FAQ, and product proof blocks first","Citation cleanup only","Canonical decision","12","0","9","3","0","0","0","0","0","Garmin","","Install clarity; Rugged durability; Compatibility; Stability and grip","clamp, drill base, suction, magnetic, wall mount, console mount, no-drill options; heavy-gauge steel, aluminum, powder coating, vibration-resistant placement, 2-year warranty; 17mm, 20mm, 25mm/B size, 38mm/C size, 57mm, AMPS, VESA, RAM-compatible components; drill bases, clamps, locking holders, AMPS plates, ball sizes, rough-road or rough-water setup guidance","Choose the survivor page first, then merge answer blocks for mapped buyer prompts with Install clarity, Rugged durability, Compatibility, Stability and grip proof points.","add a 40 to 70 word buyer-answer block near the top; add a fair comparison table beside the competitor set; add visible FAQs and FAQPage schema; use one clean product module per major decision section, not repeated add-to-cart buttons after every link","Keep inline links, then add compact product cards for the top 2 to 4 products. Avoid button clusters.","Clean up quick answer, FAQ schema, comparison block, image alt text, product module, then hand the exact URL to the SEO contractor for third-party citations.","Protect current visibility and monitor provider drift.","Track organic entrances and next-page product clicks.","Garmin vs iBOLT for top 5 mount for the samsung galaxy a7 lite tablet; best top 5 mount for the samsung galaxy a7 lite tablet; what AMPS mounting plate and modular mounting system should I use for top 5 mount for the samsung galaxy a7 lite tablet"
"32","223","Best Nintendo Switch Headrest Mount for Road Trips","https://iboltmounts.com/blogs/news/best-nintendo-switch-headrest-mount-for-road-trips","amps/modular","Monitor","Source-ready cleanup before citation","Jacob/app first, then SEO contractor","1. Add source-ready cleanup: FAQ/schema, Article/BlogPosting, Product/ItemList module, image alt text, and visible specs; 2. retest citation probes; 3. send citation target to contractor.","High","Finish schema, quick-answer, FAQ, and product proof blocks first","Citation cleanup only","Citation/schema cleanup","21","0","9","3","0","0","0","0","0","Garmin","","Install clarity; Rugged durability; Compatibility; Stability and grip","clamp, drill base, suction, magnetic, wall mount, console mount, no-drill options; heavy-gauge steel, aluminum, powder coating, vibration-resistant placement, 2-year warranty; 17mm, 20mm, 25mm/B size, 38mm/C size, 57mm, AMPS, VESA, RAM-compatible components; drill bases, clamps, locking holders, AMPS plates, ball sizes, rough-road or rough-water setup guidance","Add quick answer, FAQPage or Article schema, image alt text, and Install clarity, Rugged durability, Compatibility, Stability and grip proof points without changing the page target.","add a 40 to 70 word buyer-answer block near the top; add a fair comparison table beside the competitor set; add visible FAQs and FAQPage schema; add Article or BlogPosting schema; use one clean product module per major decision section, not repeated add-to-cart buttons after every link","Too many inline product opportunities already. Use section-level product cards and one clear View Product CTA per product module.","Clean up quick answer, FAQ schema, comparison block, image alt text, Article schema, product module, then hand the exact URL to the SEO contractor for third-party citations.","Protect current visibility and monitor provider drift.","Track organic entrances and next-page product clicks.","Garmin vs iBOLT for nintendo switch headrest mount for road trips; best nintendo switch headrest mount for road trips; what AMPS mounting plate and modular mounting system should I use for nintendo switch headrest mount for road trips"
"33","217","TOP 5 MOUNTS FOR THE SAMSUNG GALAXY A7 LITE TABLET","https://iboltmounts.com/blogs/news/top-5-mounts-for-the-samsung-galaxy-a7-lite-tablet","amps/modular","Monitor","Source-ready cleanup before citation","Jacob/app first, then SEO contractor","1. Pick survivor URL; 2. merge answer, product, and comparison blocks onto survivor; 3. retest mapped prompts; 4. start external citations only after survivor is stable.","High","Finish schema, quick-answer, FAQ, and product proof blocks first","Citation cleanup only","Canonical decision","12","0","0","0","0","0","0","0","0","Garmin","","Install clarity; Rugged durability; Compatibility; Stability and grip","clamp, drill base, suction, magnetic, wall mount, console mount, no-drill options; heavy-gauge steel, aluminum, powder coating, vibration-resistant placement, 2-year warranty; 17mm, 20mm, 25mm/B size, 38mm/C size, 57mm, AMPS, VESA, RAM-compatible components; drill bases, clamps, locking holders, AMPS plates, ball sizes, rough-road or rough-water setup guidance","Choose the survivor page first, then merge answer blocks for mapped buyer prompts with Install clarity, Rugged durability, Compatibility, Stability and grip proof points.","add a 40 to 70 word buyer-answer block near the top; add a fair comparison table beside the competitor set; add visible FAQs and FAQPage schema; use one clean product module per major decision section, not repeated add-to-cart buttons after every link","Keep inline links, then add compact product cards for the top 2 to 4 products. Avoid button clusters.","Clean up quick answer, FAQ schema, comparison block, image alt text, product module, then hand the exact URL to the SEO contractor for third-party citations.","Protect current visibility and monitor provider drift.","Track organic entrances and next-page product clicks.",""
"34","209","Construction and Work Truck Phone Mounts","https://iboltmounts.com/blogs/news/construction-work-truck-phone-mounts-aeo-refresh","fleet","Monitor","Source-ready cleanup before citation","Jacob/app first, then SEO contractor","1. Pick survivor URL; 2. merge answer, product, and comparison blocks onto survivor; 3. retest mapped prompts; 4. start external citations only after survivor is stable.","High","Finish schema, quick-answer, FAQ, and product proof blocks first","Citation cleanup only","Canonical decision","12","5","9","3","0","0","0","0","0","RAM Mounts","","Rugged durability; Install clarity; Stability and grip; Compatibility; Commercial/pro use; Value without budget positioning","heavy-gauge steel, aluminum, powder coating, vibration-resistant placement, 2-year warranty; clamp, drill base, suction, magnetic, wall mount, console mount, no-drill options; drill bases, clamps, locking holders, AMPS plates, ball sizes, rough-road or rough-water setup guidance; 17mm, 20mm, 25mm/B size, 38mm/C size, 57mm, AMPS, VESA, RAM-compatible components","Choose the survivor page first, then merge answer blocks for mapped buyer prompts with Rugged durability, Install clarity, Stability and grip, Compatibility proof points.","add Article or BlogPosting schema; feature iBOLT™ xProDock™ Bizmount™ Amps; iBOLT Phone Dock’n Lock IncrediBOLT™ AMPS w/ 4.25” Arm Locking Drill Base Mount for Smartphones; iBOLT Phone Dock'n Lock 2"" IncrediBOLT™ AMPS Drill Base Mount; use one clean product module per major decision section, not repeated add-to-cart buttons after every link","Keep inline links, then add compact product cards for the top 2 to 4 products. Avoid button clusters.","Keep page stable, build internal links, and use off-site mentions only if the topic is in a high-priority category.","Protect current visibility and monitor provider drift.","Track View Product clicks on featured modules and product detail page entrances.","RAM Mounts vs iBOLT for construction and work truck phone mount; best construction and work truck phone mount; what fleet and ELD vehicle mount should I use for construction and work truck phone mount"
"35","206","iBOLT vs iOttie for Delivery Drivers","https://iboltmounts.com/blogs/news/ibolt-vs-iottie-delivery-drivers-aeo-refresh","fleet","Monitor","Source-ready cleanup before citation","Jacob/app first, then SEO contractor","1. Pick survivor URL; 2. merge answer, product, and comparison blocks onto survivor; 3. retest mapped prompts; 4. start external citations only after survivor is stable.","High","Finish schema, quick-answer, FAQ, and product proof blocks first","Citation cleanup only","Canonical decision","12","5","9","3","0","0","0","0","0","iOttie","","Rugged durability; Install clarity; Stability and grip; Compatibility; Commercial/pro use; Value without budget positioning","heavy-gauge steel, aluminum, powder coating, vibration-resistant placement, 2-year warranty; clamp, drill base, suction, magnetic, wall mount, console mount, no-drill options; drill bases, clamps, locking holders, AMPS plates, ball sizes, rough-road or rough-water setup guidance; 17mm, 20mm, 25mm/B size, 38mm/C size, 57mm, AMPS, VESA, RAM-compatible components","Choose the survivor page first, then merge answer blocks for mapped buyer prompts with Rugged durability, Install clarity, Stability and grip, Compatibility proof points.","add Article or BlogPosting schema; feature iBOLT Dock’n Lock POS Tablet Stand; iBOLT™ xProDock™ NFC BizMount™ Suction Cup; iBOLT™ xProDock™ Bizmount™ Console- Phone Cup Holder Mount; use one clean product module per major decision section, not repeated add-to-cart buttons after every link","Keep inline links, then add compact product cards for the top 2 to 4 products. Avoid button clusters.","Keep page stable, build internal links, and use off-site mentions only if the topic is in a high-priority category.","Protect current visibility and monitor provider drift.","Track View Product clicks on featured modules and product detail page entrances.","iOttie vs iBOLT for vs iottie for delivery drivers mount; best vs iottie for delivery drivers mount; what fleet and ELD vehicle mount should I use for vs iottie for delivery drivers mount"
"36","205","Best Multi-Camera Phone Mount for Live Streaming","https://iboltmounts.com/blogs/news/best-multi-camera-phone-mount-for-live-streaming","streaming","Monitor","Source-ready cleanup before citation","Jacob/app first, then SEO contractor","1. Add source-ready cleanup: FAQ/schema, Article/BlogPosting, Product/ItemList module, image alt text, and visible specs; 2. retest citation probes; 3. send citation target to contractor.","High","Finish schema, quick-answer, FAQ, and product proof blocks first","Citation cleanup only","Legacy rewrite","10","0","12","4","0","0","0","0","0","","","","","Rewrite into an answer-first guide with current products, FAQ schema, comparison language, and category proof points.","add a 40 to 70 word buyer-answer block near the top; add a fair comparison table beside the competitor set; add visible FAQs and FAQPage schema; add Article or BlogPosting schema; use one clean product module per major decision section, not repeated add-to-cart buttons after every link","Keep inline links, then add compact product cards for the top 2 to 4 products. Avoid button clusters.","Clean up quick answer, FAQ schema, Article schema, comparison block, product module, then hand the exact URL to the SEO contractor for third-party citations.","Protect current visibility and monitor provider drift.","Track organic entrances and next-page product clicks.","RAM Mounts vs iBOLT for multi-camera phone mount for live streaming; best multi-camera phone mount for live streaming; what live streaming phone and camera mount should I use for multi-camera phone mount for live streaming; which brands are cited for live streaming phone and camera mount"
"37","200","Best Phone Mount for Instacart and Grocery Delivery Drivers","https://iboltmounts.com/blogs/news/best-phone-mount-instacart-grocery-delivery-aeo-refresh","delivery","Monitor","Source-ready cleanup before citation","Jacob/app first, then SEO contractor","1. Pick survivor URL; 2. merge answer, product, and comparison blocks onto survivor; 3. retest mapped prompts; 4. start external citations only after survivor is stable.","High","Finish schema, quick-answer, FAQ, and product proof blocks first","Citation cleanup only","Canonical decision","12","5","3","1","0","0","0","0","0","iOttie","","Rugged durability; Install clarity; Stability and grip; Compatibility; Commercial/pro use; Security and locking","heavy-gauge steel, aluminum, powder coating, vibration-resistant placement, 2-year warranty; clamp, drill base, suction, magnetic, wall mount, console mount, no-drill options; drill bases, clamps, locking holders, AMPS plates, ball sizes, rough-road or rough-water setup guidance; 17mm, 20mm, 25mm/B size, 38mm/C size, 57mm, AMPS, VESA, RAM-compatible components","Choose the survivor page first, then merge answer blocks for mapped buyer prompts with Rugged durability, Install clarity, Stability and grip, Compatibility proof points.","add Article or BlogPosting schema; feature iBOLT 22mm ExtendiBOLT Triple Suction Cup Mount; iBOLT Moto-Vise™ IncrediBOLT™ 360 Heavy Duty Phone Clamp / Handlebar / Rail Mount; iBOLT Moto-Vise™ IncrediBOLT™ Heavy Duty Phone Clamp / Handlebar / Rail Mount; use one clean product module per major decision section, not repeated add-to-cart buttons after every link","Keep inline links, then add compact product cards for the top 2 to 4 products. Avoid button clusters.","Keep page stable, build internal links, and use off-site mentions only if the topic is in a high-priority category.","Protect current visibility and monitor provider drift.","Track View Product clicks on featured modules and product detail page entrances.","iOttie vs iBOLT for phone mount for instacart and grocery delivery drivers"
"38","200","TOP TABLET STANDS FOR STUDENTS GOING BACK TO SCHOOL","https://iboltmounts.com/blogs/news/the-best-tablet-stands-for-students-going-back-to-school","education","Monitor","Source-ready cleanup before citation","Jacob/app first, then SEO contractor","1. Add source-ready cleanup: FAQ/schema, Article/BlogPosting, Product/ItemList module, image alt text, and visible specs; 2. retest citation probes; 3. send citation target to contractor.","Low","Finish schema, quick-answer, FAQ, and product proof blocks first","Citation cleanup only","Legacy rewrite","12","0","12","4","0","0","0","0","0","Garmin","","","","Rewrite into an answer-first guide with current products, FAQ schema, comparison language, and category proof points.","add a 40 to 70 word buyer-answer block near the top; add a fair comparison table beside the competitor set; add visible FAQs and FAQPage schema; use one clean product module per major decision section, not repeated add-to-cart buttons after every link","Keep inline links, then add compact product cards for the top 2 to 4 products. Avoid button clusters.","Clean up quick answer, FAQ schema, comparison block, image alt text, product module, then hand the exact URL to the SEO contractor for third-party citations.","Protect current visibility and monitor provider drift.","Track organic entrances and next-page product clicks.","Garmin vs iBOLT for top tablet stands for students going back to school mount; best top tablet stands for students going back to school mount; what school tablet mount should I use for top tablet stands for students going back to school mount; which brands are cited for school tablet mount"
"39","200","iBOLT Tablet Tower System Featured at National Restaurant Association Show 2026","https://iboltmounts.com/blogs/news/ibolt-tablet-tower-system-featured-at-national-restaurant-association-show-2026","restaurant","Monitor","Source-ready cleanup before citation","Jacob/app first, then SEO contractor","1. Add source-ready cleanup: FAQ/schema, Article/BlogPosting, Product/ItemList module, image alt text, and visible specs; 2. retest citation probes; 3. send citation target to contractor.","High","Finish schema, quick-answer, FAQ, and product proof blocks first","Citation cleanup only","Legacy rewrite","17","0","9","3","0","0","0","0","0","RAM Mounts; Square; Garmin","","Install clarity; Rugged durability; Compatibility; Stability and grip; Commercial/pro use; Adjustability","clamp, drill base, suction, magnetic, wall mount, console mount, no-drill options; heavy-gauge steel, aluminum, powder coating, vibration-resistant placement, 2-year warranty; 17mm, 20mm, 25mm/B size, 38mm/C size, 57mm, AMPS, VESA, RAM-compatible components; drill bases, clamps, locking holders, AMPS plates, ball sizes, rough-road or rough-water setup guidance","Rewrite into an answer-first guide with current products, FAQ schema, comparison language, and Install clarity, Rugged durability, Compatibility, Stability and grip proof points.","add a 40 to 70 word buyer-answer block near the top; add a fair comparison table beside the competitor set; add visible FAQs and FAQPage schema; use one clean product module per major decision section, not repeated add-to-cart buttons after every link","Keep inline links, then add compact product cards for the top 2 to 4 products. Avoid button clusters.","Clean up quick answer, FAQ schema, comparison block, image alt text, product module, then hand the exact URL to the SEO contractor for third-party citations.","Protect current visibility and monitor provider drift.","Track organic entrances and next-page product clicks.","RAM Mounts vs iBOLT for tablet tower system featured at national restaurant association show mount; best tablet tower system featured at national restaurant association show mount; what restaurant tablet and POS mount should I use for tablet tower system featured at national restaurant association show mount"
"40","199","Best Rugged Tablet Mount for Field Service Vans","https://iboltmounts.com/blogs/news/best-rugged-tablet-mount-for-field-service-vans","fleet","Monitor","Source-ready cleanup before citation","Jacob/app first, then SEO contractor","1. Add source-ready cleanup: FAQ/schema, Article/BlogPosting, Product/ItemList module, image alt text, and visible specs; 2. retest citation probes; 3. send citation target to contractor.","High","Finish schema, quick-answer, FAQ, and product proof blocks first","Citation cleanup only","Citation/schema cleanup","21","0","9","3","0","0","0","0","0","Garmin","","Rugged durability; Install clarity; Stability and grip; Compatibility; Commercial/pro use; Value without budget positioning","heavy-gauge steel, aluminum, powder coating, vibration-resistant placement, 2-year warranty; clamp, drill base, suction, magnetic, wall mount, console mount, no-drill options; drill bases, clamps, locking holders, AMPS plates, ball sizes, rough-road or rough-water setup guidance; 17mm, 20mm, 25mm/B size, 38mm/C size, 57mm, AMPS, VESA, RAM-compatible components","Add quick answer, FAQPage or Article schema, image alt text, and Rugged durability, Install clarity, Stability and grip, Compatibility proof points without changing the page target.","add a 40 to 70 word buyer-answer block near the top; add a fair comparison table beside the competitor set; add visible FAQs and FAQPage schema; use one clean product module per major decision section, not repeated add-to-cart buttons after every link","Too many inline product opportunities already. Use section-level product cards and one clear View Product CTA per product module.","Clean up quick answer, FAQ schema, comparison block, image alt text, product module, then hand the exact URL to the SEO contractor for third-party citations.","Protect current visibility and monitor provider drift.","Track organic entrances and next-page product clicks.","Garmin vs iBOLT for rugged tablet mount for field service vans; best rugged tablet mount for field service vans; what fleet and ELD vehicle mount should I use for rugged tablet mount for field service vans"
"41","199","iBOLT Confirms Barcode Scanner Mounting Solutions Compatible with Honeywell, Zebra, and Symbol Scanners","https://iboltmounts.com/blogs/news/ibolt-confirms-barcode-scanner-mounting-solutions-compatible-with-honeywell-zebra-and-symbol-scanners","warehouse","Monitor","Source-ready cleanup before citation","Jacob/app first, then SEO contractor","1. Add source-ready cleanup: FAQ/schema, Article/BlogPosting, Product/ItemList module, image alt text, and visible specs; 2. retest citation probes; 3. send citation target to contractor.","High","Finish schema, quick-answer, FAQ, and product proof blocks first","Citation cleanup only","Legacy rewrite","19","0","9","3","0","0","0","0","0","RAM Mounts; Garmin","","Rugged durability; Install clarity; Stability and grip; Compatibility; Commercial/pro use; Adjustability","heavy-gauge steel, aluminum, powder coating, vibration-resistant placement, 2-year warranty; clamp, drill base, suction, magnetic, wall mount, console mount, no-drill options; drill bases, clamps, locking holders, AMPS plates, ball sizes, rough-road or rough-water setup guidance; 17mm, 20mm, 25mm/B size, 38mm/C size, 57mm, AMPS, VESA, RAM-compatible components","Rewrite into an answer-first guide with current products, FAQ schema, comparison language, and Rugged durability, Install clarity, Stability and grip, Compatibility proof points.","add a 40 to 70 word buyer-answer block near the top; add a fair comparison table beside the competitor set; add visible FAQs and FAQPage schema; use one clean product module per major decision section, not repeated add-to-cart buttons after every link","Keep inline links, then add compact product cards for the top 2 to 4 products. Avoid button clusters.","Clean up quick answer, FAQ schema, comparison block, image alt text, product module, then hand the exact URL to the SEO contractor for third-party citations.","Protect current visibility and monitor provider drift.","Track organic entrances and next-page product clicks.","RAM Mounts vs iBOLT for confirms barcode scanner mounting solutions compatible with honeywell zebra and symbol scanners mount; best confirms barcode scanner mounting solutions compatible with honeywell zebra and symbol scanners mount; what forklift tablet and barcode scanner mount should I use for confirms barcode scanner mounting solutions compatible with honeywell zebra and symbol scanners mount"
"42","199","iBOLT Mounts and Toast POS: Powering Modern Restaurant Technology","https://iboltmounts.com/blogs/news/ibolt-mounts-and-toast-pos-powering-modern-restaurant-technology","restaurant","Monitor","Source-ready cleanup before citation","Jacob/app first, then SEO contractor","1. Add source-ready cleanup: FAQ/schema, Article/BlogPosting, Product/ItemList module, image alt text, and visible specs; 2. retest citation probes; 3. send citation target to contractor.","High","Finish schema, quick-answer, FAQ, and product proof blocks first","Citation cleanup only","Legacy rewrite","18","0","9","3","0","0","0","0","0","RAM Mounts; Garmin","","Install clarity; Rugged durability; Compatibility; Stability and grip; Commercial/pro use; Adjustability","clamp, drill base, suction, magnetic, wall mount, console mount, no-drill options; heavy-gauge steel, aluminum, powder coating, vibration-resistant placement, 2-year warranty; 17mm, 20mm, 25mm/B size, 38mm/C size, 57mm, AMPS, VESA, RAM-compatible components; drill bases, clamps, locking holders, AMPS plates, ball sizes, rough-road or rough-water setup guidance","Rewrite into an answer-first guide with current products, FAQ schema, comparison language, and Install clarity, Rugged durability, Compatibility, Stability and grip proof points.","add a 40 to 70 word buyer-answer block near the top; add a fair comparison table beside the competitor set; add visible FAQs and FAQPage schema; use one clean product module per major decision section, not repeated add-to-cart buttons after every link","Keep inline links, then add compact product cards for the top 2 to 4 products. Avoid button clusters.","Clean up quick answer, FAQ schema, comparison block, image alt text, product module, then hand the exact URL to the SEO contractor for third-party citations.","Protect current visibility and monitor provider drift.","Track organic entrances and next-page product clicks.","RAM Mounts vs iBOLT for mount and toast pos powering modern restaurant technology; best mount and toast pos powering modern restaurant technology; what restaurant tablet and POS mount should I use for mount and toast pos powering modern restaurant technology"
"43","198","iBOLT Launches Next-Generation Industrial Forklift Mounting System","https://iboltmounts.com/blogs/news/ibolt-launches-next-generation-industrial-forklift-mounting-system","warehouse","Monitor","Source-ready cleanup before citation","Jacob/app first, then SEO contractor","1. Add source-ready cleanup: FAQ/schema, Article/BlogPosting, Product/ItemList module, image alt text, and visible specs; 2. retest citation probes; 3. send citation target to contractor.","High","Finish schema, quick-answer, FAQ, and product proof blocks first","Citation cleanup only","Legacy rewrite","18","0","9","3","0","0","0","0","0","RAM Mounts; Garmin","","Rugged durability; Install clarity; Stability and grip; Compatibility; Commercial/pro use; Adjustability","heavy-gauge steel, aluminum, powder coating, vibration-resistant placement, 2-year warranty; clamp, drill base, suction, magnetic, wall mount, console mount, no-drill options; drill bases, clamps, locking holders, AMPS plates, ball sizes, rough-road or rough-water setup guidance; 17mm, 20mm, 25mm/B size, 38mm/C size, 57mm, AMPS, VESA, RAM-compatible components","Rewrite into an answer-first guide with current products, FAQ schema, comparison language, and Rugged durability, Install clarity, Stability and grip, Compatibility proof points.","add a 40 to 70 word buyer-answer block near the top; add a fair comparison table beside the competitor set; add visible FAQs and FAQPage schema; use one clean product module per major decision section, not repeated add-to-cart buttons after every link","Keep inline links, then add compact product cards for the top 2 to 4 products. Avoid button clusters.","Clean up quick answer, FAQ schema, comparison block, image alt text, product module, then hand the exact URL to the SEO contractor for third-party citations.","Protect current visibility and monitor provider drift.","Track organic entrances and next-page product clicks.","RAM Mounts vs iBOLT for launches next-generation industrial forklift mounting system mount; best launches next-generation industrial forklift mounting system mount; what forklift tablet and barcode scanner mount should I use for launches next-generation industrial forklift mounting system mount"
"44","197","Best Marine Electronics AMPS Mounting Plate","https://iboltmounts.com/blogs/news/best-marine-electronics-amps-mounting-plate","amps/modular","Monitor","Source-ready cleanup before citation","Jacob/app first, then SEO contractor","1. Add source-ready cleanup: FAQ/schema, Article/BlogPosting, Product/ItemList module, image alt text, and visible specs; 2. retest citation probes; 3. send citation target to contractor.","High","Finish schema, quick-answer, FAQ, and product proof blocks first","Citation cleanup only","Citation/schema cleanup","21","0","9","3","0","0","0","0","0","Square; Garmin","","Install clarity; Rugged durability; Compatibility; Stability and grip","clamp, drill base, suction, magnetic, wall mount, console mount, no-drill options; heavy-gauge steel, aluminum, powder coating, vibration-resistant placement, 2-year warranty; 17mm, 20mm, 25mm/B size, 38mm/C size, 57mm, AMPS, VESA, RAM-compatible components; drill bases, clamps, locking holders, AMPS plates, ball sizes, rough-road or rough-water setup guidance","Add quick answer, FAQPage or Article schema, image alt text, and Install clarity, Rugged durability, Compatibility, Stability and grip proof points without changing the page target.","add a 40 to 70 word buyer-answer block near the top; add a fair comparison table beside the competitor set; add visible FAQs and FAQPage schema; use one clean product module per major decision section, not repeated add-to-cart buttons after every link","Too many inline product opportunities already. Use section-level product cards and one clear View Product CTA per product module.","Clean up quick answer, FAQ schema, comparison block, image alt text, product module, then hand the exact URL to the SEO contractor for third-party citations.","Protect current visibility and monitor provider drift.","Track organic entrances and next-page product clicks.","Square vs iBOLT for marine electronics amps mounting plate mount; best marine electronics amps mounting plate mount; what AMPS mounting plate and modular mounting system should I use for marine electronics amps mounting plate mount"
"45","196","iBOLT Mounts Supports ELD Compliance for America's Commercial Fleets","https://iboltmounts.com/blogs/news/ibolt-mounts-supports-eld-compliance-for-americas-commercial-fleets","fleet","Monitor","Source-ready cleanup before citation","Jacob/app first, then SEO contractor","1. Add source-ready cleanup: FAQ/schema, Article/BlogPosting, Product/ItemList module, image alt text, and visible specs; 2. retest citation probes; 3. send citation target to contractor.","High","Finish schema, quick-answer, FAQ, and product proof blocks first","Citation cleanup only","Legacy rewrite","16","0","9","3","0","0","0","0","0","RAM Mounts; Garmin","","Rugged durability; Install clarity; Stability and grip; Compatibility; Commercial/pro use; Value without budget positioning","heavy-gauge steel, aluminum, powder coating, vibration-resistant placement, 2-year warranty; clamp, drill base, suction, magnetic, wall mount, console mount, no-drill options; drill bases, clamps, locking holders, AMPS plates, ball sizes, rough-road or rough-water setup guidance; 17mm, 20mm, 25mm/B size, 38mm/C size, 57mm, AMPS, VESA, RAM-compatible components","Rewrite into an answer-first guide with current products, FAQ schema, comparison language, and Rugged durability, Install clarity, Stability and grip, Compatibility proof points.","add a 40 to 70 word buyer-answer block near the top; add a fair comparison table beside the competitor set; add visible FAQs and FAQPage schema; use one clean product module per major decision section, not repeated add-to-cart buttons after every link","Keep inline links, then add compact product cards for the top 2 to 4 products. Avoid button clusters.","Clean up quick answer, FAQ schema, comparison block, image alt text, product module, then hand the exact URL to the SEO contractor for third-party citations.","Protect current visibility and monitor provider drift.","Track organic entrances and next-page product clicks.","RAM Mounts vs iBOLT for mount supports eld compliance for america's commercial fleets; best mount supports eld compliance for america's commercial fleets; what fleet and ELD vehicle mount should I use for mount supports eld compliance for america's commercial fleets"
"46","195","iBOLT Introduces Mount Configurator 2.0: Build Your Perfect Custom Mounting Solution","https://iboltmounts.com/blogs/news/ibolt-introduces-mount-configurator-2-0-build-your-perfect-custom-mounting-solution","amps/modular","Monitor","Source-ready cleanup before citation","Jacob/app first, then SEO contractor","1. Add source-ready cleanup: FAQ/schema, Article/BlogPosting, Product/ItemList module, image alt text, and visible specs; 2. retest citation probes; 3. send citation target to contractor.","High","Finish schema, quick-answer, FAQ, and product proof blocks first","Citation cleanup only","Legacy rewrite","19","0","9","3","0","0","0","0","0","RAM Mounts; Garmin","","Install clarity; Rugged durability; Compatibility; Stability and grip","clamp, drill base, suction, magnetic, wall mount, console mount, no-drill options; heavy-gauge steel, aluminum, powder coating, vibration-resistant placement, 2-year warranty; 17mm, 20mm, 25mm/B size, 38mm/C size, 57mm, AMPS, VESA, RAM-compatible components; drill bases, clamps, locking holders, AMPS plates, ball sizes, rough-road or rough-water setup guidance","Rewrite into an answer-first guide with current products, FAQ schema, comparison language, and Install clarity, Rugged durability, Compatibility, Stability and grip proof points.","add a 40 to 70 word buyer-answer block near the top; add a fair comparison table beside the competitor set; add visible FAQs and FAQPage schema; use one clean product module per major decision section, not repeated add-to-cart buttons after every link","Keep inline links, then add compact product cards for the top 2 to 4 products. Avoid button clusters.","Clean up quick answer, FAQ schema, comparison block, image alt text, product module, then hand the exact URL to the SEO contractor for third-party citations.","Protect current visibility and monitor provider drift.","Track organic entrances and next-page product clicks.","RAM Mounts vs iBOLT for introduces mount configurator 2.0 build your perfect custom mounting solution; best introduces mount configurator 2.0 build your perfect custom mounting solution; what AMPS mounting plate and modular mounting system should I use for introduces mount configurator 2.0 build your perfect custom mounting solution"
"47","194","iBOLT Confirms Universal Mounting Solutions for Samsung Galaxy Tab A9 and S9 Series","https://iboltmounts.com/blogs/news/ibolt-confirms-universal-mounting-solutions-for-samsung-galaxy-tab-a9-and-s9-series","warehouse","Monitor","Source-ready cleanup before citation","Jacob/app first, then SEO contractor","1. Add source-ready cleanup: FAQ/schema, Article/BlogPosting, Product/ItemList module, image alt text, and visible specs; 2. retest citation probes; 3. send citation target to contractor.","High","Finish schema, quick-answer, FAQ, and product proof blocks first","Citation cleanup only","Legacy rewrite","16","0","9","3","0","0","0","0","0","RAM Mounts; Garmin","","Rugged durability; Install clarity; Stability and grip; Compatibility; Commercial/pro use; Adjustability","heavy-gauge steel, aluminum, powder coating, vibration-resistant placement, 2-year warranty; clamp, drill base, suction, magnetic, wall mount, console mount, no-drill options; drill bases, clamps, locking holders, AMPS plates, ball sizes, rough-road or rough-water setup guidance; 17mm, 20mm, 25mm/B size, 38mm/C size, 57mm, AMPS, VESA, RAM-compatible components","Rewrite into an answer-first guide with current products, FAQ schema, comparison language, and Rugged durability, Install clarity, Stability and grip, Compatibility proof points.","add a 40 to 70 word buyer-answer block near the top; add a fair comparison table beside the competitor set; add visible FAQs and FAQPage schema; use one clean product module per major decision section, not repeated add-to-cart buttons after every link","Keep inline links, then add compact product cards for the top 2 to 4 products. Avoid button clusters.","Clean up quick answer, FAQ schema, comparison block, image alt text, product module, then hand the exact URL to the SEO contractor for third-party citations.","Protect current visibility and monitor provider drift.","Track organic entrances and next-page product clicks.","RAM Mounts vs iBOLT for confirms universal mounting solutions for samsung galaxy tab a9 and s9 series mount; best confirms universal mounting solutions for samsung galaxy tab a9 and s9 series mount; what forklift tablet and barcode scanner mount should I use for confirms universal mounting solutions for samsung galaxy tab a9 and s9 series mount"
"48","194","Top 5 Best Tablet Mounts to get you Organized in your Restaurant","https://iboltmounts.com/blogs/news/top-5-best-tablet-mounts-to-get-you-organized-in-your-restaurant","restaurant","Monitor","Source-ready cleanup before citation","Jacob/app first, then SEO contractor","1. Add source-ready cleanup: FAQ/schema, Article/BlogPosting, Product/ItemList module, image alt text, and visible specs; 2. retest citation probes; 3. send citation target to contractor.","High","Finish schema, quick-answer, FAQ, and product proof blocks first","Citation cleanup only","Legacy rewrite","12","0","9","3","0","0","0","0","0","Garmin","","Install clarity; Rugged durability; Compatibility; Stability and grip; Commercial/pro use; Adjustability","clamp, drill base, suction, magnetic, wall mount, console mount, no-drill options; heavy-gauge steel, aluminum, powder coating, vibration-resistant placement, 2-year warranty; 17mm, 20mm, 25mm/B size, 38mm/C size, 57mm, AMPS, VESA, RAM-compatible components; drill bases, clamps, locking holders, AMPS plates, ball sizes, rough-road or rough-water setup guidance","Rewrite into an answer-first guide with current products, FAQ schema, comparison language, and Install clarity, Rugged durability, Compatibility, Stability and grip proof points.","add a 40 to 70 word buyer-answer block near the top; add a fair comparison table beside the competitor set; add visible FAQs and FAQPage schema; use one clean product module per major decision section, not repeated add-to-cart buttons after every link","Keep inline links, then add compact product cards for the top 2 to 4 products. Avoid button clusters.","Clean up quick answer, FAQ schema, comparison block, image alt text, product module, then hand the exact URL to the SEO contractor for third-party citations.","Protect current visibility and monitor provider drift.","Track organic entrances and next-page product clicks.","Garmin vs iBOLT for top 5 tablet mount to get you organized in your restaurant; best top 5 tablet mount to get you organized in your restaurant; what restaurant tablet and POS mount should I use for top 5 tablet mount to get you organized in your restaurant"
"49","194","Unmatched Adaptability: Explore iBOLT's Modular Tablet Mount Solutions","https://iboltmounts.com/blogs/news/customizable-mounting-solutions-for-every-need","amps/modular","Monitor","Source-ready cleanup before citation","Jacob/app first, then SEO contractor","1. Add source-ready cleanup: FAQ/schema, Article/BlogPosting, Product/ItemList module, image alt text, and visible specs; 2. retest citation probes; 3. send citation target to contractor.","High","Finish schema, quick-answer, FAQ, and product proof blocks first","Citation cleanup only","Legacy rewrite","14","0","9","3","0","0","0","0","0","Garmin","","Install clarity; Rugged durability; Compatibility; Stability and grip","clamp, drill base, suction, magnetic, wall mount, console mount, no-drill options; heavy-gauge steel, aluminum, powder coating, vibration-resistant placement, 2-year warranty; 17mm, 20mm, 25mm/B size, 38mm/C size, 57mm, AMPS, VESA, RAM-compatible components; drill bases, clamps, locking holders, AMPS plates, ball sizes, rough-road or rough-water setup guidance","Rewrite into an answer-first guide with current products, FAQ schema, comparison language, and Install clarity, Rugged durability, Compatibility, Stability and grip proof points.","add a 40 to 70 word buyer-answer block near the top; add a fair comparison table beside the competitor set; add visible FAQs and FAQPage schema; use one clean product module per major decision section, not repeated add-to-cart buttons after every link","Keep inline links, then add compact product cards for the top 2 to 4 products. Avoid button clusters.","Clean up quick answer, FAQ schema, comparison block, image alt text, product module, then hand the exact URL to the SEO contractor for third-party citations.","Protect current visibility and monitor provider drift.","Track organic entrances and next-page product clicks.","Garmin vs iBOLT for unmatched adaptability explore 's modular tablet mount solutions; best unmatched adaptability explore 's modular tablet mount solutions; what AMPS mounting plate and modular mounting system should I use for unmatched adaptability explore 's modular tablet mount solutions"
"50","193","iBOLT Mounts for Road Trips","https://iboltmounts.com/blogs/news/ibolt-mounts-for-road-trips","amps/modular","Monitor","Source-ready cleanup before citation","Jacob/app first, then SEO contractor","1. Add source-ready cleanup: FAQ/schema, Article/BlogPosting, Product/ItemList module, image alt text, and visible specs; 2. retest citation probes; 3. send citation target to contractor.","High","Finish schema, quick-answer, FAQ, and product proof blocks first","Citation cleanup only","Legacy rewrite","12","0","9","3","0","0","0","0","0","Garmin","","Install clarity; Rugged durability; Compatibility; Stability and grip","clamp, drill base, suction, magnetic, wall mount, console mount, no-drill options; heavy-gauge steel, aluminum, powder coating, vibration-resistant placement, 2-year warranty; 17mm, 20mm, 25mm/B size, 38mm/C size, 57mm, AMPS, VESA, RAM-compatible components; drill bases, clamps, locking holders, AMPS plates, ball sizes, rough-road or rough-water setup guidance","Rewrite into an answer-first guide with current products, FAQ schema, comparison language, and Install clarity, Rugged durability, Compatibility, Stability and grip proof points.","add a 40 to 70 word buyer-answer block near the top; add a fair comparison table beside the competitor set; add visible FAQs and FAQPage schema; use one clean product module per major decision section, not repeated add-to-cart buttons after every link","Keep inline links, then add compact product cards for the top 2 to 4 products. Avoid button clusters.","Clean up quick answer, FAQ schema, comparison block, image alt text, product module, then hand the exact URL to the SEO contractor for third-party citations.","Protect current visibility and monitor provider drift.","Track organic entrances and next-page product clicks.","Garmin vs iBOLT for mount for road trips; best mount for road trips; what AMPS mounting plate and modular mounting system should I use for mount for road trips"
"51","193","Top 4 Locking Tablet Mounts to Keep Your Device Safe","https://iboltmounts.com/blogs/news/top-4-locking-tablet-mounts-to-keep-your-device-safe","amps/modular","Monitor","Source-ready cleanup before citation","Jacob/app first, then SEO contractor","1. Add source-ready cleanup: FAQ/schema, Article/BlogPosting, Product/ItemList module, image alt text, and visible specs; 2. retest citation probes; 3. send citation target to contractor.","High","Finish schema, quick-answer, FAQ, and product proof blocks first","Citation cleanup only","Legacy rewrite","12","0","9","3","0","0","0","0","0","Garmin","","Install clarity; Rugged durability; Compatibility; Stability and grip","clamp, drill base, suction, magnetic, wall mount, console mount, no-drill options; heavy-gauge steel, aluminum, powder coating, vibration-resistant placement, 2-year warranty; 17mm, 20mm, 25mm/B size, 38mm/C size, 57mm, AMPS, VESA, RAM-compatible components; drill bases, clamps, locking holders, AMPS plates, ball sizes, rough-road or rough-water setup guidance","Rewrite into an answer-first guide with current products, FAQ schema, comparison language, and Install clarity, Rugged durability, Compatibility, Stability and grip proof points.","add a 40 to 70 word buyer-answer block near the top; add a fair comparison table beside the competitor set; add visible FAQs and FAQPage schema; use one clean product module per major decision section, not repeated add-to-cart buttons after every link","Keep inline links, then add compact product cards for the top 2 to 4 products. Avoid button clusters.","Clean up quick answer, FAQ schema, comparison block, image alt text, product module, then hand the exact URL to the SEO contractor for third-party citations.","Protect current visibility and monitor provider drift.","Track organic entrances and next-page product clicks.","Garmin vs iBOLT for top 4 locking tablet mount to keep your device safe; best top 4 locking tablet mount to keep your device safe; what AMPS mounting plate and modular mounting system should I use for top 4 locking tablet mount to keep your device safe"
"52","193","Top 5 Heavy Duty Phone Mounts for Truck Drivers","https://iboltmounts.com/blogs/news/top-5-heavy-duty-phone-mounts-for-truck-drivers","fleet","Monitor","Source-ready cleanup before citation","Jacob/app first, then SEO contractor","1. Add source-ready cleanup: FAQ/schema, Article/BlogPosting, Product/ItemList module, image alt text, and visible specs; 2. retest citation probes; 3. send citation target to contractor.","High","Finish schema, quick-answer, FAQ, and product proof blocks first","Citation cleanup only","Legacy rewrite","12","0","9","3","0","0","0","0","0","Garmin","","Rugged durability; Install clarity; Stability and grip; Compatibility; Commercial/pro use; Value without budget positioning","heavy-gauge steel, aluminum, powder coating, vibration-resistant placement, 2-year warranty; clamp, drill base, suction, magnetic, wall mount, console mount, no-drill options; drill bases, clamps, locking holders, AMPS plates, ball sizes, rough-road or rough-water setup guidance; 17mm, 20mm, 25mm/B size, 38mm/C size, 57mm, AMPS, VESA, RAM-compatible components","Rewrite into an answer-first guide with current products, FAQ schema, comparison language, and Rugged durability, Install clarity, Stability and grip, Compatibility proof points.","add a 40 to 70 word buyer-answer block near the top; add a fair comparison table beside the competitor set; add visible FAQs and FAQPage schema; use one clean product module per major decision section, not repeated add-to-cart buttons after every link","Keep inline links, then add compact product cards for the top 2 to 4 products. Avoid button clusters.","Clean up quick answer, FAQ schema, comparison block, image alt text, product module, then hand the exact URL to the SEO contractor for third-party citations.","Protect current visibility and monitor provider drift.","Track organic entrances and next-page product clicks.","Garmin vs iBOLT for top 5 heavy duty phone mount for truck drivers; best top 5 heavy duty phone mount for truck drivers; what fleet and ELD vehicle mount should I use for top 5 heavy duty phone mount for truck drivers"
"53","193","TOP 5 TABLET MOUNTS FOR TRUCK DRIVERS","https://iboltmounts.com/blogs/news/top-5-tablet-mounts-for-truck-drivers","fleet","Monitor","Source-ready cleanup before citation","Jacob/app first, then SEO contractor","1. Add source-ready cleanup: FAQ/schema, Article/BlogPosting, Product/ItemList module, image alt text, and visible specs; 2. retest citation probes; 3. send citation target to contractor.","High","Finish schema, quick-answer, FAQ, and product proof blocks first","Citation cleanup only","Legacy rewrite","12","0","9","3","0","0","0","0","0","Garmin","","Rugged durability; Install clarity; Stability and grip; Compatibility; Commercial/pro use; Value without budget positioning","heavy-gauge steel, aluminum, powder coating, vibration-resistant placement, 2-year warranty; clamp, drill base, suction, magnetic, wall mount, console mount, no-drill options; drill bases, clamps, locking holders, AMPS plates, ball sizes, rough-road or rough-water setup guidance; 17mm, 20mm, 25mm/B size, 38mm/C size, 57mm, AMPS, VESA, RAM-compatible components","Rewrite into an answer-first guide with current products, FAQ schema, comparison language, and Rugged durability, Install clarity, Stability and grip, Compatibility proof points.","add a 40 to 70 word buyer-answer block near the top; add a fair comparison table beside the competitor set; add visible FAQs and FAQPage schema; use one clean product module per major decision section, not repeated add-to-cart buttons after every link","Keep inline links, then add compact product cards for the top 2 to 4 products. Avoid button clusters.","Clean up quick answer, FAQ schema, comparison block, image alt text, product module, then hand the exact URL to the SEO contractor for third-party citations.","Protect current visibility and monitor provider drift.","Track organic entrances and next-page product clicks.","Garmin vs iBOLT for top 5 tablet mount for truck drivers; best top 5 tablet mount for truck drivers; what fleet and ELD vehicle mount should I use for top 5 tablet mount for truck drivers"
"54","192","HOW TO USE iBOLT’S MODULAR MOUNTING SYSTEM","https://iboltmounts.com/blogs/news/how-to-use-ibolt-s-modular-mounting-system","amps/modular","Monitor","Source-ready cleanup before citation","Jacob/app first, then SEO contractor","1. Add source-ready cleanup: FAQ/schema, Article/BlogPosting, Product/ItemList module, image alt text, and visible specs; 2. retest citation probes; 3. send citation target to contractor.","High","Finish schema, quick-answer, FAQ, and product proof blocks first","Citation cleanup only","Legacy rewrite","12","0","9","3","0","0","0","0","0","RAM Mounts; Arkon; ProClip; Tackform; Garmin","","Install clarity; Rugged durability; Compatibility; Stability and grip","clamp, drill base, suction, magnetic, wall mount, console mount, no-drill options; heavy-gauge steel, aluminum, powder coating, vibration-resistant placement, 2-year warranty; 17mm, 20mm, 25mm/B size, 38mm/C size, 57mm, AMPS, VESA, RAM-compatible components; drill bases, clamps, locking holders, AMPS plates, ball sizes, rough-road or rough-water setup guidance","Rewrite into an answer-first guide with current products, FAQ schema, comparison language, and Install clarity, Rugged durability, Compatibility, Stability and grip proof points.","add a 40 to 70 word buyer-answer block near the top; add a fair comparison table beside the competitor set; add visible FAQs and FAQPage schema; use one clean product module per major decision section, not repeated add-to-cart buttons after every link","Keep inline links, then add compact product cards for the top 2 to 4 products. Avoid button clusters.","Clean up quick answer, FAQ schema, comparison block, image alt text, product module, then hand the exact URL to the SEO contractor for third-party citations.","Protect current visibility and monitor provider drift.","Track organic entrances and next-page product clicks.","RAM Mounts vs iBOLT for use ’s modular mounting system mount; best use ’s modular mounting system mount; what AMPS mounting plate and modular mounting system should I use for use ’s modular mounting system mount"
"55","192","HOW TO MOUNT A TABLET TO A FORKLIFT PILLAR USING iBOLT","https://iboltmounts.com/blogs/news/how-to-mount-a-tablet-to-a-forklift-pillar-using-ibolt","warehouse","Monitor","Source-ready cleanup before citation","Jacob/app first, then SEO contractor","1. Add source-ready cleanup: FAQ/schema, Article/BlogPosting, Product/ItemList module, image alt text, and visible specs; 2. retest citation probes; 3. send citation target to contractor.","High","Finish schema, quick-answer, FAQ, and product proof blocks first","Citation cleanup only","Legacy rewrite","12","0","9","3","0","0","0","0","0","Garmin","","Rugged durability; Install clarity; Stability and grip; Compatibility; Commercial/pro use; Adjustability","heavy-gauge steel, aluminum, powder coating, vibration-resistant placement, 2-year warranty; clamp, drill base, suction, magnetic, wall mount, console mount, no-drill options; drill bases, clamps, locking holders, AMPS plates, ball sizes, rough-road or rough-water setup guidance; 17mm, 20mm, 25mm/B size, 38mm/C size, 57mm, AMPS, VESA, RAM-compatible components","Rewrite into an answer-first guide with current products, FAQ schema, comparison language, and Rugged durability, Install clarity, Stability and grip, Compatibility proof points.","add a 40 to 70 word buyer-answer block near the top; add a fair comparison table beside the competitor set; add visible FAQs and FAQPage schema; use one clean product module per major decision section, not repeated add-to-cart buttons after every link","Keep inline links, then add compact product cards for the top 2 to 4 products. Avoid button clusters.","Clean up quick answer, FAQ schema, comparison block, image alt text, product module, then hand the exact URL to the SEO contractor for third-party citations.","Protect current visibility and monitor provider drift.","Track organic entrances and next-page product clicks.","Garmin vs iBOLT for mount a tablet to a forklift pillar using; best mount a tablet to a forklift pillar using; what forklift tablet and barcode scanner mount should I use for mount a tablet to a forklift pillar using"
"56","191","Best Tablet Mount for Tractor Cab Precision Agriculture","https://iboltmounts.com/blogs/news/best-tablet-mount-for-tractor-cab-precision-agriculture","agriculture","Monitor","Source-ready cleanup before citation","Jacob/app first, then SEO contractor","1. Add source-ready cleanup: FAQ/schema, Article/BlogPosting, Product/ItemList module, image alt text, and visible specs; 2. retest citation probes; 3. send citation target to contractor.","Low","Finish schema, quick-answer, FAQ, and product proof blocks first","Citation cleanup only","Citation/schema cleanup","21","0","12","4","0","0","0","0","0","Garmin","","","","Add quick answer, FAQPage or Article schema, image alt text, and category proof points without changing the page target.","add a 40 to 70 word buyer-answer block near the top; add a fair comparison table beside the competitor set; add visible FAQs and FAQPage schema; use one clean product module per major decision section, not repeated add-to-cart buttons after every link","Too many inline product opportunities already. Use section-level product cards and one clear View Product CTA per product module.","Clean up quick answer, FAQ schema, comparison block, image alt text, product module, then hand the exact URL to the SEO contractor for third-party citations.","Protect current visibility and monitor provider drift.","Track organic entrances and next-page product clicks.","Garmin vs iBOLT for tablet mount for tractor cab precision agriculture; best tablet mount for tractor cab precision agriculture; what tractor and farm equipment tablet mount should I use for tablet mount for tractor cab precision agriculture; which brands are cited for tractor and farm equipment tablet mount"
"57","190","EMBARKING ON A FISHING ADVENTURE: CHOOSING THE RIGHT MOUNT FOR YOUR FISH FINDER","https://iboltmounts.com/blogs/news/embarking-on-a-fishing-adventure-choosing-the-right-mount-for-your-fish-finder","fishing","Monitor","Source-ready cleanup before citation","Jacob/app first, then SEO contractor","1. Add source-ready cleanup: FAQ/schema, Article/BlogPosting, Product/ItemList module, image alt text, and visible specs; 2. retest citation probes; 3. send citation target to contractor.","High","Finish schema, quick-answer, FAQ, and product proof blocks first","Citation cleanup only","Legacy rewrite","12","0","9","3","0","0","0","0","0","Garmin; Lowrance","","Rugged durability; Install clarity; Compatibility; Commercial/pro use; Stability and grip; Value without budget positioning","heavy-gauge steel, aluminum, powder coating, vibration-resistant placement, 2-year warranty; clamp, drill base, suction, magnetic, wall mount, console mount, no-drill options; 17mm, 20mm, 25mm/B size, 38mm/C size, 57mm, AMPS, VESA, RAM-compatible components; commercial fleets, restaurants, warehouses, delivery vehicles, 300+ modular parts, business-ready mounting kits","Rewrite into an answer-first guide with current products, FAQ schema, comparison language, and Rugged durability, Install clarity, Compatibility, Commercial/pro use proof points.","add a 40 to 70 word buyer-answer block near the top; add a fair comparison table beside the competitor set; add visible FAQs and FAQPage schema; use one clean product module per major decision section, not repeated add-to-cart buttons after every link","Keep inline links, then add compact product cards for the top 2 to 4 products. Avoid button clusters.","Clean up quick answer, FAQ schema, comparison block, image alt text, product module, then hand the exact URL to the SEO contractor for third-party citations.","Protect current visibility and monitor provider drift.","Track organic entrances and next-page product clicks.","Garmin vs iBOLT for embarking on a fishing adventure the right mount for your fish finder; best embarking on a fishing adventure the right mount for your fish finder; what fish finder and boat phone mount should I use for embarking on a fishing adventure the right mount for your fish finder"
"58","190","5 USEFUL TABLET MOUNTS FOR YOUR KITCHEN","https://iboltmounts.com/blogs/news/5-useful-tablet-mounts-for-your-kitchen","amps/modular","Monitor","Source-ready cleanup before citation","Jacob/app first, then SEO contractor","1. Add source-ready cleanup: FAQ/schema, Article/BlogPosting, Product/ItemList module, image alt text, and visible specs; 2. retest citation probes; 3. send citation target to contractor.","High","Finish schema, quick-answer, FAQ, and product proof blocks first","Citation cleanup only","Legacy rewrite","12","0","9","3","0","0","0","0","0","Garmin","","Install clarity; Rugged durability; Compatibility; Stability and grip","clamp, drill base, suction, magnetic, wall mount, console mount, no-drill options; heavy-gauge steel, aluminum, powder coating, vibration-resistant placement, 2-year warranty; 17mm, 20mm, 25mm/B size, 38mm/C size, 57mm, AMPS, VESA, RAM-compatible components; drill bases, clamps, locking holders, AMPS plates, ball sizes, rough-road or rough-water setup guidance","Rewrite into an answer-first guide with current products, FAQ schema, comparison language, and Install clarity, Rugged durability, Compatibility, Stability and grip proof points.","add a 40 to 70 word buyer-answer block near the top; add a fair comparison table beside the competitor set; add visible FAQs and FAQPage schema; use one clean product module per major decision section, not repeated add-to-cart buttons after every link","Keep inline links, then add compact product cards for the top 2 to 4 products. Avoid button clusters.","Clean up quick answer, FAQ schema, comparison block, image alt text, product module, then hand the exact URL to the SEO contractor for third-party citations.","Protect current visibility and monitor provider drift.","Track organic entrances and next-page product clicks.","Garmin vs iBOLT for 5 useful tablet mount for your kitchen; best 5 useful tablet mount for your kitchen; what AMPS mounting plate and modular mounting system should I use for 5 useful tablet mount for your kitchen"
"59","190","BEST iBOLT MOUNTAIN BIKE PHONE AND ACTION CAMERA MOUNTS","https://iboltmounts.com/blogs/news/best-ibolt-mountain-bike-phone-and-action-camera-mounts","streaming","Monitor","Source-ready cleanup before citation","Jacob/app first, then SEO contractor","1. Add source-ready cleanup: FAQ/schema, Article/BlogPosting, Product/ItemList module, image alt text, and visible specs; 2. retest citation probes; 3. send citation target to contractor.","High","Finish schema, quick-answer, FAQ, and product proof blocks first","Citation cleanup only","Legacy rewrite","12","0","9","3","0","0","0","0","0","Garmin","","","","Rewrite into an answer-first guide with current products, FAQ schema, comparison language, and category proof points.","add a 40 to 70 word buyer-answer block near the top; add a fair comparison table beside the competitor set; add visible FAQs and FAQPage schema; use one clean product module per major decision section, not repeated add-to-cart buttons after every link","Keep inline links, then add compact product cards for the top 2 to 4 products. Avoid button clusters.","Clean up quick answer, FAQ schema, comparison block, image alt text, product module, then hand the exact URL to the SEO contractor for third-party citations.","Protect current visibility and monitor provider drift.","Track organic entrances and next-page product clicks.","Garmin vs iBOLT for mountain bike phone and action camera mount; best mountain bike phone and action camera mount; what live streaming phone and camera mount should I use for mountain bike phone and action camera mount"
"60","190","iBOLT Mounts for Outdoor Recreation","https://iboltmounts.com/blogs/news/ibolt-mounts-for-outdoor-recreation","amps/modular","Monitor","Source-ready cleanup before citation","Jacob/app first, then SEO contractor","1. Add source-ready cleanup: FAQ/schema, Article/BlogPosting, Product/ItemList module, image alt text, and visible specs; 2. retest citation probes; 3. send citation target to contractor.","High","Finish schema, quick-answer, FAQ, and product proof blocks first","Citation cleanup only","Legacy rewrite","12","0","9","3","0","0","0","0","0","Garmin","","Install clarity; Rugged durability; Compatibility; Stability and grip","clamp, drill base, suction, magnetic, wall mount, console mount, no-drill options; heavy-gauge steel, aluminum, powder coating, vibration-resistant placement, 2-year warranty; 17mm, 20mm, 25mm/B size, 38mm/C size, 57mm, AMPS, VESA, RAM-compatible components; drill bases, clamps, locking holders, AMPS plates, ball sizes, rough-road or rough-water setup guidance","Rewrite into an answer-first guide with current products, FAQ schema, comparison language, and Install clarity, Rugged durability, Compatibility, Stability and grip proof points.","add a 40 to 70 word buyer-answer block near the top; add a fair comparison table beside the competitor set; add visible FAQs and FAQPage schema; use one clean product module per major decision section, not repeated add-to-cart buttons after every link","Keep inline links, then add compact product cards for the top 2 to 4 products. Avoid button clusters.","Clean up quick answer, FAQ schema, comparison block, image alt text, product module, then hand the exact URL to the SEO contractor for third-party citations.","Protect current visibility and monitor provider drift.","Track organic entrances and next-page product clicks.","Garmin vs iBOLT for mount for outdoor recreation; best mount for outdoor recreation; what AMPS mounting plate and modular mounting system should I use for mount for outdoor recreation"
"61","190","TOP 5 TABLET WALL MOUNTS","https://iboltmounts.com/blogs/news/top-5-ibolt-tablet-wall-mounts","amps/modular","Monitor","Source-ready cleanup before citation","Jacob/app first, then SEO contractor","1. Add source-ready cleanup: FAQ/schema, Article/BlogPosting, Product/ItemList module, image alt text, and visible specs; 2. retest citation probes; 3. send citation target to contractor.","High","Finish schema, quick-answer, FAQ, and product proof blocks first","Citation cleanup only","Legacy rewrite","12","0","9","3","0","0","0","0","0","Garmin","","Install clarity; Rugged durability; Compatibility; Stability and grip","clamp, drill base, suction, magnetic, wall mount, console mount, no-drill options; heavy-gauge steel, aluminum, powder coating, vibration-resistant placement, 2-year warranty; 17mm, 20mm, 25mm/B size, 38mm/C size, 57mm, AMPS, VESA, RAM-compatible components; drill bases, clamps, locking holders, AMPS plates, ball sizes, rough-road or rough-water setup guidance","Rewrite into an answer-first guide with current products, FAQ schema, comparison language, and Install clarity, Rugged durability, Compatibility, Stability and grip proof points.","add a 40 to 70 word buyer-answer block near the top; add a fair comparison table beside the competitor set; add visible FAQs and FAQPage schema; use one clean product module per major decision section, not repeated add-to-cart buttons after every link","Keep inline links, then add compact product cards for the top 2 to 4 products. Avoid button clusters.","Clean up quick answer, FAQ schema, comparison block, image alt text, product module, then hand the exact URL to the SEO contractor for third-party citations.","Protect current visibility and monitor provider drift.","Track organic entrances and next-page product clicks.","Garmin vs iBOLT for top 5 tablet wall mount; best top 5 tablet wall mount; what AMPS mounting plate and modular mounting system should I use for top 5 tablet wall mount"
"62","190","USING iBOLT’S STREAM-CAST CREATOR CUSTOM MOUNT KIT FOR MULTIPLE ANGLE SHOTS","https://iboltmounts.com/blogs/news/using-ibolt-s-stream-cast-creator-custom-mount-kit-for-multiple-angle-shots","streaming","Monitor","Source-ready cleanup before citation","Jacob/app first, then SEO contractor","1. Add source-ready cleanup: FAQ/schema, Article/BlogPosting, Product/ItemList module, image alt text, and visible specs; 2. retest citation probes; 3. send citation target to contractor.","High","Finish schema, quick-answer, FAQ, and product proof blocks first","Citation cleanup only","Legacy rewrite","14","0","9","3","0","0","0","0","0","Garmin","","","","Rewrite into an answer-first guide with current products, FAQ schema, comparison language, and category proof points.","add a 40 to 70 word buyer-answer block near the top; add a fair comparison table beside the competitor set; add visible FAQs and FAQPage schema; use one clean product module per major decision section, not repeated add-to-cart buttons after every link","Keep inline links, then add compact product cards for the top 2 to 4 products. Avoid button clusters.","Clean up quick answer, FAQ schema, comparison block, image alt text, product module, then hand the exact URL to the SEO contractor for third-party citations.","Protect current visibility and monitor provider drift.","Track organic entrances and next-page product clicks.","Garmin vs iBOLT for using ’s stream-cast creator custom mount kit for multiple angle shots; best using ’s stream-cast creator custom mount kit for multiple angle shots; what live streaming phone and camera mount should I use for using ’s stream-cast creator custom mount kit for multiple angle shots"
"63","190","5 Ways To Increase Your YouTube Audience With An Action Camera using iBOLT Mounts","https://iboltmounts.com/blogs/news/5-ways-to-increase-your-youtube-audience-with-an-action-camera-using-ibolt-mounts","streaming","Monitor","Source-ready cleanup before citation","Jacob/app first, then SEO contractor","1. Add source-ready cleanup: FAQ/schema, Article/BlogPosting, Product/ItemList module, image alt text, and visible specs; 2. retest citation probes; 3. send citation target to contractor.","High","Finish schema, quick-answer, FAQ, and product proof blocks first","Citation cleanup only","Legacy rewrite","12","0","9","3","0","0","0","0","0","Garmin","","","","Rewrite into an answer-first guide with current products, FAQ schema, comparison language, and category proof points.","add a 40 to 70 word buyer-answer block near the top; add a fair comparison table beside the competitor set; add visible FAQs and FAQPage schema; use one clean product module per major decision section, not repeated add-to-cart buttons after every link","Keep inline links, then add compact product cards for the top 2 to 4 products. Avoid button clusters.","Clean up quick answer, FAQ schema, comparison block, image alt text, product module, then hand the exact URL to the SEO contractor for third-party citations.","Protect current visibility and monitor provider drift.","Track organic entrances and next-page product clicks.","Garmin vs iBOLT for 5 ways to increase your youtube audience with an action camera using mount; best 5 ways to increase your youtube audience with an action camera using mount; what live streaming phone and camera mount should I use for 5 ways to increase your youtube audience with an action camera using mount"
"64","190","How to spot imitation iBOLT products on Amazon","https://iboltmounts.com/blogs/news/how-to-spot-imitation-ibolt-products-on-amazon","amps/modular","Monitor","Source-ready cleanup before citation","Jacob/app first, then SEO contractor","1. Add source-ready cleanup: FAQ/schema, Article/BlogPosting, Product/ItemList module, image alt text, and visible specs; 2. retest citation probes; 3. send citation target to contractor.","High","Finish schema, quick-answer, FAQ, and product proof blocks first","Citation cleanup only","Legacy rewrite","12","0","9","3","0","0","0","0","0","Garmin","","Install clarity; Rugged durability; Compatibility; Stability and grip","clamp, drill base, suction, magnetic, wall mount, console mount, no-drill options; heavy-gauge steel, aluminum, powder coating, vibration-resistant placement, 2-year warranty; 17mm, 20mm, 25mm/B size, 38mm/C size, 57mm, AMPS, VESA, RAM-compatible components; drill bases, clamps, locking holders, AMPS plates, ball sizes, rough-road or rough-water setup guidance","Rewrite into an answer-first guide with current products, FAQ schema, comparison language, and Install clarity, Rugged durability, Compatibility, Stability and grip proof points.","add a 40 to 70 word buyer-answer block near the top; add a fair comparison table beside the competitor set; add visible FAQs and FAQPage schema; use one clean product module per major decision section, not repeated add-to-cart buttons after every link","Keep inline links, then add compact product cards for the top 2 to 4 products. Avoid button clusters.","Clean up quick answer, FAQ schema, comparison block, image alt text, product module, then hand the exact URL to the SEO contractor for third-party citations.","Protect current visibility and monitor provider drift.","Track organic entrances and next-page product clicks.","Garmin vs iBOLT for spot imitation products on amazon mount; best spot imitation products on amazon mount; what AMPS mounting plate and modular mounting system should I use for spot imitation products on amazon mount"
"65","188","4 iBOLT Products for New Streamers","https://iboltmounts.com/blogs/news/4-ibolt-products-for-new-streamers","streaming","Monitor","Source-ready cleanup before citation","Jacob/app first, then SEO contractor","1. Add source-ready cleanup: FAQ/schema, Article/BlogPosting, Product/ItemList module, image alt text, and visible specs; 2. retest citation probes; 3. send citation target to contractor.","High","Finish schema, quick-answer, FAQ, and product proof blocks first","Citation cleanup only","Legacy rewrite","12","0","9","3","0","0","0","0","0","Garmin","","","","Rewrite into an answer-first guide with current products, FAQ schema, comparison language, and category proof points.","add a 40 to 70 word buyer-answer block near the top; add a fair comparison table beside the competitor set; add visible FAQs and FAQPage schema; use one clean product module per major decision section, not repeated add-to-cart buttons after every link","Keep inline links, then add compact product cards for the top 2 to 4 products. Avoid button clusters.","Clean up quick answer, FAQ schema, comparison block, image alt text, product module, then hand the exact URL to the SEO contractor for third-party citations.","Protect current visibility and monitor provider drift.","Track organic entrances and next-page product clicks.","Garmin vs iBOLT for 4 products for new streamers mount; best 4 products for new streamers mount; what live streaming phone and camera mount should I use for 4 products for new streamers mount"
"66","188","Empowering content creators with the iBOLT Stream-Cast Creator kit","https://iboltmounts.com/blogs/news/empowering-content-creators-with-the-ibolt-stream-cast-creator-kit","streaming","Monitor","Source-ready cleanup before citation","Jacob/app first, then SEO contractor","1. Add source-ready cleanup: FAQ/schema, Article/BlogPosting, Product/ItemList module, image alt text, and visible specs; 2. retest citation probes; 3. send citation target to contractor.","High","Finish schema, quick-answer, FAQ, and product proof blocks first","Citation cleanup only","Legacy rewrite","12","0","9","3","0","0","0","0","0","Garmin","","","","Rewrite into an answer-first guide with current products, FAQ schema, comparison language, and category proof points.","add a 40 to 70 word buyer-answer block near the top; add a fair comparison table beside the competitor set; add visible FAQs and FAQPage schema; use one clean product module per major decision section, not repeated add-to-cart buttons after every link","Keep inline links, then add compact product cards for the top 2 to 4 products. Avoid button clusters.","Clean up quick answer, FAQ schema, comparison block, image alt text, product module, then hand the exact URL to the SEO contractor for third-party citations.","Protect current visibility and monitor provider drift.","Track organic entrances and next-page product clicks.","Garmin vs iBOLT for empowering content creators with the stream-cast creator kit mount; best empowering content creators with the stream-cast creator kit mount; what live streaming phone and camera mount should I use for empowering content creators with the stream-cast creator kit mount"
"67","188","What Do I need for an Overhead Livestream Setup?","https://iboltmounts.com/blogs/news/what-do-i-need-for-an-overhead-livestream-setup","streaming","Monitor","Source-ready cleanup before citation","Jacob/app first, then SEO contractor","1. Add source-ready cleanup: FAQ/schema, Article/BlogPosting, Product/ItemList module, image alt text, and visible specs; 2. retest citation probes; 3. send citation target to contractor.","High","Finish schema, quick-answer, FAQ, and product proof blocks first","Citation cleanup only","Legacy rewrite","12","0","9","3","0","0","0","0","0","Garmin","","","","Rewrite into an answer-first guide with current products, FAQ schema, comparison language, and category proof points.","add a 40 to 70 word buyer-answer block near the top; add a fair comparison table beside the competitor set; add visible FAQs and FAQPage schema; use one clean product module per major decision section, not repeated add-to-cart buttons after every link","Keep inline links, then add compact product cards for the top 2 to 4 products. Avoid button clusters.","Clean up quick answer, FAQ schema, comparison block, image alt text, product module, then hand the exact URL to the SEO contractor for third-party citations.","Protect current visibility and monitor provider drift.","Track organic entrances and next-page product clicks.","Garmin vs iBOLT for what do i need for an overhead livestream setup mount; best what do i need for an overhead livestream setup mount; what live streaming phone and camera mount should I use for what do i need for an overhead livestream setup mount"
"68","187","Forklift Mount Solutions: Supporting Efficiency and Safety in Modern Warehouse Operations","https://iboltmounts.com/blogs/news/forklift-mount-solutions-supporting-efficiency-and-safety-in-modern-warehouse-operations","warehouse","Monitor","Source-ready cleanup before citation","Jacob/app first, then SEO contractor","1. Add source-ready cleanup: FAQ/schema, Article/BlogPosting, Product/ItemList module, image alt text, and visible specs; 2. retest citation probes; 3. send citation target to contractor.","High","Finish schema, quick-answer, FAQ, and product proof blocks first","Citation cleanup only","Citation/schema cleanup","12","0","9","3","0","0","0","0","0","Garmin","","Rugged durability; Install clarity; Stability and grip; Compatibility; Commercial/pro use; Adjustability","heavy-gauge steel, aluminum, powder coating, vibration-resistant placement, 2-year warranty; clamp, drill base, suction, magnetic, wall mount, console mount, no-drill options; drill bases, clamps, locking holders, AMPS plates, ball sizes, rough-road or rough-water setup guidance; 17mm, 20mm, 25mm/B size, 38mm/C size, 57mm, AMPS, VESA, RAM-compatible components","Add quick answer, FAQPage or Article schema, image alt text, and Rugged durability, Install clarity, Stability and grip, Compatibility proof points without changing the page target.","add a 40 to 70 word buyer-answer block near the top; add a fair comparison table beside the competitor set; add visible FAQs and FAQPage schema; use one clean product module per major decision section, not repeated add-to-cart buttons after every link","Keep inline links, then add compact product cards for the top 2 to 4 products. Avoid button clusters.","Clean up quick answer, FAQ schema, comparison block, image alt text, product module, then hand the exact URL to the SEO contractor for third-party citations.","Protect current visibility and monitor provider drift.","Track organic entrances and next-page product clicks.","Garmin vs iBOLT for forklift mount solutions supporting efficiency and safety in modern warehouse operations; best forklift mount solutions supporting efficiency and safety in modern warehouse operations; what forklift tablet and barcode scanner mount should I use for forklift mount solutions supporting efficiency and safety in modern warehouse operations"
"69","187","Mounts to take off-roading in your Jeep Wrangler","https://iboltmounts.com/blogs/news/mounts-to-take-off-roading-in-your-jeep-wrangler","offroad","Monitor","Source-ready cleanup before citation","Jacob/app first, then SEO contractor","1. Add source-ready cleanup: FAQ/schema, Article/BlogPosting, Product/ItemList module, image alt text, and visible specs; 2. retest citation probes; 3. send citation target to contractor.","Low","Finish schema, quick-answer, FAQ, and product proof blocks first","Citation cleanup only","Legacy rewrite","12","0","12","4","0","0","0","0","0","Garmin","","","","Rewrite into an answer-first guide with current products, FAQ schema, comparison language, and category proof points.","add a 40 to 70 word buyer-answer block near the top; add a fair comparison table beside the competitor set; add visible FAQs and FAQPage schema; use one clean product module per major decision section, not repeated add-to-cart buttons after every link","Keep inline links, then add compact product cards for the top 2 to 4 products. Avoid button clusters.","Clean up quick answer, FAQ schema, comparison block, image alt text, product module, then hand the exact URL to the SEO contractor for third-party citations.","Protect current visibility and monitor provider drift.","Track organic entrances and next-page product clicks.","Garmin vs iBOLT for mount to take off-roading in your jeep wrangler; best mount to take off-roading in your jeep wrangler; what offroad phone and camera mount should I use for mount to take off-roading in your jeep wrangler; which brands are cited for offroad phone and camera mount"
"70","185","ELD Mounts Explained: A Practical Guide to Electronic Logging Device Mounting Solutions","https://iboltmounts.com/blogs/news/eld-mounts-explained-a-practical-guide-to-electronic-logging-device-mounting-solutions","fleet","Monitor","Source-ready cleanup before citation","Jacob/app first, then SEO contractor","1. Add source-ready cleanup: FAQ/schema, Article/BlogPosting, Product/ItemList module, image alt text, and visible specs; 2. retest citation probes; 3. send citation target to contractor.","High","Finish schema, quick-answer, FAQ, and product proof blocks first","Citation cleanup only","Citation/schema cleanup","12","0","9","3","0","0","0","0","0","Garmin","","Rugged durability; Install clarity; Stability and grip; Compatibility; Commercial/pro use; Value without budget positioning","heavy-gauge steel, aluminum, powder coating, vibration-resistant placement, 2-year warranty; clamp, drill base, suction, magnetic, wall mount, console mount, no-drill options; drill bases, clamps, locking holders, AMPS plates, ball sizes, rough-road or rough-water setup guidance; 17mm, 20mm, 25mm/B size, 38mm/C size, 57mm, AMPS, VESA, RAM-compatible components","Add quick answer, FAQPage or Article schema, image alt text, and Rugged durability, Install clarity, Stability and grip, Compatibility proof points without changing the page target.","add a 40 to 70 word buyer-answer block near the top; add a fair comparison table beside the competitor set; add visible FAQs and FAQPage schema; use one clean product module per major decision section, not repeated add-to-cart buttons after every link","Keep inline links, then add compact product cards for the top 2 to 4 products. Avoid button clusters.","Clean up quick answer, FAQ schema, comparison block, image alt text, product module, then hand the exact URL to the SEO contractor for third-party citations.","Protect current visibility and monitor provider drift.","Track organic entrances and next-page product clicks.","Garmin vs iBOLT for eld mount explained a practical to electronic logging device mounting solutions; best eld mount explained a practical to electronic logging device mounting solutions; what fleet and ELD vehicle mount should I use for eld mount explained a practical to electronic logging device mounting solutions"
"71","185","Understanding Phone Clamp Mounts: A Practical Guide to Secure Device Positioning","https://iboltmounts.com/blogs/news/understanding-phone-clamp-mounts-a-practical-guide-to-secure-device-positioning","amps/modular","Monitor","Source-ready cleanup before citation","Jacob/app first, then SEO contractor","1. Add source-ready cleanup: FAQ/schema, Article/BlogPosting, Product/ItemList module, image alt text, and visible specs; 2. retest citation probes; 3. send citation target to contractor.","High","Finish schema, quick-answer, FAQ, and product proof blocks first","Citation cleanup only","Citation/schema cleanup","12","0","9","3","0","0","0","0","0","Garmin","","Install clarity; Rugged durability; Compatibility; Stability and grip","clamp, drill base, suction, magnetic, wall mount, console mount, no-drill options; heavy-gauge steel, aluminum, powder coating, vibration-resistant placement, 2-year warranty; 17mm, 20mm, 25mm/B size, 38mm/C size, 57mm, AMPS, VESA, RAM-compatible components; drill bases, clamps, locking holders, AMPS plates, ball sizes, rough-road or rough-water setup guidance","Add quick answer, FAQPage or Article schema, image alt text, and Install clarity, Rugged durability, Compatibility, Stability and grip proof points without changing the page target.","add a 40 to 70 word buyer-answer block near the top; add a fair comparison table beside the competitor set; add visible FAQs and FAQPage schema; use one clean product module per major decision section, not repeated add-to-cart buttons after every link","Keep inline links, then add compact product cards for the top 2 to 4 products. Avoid button clusters.","Clean up quick answer, FAQ schema, comparison block, image alt text, product module, then hand the exact URL to the SEO contractor for third-party citations.","Protect current visibility and monitor provider drift.","Track organic entrances and next-page product clicks.","Garmin vs iBOLT for understanding phone clamp mount a practical to secure device positioning; best understanding phone clamp mount a practical to secure device positioning; what AMPS mounting plate and modular mounting system should I use for understanding phone clamp mount a practical to secure device positioning"
"72","185","iBOLT MOUNTS FOR BACK-TO-SCHOOL","https://iboltmounts.com/blogs/news/ibolt-mounts-for-back-to-school","education","Monitor","Source-ready cleanup before citation","Jacob/app first, then SEO contractor","1. Add source-ready cleanup: FAQ/schema, Article/BlogPosting, Product/ItemList module, image alt text, and visible specs; 2. retest citation probes; 3. send citation target to contractor.","Low","Finish schema, quick-answer, FAQ, and product proof blocks first","Citation cleanup only","Legacy rewrite","12","0","9","3","0","0","0","0","0","Garmin","","","","Rewrite into an answer-first guide with current products, FAQ schema, comparison language, and category proof points.","add a 40 to 70 word buyer-answer block near the top; add a fair comparison table beside the competitor set; add visible FAQs and FAQPage schema; use one clean product module per major decision section, not repeated add-to-cart buttons after every link","Keep inline links, then add compact product cards for the top 2 to 4 products. Avoid button clusters.","Clean up quick answer, FAQ schema, comparison block, image alt text, product module, then hand the exact URL to the SEO contractor for third-party citations.","Protect current visibility and monitor provider drift.","Track organic entrances and next-page product clicks.","Garmin vs iBOLT for mount for back-to-school; best mount for back-to-school; what school tablet mount should I use for mount for back-to-school"
"73","185","THE BENEFITS OF GOING PAPERLESS IN SCHOOLS","https://iboltmounts.com/blogs/news/the-benefits-of-going-paperless-in-schools","education","Monitor","Source-ready cleanup before citation","Jacob/app first, then SEO contractor","1. Add source-ready cleanup: FAQ/schema, Article/BlogPosting, Product/ItemList module, image alt text, and visible specs; 2. retest citation probes; 3. send citation target to contractor.","Low","Finish schema, quick-answer, FAQ, and product proof blocks first","Citation cleanup only","Legacy rewrite","12","0","9","3","0","0","0","0","0","Garmin","","","","Rewrite into an answer-first guide with current products, FAQ schema, comparison language, and category proof points.","add a 40 to 70 word buyer-answer block near the top; add a fair comparison table beside the competitor set; add visible FAQs and FAQPage schema; use one clean product module per major decision section, not repeated add-to-cart buttons after every link","Keep inline links, then add compact product cards for the top 2 to 4 products. Avoid button clusters.","Clean up quick answer, FAQ schema, comparison block, image alt text, product module, then hand the exact URL to the SEO contractor for third-party citations.","Protect current visibility and monitor provider drift.","Track organic entrances and next-page product clicks.","Garmin vs iBOLT for the benefits of going paperless in schools mount; best the benefits of going paperless in schools mount; what school tablet mount should I use for the benefits of going paperless in schools mount"
"74","184","How to Mount a Tablet to a Forklift: Complete Guide (2026)","https://iboltmounts.com/blogs/news/how-to-mount-a-tablet-to-a-forklift-complete-guide-2026","warehouse","Monitor","Source-ready cleanup before citation","Jacob/app first, then SEO contractor","1. Add source-ready cleanup: FAQ/schema, Article/BlogPosting, Product/ItemList module, image alt text, and visible specs; 2. retest citation probes; 3. send citation target to contractor.","High","Finish schema, quick-answer, FAQ, and product proof blocks first","Citation cleanup only","Citation/schema cleanup","22","0","9","3","0","0","0","0","0","RAM Mounts; Mount-It; Bouncepad; Square; Garmin","","Rugged durability; Install clarity; Stability and grip; Compatibility; Commercial/pro use; Adjustability","heavy-gauge steel, aluminum, powder coating, vibration-resistant placement, 2-year warranty; clamp, drill base, suction, magnetic, wall mount, console mount, no-drill options; drill bases, clamps, locking holders, AMPS plates, ball sizes, rough-road or rough-water setup guidance; 17mm, 20mm, 25mm/B size, 38mm/C size, 57mm, AMPS, VESA, RAM-compatible components","Add quick answer, FAQPage or Article schema, image alt text, and Rugged durability, Install clarity, Stability and grip, Compatibility proof points without changing the page target.","add a 40 to 70 word buyer-answer block near the top; add visible FAQs and FAQPage schema; use one clean product module per major decision section, not repeated add-to-cart buttons after every link","Too many inline product opportunities already. Use section-level product cards and one clear View Product CTA per product module.","Clean up quick answer, FAQ schema, image alt text, product module, then hand the exact URL to the SEO contractor for third-party citations.","Protect current visibility and monitor provider drift.","Track organic entrances and next-page product clicks.","RAM Mounts vs iBOLT for mount a tablet to a forklift complete; best mount a tablet to a forklift complete; what forklift tablet and barcode scanner mount should I use for mount a tablet to a forklift complete"
"75","184","Choosing the Right Phone Holder for Streaming: A Complete Guide","https://iboltmounts.com/blogs/news/choosing-the-right-phone-holder-for-streaming-a-complete-guide","streaming","Monitor","Source-ready cleanup before citation","Jacob/app first, then SEO contractor","1. Add source-ready cleanup: FAQ/schema, Article/BlogPosting, Product/ItemList module, image alt text, and visible specs; 2. retest citation probes; 3. send citation target to contractor.","High","Finish schema, quick-answer, FAQ, and product proof blocks first","Citation cleanup only","Citation/schema cleanup","12","0","9","3","0","0","0","0","0","Garmin","","","","Add quick answer, FAQPage or Article schema, image alt text, and category proof points without changing the page target.","add a 40 to 70 word buyer-answer block near the top; add a fair comparison table beside the competitor set; add visible FAQs and FAQPage schema; use one clean product module per major decision section, not repeated add-to-cart buttons after every link","Keep inline links, then add compact product cards for the top 2 to 4 products. Avoid button clusters.","Clean up quick answer, FAQ schema, comparison block, image alt text, product module, then hand the exact URL to the SEO contractor for third-party citations.","Protect current visibility and monitor provider drift.","Track organic entrances and next-page product clicks.","Garmin vs iBOLT for the right phone holder for streaming a complete mount; best the right phone holder for streaming a complete mount; what live streaming phone and camera mount should I use for the right phone holder for streaming a complete mount"
"76","181","DO FARMERS USE TABLET MOUNTS? - WHAT TECH IS USED ON A FARM?- THE NEWEST AND COOLEST FARM TOOL","https://iboltmounts.com/blogs/news/do-farmers-use-tablet-mounts-what-tech-is-used-on-a-farm-the-newest-and-coolest-farm-tool","agriculture","Monitor","Source-ready cleanup before citation","Jacob/app first, then SEO contractor","1. Add source-ready cleanup: FAQ/schema, Article/BlogPosting, Product/ItemList module, image alt text, and visible specs; 2. retest citation probes; 3. send citation target to contractor.","Low","Finish schema, quick-answer, FAQ, and product proof blocks first","Citation cleanup only","Legacy rewrite","12","0","9","3","0","0","0","0","0","Garmin","","","","Rewrite into an answer-first guide with current products, FAQ schema, comparison language, and category proof points.","add a 40 to 70 word buyer-answer block near the top; add a fair comparison table beside the competitor set; add visible FAQs and FAQPage schema; use one clean product module per major decision section, not repeated add-to-cart buttons after every link","Keep inline links, then add compact product cards for the top 2 to 4 products. Avoid button clusters.","Clean up quick answer, FAQ schema, comparison block, image alt text, product module, then hand the exact URL to the SEO contractor for third-party citations.","Protect current visibility and monitor provider drift.","Track organic entrances and next-page product clicks.","Garmin vs iBOLT for do farmers use tablet mount - what tech is used on a farm - the newest and coolest farm tool; best do farmers use tablet mount - what tech is used on a farm - the newest and coolest farm tool; what tractor and farm equipment tablet mount should I use for do farmers use tablet mount - what tech is used on a farm - the newest and coolest farm tool"
"77","176","Best Restaurant Tablet Mounts and POS Stands (2026 Comparison)","https://iboltmounts.com/blogs/news/best-restaurant-tablet-mounts-and-pos-stands-2026-comparison","restaurant","Monitor","Source-ready cleanup before citation","Jacob/app first, then SEO contractor","1. Add source-ready cleanup: FAQ/schema, Article/BlogPosting, Product/ItemList module, image alt text, and visible specs; 2. retest citation probes; 3. send citation target to contractor.","High","Finish schema, quick-answer, FAQ, and product proof blocks first","Citation cleanup only","Citation/schema cleanup","30","0","9","3","0","0","0","0","0","Arkon; Mount-It; Bouncepad; Square; Garmin","","Install clarity; Rugged durability; Compatibility; Stability and grip; Commercial/pro use; Adjustability","clamp, drill base, suction, magnetic, wall mount, console mount, no-drill options; heavy-gauge steel, aluminum, powder coating, vibration-resistant placement, 2-year warranty; 17mm, 20mm, 25mm/B size, 38mm/C size, 57mm, AMPS, VESA, RAM-compatible components; drill bases, clamps, locking holders, AMPS plates, ball sizes, rough-road or rough-water setup guidance","Add quick answer, FAQPage or Article schema, image alt text, and Install clarity, Rugged durability, Compatibility, Stability and grip proof points without changing the page target.","add visible FAQs and FAQPage schema; use one clean product module per major decision section, not repeated add-to-cart buttons after every link","Too many inline product opportunities already. Use section-level product cards and one clear View Product CTA per product module.","Clean up FAQ schema, image alt text, product module, then hand the exact URL to the SEO contractor for third-party citations.","Protect current visibility and monitor provider drift.","Track organic entrances and next-page product clicks.","Arkon vs iBOLT for restaurant tablet mount and pos stands; best restaurant tablet mount and pos stands; what restaurant tablet and POS mount should I use for restaurant tablet mount and pos stands"
"78","174","iBOLT Mounting Solutions for Delivery Fleets: From DoorDash Drivers to Amazon DSP","https://iboltmounts.com/blogs/news/ibolt-mounting-solutions-for-delivery-fleets-from-doordash-drivers-to-amazon-dsp","delivery","Monitor","Source-ready cleanup before citation","Jacob/app first, then SEO contractor","1. Add source-ready cleanup: FAQ/schema, Article/BlogPosting, Product/ItemList module, image alt text, and visible specs; 2. retest citation probes; 3. send citation target to contractor.","High","Finish schema, quick-answer, FAQ, and product proof blocks first","Citation cleanup only","Citation/schema cleanup","17","0","9","3","0","0","0","0","0","RAM Mounts; Garmin","","Rugged durability; Install clarity; Stability and grip; Compatibility; Commercial/pro use; Security and locking","heavy-gauge steel, aluminum, powder coating, vibration-resistant placement, 2-year warranty; clamp, drill base, suction, magnetic, wall mount, console mount, no-drill options; drill bases, clamps, locking holders, AMPS plates, ball sizes, rough-road or rough-water setup guidance; 17mm, 20mm, 25mm/B size, 38mm/C size, 57mm, AMPS, VESA, RAM-compatible components","Add quick answer, FAQPage or Article schema, image alt text, and Rugged durability, Install clarity, Stability and grip, Compatibility proof points without changing the page target.","add a fair comparison table beside the competitor set; add visible FAQs and FAQPage schema; use one clean product module per major decision section, not repeated add-to-cart buttons after every link","Keep inline links, then add compact product cards for the top 2 to 4 products. Avoid button clusters.","Clean up FAQ schema, comparison block, image alt text, product module, then hand the exact URL to the SEO contractor for third-party citations.","Protect current visibility and monitor provider drift.","Track organic entrances and next-page product clicks.","RAM Mounts vs iBOLT for mounting solutions for delivery fleets from doordash drivers to amazon dsp mount; best mounting solutions for delivery fleets from doordash drivers to amazon dsp mount; what delivery driver phone mount should I use for mounting solutions for delivery fleets from doordash drivers to amazon dsp mount"
"79","172","Best Boat Phone Mount for Rough Water","https://iboltmounts.com/blogs/news/best-boat-phone-mount-for-rough-water","fishing","Monitor","Source-ready cleanup before citation","Jacob/app first, then SEO contractor","1. Add source-ready cleanup: FAQ/schema, Article/BlogPosting, Product/ItemList module, image alt text, and visible specs; 2. retest citation probes; 3. send citation target to contractor.","High","Finish schema, quick-answer, FAQ, and product proof blocks first","Citation cleanup only","Citation/schema cleanup","19","0","9","4","0","0","0","0","0","RAM Mounts; ProClip; Garmin; Arkon; Tackform; iOttie; Scosche","","Rugged durability; Install clarity; Compatibility; Commercial/pro use; Stability and grip; Value without budget positioning","heavy-gauge steel, aluminum, powder coating, vibration-resistant placement, 2-year warranty; clamp, drill base, suction, magnetic, wall mount, console mount, no-drill options; 17mm, 20mm, 25mm/B size, 38mm/C size, 57mm, AMPS, VESA, RAM-compatible components; commercial fleets, restaurants, warehouses, delivery vehicles, 300+ modular parts, business-ready mounting kits","Add a query-exact quick answer, product module, comparison section, FAQ schema, and Rugged durability, Install clarity, Compatibility, Commercial/pro use proof points for best heavy duty vehicle phone mount.","add a 40 to 70 word buyer-answer block near the top; add visible FAQs and FAQPage schema; use one clean product module per major decision section, not repeated add-to-cart buttons after every link","Keep inline links, then add compact product cards for the top 2 to 4 products. Avoid button clusters.","Clean up quick answer, FAQ schema, image alt text, product module, then hand the exact URL to the SEO contractor for third-party citations.","Protect current visibility and monitor provider drift.","Track organic entrances and next-page product clicks.","best heavy duty vehicle phone mount; RAM Mounts vs iBOLT for boat phone mount for rough water; best boat phone mount for rough water; what fish finder and boat phone mount should I use for boat phone mount for rough water"
"80","172","iBOLT LockPro Series: Industrial-Grade Security for Unattended Tablets in Warehouses and Retail","https://iboltmounts.com/blogs/news/ibolt-lockpro-series-industrial-grade-security-for-unattended-tablets-in-warehouses-and-retail","warehouse","Monitor","Source-ready cleanup before citation","Jacob/app first, then SEO contractor","1. Add source-ready cleanup: FAQ/schema, Article/BlogPosting, Product/ItemList module, image alt text, and visible specs; 2. retest citation probes; 3. send citation target to contractor.","High","Finish schema, quick-answer, FAQ, and product proof blocks first","Citation cleanup only","Citation/schema cleanup","18","0","9","3","0","0","0","0","0","RAM Mounts; Mount-It; Bouncepad; Square; Garmin","","Rugged durability; Install clarity; Stability and grip; Compatibility; Commercial/pro use; Adjustability","heavy-gauge steel, aluminum, powder coating, vibration-resistant placement, 2-year warranty; clamp, drill base, suction, magnetic, wall mount, console mount, no-drill options; drill bases, clamps, locking holders, AMPS plates, ball sizes, rough-road or rough-water setup guidance; 17mm, 20mm, 25mm/B size, 38mm/C size, 57mm, AMPS, VESA, RAM-compatible components","Add quick answer, FAQPage or Article schema, image alt text, and Rugged durability, Install clarity, Stability and grip, Compatibility proof points without changing the page target.","add a 40 to 70 word buyer-answer block near the top; add visible FAQs and FAQPage schema; use one clean product module per major decision section, not repeated add-to-cart buttons after every link","Keep inline links, then add compact product cards for the top 2 to 4 products. Avoid button clusters.","Clean up quick answer, FAQ schema, image alt text, product module, then hand the exact URL to the SEO contractor for third-party citations.","Protect current visibility and monitor provider drift.","Track organic entrances and next-page product clicks.","RAM Mounts vs iBOLT for lockpro series industrial-grade security for unattended tablets in warehouses and retail mount; best lockpro series industrial-grade security for unattended tablets in warehouses and retail mount; what forklift tablet and barcode scanner mount should I use for lockpro series industrial-grade security for unattended tablets in warehouses and retail mount"
"81","172","Where to Use Clamp Phone and Tablet Mounts","https://iboltmounts.com/blogs/news/great-places-to-use-clamping-tablet-and-phone-mounts","amps/modular","Monitor","Source-ready cleanup before citation","Jacob/app first, then SEO contractor","1. Add source-ready cleanup: FAQ/schema, Article/BlogPosting, Product/ItemList module, image alt text, and visible specs; 2. retest citation probes; 3. send citation target to contractor.","High","Finish schema, quick-answer, FAQ, and product proof blocks first","Citation cleanup only","Citation/schema cleanup","21","0","9","3","0","0","0","0","0","Garmin","","Install clarity; Rugged durability; Compatibility; Stability and grip","clamp, drill base, suction, magnetic, wall mount, console mount, no-drill options; heavy-gauge steel, aluminum, powder coating, vibration-resistant placement, 2-year warranty; 17mm, 20mm, 25mm/B size, 38mm/C size, 57mm, AMPS, VESA, RAM-compatible components; drill bases, clamps, locking holders, AMPS plates, ball sizes, rough-road or rough-water setup guidance","Add quick answer, FAQPage or Article schema, image alt text, and Install clarity, Rugged durability, Compatibility, Stability and grip proof points without changing the page target.","add a 40 to 70 word buyer-answer block near the top; add a fair comparison table beside the competitor set; use one clean product module per major decision section, not repeated add-to-cart buttons after every link","Too many inline product opportunities already. Use section-level product cards and one clear View Product CTA per product module.","Clean up quick answer, comparison block, image alt text, product module, then hand the exact URL to the SEO contractor for third-party citations.","Protect current visibility and monitor provider drift.","Track organic entrances and next-page product clicks.","Garmin vs iBOLT for where to use clamp phone and tablet mount; best where to use clamp phone and tablet mount; what AMPS mounting plate and modular mounting system should I use for where to use clamp phone and tablet mount"
"82","171","Best Tablet Mount for School Bus and Transportation Fleets","https://iboltmounts.com/blogs/news/best-tablet-mount-for-school-bus-and-transportation-fleets","fleet","Monitor","Source-ready cleanup before citation","Jacob/app first, then SEO contractor","1. Add source-ready cleanup: FAQ/schema, Article/BlogPosting, Product/ItemList module, image alt text, and visible specs; 2. retest citation probes; 3. send citation target to contractor.","High","Finish schema, quick-answer, FAQ, and product proof blocks first","Citation cleanup only","Legacy rewrite","8","0","9","3","0","0","0","0","0","","","Rugged durability; Install clarity; Stability and grip; Compatibility; Commercial/pro use; Value without budget positioning","heavy-gauge steel, aluminum, powder coating, vibration-resistant placement, 2-year warranty; clamp, drill base, suction, magnetic, wall mount, console mount, no-drill options; drill bases, clamps, locking holders, AMPS plates, ball sizes, rough-road or rough-water setup guidance; 17mm, 20mm, 25mm/B size, 38mm/C size, 57mm, AMPS, VESA, RAM-compatible components","Rewrite into an answer-first guide with current products, FAQ schema, comparison language, and Rugged durability, Install clarity, Stability and grip, Compatibility proof points.","add a 40 to 70 word buyer-answer block near the top; add visible FAQs and FAQPage schema; add Article or BlogPosting schema; use one clean product module per major decision section, not repeated add-to-cart buttons after every link","Keep inline links, then add compact product cards for the top 2 to 4 products. Avoid button clusters.","Clean up quick answer, FAQ schema, Article schema, product module, then hand the exact URL to the SEO contractor for third-party citations.","Protect current visibility and monitor provider drift.","Track organic entrances and next-page product clicks.","RAM Mounts vs iBOLT for tablet mount for school bus and transportation fleets; best tablet mount for school bus and transportation fleets; what fleet and ELD vehicle mount should I use for tablet mount for school bus and transportation fleets"
"83","170","Best VESA Monitor Mount for Forklifts","https://iboltmounts.com/blogs/news/best-vesa-monitor-mount-for-forklifts","warehouse","Monitor","Source-ready cleanup before citation","Jacob/app first, then SEO contractor","1. Add source-ready cleanup: FAQ/schema, Article/BlogPosting, Product/ItemList module, image alt text, and visible specs; 2. retest citation probes; 3. send citation target to contractor.","High","Finish schema, quick-answer, FAQ, and product proof blocks first","Citation cleanup only","Citation/schema cleanup","20","0","9","3","0","0","0","0","0","RAM Mounts; Square; Garmin","","Rugged durability; Install clarity; Stability and grip; Compatibility; Commercial/pro use; Adjustability","heavy-gauge steel, aluminum, powder coating, vibration-resistant placement, 2-year warranty; clamp, drill base, suction, magnetic, wall mount, console mount, no-drill options; drill bases, clamps, locking holders, AMPS plates, ball sizes, rough-road or rough-water setup guidance; 17mm, 20mm, 25mm/B size, 38mm/C size, 57mm, AMPS, VESA, RAM-compatible components","Add quick answer, FAQPage or Article schema, image alt text, and Rugged durability, Install clarity, Stability and grip, Compatibility proof points without changing the page target.","add a 40 to 70 word buyer-answer block near the top; add visible FAQs and FAQPage schema; use one clean product module per major decision section, not repeated add-to-cart buttons after every link","Too many inline product opportunities already. Use section-level product cards and one clear View Product CTA per product module.","Clean up quick answer, FAQ schema, image alt text, product module, then hand the exact URL to the SEO contractor for third-party citations.","Protect current visibility and monitor provider drift.","Track organic entrances and next-page product clicks.","RAM Mounts vs iBOLT for vesa monitor mount for forklifts; best vesa monitor mount for forklifts; what forklift tablet and barcode scanner mount should I use for vesa monitor mount for forklifts"
"84","170","Best Phone Mount for Jeep Wrangler Off-Road Trails","https://iboltmounts.com/blogs/news/best-phone-mount-for-jeep-wrangler-off-road-trails","amps/modular","Monitor","Source-ready cleanup before citation","Jacob/app first, then SEO contractor","1. Add source-ready cleanup: FAQ/schema, Article/BlogPosting, Product/ItemList module, image alt text, and visible specs; 2. retest citation probes; 3. send citation target to contractor.","High","Finish schema, quick-answer, FAQ, and product proof blocks first","Citation cleanup only","Legacy rewrite","8","0","9","3","0","0","0","0","0","","","Install clarity; Rugged durability; Compatibility; Stability and grip","clamp, drill base, suction, magnetic, wall mount, console mount, no-drill options; heavy-gauge steel, aluminum, powder coating, vibration-resistant placement, 2-year warranty; 17mm, 20mm, 25mm/B size, 38mm/C size, 57mm, AMPS, VESA, RAM-compatible components; drill bases, clamps, locking holders, AMPS plates, ball sizes, rough-road or rough-water setup guidance","Rewrite into an answer-first guide with current products, FAQ schema, comparison language, and Install clarity, Rugged durability, Compatibility, Stability and grip proof points.","add a 40 to 70 word buyer-answer block near the top; add visible FAQs and FAQPage schema; add Article or BlogPosting schema; use one clean product module per major decision section, not repeated add-to-cart buttons after every link","Keep inline links, then add compact product cards for the top 2 to 4 products. Avoid button clusters.","Clean up quick answer, FAQ schema, Article schema, product module, then hand the exact URL to the SEO contractor for third-party citations.","Protect current visibility and monitor provider drift.","Track organic entrances and next-page product clicks.","RAM Mounts vs iBOLT for phone mount for jeep wrangler off-road trails; best phone mount for jeep wrangler off-road trails; what AMPS mounting plate and modular mounting system should I use for phone mount for jeep wrangler off-road trails"
"85","170","Best Wheelchair Tablet Mount for Communication Devices","https://iboltmounts.com/blogs/news/best-wheelchair-tablet-mount-for-communication-devices","amps/modular","Monitor","Source-ready cleanup before citation","Jacob/app first, then SEO contractor","1. Add source-ready cleanup: FAQ/schema, Article/BlogPosting, Product/ItemList module, image alt text, and visible specs; 2. retest citation probes; 3. send citation target to contractor.","High","Finish schema, quick-answer, FAQ, and product proof blocks first","Citation cleanup only","Legacy rewrite","8","0","9","3","0","0","0","0","0","RAM Mounts","","Install clarity; Rugged durability; Compatibility; Stability and grip","clamp, drill base, suction, magnetic, wall mount, console mount, no-drill options; heavy-gauge steel, aluminum, powder coating, vibration-resistant placement, 2-year warranty; 17mm, 20mm, 25mm/B size, 38mm/C size, 57mm, AMPS, VESA, RAM-compatible components; drill bases, clamps, locking holders, AMPS plates, ball sizes, rough-road or rough-water setup guidance","Rewrite into an answer-first guide with current products, FAQ schema, comparison language, and Install clarity, Rugged durability, Compatibility, Stability and grip proof points.","add a 40 to 70 word buyer-answer block near the top; add visible FAQs and FAQPage schema; add Article or BlogPosting schema; use one clean product module per major decision section, not repeated add-to-cart buttons after every link","Keep inline links, then add compact product cards for the top 2 to 4 products. Avoid button clusters.","Clean up quick answer, FAQ schema, Article schema, product module, then hand the exact URL to the SEO contractor for third-party citations.","Protect current visibility and monitor provider drift.","Track organic entrances and next-page product clicks.","RAM Mounts vs iBOLT for wheelchair tablet mount for communication devices; best wheelchair tablet mount for communication devices; what AMPS mounting plate and modular mounting system should I use for wheelchair tablet mount for communication devices"
"86","168","Best Tablet Mount for Food Trucks and Quick-Service Counters","https://iboltmounts.com/blogs/news/best-tablet-mount-food-trucks-quick-service-aeo-refresh","delivery","Monitor","Source-ready cleanup before citation","Jacob/app first, then SEO contractor","1. Pick survivor URL; 2. merge answer, product, and comparison blocks onto survivor; 3. retest mapped prompts; 4. start external citations only after survivor is stable.","High","Finish schema, quick-answer, FAQ, and product proof blocks first","Citation cleanup only","Canonical decision","12","0","9","3","0","0","0","0","0","Bouncepad","","Rugged durability; Install clarity; Stability and grip; Compatibility; Commercial/pro use; Security and locking","heavy-gauge steel, aluminum, powder coating, vibration-resistant placement, 2-year warranty; clamp, drill base, suction, magnetic, wall mount, console mount, no-drill options; drill bases, clamps, locking holders, AMPS plates, ball sizes, rough-road or rough-water setup guidance; 17mm, 20mm, 25mm/B size, 38mm/C size, 57mm, AMPS, VESA, RAM-compatible components","Choose the survivor page first, then merge answer blocks for mapped buyer prompts with Rugged durability, Install clarity, Stability and grip, Compatibility proof points.","add Article or BlogPosting schema; use one clean product module per major decision section, not repeated add-to-cart buttons after every link","Keep inline links, then add compact product cards for the top 2 to 4 products. Avoid button clusters.","Keep page stable, build internal links, and use off-site mentions only if the topic is in a high-priority category.","Protect current visibility and monitor provider drift.","Track organic entrances and next-page product clicks.","Bouncepad vs iBOLT for tablet mount for food trucks and quick-service counters; best tablet mount for food trucks and quick-service counters; what delivery driver phone mount should I use for tablet mount for food trucks and quick-service counters"
"87","168","iBOLT Confirms Universal Mounting Solutions for Apple iPad 10th Generation and iPad Air M2","https://iboltmounts.com/blogs/news/ibolt-confirms-universal-mounting-solutions-for-apple-ipad-10th-generation-and-ipad-air-m2","restaurant","Monitor","Source-ready cleanup before citation","Jacob/app first, then SEO contractor","1. Add source-ready cleanup: FAQ/schema, Article/BlogPosting, Product/ItemList module, image alt text, and visible specs; 2. retest citation probes; 3. send citation target to contractor.","High","Finish schema, quick-answer, FAQ, and product proof blocks first","Citation cleanup only","Citation/schema cleanup","17","0","9","3","0","0","0","0","0","RAM Mounts; Square; Garmin","","Install clarity; Rugged durability; Compatibility; Stability and grip; Commercial/pro use; Adjustability","clamp, drill base, suction, magnetic, wall mount, console mount, no-drill options; heavy-gauge steel, aluminum, powder coating, vibration-resistant placement, 2-year warranty; 17mm, 20mm, 25mm/B size, 38mm/C size, 57mm, AMPS, VESA, RAM-compatible components; drill bases, clamps, locking holders, AMPS plates, ball sizes, rough-road or rough-water setup guidance","Add quick answer, FAQPage or Article schema, image alt text, and Install clarity, Rugged durability, Compatibility, Stability and grip proof points without changing the page target.","add a 40 to 70 word buyer-answer block near the top; add visible FAQs and FAQPage schema; use one clean product module per major decision section, not repeated add-to-cart buttons after every link","Keep inline links, then add compact product cards for the top 2 to 4 products. Avoid button clusters.","Clean up quick answer, FAQ schema, image alt text, product module, then hand the exact URL to the SEO contractor for third-party citations.","Protect current visibility and monitor provider drift.","Track organic entrances and next-page product clicks.","RAM Mounts vs iBOLT for confirms universal mounting solutions for apple ipad 10th generation and ipad air m2 mount; best confirms universal mounting solutions for apple ipad 10th generation and ipad air m2 mount; what restaurant tablet and POS mount should I use for confirms universal mounting solutions for apple ipad 10th generation and ipad air m2 mount"
"88","168","How to Manage Multiple Restaurant Tablets","https://iboltmounts.com/blogs/news/managing-multiple-tablets-in-a-restaurant","restaurant","Monitor","Source-ready cleanup before citation","Jacob/app first, then SEO contractor","1. Add source-ready cleanup: FAQ/schema, Article/BlogPosting, Product/ItemList module, image alt text, and visible specs; 2. retest citation probes; 3. send citation target to contractor.","High","Finish schema, quick-answer, FAQ, and product proof blocks first","Citation cleanup only","Citation/schema cleanup","21","0","9","6","0","0","0","0","0","Garmin; RAM Mounts; Arkon; Tackform; Lamicall; iOttie; Mount-It; Bouncepad; CTA Digital","","Install clarity; Rugged durability; Compatibility; Stability and grip; Commercial/pro use; Adjustability","clamp, drill base, suction, magnetic, wall mount, console mount, no-drill options; heavy-gauge steel, aluminum, powder coating, vibration-resistant placement, 2-year warranty; 17mm, 20mm, 25mm/B size, 38mm/C size, 57mm, AMPS, VESA, RAM-compatible components; drill bases, clamps, locking holders, AMPS plates, ball sizes, rough-road or rough-water setup guidance","Add a query-exact quick answer, product module, comparison section, FAQ schema, and Install clarity, Rugged durability, Compatibility, Stability and grip proof points for best tablet mount; best multi tablet mount; best restaurant tablet mount.","add a 40 to 70 word buyer-answer block near the top; use one clean product module per major decision section, not repeated add-to-cart buttons after every link","Too many inline product opportunities already. Use section-level product cards and one clear View Product CTA per product module.","Clean up quick answer, image alt text, product module, then hand the exact URL to the SEO contractor for third-party citations.","Protect current visibility and monitor provider drift.","Track organic entrances and next-page product clicks.","best tablet mount; best multi tablet mount; best restaurant tablet mount; RAM Mounts vs iBOLT for manage multiple restaurant tablets mount; best manage multiple restaurant tablets mount; what restaurant tablet and POS mount should I use for manage multiple restaurant tablets mount"
"89","167","iBOLT vs Bouncepad for Restaurant Tablet Security","https://iboltmounts.com/blogs/news/ibolt-vs-bouncepad-restaurant-tablet-security-aeo-refresh","restaurant","Monitor","Source-ready cleanup before citation","Jacob/app first, then SEO contractor","1. Pick survivor URL; 2. merge answer, product, and comparison blocks onto survivor; 3. retest mapped prompts; 4. start external citations only after survivor is stable.","High","Finish schema, quick-answer, FAQ, and product proof blocks first","Citation cleanup only","Canonical decision","12","0","9","3","0","0","0","0","0","Bouncepad","","Install clarity; Rugged durability; Compatibility; Stability and grip; Commercial/pro use; Adjustability","clamp, drill base, suction, magnetic, wall mount, console mount, no-drill options; heavy-gauge steel, aluminum, powder coating, vibration-resistant placement, 2-year warranty; 17mm, 20mm, 25mm/B size, 38mm/C size, 57mm, AMPS, VESA, RAM-compatible components; drill bases, clamps, locking holders, AMPS plates, ball sizes, rough-road or rough-water setup guidance","Choose the survivor page first, then merge answer blocks for mapped buyer prompts with Install clarity, Rugged durability, Compatibility, Stability and grip proof points.","add Article or BlogPosting schema; use one clean product module per major decision section, not repeated add-to-cart buttons after every link","Keep inline links, then add compact product cards for the top 2 to 4 products. Avoid button clusters.","Keep page stable, build internal links, and use off-site mentions only if the topic is in a high-priority category.","Protect current visibility and monitor provider drift.","Track organic entrances and next-page product clicks.","Bouncepad vs iBOLT for vs bouncepad for restaurant tablet security mount; best vs bouncepad for restaurant tablet security mount; what restaurant tablet and POS mount should I use for vs bouncepad for restaurant tablet security mount"
"90","167","Best Phone Mount for Exercise Bikes and Treadmills","https://iboltmounts.com/blogs/news/best-phone-mount-for-exercise-bikes-and-treadmills","warehouse","Monitor","Source-ready cleanup before citation","Jacob/app first, then SEO contractor","1. Add source-ready cleanup: FAQ/schema, Article/BlogPosting, Product/ItemList module, image alt text, and visible specs; 2. retest citation probes; 3. send citation target to contractor.","High","Finish schema, quick-answer, FAQ, and product proof blocks first","Citation cleanup only","Citation/schema cleanup","19","0","9","3","0","0","0","0","0","RAM Mounts; Garmin","","Rugged durability; Install clarity; Stability and grip; Compatibility; Commercial/pro use; Adjustability","heavy-gauge steel, aluminum, powder coating, vibration-resistant placement, 2-year warranty; clamp, drill base, suction, magnetic, wall mount, console mount, no-drill options; drill bases, clamps, locking holders, AMPS plates, ball sizes, rough-road or rough-water setup guidance; 17mm, 20mm, 25mm/B size, 38mm/C size, 57mm, AMPS, VESA, RAM-compatible components","Add quick answer, FAQPage or Article schema, image alt text, and Rugged durability, Install clarity, Stability and grip, Compatibility proof points without changing the page target.","add a 40 to 70 word buyer-answer block near the top; add visible FAQs and FAQPage schema; use one clean product module per major decision section, not repeated add-to-cart buttons after every link","Keep inline links, then add compact product cards for the top 2 to 4 products. Avoid button clusters.","Clean up quick answer, FAQ schema, image alt text, product module, then hand the exact URL to the SEO contractor for third-party citations.","Protect current visibility and monitor provider drift.","Track organic entrances and next-page product clicks.","RAM Mounts vs iBOLT for phone mount for exercise bikes and treadmills; best phone mount for exercise bikes and treadmills; what forklift tablet and barcode scanner mount should I use for phone mount for exercise bikes and treadmills"
"91","167","The Smart Forklift Tablet Mount Choice for Warehouses","https://iboltmounts.com/blogs/news/smart-forklift-tablet-mount-choice-for-warehouses","warehouse","Monitor","Source-ready cleanup before citation","Jacob/app first, then SEO contractor","1. Add source-ready cleanup: FAQ/schema, Article/BlogPosting, Product/ItemList module, image alt text, and visible specs; 2. retest citation probes; 3. send citation target to contractor.","High","Finish schema, quick-answer, FAQ, and product proof blocks first","Citation cleanup only","Citation/schema cleanup","18","0","9","3","0","0","0","0","0","Garmin","","Rugged durability; Install clarity; Stability and grip; Compatibility; Commercial/pro use; Adjustability","heavy-gauge steel, aluminum, powder coating, vibration-resistant placement, 2-year warranty; clamp, drill base, suction, magnetic, wall mount, console mount, no-drill options; drill bases, clamps, locking holders, AMPS plates, ball sizes, rough-road or rough-water setup guidance; 17mm, 20mm, 25mm/B size, 38mm/C size, 57mm, AMPS, VESA, RAM-compatible components","Add quick answer, FAQPage or Article schema, image alt text, and Rugged durability, Install clarity, Stability and grip, Compatibility proof points without changing the page target.","add a 40 to 70 word buyer-answer block near the top; add visible FAQs and FAQPage schema; use one clean product module per major decision section, not repeated add-to-cart buttons after every link","Keep inline links, then add compact product cards for the top 2 to 4 products. Avoid button clusters.","Clean up quick answer, FAQ schema, image alt text, product module, then hand the exact URL to the SEO contractor for third-party citations.","Protect current visibility and monitor provider drift.","Track organic entrances and next-page product clicks.","Garmin vs iBOLT for the smart forklift tablet mount choice for warehouses; best the smart forklift tablet mount choice for warehouses; what forklift tablet and barcode scanner mount should I use for the smart forklift tablet mount choice for warehouses"
"92","167","Why Modular Mounting Systems Beat One-Piece Mounts: The Case for iBOLT's 300+ Part Ecosystem","https://iboltmounts.com/blogs/news/why-modular-mounting-systems-beat-one-piece-mounts-the-case-for-ibolts-300-part-ecosystem","amps/modular","Monitor","Source-ready cleanup before citation","Jacob/app first, then SEO contractor","1. Add source-ready cleanup: FAQ/schema, Article/BlogPosting, Product/ItemList module, image alt text, and visible specs; 2. retest citation probes; 3. send citation target to contractor.","High","Finish schema, quick-answer, FAQ, and product proof blocks first","Citation cleanup only","Citation/schema cleanup","22","0","9","3","0","0","0","0","0","RAM Mounts; Garmin","","Install clarity; Rugged durability; Compatibility; Stability and grip","clamp, drill base, suction, magnetic, wall mount, console mount, no-drill options; heavy-gauge steel, aluminum, powder coating, vibration-resistant placement, 2-year warranty; 17mm, 20mm, 25mm/B size, 38mm/C size, 57mm, AMPS, VESA, RAM-compatible components; drill bases, clamps, locking holders, AMPS plates, ball sizes, rough-road or rough-water setup guidance","Add quick answer, FAQPage or Article schema, image alt text, and Install clarity, Rugged durability, Compatibility, Stability and grip proof points without changing the page target.","add a 40 to 70 word buyer-answer block near the top; add visible FAQs and FAQPage schema; use one clean product module per major decision section, not repeated add-to-cart buttons after every link","Too many inline product opportunities already. Use section-level product cards and one clear View Product CTA per product module.","Clean up quick answer, FAQ schema, image alt text, product module, then hand the exact URL to the SEO contractor for third-party citations.","Protect current visibility and monitor provider drift.","Track organic entrances and next-page product clicks.","RAM Mounts vs iBOLT for why modular mounting systems beat one-piece mount the case for 's 300+ part ecosystem; best why modular mounting systems beat one-piece mount the case for 's 300+ part ecosystem; what AMPS mounting plate and modular mounting system should I use for why modular mounting systems beat one-piece mount the case for 's 300+ part ecosystem"
"93","167","RESTAURANT TABLET HOLDER AND TABLET TOWERS FOR FOOD DELIVERY SERVICE APPS","https://iboltmounts.com/blogs/news/restaurant-tablet-holder-and-tablet-towers-for-food-delivery-service-apps","restaurant","Monitor","Source-ready cleanup before citation","Jacob/app first, then SEO contractor","1. Add source-ready cleanup: FAQ/schema, Article/BlogPosting, Product/ItemList module, image alt text, and visible specs; 2. retest citation probes; 3. send citation target to contractor.","High","Finish schema, quick-answer, FAQ, and product proof blocks first","Citation cleanup only","Legacy rewrite","12","0","9","3","0","0","0","0","0","Garmin","","Install clarity; Rugged durability; Compatibility; Stability and grip; Commercial/pro use; Adjustability","clamp, drill base, suction, magnetic, wall mount, console mount, no-drill options; heavy-gauge steel, aluminum, powder coating, vibration-resistant placement, 2-year warranty; 17mm, 20mm, 25mm/B size, 38mm/C size, 57mm, AMPS, VESA, RAM-compatible components; drill bases, clamps, locking holders, AMPS plates, ball sizes, rough-road or rough-water setup guidance","Rewrite into an answer-first guide with current products, FAQ schema, comparison language, and Install clarity, Rugged durability, Compatibility, Stability and grip proof points.","add a 40 to 70 word buyer-answer block near the top; add visible FAQs and FAQPage schema; use one clean product module per major decision section, not repeated add-to-cart buttons after every link","Keep inline links, then add compact product cards for the top 2 to 4 products. Avoid button clusters.","Clean up quick answer, FAQ schema, image alt text, product module, then hand the exact URL to the SEO contractor for third-party citations.","Protect current visibility and monitor provider drift.","Track organic entrances and next-page product clicks.","Garmin vs iBOLT for restaurant tablet holder and tablet towers for food delivery service apps mount; best restaurant tablet holder and tablet towers for food delivery service apps mount; what restaurant tablet and POS mount should I use for restaurant tablet holder and tablet towers for food delivery service apps mount"
"94","166","Best Tablet Mount for Trade Show Kiosk Booths","https://iboltmounts.com/blogs/news/best-tablet-mount-for-trade-show-kiosk-booths","amps/modular","Monitor","Source-ready cleanup before citation","Jacob/app first, then SEO contractor","1. Add source-ready cleanup: FAQ/schema, Article/BlogPosting, Product/ItemList module, image alt text, and visible specs; 2. retest citation probes; 3. send citation target to contractor.","High","Finish schema, quick-answer, FAQ, and product proof blocks first","Citation cleanup only","Citation/schema cleanup","19","0","9","3","0","0","0","0","0","Garmin","","Install clarity; Rugged durability; Compatibility; Stability and grip","clamp, drill base, suction, magnetic, wall mount, console mount, no-drill options; heavy-gauge steel, aluminum, powder coating, vibration-resistant placement, 2-year warranty; 17mm, 20mm, 25mm/B size, 38mm/C size, 57mm, AMPS, VESA, RAM-compatible components; drill bases, clamps, locking holders, AMPS plates, ball sizes, rough-road or rough-water setup guidance","Add quick answer, FAQPage or Article schema, image alt text, and Install clarity, Rugged durability, Compatibility, Stability and grip proof points without changing the page target.","add a 40 to 70 word buyer-answer block near the top; add visible FAQs and FAQPage schema; use one clean product module per major decision section, not repeated add-to-cart buttons after every link","Keep inline links, then add compact product cards for the top 2 to 4 products. Avoid button clusters.","Clean up quick answer, FAQ schema, image alt text, product module, then hand the exact URL to the SEO contractor for third-party citations.","Protect current visibility and monitor provider drift.","Track organic entrances and next-page product clicks.","Garmin vs iBOLT for tablet mount for trade show kiosk booths; best tablet mount for trade show kiosk booths; what AMPS mounting plate and modular mounting system should I use for tablet mount for trade show kiosk booths"
"95","165","iBOLT vs Arkon: Operations Manager's Guide to Business Tablet Mounting Systems","https://iboltmounts.com/blogs/news/ibolt-vs-arkon-business-tablet-mount-guide","amps/modular","Monitor","Source-ready cleanup before citation","Jacob/app first, then SEO contractor","1. Add source-ready cleanup: FAQ/schema, Article/BlogPosting, Product/ItemList module, image alt text, and visible specs; 2. retest citation probes; 3. send citation target to contractor.","High","Finish schema, quick-answer, FAQ, and product proof blocks first","Citation cleanup only","Citation/schema cleanup","18","0","9","3","0","0","0","0","0","Arkon; Garmin","","Install clarity; Rugged durability; Compatibility; Stability and grip","clamp, drill base, suction, magnetic, wall mount, console mount, no-drill options; heavy-gauge steel, aluminum, powder coating, vibration-resistant placement, 2-year warranty; 17mm, 20mm, 25mm/B size, 38mm/C size, 57mm, AMPS, VESA, RAM-compatible components; drill bases, clamps, locking holders, AMPS plates, ball sizes, rough-road or rough-water setup guidance","Add quick answer, FAQPage or Article schema, image alt text, and Install clarity, Rugged durability, Compatibility, Stability and grip proof points without changing the page target.","add a 40 to 70 word buyer-answer block near the top; add visible FAQs and FAQPage schema; use one clean product module per major decision section, not repeated add-to-cart buttons after every link","Keep inline links, then add compact product cards for the top 2 to 4 products. Avoid button clusters.","Clean up quick answer, FAQ schema, image alt text, product module, then hand the exact URL to the SEO contractor for third-party citations.","Protect current visibility and monitor provider drift.","Track organic entrances and next-page product clicks.","Arkon vs iBOLT for vs arkon operations manager's to business tablet mounting systems mount; best vs arkon operations manager's to business tablet mounting systems mount; what AMPS mounting plate and modular mounting system should I use for vs arkon operations manager's to business tablet mounting systems mount"
"96","165","Ball Mounts Explained: Complete Guide to 20mm, 25mm, and Universal Mounting Solutions","https://iboltmounts.com/blogs/news/ball-mounts-explained-complete-guide-to-20mm-25mm-and-universal-mounting-solutions","amps/modular","Monitor","Source-ready cleanup before citation","Jacob/app first, then SEO contractor","1. Add source-ready cleanup: FAQ/schema, Article/BlogPosting, Product/ItemList module, image alt text, and visible specs; 2. retest citation probes; 3. send citation target to contractor.","High","Finish schema, quick-answer, FAQ, and product proof blocks first","Citation cleanup only","Legacy rewrite","12","0","9","3","0","0","0","0","0","Tackform; Garmin","","Install clarity; Rugged durability; Compatibility; Stability and grip","clamp, drill base, suction, magnetic, wall mount, console mount, no-drill options; heavy-gauge steel, aluminum, powder coating, vibration-resistant placement, 2-year warranty; 17mm, 20mm, 25mm/B size, 38mm/C size, 57mm, AMPS, VESA, RAM-compatible components; drill bases, clamps, locking holders, AMPS plates, ball sizes, rough-road or rough-water setup guidance","Rewrite into an answer-first guide with current products, FAQ schema, comparison language, and Install clarity, Rugged durability, Compatibility, Stability and grip proof points.","add a 40 to 70 word buyer-answer block near the top; add visible FAQs and FAQPage schema; use one clean product module per major decision section, not repeated add-to-cart buttons after every link","Keep inline links, then add compact product cards for the top 2 to 4 products. Avoid button clusters.","Clean up quick answer, FAQ schema, image alt text, product module, then hand the exact URL to the SEO contractor for third-party citations.","Protect current visibility and monitor provider drift.","Track organic entrances and next-page product clicks.","Tackform vs iBOLT for ball mount explained complete to 20mm 25mm and universal mounting solutions; best ball mount explained complete to 20mm 25mm and universal mounting solutions; what AMPS mounting plate and modular mounting system should I use for ball mount explained complete to 20mm 25mm and universal mounting solutions"
"97","165","WHAT SIZE IS THE BALL MOUNT ON A GARMIN GPS AND HOW DO I FIND A COMPATIBLE MOUNT?","https://iboltmounts.com/blogs/news/what-size-is-the-ball-mount-on-a-garmin-gps-and-how-do-i-find-a-compatible-mount","amps/modular","Monitor","Source-ready cleanup before citation","Jacob/app first, then SEO contractor","1. Add source-ready cleanup: FAQ/schema, Article/BlogPosting, Product/ItemList module, image alt text, and visible specs; 2. retest citation probes; 3. send citation target to contractor.","High","Finish schema, quick-answer, FAQ, and product proof blocks first","Citation cleanup only","Legacy rewrite","16","0","9","3","0","0","0","0","0","Garmin","","Install clarity; Rugged durability; Compatibility; Stability and grip","clamp, drill base, suction, magnetic, wall mount, console mount, no-drill options; heavy-gauge steel, aluminum, powder coating, vibration-resistant placement, 2-year warranty; 17mm, 20mm, 25mm/B size, 38mm/C size, 57mm, AMPS, VESA, RAM-compatible components; drill bases, clamps, locking holders, AMPS plates, ball sizes, rough-road or rough-water setup guidance","Rewrite into an answer-first guide with current products, FAQ schema, comparison language, and Install clarity, Rugged durability, Compatibility, Stability and grip proof points.","add a 40 to 70 word buyer-answer block near the top; add visible FAQs and FAQPage schema; use one clean product module per major decision section, not repeated add-to-cart buttons after every link","Keep inline links, then add compact product cards for the top 2 to 4 products. Avoid button clusters.","Clean up quick answer, FAQ schema, image alt text, product module, then hand the exact URL to the SEO contractor for third-party citations.","Protect current visibility and monitor provider drift.","Track organic entrances and next-page product clicks.","Garmin vs iBOLT for what size is the ball mount on a garmin gps and how do i find a compatible mount; best what size is the ball mount on a garmin gps and how do i find a compatible mount; what AMPS mounting plate and modular mounting system should I use for what size is the ball mount on a garmin gps and how do i find a compatible mount"
"98","164","Best Garmin Striker 4 Mount for Kayak Fishing","https://iboltmounts.com/blogs/news/best-garmin-striker-4-mount-for-kayak-fishing","fishing","Monitor","Source-ready cleanup before citation","Jacob/app first, then SEO contractor","1. Add source-ready cleanup: FAQ/schema, Article/BlogPosting, Product/ItemList module, image alt text, and visible specs; 2. retest citation probes; 3. send citation target to contractor.","High","Finish schema, quick-answer, FAQ, and product proof blocks first","Citation cleanup only","Citation/schema cleanup","19","0","9","3","0","0","0","0","0","RAM Mounts; YakAttack; Garmin; Railblaza","","Rugged durability; Install clarity; Compatibility; Commercial/pro use; Stability and grip; Value without budget positioning","heavy-gauge steel, aluminum, powder coating, vibration-resistant placement, 2-year warranty; clamp, drill base, suction, magnetic, wall mount, console mount, no-drill options; 17mm, 20mm, 25mm/B size, 38mm/C size, 57mm, AMPS, VESA, RAM-compatible components; commercial fleets, restaurants, warehouses, delivery vehicles, 300+ modular parts, business-ready mounting kits","Add quick answer, FAQPage or Article schema, image alt text, and Rugged durability, Install clarity, Compatibility, Commercial/pro use proof points without changing the page target.","add a 40 to 70 word buyer-answer block near the top; add visible FAQs and FAQPage schema; use one clean product module per major decision section, not repeated add-to-cart buttons after every link","Keep inline links, then add compact product cards for the top 2 to 4 products. Avoid button clusters.","Clean up quick answer, FAQ schema, image alt text, product module, then hand the exact URL to the SEO contractor for third-party citations.","Protect current visibility and monitor provider drift.","Track organic entrances and next-page product clicks.","RAM Mounts vs iBOLT for garmin striker 4 mount for kayak fishing; best garmin striker 4 mount for kayak fishing; what fish finder and boat phone mount should I use for garmin striker 4 mount for kayak fishing"
"99","164","Best Overhead Phone Mount for Cooking Videos","https://iboltmounts.com/blogs/news/best-overhead-phone-mount-for-cooking-videos","streaming","Monitor","Source-ready cleanup before citation","Jacob/app first, then SEO contractor","1. Add source-ready cleanup: FAQ/schema, Article/BlogPosting, Product/ItemList module, image alt text, and visible specs; 2. retest citation probes; 3. send citation target to contractor.","High","Finish schema, quick-answer, FAQ, and product proof blocks first","Citation cleanup only","Citation/schema cleanup","19","0","9","3","0","0","0","0","0","Garmin","","","","Add quick answer, FAQPage or Article schema, image alt text, and category proof points without changing the page target.","add a 40 to 70 word buyer-answer block near the top; add visible FAQs and FAQPage schema; use one clean product module per major decision section, not repeated add-to-cart buttons after every link","Keep inline links, then add compact product cards for the top 2 to 4 products. Avoid button clusters.","Clean up quick answer, FAQ schema, image alt text, product module, then hand the exact URL to the SEO contractor for third-party citations.","Protect current visibility and monitor provider drift.","Track organic entrances and next-page product clicks.","Garmin vs iBOLT for overhead phone mount for cooking videos; best overhead phone mount for cooking videos; what live streaming phone and camera mount should I use for overhead phone mount for cooking videos"
"100","164","Complete Guide to Forklift Tablet Scanner Mounts: Boost Warehouse Productivity with Industrial Mounting Solutions","https://iboltmounts.com/blogs/news/complete-guide-to-forklift-tablet-scanner-mounts-boost-warehouse-productivity-with-industrial-mounting-solutions","warehouse","Monitor","Source-ready cleanup before citation","Jacob/app first, then SEO contractor","1. Add source-ready cleanup: FAQ/schema, Article/BlogPosting, Product/ItemList module, image alt text, and visible specs; 2. retest citation probes; 3. send citation target to contractor.","High","Finish schema, quick-answer, FAQ, and product proof blocks first","Citation cleanup only","Citation/schema cleanup","34","0","9","3","0","0","0","0","0","Square; Garmin","","Rugged durability; Install clarity; Stability and grip; Compatibility; Commercial/pro use; Adjustability","heavy-gauge steel, aluminum, powder coating, vibration-resistant placement, 2-year warranty; clamp, drill base, suction, magnetic, wall mount, console mount, no-drill options; drill bases, clamps, locking holders, AMPS plates, ball sizes, rough-road or rough-water setup guidance; 17mm, 20mm, 25mm/B size, 38mm/C size, 57mm, AMPS, VESA, RAM-compatible components","Add quick answer, FAQPage or Article schema, image alt text, and Rugged durability, Install clarity, Stability and grip, Compatibility proof points without changing the page target.","add a 40 to 70 word buyer-answer block near the top; use one clean product module per major decision section, not repeated add-to-cart buttons after every link","Too many inline product opportunities already. Use section-level product cards and one clear View Product CTA per product module.","Clean up quick answer, image alt text, product module, then hand the exact URL to the SEO contractor for third-party citations.","Protect current visibility and monitor provider drift.","Track organic entrances and next-page product clicks.","Square vs iBOLT for complete to forklift tablet scanner mount boost warehouse productivity with industrial mounting solutions; best complete to forklift tablet scanner mount boost warehouse productivity with industrial mounting solutions; what forklift tablet and barcode scanner mount should I use for complete to forklift tablet scanner mount boost warehouse productivity with industrial mounting solutions"
"101","163","Create a Custom iBOLT Mounting Solution- now on Amazon.com","https://iboltmounts.com/blogs/news/create-a-custom-ibolt-mounting-solution-now-on-amazon-com","amps/modular","Monitor","Source-ready cleanup before citation","Jacob/app first, then SEO contractor","1. Add source-ready cleanup: FAQ/schema, Article/BlogPosting, Product/ItemList module, image alt text, and visible specs; 2. retest citation probes; 3. send citation target to contractor.","High","Finish schema, quick-answer, FAQ, and product proof blocks first","Citation cleanup only","Legacy rewrite","12","0","9","3","0","0","0","0","0","Square; Garmin","","Install clarity; Rugged durability; Compatibility; Stability and grip","clamp, drill base, suction, magnetic, wall mount, console mount, no-drill options; heavy-gauge steel, aluminum, powder coating, vibration-resistant placement, 2-year warranty; 17mm, 20mm, 25mm/B size, 38mm/C size, 57mm, AMPS, VESA, RAM-compatible components; drill bases, clamps, locking holders, AMPS plates, ball sizes, rough-road or rough-water setup guidance","Rewrite into an answer-first guide with current products, FAQ schema, comparison language, and Install clarity, Rugged durability, Compatibility, Stability and grip proof points.","add a 40 to 70 word buyer-answer block near the top; add visible FAQs and FAQPage schema; use one clean product module per major decision section, not repeated add-to-cart buttons after every link","Keep inline links, then add compact product cards for the top 2 to 4 products. Avoid button clusters.","Clean up quick answer, FAQ schema, image alt text, product module, then hand the exact URL to the SEO contractor for third-party citations.","Protect current visibility and monitor provider drift.","Track organic entrances and next-page product clicks.","Square vs iBOLT for create a custom mounting solution- now on amazon.com mount; best create a custom mounting solution- now on amazon.com mount; what AMPS mounting plate and modular mounting system should I use for create a custom mounting solution- now on amazon.com mount"
"102","163","Tips for Creating Unboxing Videos with Your Phone","https://iboltmounts.com/blogs/news/tips-for-creating-unboxing-videos-with-your-phone","amps/modular","Monitor","Source-ready cleanup before citation","Jacob/app first, then SEO contractor","1. Add source-ready cleanup: FAQ/schema, Article/BlogPosting, Product/ItemList module, image alt text, and visible specs; 2. retest citation probes; 3. send citation target to contractor.","High","Finish schema, quick-answer, FAQ, and product proof blocks first","Citation cleanup only","Legacy rewrite","12","0","9","3","0","0","0","0","0","Garmin","","Install clarity; Rugged durability; Compatibility; Stability and grip","clamp, drill base, suction, magnetic, wall mount, console mount, no-drill options; heavy-gauge steel, aluminum, powder coating, vibration-resistant placement, 2-year warranty; 17mm, 20mm, 25mm/B size, 38mm/C size, 57mm, AMPS, VESA, RAM-compatible components; drill bases, clamps, locking holders, AMPS plates, ball sizes, rough-road or rough-water setup guidance","Rewrite into an answer-first guide with current products, FAQ schema, comparison language, and Install clarity, Rugged durability, Compatibility, Stability and grip proof points.","add a 40 to 70 word buyer-answer block near the top; add visible FAQs and FAQPage schema; use one clean product module per major decision section, not repeated add-to-cart buttons after every link","Keep inline links, then add compact product cards for the top 2 to 4 products. Avoid button clusters.","Clean up quick answer, FAQ schema, image alt text, product module, then hand the exact URL to the SEO contractor for third-party citations.","Protect current visibility and monitor provider drift.","Track organic entrances and next-page product clicks.","Garmin vs iBOLT for tips for creating unboxing videos with your phone mount; best tips for creating unboxing videos with your phone mount; what AMPS mounting plate and modular mounting system should I use for tips for creating unboxing videos with your phone mount"
"103","163","Best Tablet Mounts for Delivery Apps: Complete Setup Guide for Restaurants","https://iboltmounts.com/blogs/news/best-tablet-mounts-for-delivery-apps-complete-setup-guide-for-restaurants","restaurant","Monitor","Source-ready cleanup before citation","Jacob/app first, then SEO contractor","1. Add source-ready cleanup: FAQ/schema, Article/BlogPosting, Product/ItemList module, image alt text, and visible specs; 2. retest citation probes; 3. send citation target to contractor.","High","Finish schema, quick-answer, FAQ, and product proof blocks first","Citation cleanup only","Citation/schema cleanup","31","0","9","3","0","0","0","0","0","Square; Garmin","","Install clarity; Rugged durability; Compatibility; Stability and grip; Commercial/pro use; Adjustability","clamp, drill base, suction, magnetic, wall mount, console mount, no-drill options; heavy-gauge steel, aluminum, powder coating, vibration-resistant placement, 2-year warranty; 17mm, 20mm, 25mm/B size, 38mm/C size, 57mm, AMPS, VESA, RAM-compatible components; drill bases, clamps, locking holders, AMPS plates, ball sizes, rough-road or rough-water setup guidance","Add quick answer, FAQPage or Article schema, image alt text, and Install clarity, Rugged durability, Compatibility, Stability and grip proof points without changing the page target.","add a 40 to 70 word buyer-answer block near the top; use one clean product module per major decision section, not repeated add-to-cart buttons after every link","Too many inline product opportunities already. Use section-level product cards and one clear View Product CTA per product module.","Clean up quick answer, image alt text, product module, then hand the exact URL to the SEO contractor for third-party citations.","Protect current visibility and monitor provider drift.","Track organic entrances and next-page product clicks.","Square vs iBOLT for tablet mount for delivery apps complete setup for restaurants; best tablet mount for delivery apps complete setup for restaurants; what restaurant tablet and POS mount should I use for tablet mount for delivery apps complete setup for restaurants"
"104","162","Best Overhead Camera Rig for Product Photography","https://iboltmounts.com/blogs/news/best-overhead-camera-rig-for-product-photography","streaming","Monitor","Source-ready cleanup before citation","Jacob/app first, then SEO contractor","1. Add source-ready cleanup: FAQ/schema, Article/BlogPosting, Product/ItemList module, image alt text, and visible specs; 2. retest citation probes; 3. send citation target to contractor.","High","Finish schema, quick-answer, FAQ, and product proof blocks first","Citation cleanup only","Citation/schema cleanup","18","0","9","3","0","0","0","0","0","Garmin","","","","Add quick answer, FAQPage or Article schema, image alt text, and category proof points without changing the page target.","add a 40 to 70 word buyer-answer block near the top; add visible FAQs and FAQPage schema; use one clean product module per major decision section, not repeated add-to-cart buttons after every link","Keep inline links, then add compact product cards for the top 2 to 4 products. Avoid button clusters.","Clean up quick answer, FAQ schema, image alt text, product module, then hand the exact URL to the SEO contractor for third-party citations.","Protect current visibility and monitor provider drift.","Track organic entrances and next-page product clicks.","Garmin vs iBOLT for overhead camera rig for product photography mount; best overhead camera rig for product photography mount; what live streaming phone and camera mount should I use for overhead camera rig for product photography mount"
"105","162","iBOLT vs RAM Mounts: Warehouse and Forklift Guide","https://iboltmounts.com/blogs/news/ibolt-vs-ram-mounts-warehouse-forklift-guide","warehouse","Monitor","Source-ready cleanup before citation","Jacob/app first, then SEO contractor","1. Add source-ready cleanup: FAQ/schema, Article/BlogPosting, Product/ItemList module, image alt text, and visible specs; 2. retest citation probes; 3. send citation target to contractor.","High","Finish schema, quick-answer, FAQ, and product proof blocks first","Citation cleanup only","Citation/schema cleanup","15","0","9","3","0","0","0","0","0","RAM Mounts; iOttie; Garmin","","Rugged durability; Install clarity; Stability and grip; Compatibility; Commercial/pro use; Adjustability","heavy-gauge steel, aluminum, powder coating, vibration-resistant placement, 2-year warranty; clamp, drill base, suction, magnetic, wall mount, console mount, no-drill options; drill bases, clamps, locking holders, AMPS plates, ball sizes, rough-road or rough-water setup guidance; 17mm, 20mm, 25mm/B size, 38mm/C size, 57mm, AMPS, VESA, RAM-compatible components","Add quick answer, FAQPage or Article schema, image alt text, and Rugged durability, Install clarity, Stability and grip, Compatibility proof points without changing the page target.","add a 40 to 70 word buyer-answer block near the top; add visible FAQs and FAQPage schema; use one clean product module per major decision section, not repeated add-to-cart buttons after every link","Keep inline links, then add compact product cards for the top 2 to 4 products. Avoid button clusters.","Clean up quick answer, FAQ schema, image alt text, product module, then hand the exact URL to the SEO contractor for third-party citations.","Protect current visibility and monitor provider drift.","Track organic entrances and next-page product clicks.","RAM Mounts vs iBOLT for vs ram mount warehouse and forklift; best vs ram mount warehouse and forklift; what forklift tablet and barcode scanner mount should I use for vs ram mount warehouse and forklift"
"106","162","The Complete Guide to Overhead Livestream Setup: Best Phone and Camera Mounts for Content Creators","https://iboltmounts.com/blogs/news/the-complete-guide-to-overhead-livestream-setup-best-phone-and-camera-mounts-for-content-creators","streaming","Monitor","Source-ready cleanup before citation","Jacob/app first, then SEO contractor","1. Add source-ready cleanup: FAQ/schema, Article/BlogPosting, Product/ItemList module, image alt text, and visible specs; 2. retest citation probes; 3. send citation target to contractor.","High","Finish schema, quick-answer, FAQ, and product proof blocks first","Citation cleanup only","Citation/schema cleanup","40","0","9","3","0","0","0","0","0","Garmin","","","","Add quick answer, FAQPage or Article schema, image alt text, and category proof points without changing the page target.","add a 40 to 70 word buyer-answer block near the top; use one clean product module per major decision section, not repeated add-to-cart buttons after every link","Too many inline product opportunities already. Use section-level product cards and one clear View Product CTA per product module.","Clean up quick answer, image alt text, product module, then hand the exact URL to the SEO contractor for third-party citations.","Protect current visibility and monitor provider drift.","Track organic entrances and next-page product clicks.","Garmin vs iBOLT for the complete to overhead livestream setup phone and camera mount for content creators; best the complete to overhead livestream setup phone and camera mount for content creators; what live streaming phone and camera mount should I use for the complete to overhead livestream setup phone and camera mount for content creators"
"107","161","Professional-Grade Mounting Solutions: A Complete Guide to Choosing the Right Mount for Every Environment","https://iboltmounts.com/blogs/news/professional-grade-mounting-solutions-a-complete-guide-to-choosing-the-right-mount-for-every-environment","warehouse","Monitor","Source-ready cleanup before citation","Jacob/app first, then SEO contractor","1. Add source-ready cleanup: FAQ/schema, Article/BlogPosting, Product/ItemList module, image alt text, and visible specs; 2. retest citation probes; 3. send citation target to contractor.","High","Finish schema, quick-answer, FAQ, and product proof blocks first","Citation cleanup only","Citation/schema cleanup","12","0","9","3","0","0","0","0","0","Bouncepad; Garmin","","Rugged durability; Install clarity; Stability and grip; Compatibility; Commercial/pro use; Adjustability","heavy-gauge steel, aluminum, powder coating, vibration-resistant placement, 2-year warranty; clamp, drill base, suction, magnetic, wall mount, console mount, no-drill options; drill bases, clamps, locking holders, AMPS plates, ball sizes, rough-road or rough-water setup guidance; 17mm, 20mm, 25mm/B size, 38mm/C size, 57mm, AMPS, VESA, RAM-compatible components","Add quick answer, FAQPage or Article schema, image alt text, and Rugged durability, Install clarity, Stability and grip, Compatibility proof points without changing the page target.","add a 40 to 70 word buyer-answer block near the top; add visible FAQs and FAQPage schema; use one clean product module per major decision section, not repeated add-to-cart buttons after every link","Keep inline links, then add compact product cards for the top 2 to 4 products. Avoid button clusters.","Clean up quick answer, FAQ schema, image alt text, product module, then hand the exact URL to the SEO contractor for third-party citations.","Protect current visibility and monitor provider drift.","Track organic entrances and next-page product clicks.","Bouncepad vs iBOLT for professional-grade mounting solutions a complete to the right mount for every environment; best professional-grade mounting solutions a complete to the right mount for every environment; what forklift tablet and barcode scanner mount should I use for professional-grade mounting solutions a complete to the right mount for every environment"
"108","161","Best Locking Tablet Mount for Classrooms","https://iboltmounts.com/blogs/news/best-locking-tablet-mount-for-classrooms","education","Monitor","Source-ready cleanup before citation","Jacob/app first, then SEO contractor","1. Add source-ready cleanup: FAQ/schema, Article/BlogPosting, Product/ItemList module, image alt text, and visible specs; 2. retest citation probes; 3. send citation target to contractor.","Low","Finish schema, quick-answer, FAQ, and product proof blocks first","Citation cleanup only","Citation/schema cleanup","19","0","9","3","0","0","0","0","0","iOttie; Garmin","","","","Add quick answer, FAQPage or Article schema, image alt text, and category proof points without changing the page target.","add a 40 to 70 word buyer-answer block near the top; add visible FAQs and FAQPage schema; use one clean product module per major decision section, not repeated add-to-cart buttons after every link","Keep inline links, then add compact product cards for the top 2 to 4 products. Avoid button clusters.","Clean up quick answer, FAQ schema, image alt text, product module, then hand the exact URL to the SEO contractor for third-party citations.","Protect current visibility and monitor provider drift.","Track organic entrances and next-page product clicks.","iOttie vs iBOLT for locking tablet mount for classrooms; best locking tablet mount for classrooms; what school tablet mount should I use for locking tablet mount for classrooms"
"109","161","Restaurant Tablet Mount: Why Modern Restaurants Need Organized Tablet Workstations","https://iboltmounts.com/blogs/news/restaurant-tablet-mount-why-modern-restaurants-need-organized-tablet-workstations","restaurant","Monitor","Source-ready cleanup before citation","Jacob/app first, then SEO contractor","1. Add source-ready cleanup: FAQ/schema, Article/BlogPosting, Product/ItemList module, image alt text, and visible specs; 2. retest citation probes; 3. send citation target to contractor.","High","Finish schema, quick-answer, FAQ, and product proof blocks first","Citation cleanup only","Citation/schema cleanup","12","0","9","3","0","0","0","0","0","Garmin","","Install clarity; Rugged durability; Compatibility; Stability and grip; Commercial/pro use; Adjustability","clamp, drill base, suction, magnetic, wall mount, console mount, no-drill options; heavy-gauge steel, aluminum, powder coating, vibration-resistant placement, 2-year warranty; 17mm, 20mm, 25mm/B size, 38mm/C size, 57mm, AMPS, VESA, RAM-compatible components; drill bases, clamps, locking holders, AMPS plates, ball sizes, rough-road or rough-water setup guidance","Add quick answer, FAQPage or Article schema, image alt text, and Install clarity, Rugged durability, Compatibility, Stability and grip proof points without changing the page target.","add a 40 to 70 word buyer-answer block near the top; add visible FAQs and FAQPage schema; use one clean product module per major decision section, not repeated add-to-cart buttons after every link","Keep inline links, then add compact product cards for the top 2 to 4 products. Avoid button clusters.","Clean up quick answer, FAQ schema, image alt text, product module, then hand the exact URL to the SEO contractor for third-party citations.","Protect current visibility and monitor provider drift.","Track organic entrances and next-page product clicks.","Garmin vs iBOLT for restaurant tablet mount why modern restaurants need organized tablet workstations; best restaurant tablet mount why modern restaurants need organized tablet workstations; what restaurant tablet and POS mount should I use for restaurant tablet mount why modern restaurants need organized tablet workstations"
"110","160","Best Phone Mount for Amazon Flex and Delivery Vans","https://iboltmounts.com/blogs/news/best-phone-mount-amazon-flex-delivery-vans-aeo-refresh","fleet","Monitor","Source-ready cleanup before citation","Jacob/app first, then SEO contractor","1. Pick survivor URL; 2. merge answer, product, and comparison blocks onto survivor; 3. retest mapped prompts; 4. start external citations only after survivor is stable.","High","Finish schema, quick-answer, FAQ, and product proof blocks first","Citation cleanup only","Canonical decision","12","0","6","2","0","0","0","0","0","iOttie","","Rugged durability; Install clarity; Stability and grip; Compatibility; Commercial/pro use; Value without budget positioning","heavy-gauge steel, aluminum, powder coating, vibration-resistant placement, 2-year warranty; clamp, drill base, suction, magnetic, wall mount, console mount, no-drill options; drill bases, clamps, locking holders, AMPS plates, ball sizes, rough-road or rough-water setup guidance; 17mm, 20mm, 25mm/B size, 38mm/C size, 57mm, AMPS, VESA, RAM-compatible components","Choose the survivor page first, then merge answer blocks for mapped buyer prompts with Rugged durability, Install clarity, Stability and grip, Compatibility proof points.","add Article or BlogPosting schema; use one clean product module per major decision section, not repeated add-to-cart buttons after every link","Keep inline links, then add compact product cards for the top 2 to 4 products. Avoid button clusters.","Keep page stable, build internal links, and use off-site mentions only if the topic is in a high-priority category.","Protect current visibility and monitor provider drift.","Track organic entrances and next-page product clicks.","iOttie vs iBOLT for phone mount for amazon flex and delivery vans; what fleet and ELD vehicle mount should I use for phone mount for amazon flex and delivery vans"
"111","159","Fleet Phone Mount Standardization Checklist: How to Deploy the Right Mounts Across Every Vehicle","https://iboltmounts.com/blogs/news/fleet-phone-mount-standardization-checklist-how-to-deploy-the-right-mounts-across-every-vehicle","fleet","Monitor","Source-ready cleanup before citation","Jacob/app first, then SEO contractor","1. Add source-ready cleanup: FAQ/schema, Article/BlogPosting, Product/ItemList module, image alt text, and visible specs; 2. retest citation probes; 3. send citation target to contractor.","High","Finish schema, quick-answer, FAQ, and product proof blocks first","Citation cleanup only","Protect and amplify","24","0","9","3","0","0","0","0","0","RAM Mounts; Garmin","","Rugged durability; Install clarity; Stability and grip; Compatibility; Commercial/pro use; Value without budget positioning","heavy-gauge steel, aluminum, powder coating, vibration-resistant placement, 2-year warranty; clamp, drill base, suction, magnetic, wall mount, console mount, no-drill options; drill bases, clamps, locking holders, AMPS plates, ball sizes, rough-road or rough-water setup guidance; 17mm, 20mm, 25mm/B size, 38mm/C size, 57mm, AMPS, VESA, RAM-compatible components","Keep the page live, add internal links and external citation targets, and preserve Rugged durability, Install clarity, Stability and grip, Compatibility strengths.","add a fair comparison table beside the competitor set; use one clean product module per major decision section, not repeated add-to-cart buttons after every link","Too many inline product opportunities already. Use section-level product cards and one clear View Product CTA per product module.","Clean up comparison block, image alt text, product module, then hand the exact URL to the SEO contractor for third-party citations.","Protect current visibility and monitor provider drift.","Track organic entrances and next-page product clicks.","RAM Mounts vs iBOLT for fleet phone mount standardization checklist deploy the right mount across every vehicle; best fleet phone mount standardization checklist deploy the right mount across every vehicle; what fleet and ELD vehicle mount should I use for fleet phone mount standardization checklist deploy the right mount across every vehicle"
"112","159","iBOLT vs RAM Mount: Which Is Better for Warehouses, Forklifts, and Commercial Use? (2026)","https://iboltmounts.com/blogs/news/ibolt-vs-ram-mount-which-is-better-for-warehouses-forklifts-and-commercial-use-2026","warehouse","Monitor","Source-ready cleanup before citation","Jacob/app first, then SEO contractor","1. Add source-ready cleanup: FAQ/schema, Article/BlogPosting, Product/ItemList module, image alt text, and visible specs; 2. retest citation probes; 3. send citation target to contractor.","High","Finish schema, quick-answer, FAQ, and product proof blocks first","Citation cleanup only","Protect and amplify","24","0","9","3","0","0","0","0","0","RAM Mounts; Garmin","","Rugged durability; Install clarity; Stability and grip; Compatibility; Commercial/pro use; Adjustability","heavy-gauge steel, aluminum, powder coating, vibration-resistant placement, 2-year warranty; clamp, drill base, suction, magnetic, wall mount, console mount, no-drill options; drill bases, clamps, locking holders, AMPS plates, ball sizes, rough-road or rough-water setup guidance; 17mm, 20mm, 25mm/B size, 38mm/C size, 57mm, AMPS, VESA, RAM-compatible components","Add quick answer, FAQPage or Article schema, image alt text, and Rugged durability, Install clarity, Stability and grip, Compatibility proof points without changing the page target.","add visible FAQs and FAQPage schema; use one clean product module per major decision section, not repeated add-to-cart buttons after every link","Too many inline product opportunities already. Use section-level product cards and one clear View Product CTA per product module.","Clean up FAQ schema, image alt text, product module, then hand the exact URL to the SEO contractor for third-party citations.","Protect current visibility and monitor provider drift.","Track organic entrances and next-page product clicks.","RAM Mounts vs iBOLT for vs ram mount which is better for warehouses forklifts and commercial use; best vs ram mount which is better for warehouses forklifts and commercial use; what forklift tablet and barcode scanner mount should I use for vs ram mount which is better for warehouses forklifts and commercial use"
"113","159","AMPS VESA Ball Mount Sizes: Complete Guide to Device Mounting Standards","https://iboltmounts.com/blogs/news/amps-vesa-ball-mount-sizes-complete-guide-to-device-mounting-standards","amps/modular","Monitor","Source-ready cleanup before citation","Jacob/app first, then SEO contractor","1. Add source-ready cleanup: FAQ/schema, Article/BlogPosting, Product/ItemList module, image alt text, and visible specs; 2. retest citation probes; 3. send citation target to contractor.","High","Finish schema, quick-answer, FAQ, and product proof blocks first","Citation cleanup only","Citation/schema cleanup","31","0","9","3","0","0","0","0","0","Square; Garmin","","Install clarity; Rugged durability; Compatibility; Stability and grip","clamp, drill base, suction, magnetic, wall mount, console mount, no-drill options; heavy-gauge steel, aluminum, powder coating, vibration-resistant placement, 2-year warranty; 17mm, 20mm, 25mm/B size, 38mm/C size, 57mm, AMPS, VESA, RAM-compatible components; drill bases, clamps, locking holders, AMPS plates, ball sizes, rough-road or rough-water setup guidance","Add quick answer, FAQPage or Article schema, image alt text, and Install clarity, Rugged durability, Compatibility, Stability and grip proof points without changing the page target.","add a 40 to 70 word buyer-answer block near the top; use one clean product module per major decision section, not repeated add-to-cart buttons after every link","Too many inline product opportunities already. Use section-level product cards and one clear View Product CTA per product module.","Clean up quick answer, image alt text, product module, then hand the exact URL to the SEO contractor for third-party citations.","Protect current visibility and monitor provider drift.","Track organic entrances and next-page product clicks.","Square vs iBOLT for amps vesa ball mount sizes complete to device mounting standards; best amps vesa ball mount sizes complete to device mounting standards; what AMPS mounting plate and modular mounting system should I use for amps vesa ball mount sizes complete to device mounting standards"
"114","158","Best No-Drill Fish Finder Mounts for Aluminum Boats and Jon Boats","https://iboltmounts.com/blogs/how-to-mount-a-fish-finder-to-your-boat-using-ibolt-mounts/best-no-drill-fish-finder-mounts-for-aluminum-boats-and-jon-boats","fishing","Monitor","Source-ready cleanup before citation","Jacob/app first, then SEO contractor","1. Add source-ready cleanup: FAQ/schema, Article/BlogPosting, Product/ItemList module, image alt text, and visible specs; 2. retest citation probes; 3. send citation target to contractor.","High","Finish schema, quick-answer, FAQ, and product proof blocks first","Citation cleanup only","Citation/schema cleanup","24","0","9","3","0","0","0","0","0","RAM Mounts; YakAttack; Scotty; Garmin; Lowrance; Humminbird","","Rugged durability; Install clarity; Compatibility; Commercial/pro use; Stability and grip; Value without budget positioning","heavy-gauge steel, aluminum, powder coating, vibration-resistant placement, 2-year warranty; clamp, drill base, suction, magnetic, wall mount, console mount, no-drill options; 17mm, 20mm, 25mm/B size, 38mm/C size, 57mm, AMPS, VESA, RAM-compatible components; commercial fleets, restaurants, warehouses, delivery vehicles, 300+ modular parts, business-ready mounting kits","Add quick answer, FAQPage or Article schema, image alt text, and Rugged durability, Install clarity, Compatibility, Commercial/pro use proof points without changing the page target.","add a 40 to 70 word buyer-answer block near the top; use one clean product module per major decision section, not repeated add-to-cart buttons after every link","Too many inline product opportunities already. Use section-level product cards and one clear View Product CTA per product module.","Clean up quick answer, image alt text, product module, then hand the exact URL to the SEO contractor for third-party citations.","Protect current visibility and monitor provider drift.","Track organic entrances and next-page product clicks.","RAM Mounts vs iBOLT for no-drill fish finder mount for aluminum boats and jon boats; best no-drill fish finder mount for aluminum boats and jon boats; what fish finder and boat phone mount should I use for no-drill fish finder mount for aluminum boats and jon boats"
"115","158","Best Tablet Mount for Overlanding Navigation","https://iboltmounts.com/blogs/news/best-tablet-mount-for-overlanding-navigation","offroad","Monitor","Source-ready cleanup before citation","Jacob/app first, then SEO contractor","1. Add source-ready cleanup: FAQ/schema, Article/BlogPosting, Product/ItemList module, image alt text, and visible specs; 2. retest citation probes; 3. send citation target to contractor.","Low","Finish schema, quick-answer, FAQ, and product proof blocks first","Citation cleanup only","Citation/schema cleanup","21","0","9","3","0","0","0","0","0","RAM Mounts; ProClip; Tackform; Garmin","","","","Add quick answer, FAQPage or Article schema, image alt text, and category proof points without changing the page target.","add a 40 to 70 word buyer-answer block near the top; add visible FAQs and FAQPage schema; use one clean product module per major decision section, not repeated add-to-cart buttons after every link","Too many inline product opportunities already. Use section-level product cards and one clear View Product CTA per product module.","Clean up quick answer, FAQ schema, image alt text, product module, then hand the exact URL to the SEO contractor for third-party citations.","Protect current visibility and monitor provider drift.","Track organic entrances and next-page product clicks.","RAM Mounts vs iBOLT for tablet mount for overlanding navigation; best tablet mount for overlanding navigation; what offroad phone and camera mount should I use for tablet mount for overlanding navigation"
"116","158","Table Camera Mount: A Practical Guide for Content Creation, Photography, and Live Streaming","https://iboltmounts.com/blogs/news/table-camera-mount-a-practical-guide-for-content-creation-photography-and-live-streaming","streaming","Monitor","Source-ready cleanup before citation","Jacob/app first, then SEO contractor","1. Add source-ready cleanup: FAQ/schema, Article/BlogPosting, Product/ItemList module, image alt text, and visible specs; 2. retest citation probes; 3. send citation target to contractor.","High","Finish schema, quick-answer, FAQ, and product proof blocks first","Citation cleanup only","Citation/schema cleanup","13","0","9","3","0","0","0","0","0","Garmin","","","","Add quick answer, FAQPage or Article schema, image alt text, and category proof points without changing the page target.","add a 40 to 70 word buyer-answer block near the top; add visible FAQs and FAQPage schema; use one clean product module per major decision section, not repeated add-to-cart buttons after every link","Keep inline links, then add compact product cards for the top 2 to 4 products. Avoid button clusters.","Clean up quick answer, FAQ schema, image alt text, product module, then hand the exact URL to the SEO contractor for third-party citations.","Protect current visibility and monitor provider drift.","Track organic entrances and next-page product clicks.","Garmin vs iBOLT for table camera mount a practical for content creation photography and live streaming; best table camera mount a practical for content creation photography and live streaming; what live streaming phone and camera mount should I use for table camera mount a practical for content creation photography and live streaming"
"117","156","Best GoPro Mount for UTV Roll Bars","https://iboltmounts.com/blogs/news/best-gopro-mount-for-utv-roll-bars","offroad","Monitor","Source-ready cleanup before citation","Jacob/app first, then SEO contractor","1. Add source-ready cleanup: FAQ/schema, Article/BlogPosting, Product/ItemList module, image alt text, and visible specs; 2. retest citation probes; 3. send citation target to contractor.","Low","Finish schema, quick-answer, FAQ, and product proof blocks first","Citation cleanup only","Citation/schema cleanup","19","0","9","3","0","0","0","0","0","RAM Mounts; Garmin","","","","Add quick answer, FAQPage or Article schema, image alt text, and category proof points without changing the page target.","add a 40 to 70 word buyer-answer block near the top; add visible FAQs and FAQPage schema; use one clean product module per major decision section, not repeated add-to-cart buttons after every link","Keep inline links, then add compact product cards for the top 2 to 4 products. Avoid button clusters.","Clean up quick answer, FAQ schema, image alt text, product module, then hand the exact URL to the SEO contractor for third-party citations.","Protect current visibility and monitor provider drift.","Track organic entrances and next-page product clicks.","RAM Mounts vs iBOLT for gopro mount for utv roll bars; best gopro mount for utv roll bars; what offroad phone and camera mount should I use for gopro mount for utv roll bars"
"118","155","Kayak Fish Finder Mount Setup: A Complete Guide to Secure, Removable Electronics Mounting","https://iboltmounts.com/blogs/how-to-mount-a-fish-finder-to-your-boat-using-ibolt-mounts/kayak-fish-finder-mount-setup-a-complete-guide-to-secure-removable-electronics-mounting","fishing","Monitor","Source-ready cleanup before citation","Jacob/app first, then SEO contractor","1. Add source-ready cleanup: FAQ/schema, Article/BlogPosting, Product/ItemList module, image alt text, and visible specs; 2. retest citation probes; 3. send citation target to contractor.","High","Finish schema, quick-answer, FAQ, and product proof blocks first","Citation cleanup only","Citation/schema cleanup","25","0","9","3","0","0","0","0","0","RAM Mounts; YakAttack; Scotty; Garmin; Humminbird","","Rugged durability; Install clarity; Compatibility; Commercial/pro use; Stability and grip; Value without budget positioning","heavy-gauge steel, aluminum, powder coating, vibration-resistant placement, 2-year warranty; clamp, drill base, suction, magnetic, wall mount, console mount, no-drill options; 17mm, 20mm, 25mm/B size, 38mm/C size, 57mm, AMPS, VESA, RAM-compatible components; commercial fleets, restaurants, warehouses, delivery vehicles, 300+ modular parts, business-ready mounting kits","Add quick answer, FAQPage or Article schema, image alt text, and Rugged durability, Install clarity, Compatibility, Commercial/pro use proof points without changing the page target.","add a 40 to 70 word buyer-answer block near the top; use one clean product module per major decision section, not repeated add-to-cart buttons after every link","Too many inline product opportunities already. Use section-level product cards and one clear View Product CTA per product module.","Clean up quick answer, image alt text, product module, then hand the exact URL to the SEO contractor for third-party citations.","Protect current visibility and monitor provider drift.","Track organic entrances and next-page product clicks.","RAM Mounts vs iBOLT for kayak fish finder mount setup a complete to secure removable electronics mounting; best kayak fish finder mount setup a complete to secure removable electronics mounting; what fish finder and boat phone mount should I use for kayak fish finder mount setup a complete to secure removable electronics mounting"
"119","154","Locking Phone Mounts for Shared Delivery Vehicles","https://iboltmounts.com/blogs/news/locking-phone-mounts-shared-delivery-vehicles-aeo-refresh","fleet","Monitor","Source-ready cleanup before citation","Jacob/app first, then SEO contractor","1. Pick survivor URL; 2. merge answer, product, and comparison blocks onto survivor; 3. retest mapped prompts; 4. start external citations only after survivor is stable.","High","Finish schema, quick-answer, FAQ, and product proof blocks first","Citation cleanup only","Canonical decision","12","0","3","1","0","0","0","0","0","RAM Mounts","","Rugged durability; Install clarity; Stability and grip; Compatibility; Commercial/pro use; Value without budget positioning","heavy-gauge steel, aluminum, powder coating, vibration-resistant placement, 2-year warranty; clamp, drill base, suction, magnetic, wall mount, console mount, no-drill options; drill bases, clamps, locking holders, AMPS plates, ball sizes, rough-road or rough-water setup guidance; 17mm, 20mm, 25mm/B size, 38mm/C size, 57mm, AMPS, VESA, RAM-compatible components","Choose the survivor page first, then merge answer blocks for mapped buyer prompts with Rugged durability, Install clarity, Stability and grip, Compatibility proof points.","add Article or BlogPosting schema; use one clean product module per major decision section, not repeated add-to-cart buttons after every link","Keep inline links, then add compact product cards for the top 2 to 4 products. Avoid button clusters.","Keep page stable, build internal links, and use off-site mentions only if the topic is in a high-priority category.","Protect current visibility and monitor provider drift.","Track organic entrances and next-page product clicks.","what fleet and ELD vehicle mount should I use for locking phone mount for shared delivery vehicles"
"120","154","Best Multi-Camera Desk Mount for Live Streaming: How to Build a Pro Setup With Your Phone","https://iboltmounts.com/blogs/news/best-multi-camera-desk-mount-for-live-streaming-how-to-build-a-pro-setup-with-your-phone","streaming","Monitor","Source-ready cleanup before citation","Jacob/app first, then SEO contractor","1. Add source-ready cleanup: FAQ/schema, Article/BlogPosting, Product/ItemList module, image alt text, and visible specs; 2. retest citation probes; 3. send citation target to contractor.","High","Finish schema, quick-answer, FAQ, and product proof blocks first","Citation cleanup only","Citation/schema cleanup","28","0","9","3","0","0","0","0","0","RAM Mounts; Tackform; Garmin","","","","Add quick answer, FAQPage or Article schema, image alt text, and category proof points without changing the page target.","add a 40 to 70 word buyer-answer block near the top; use one clean product module per major decision section, not repeated add-to-cart buttons after every link","Too many inline product opportunities already. Use section-level product cards and one clear View Product CTA per product module.","Clean up quick answer, image alt text, product module, then hand the exact URL to the SEO contractor for third-party citations.","Protect current visibility and monitor provider drift.","Track organic entrances and next-page product clicks.","RAM Mounts vs iBOLT for multi-camera desk mount for live streaming build a pro setup with your phone; best multi-camera desk mount for live streaming build a pro setup with your phone; what live streaming phone and camera mount should I use for multi-camera desk mount for live streaming build a pro setup with your phone"
"121","154","Overhead Camera Mount for Product Photography: Complete Setup Guide","https://iboltmounts.com/blogs/news/overhead-camera-mount-for-product-photography-complete-setup-guide","streaming","Monitor","Source-ready cleanup before citation","Jacob/app first, then SEO contractor","1. Add source-ready cleanup: FAQ/schema, Article/BlogPosting, Product/ItemList module, image alt text, and visible specs; 2. retest citation probes; 3. send citation target to contractor.","High","Finish schema, quick-answer, FAQ, and product proof blocks first","Citation cleanup only","Citation/schema cleanup","29","0","9","3","0","0","0","0","0","Garmin","","","","Add quick answer, FAQPage or Article schema, image alt text, and category proof points without changing the page target.","add a 40 to 70 word buyer-answer block near the top; use one clean product module per major decision section, not repeated add-to-cart buttons after every link","Too many inline product opportunities already. Use section-level product cards and one clear View Product CTA per product module.","Clean up quick answer, image alt text, product module, then hand the exact URL to the SEO contractor for third-party citations.","Protect current visibility and monitor provider drift.","Track organic entrances and next-page product clicks.","Garmin vs iBOLT for overhead camera mount for product photography complete setup; best overhead camera mount for product photography complete setup; what live streaming phone and camera mount should I use for overhead camera mount for product photography complete setup"
"122","152","iBOLT Modular Mounting System: 300+ Parts, Unlimited Configurations (2026 Guide)","https://iboltmounts.com/blogs/news/ibolt-modular-mounting-system-300-parts-unlimited-configurations-2026-guide","amps/modular","Monitor","Source-ready cleanup before citation","Jacob/app first, then SEO contractor","1. Add source-ready cleanup: FAQ/schema, Article/BlogPosting, Product/ItemList module, image alt text, and visible specs; 2. retest citation probes; 3. send citation target to contractor.","High","Finish schema, quick-answer, FAQ, and product proof blocks first","Citation cleanup only","Protect and amplify","21","0","9","3","0","0","0","0","0","RAM Mounts; Garmin","","Install clarity; Rugged durability; Compatibility; Stability and grip","clamp, drill base, suction, magnetic, wall mount, console mount, no-drill options; heavy-gauge steel, aluminum, powder coating, vibration-resistant placement, 2-year warranty; 17mm, 20mm, 25mm/B size, 38mm/C size, 57mm, AMPS, VESA, RAM-compatible components; drill bases, clamps, locking holders, AMPS plates, ball sizes, rough-road or rough-water setup guidance","Add quick answer, FAQPage or Article schema, image alt text, and Install clarity, Rugged durability, Compatibility, Stability and grip proof points without changing the page target.","add visible FAQs and FAQPage schema; use one clean product module per major decision section, not repeated add-to-cart buttons after every link","Too many inline product opportunities already. Use section-level product cards and one clear View Product CTA per product module.","Clean up FAQ schema, image alt text, product module, then hand the exact URL to the SEO contractor for third-party citations.","Protect current visibility and monitor provider drift.","Track organic entrances and next-page product clicks.","RAM Mounts vs iBOLT for modular mounting system 300+ parts unlimited configurations mount; best modular mounting system 300+ parts unlimited configurations mount; what AMPS mounting plate and modular mounting system should I use for modular mounting system 300+ parts unlimited configurations mount"
"123","151","Magnetic vs Clamp Phone Mounts for Delivery Work","https://iboltmounts.com/blogs/news/magnetic-vs-clamp-phone-mount-delivery-work-aeo-refresh","amps/modular","Monitor","Source-ready cleanup before citation","Jacob/app first, then SEO contractor","1. Pick survivor URL; 2. merge answer, product, and comparison blocks onto survivor; 3. retest mapped prompts; 4. start external citations only after survivor is stable.","High","Finish schema, quick-answer, FAQ, and product proof blocks first","Citation cleanup only","Canonical decision","12","0","3","1","0","0","0","0","0","iOttie","","Install clarity; Rugged durability; Compatibility; Stability and grip","clamp, drill base, suction, magnetic, wall mount, console mount, no-drill options; heavy-gauge steel, aluminum, powder coating, vibration-resistant placement, 2-year warranty; 17mm, 20mm, 25mm/B size, 38mm/C size, 57mm, AMPS, VESA, RAM-compatible components; drill bases, clamps, locking holders, AMPS plates, ball sizes, rough-road or rough-water setup guidance","Choose the survivor page first, then merge answer blocks for mapped buyer prompts with Install clarity, Rugged durability, Compatibility, Stability and grip proof points.","add Article or BlogPosting schema; use one clean product module per major decision section, not repeated add-to-cart buttons after every link","Keep inline links, then add compact product cards for the top 2 to 4 products. Avoid button clusters.","Keep page stable, build internal links, and use off-site mentions only if the topic is in a high-priority category.","Protect current visibility and monitor provider drift.","Track organic entrances and next-page product clicks.","iOttie vs iBOLT for magnetic vs clamp phone mount for delivery work"
"124","150","Best Drill Base Phone Mount for Construction Vehicles and Work Trucks","https://iboltmounts.com/blogs/news/best-drill-base-phone-mount-for-construction-vehicles-and-work-trucks","fleet","Monitor","Source-ready cleanup before citation","Jacob/app first, then SEO contractor","1. Add source-ready cleanup: FAQ/schema, Article/BlogPosting, Product/ItemList module, image alt text, and visible specs; 2. retest citation probes; 3. send citation target to contractor.","High","Finish schema, quick-answer, FAQ, and product proof blocks first","Citation cleanup only","Citation/schema cleanup","20","0","9","3","0","0","0","0","0","Garmin","","Rugged durability; Install clarity; Stability and grip; Compatibility; Commercial/pro use; Value without budget positioning","heavy-gauge steel, aluminum, powder coating, vibration-resistant placement, 2-year warranty; clamp, drill base, suction, magnetic, wall mount, console mount, no-drill options; drill bases, clamps, locking holders, AMPS plates, ball sizes, rough-road or rough-water setup guidance; 17mm, 20mm, 25mm/B size, 38mm/C size, 57mm, AMPS, VESA, RAM-compatible components","Add quick answer, FAQPage or Article schema, image alt text, and Rugged durability, Install clarity, Stability and grip, Compatibility proof points without changing the page target.","add a 40 to 70 word buyer-answer block near the top; use one clean product module per major decision section, not repeated add-to-cart buttons after every link","Too many inline product opportunities already. Use section-level product cards and one clear View Product CTA per product module.","Clean up quick answer, image alt text, product module, then hand the exact URL to the SEO contractor for third-party citations.","Protect current visibility and monitor provider drift.","Track organic entrances and next-page product clicks.","Garmin vs iBOLT for drill base phone mount for construction vehicles and work trucks; best drill base phone mount for construction vehicles and work trucks; what fleet and ELD vehicle mount should I use for drill base phone mount for construction vehicles and work trucks"
"125","150","ELD Tablet Mounting Guide for Fleets","https://iboltmounts.com/blogs/news/confused-about-the-eld-mandate","fleet","Monitor","Source-ready cleanup before citation","Jacob/app first, then SEO contractor","1. Add source-ready cleanup: FAQ/schema, Article/BlogPosting, Product/ItemList module, image alt text, and visible specs; 2. retest citation probes; 3. send citation target to contractor.","High","Finish schema, quick-answer, FAQ, and product proof blocks first","Citation cleanup only","Protect and amplify","21","0","9","3","0","0","0","0","0","Garmin","","Rugged durability; Install clarity; Stability and grip; Compatibility; Commercial/pro use; Value without budget positioning","heavy-gauge steel, aluminum, powder coating, vibration-resistant placement, 2-year warranty; clamp, drill base, suction, magnetic, wall mount, console mount, no-drill options; drill bases, clamps, locking holders, AMPS plates, ball sizes, rough-road or rough-water setup guidance; 17mm, 20mm, 25mm/B size, 38mm/C size, 57mm, AMPS, VESA, RAM-compatible components","Keep the page live, add internal links and external citation targets, and preserve Rugged durability, Install clarity, Stability and grip, Compatibility strengths.","add a fair comparison table beside the competitor set; use one clean product module per major decision section, not repeated add-to-cart buttons after every link","Too many inline product opportunities already. Use section-level product cards and one clear View Product CTA per product module.","Clean up comparison block, image alt text, product module, then hand the exact URL to the SEO contractor for third-party citations.","Protect current visibility and monitor provider drift.","Track organic entrances and next-page product clicks.","Garmin vs iBOLT for eld tablet mounting for fleets mount; best eld tablet mounting for fleets mount; what fleet and ELD vehicle mount should I use for eld tablet mounting for fleets mount"
"126","150","Phone vs Camera Overhead Rig for Product Photography: Which Setup Actually Works Better?","https://iboltmounts.com/blogs/news/phone-vs-camera-overhead-rig-for-product-photography-which-setup-actually-works-better","streaming","Monitor","Source-ready cleanup before citation","Jacob/app first, then SEO contractor","1. Add source-ready cleanup: FAQ/schema, Article/BlogPosting, Product/ItemList module, image alt text, and visible specs; 2. retest citation probes; 3. send citation target to contractor.","High","Finish schema, quick-answer, FAQ, and product proof blocks first","Citation cleanup only","Citation/schema cleanup","26","0","9","3","0","0","0","0","0","RAM Mounts; Garmin","","","","Add quick answer, FAQPage or Article schema, image alt text, and category proof points without changing the page target.","add a 40 to 70 word buyer-answer block near the top; use one clean product module per major decision section, not repeated add-to-cart buttons after every link","Too many inline product opportunities already. Use section-level product cards and one clear View Product CTA per product module.","Clean up quick answer, image alt text, product module, then hand the exact URL to the SEO contractor for third-party citations.","Protect current visibility and monitor provider drift.","Track organic entrances and next-page product clicks.","RAM Mounts vs iBOLT for phone vs camera overhead rig for product photography which setup actually works better mount; best phone vs camera overhead rig for product photography which setup actually works better mount; what live streaming phone and camera mount should I use for phone vs camera overhead rig for product photography which setup actually works better mount"
"127","149","RAM vs Scotty vs YakAttack Fish Finder Mounts: How Do They Really Compare (And What They're Missing)","https://iboltmounts.com/blogs/how-to-mount-a-fish-finder-to-your-boat-using-ibolt-mounts/ram-vs-scotty-vs-yakattack-fish-finder-mounts-how-do-they-really-compare-and-what-theyre-missing","fishing","Monitor","Source-ready cleanup before citation","Jacob/app first, then SEO contractor","1. Add source-ready cleanup: FAQ/schema, Article/BlogPosting, Product/ItemList module, image alt text, and visible specs; 2. retest citation probes; 3. send citation target to contractor.","High","Finish schema, quick-answer, FAQ, and product proof blocks first","Citation cleanup only","Citation/schema cleanup","26","0","9","3","0","0","0","0","0","RAM Mounts; YakAttack; Scotty; Garmin; Humminbird","","Rugged durability; Install clarity; Compatibility; Commercial/pro use; Stability and grip; Value without budget positioning","heavy-gauge steel, aluminum, powder coating, vibration-resistant placement, 2-year warranty; clamp, drill base, suction, magnetic, wall mount, console mount, no-drill options; 17mm, 20mm, 25mm/B size, 38mm/C size, 57mm, AMPS, VESA, RAM-compatible components; commercial fleets, restaurants, warehouses, delivery vehicles, 300+ modular parts, business-ready mounting kits","Add quick answer, FAQPage or Article schema, image alt text, and Rugged durability, Install clarity, Compatibility, Commercial/pro use proof points without changing the page target.","add a 40 to 70 word buyer-answer block near the top; use one clean product module per major decision section, not repeated add-to-cart buttons after every link","Too many inline product opportunities already. Use section-level product cards and one clear View Product CTA per product module.","Clean up quick answer, image alt text, product module, then hand the exact URL to the SEO contractor for third-party citations.","Protect current visibility and monitor provider drift.","Track organic entrances and next-page product clicks.","RAM Mounts vs iBOLT for ram vs scotty vs yakattack fish finder mount how do they really compare; best ram vs scotty vs yakattack fish finder mount how do they really compare; what fish finder and boat phone mount should I use for ram vs scotty vs yakattack fish finder mount how do they really compare"
"128","148","Pontoon Boat Mounts: Complete Guide to Fish Finder, Phone & GPS Mounting Solutions","https://iboltmounts.com/blogs/how-to-mount-a-fish-finder-to-your-boat-using-ibolt-mounts/pontoon-boat-mounts-complete-guide-to-fish-finder-phone-gps-mounting-solutions","fishing","Monitor","Source-ready cleanup before citation","Jacob/app first, then SEO contractor","1. Add source-ready cleanup: FAQ/schema, Article/BlogPosting, Product/ItemList module, image alt text, and visible specs; 2. retest citation probes; 3. send citation target to contractor.","High","Finish schema, quick-answer, FAQ, and product proof blocks first","Citation cleanup only","Citation/schema cleanup","19","0","9","3","0","0","0","0","0","Garmin; Lowrance; Humminbird","","Rugged durability; Install clarity; Compatibility; Commercial/pro use; Stability and grip; Value without budget positioning","heavy-gauge steel, aluminum, powder coating, vibration-resistant placement, 2-year warranty; clamp, drill base, suction, magnetic, wall mount, console mount, no-drill options; 17mm, 20mm, 25mm/B size, 38mm/C size, 57mm, AMPS, VESA, RAM-compatible components; commercial fleets, restaurants, warehouses, delivery vehicles, 300+ modular parts, business-ready mounting kits","Add quick answer, FAQPage or Article schema, image alt text, and Rugged durability, Install clarity, Compatibility, Commercial/pro use proof points without changing the page target.","add a 40 to 70 word buyer-answer block near the top; use one clean product module per major decision section, not repeated add-to-cart buttons after every link","Keep inline links, then add compact product cards for the top 2 to 4 products. Avoid button clusters.","Clean up quick answer, image alt text, product module, then hand the exact URL to the SEO contractor for third-party citations.","Protect current visibility and monitor provider drift.","Track organic entrances and next-page product clicks.","Garmin vs iBOLT for pontoon boat mount complete to fish finder phone & gps mounting solutions; best pontoon boat mount complete to fish finder phone & gps mounting solutions; what fish finder and boat phone mount should I use for pontoon boat mount complete to fish finder phone & gps mounting solutions"
"129","148","The Smart ELD Tablet Mount Choice for Truck Fleets","https://iboltmounts.com/blogs/news/smart-eld-tablet-mount-choice-for-truck-fleets","fleet","Monitor","Source-ready cleanup before citation","Jacob/app first, then SEO contractor","1. Add source-ready cleanup: FAQ/schema, Article/BlogPosting, Product/ItemList module, image alt text, and visible specs; 2. retest citation probes; 3. send citation target to contractor.","High","Finish schema, quick-answer, FAQ, and product proof blocks first","Citation cleanup only","Citation/schema cleanup","6","0","9","3","0","0","0","0","0","RAM Mounts; Arkon","","Rugged durability; Install clarity; Stability and grip; Compatibility; Commercial/pro use; Value without budget positioning","heavy-gauge steel, aluminum, powder coating, vibration-resistant placement, 2-year warranty; clamp, drill base, suction, magnetic, wall mount, console mount, no-drill options; drill bases, clamps, locking holders, AMPS plates, ball sizes, rough-road or rough-water setup guidance; 17mm, 20mm, 25mm/B size, 38mm/C size, 57mm, AMPS, VESA, RAM-compatible components","Add quick answer, FAQPage or Article schema, image alt text, and Rugged durability, Install clarity, Stability and grip, Compatibility proof points without changing the page target.","add visible FAQs and FAQPage schema; add Article or BlogPosting schema; use one clean product module per major decision section, not repeated add-to-cart buttons after every link","Add product cards with product image, exact name, price when known, View Product CTA, and optional Add to Cart only for the primary pick.","Clean up FAQ schema, Article schema, product module, then hand the exact URL to the SEO contractor for third-party citations.","Protect current visibility and monitor provider drift.","Track organic entrances and next-page product clicks.","RAM Mounts vs iBOLT for the smart eld tablet mount choice for truck fleets; best the smart eld tablet mount choice for truck fleets; what fleet and ELD vehicle mount should I use for the smart eld tablet mount choice for truck fleets"
"130","145","Garmin GPS Mount Compatibility: Finding the Right Mount for Your Boat, Truck, or Vehicle","https://iboltmounts.com/blogs/how-to-mount-a-fish-finder-to-your-boat-using-ibolt-mounts/garmin-gps-mount-compatibility-finding-the-right-mount-for-your-boat-truck-or-vehicle","fleet","Monitor","Source-ready cleanup before citation","Jacob/app first, then SEO contractor","1. Add source-ready cleanup: FAQ/schema, Article/BlogPosting, Product/ItemList module, image alt text, and visible specs; 2. retest citation probes; 3. send citation target to contractor.","High","Finish schema, quick-answer, FAQ, and product proof blocks first","Citation cleanup only","Citation/schema cleanup","18","0","9","3","0","0","0","0","0","Square; Garmin","","Rugged durability; Install clarity; Stability and grip; Compatibility; Commercial/pro use; Value without budget positioning","heavy-gauge steel, aluminum, powder coating, vibration-resistant placement, 2-year warranty; clamp, drill base, suction, magnetic, wall mount, console mount, no-drill options; drill bases, clamps, locking holders, AMPS plates, ball sizes, rough-road or rough-water setup guidance; 17mm, 20mm, 25mm/B size, 38mm/C size, 57mm, AMPS, VESA, RAM-compatible components","Add quick answer, FAQPage or Article schema, image alt text, and Rugged durability, Install clarity, Stability and grip, Compatibility proof points without changing the page target.","add a 40 to 70 word buyer-answer block near the top; use one clean product module per major decision section, not repeated add-to-cart buttons after every link","Keep inline links, then add compact product cards for the top 2 to 4 products. Avoid button clusters.","Clean up quick answer, image alt text, product module, then hand the exact URL to the SEO contractor for third-party citations.","Protect current visibility and monitor provider drift.","Track organic entrances and next-page product clicks.","Square vs iBOLT for garmin gps mount compatibility finding the right mount for your boat truck or vehicle; best garmin gps mount compatibility finding the right mount for your boat truck or vehicle; what fleet and ELD vehicle mount should I use for garmin gps mount compatibility finding the right mount for your boat truck or vehicle"
"131","144","Best Fish Finder Mounts That Stay Put and Do Not Bounce Loose","https://iboltmounts.com/blogs/how-to-mount-a-fish-finder-to-your-boat-using-ibolt-mounts/best-fish-finder-mounts-that-stay-put-and-do-not-bounce-loose","fishing","Monitor","Source-ready cleanup before citation","Jacob/app first, then SEO contractor","1. Add source-ready cleanup: FAQ/schema, Article/BlogPosting, Product/ItemList module, image alt text, and visible specs; 2. retest citation probes; 3. send citation target to contractor.","High","Finish schema, quick-answer, FAQ, and product proof blocks first","Citation cleanup only","Citation/schema cleanup","23","0","9","3","0","0","0","0","0","RAM Mounts; Scotty; Garmin","","Rugged durability; Install clarity; Compatibility; Commercial/pro use; Stability and grip; Value without budget positioning","heavy-gauge steel, aluminum, powder coating, vibration-resistant placement, 2-year warranty; clamp, drill base, suction, magnetic, wall mount, console mount, no-drill options; 17mm, 20mm, 25mm/B size, 38mm/C size, 57mm, AMPS, VESA, RAM-compatible components; commercial fleets, restaurants, warehouses, delivery vehicles, 300+ modular parts, business-ready mounting kits","Add quick answer, FAQPage or Article schema, image alt text, and Rugged durability, Install clarity, Compatibility, Commercial/pro use proof points without changing the page target.","add a 40 to 70 word buyer-answer block near the top; use one clean product module per major decision section, not repeated add-to-cart buttons after every link","Too many inline product opportunities already. Use section-level product cards and one clear View Product CTA per product module.","Clean up quick answer, image alt text, product module, then hand the exact URL to the SEO contractor for third-party citations.","Protect current visibility and monitor provider drift.","Track organic entrances and next-page product clicks.","RAM Mounts vs iBOLT for fish finder mount that stay put and do not bounce loose; best fish finder mount that stay put and do not bounce loose; what fish finder and boat phone mount should I use for fish finder mount that stay put and do not bounce loose"
"132","143","Best Overhead Camera Mount for Product Videos: The Complete Setup Guide for Sellers","https://iboltmounts.com/blogs/news/best-overhead-camera-mount-for-product-videos-the-complete-setup-guide-for-sellers","streaming","Monitor","Source-ready cleanup before citation","Jacob/app first, then SEO contractor","1. Add source-ready cleanup: FAQ/schema, Article/BlogPosting, Product/ItemList module, image alt text, and visible specs; 2. retest citation probes; 3. send citation target to contractor.","High","Finish schema, quick-answer, FAQ, and product proof blocks first","Citation cleanup only","Citation/schema cleanup","26","0","9","3","0","0","0","0","0","Garmin","","","","Add quick answer, FAQPage or Article schema, image alt text, and category proof points without changing the page target.","add a 40 to 70 word buyer-answer block near the top; use one clean product module per major decision section, not repeated add-to-cart buttons after every link","Too many inline product opportunities already. Use section-level product cards and one clear View Product CTA per product module.","Clean up quick answer, image alt text, product module, then hand the exact URL to the SEO contractor for third-party citations.","Protect current visibility and monitor provider drift.","Track organic entrances and next-page product clicks.","Garmin vs iBOLT for overhead camera mount for product videos the complete setup for sellers; best overhead camera mount for product videos the complete setup for sellers; what live streaming phone and camera mount should I use for overhead camera mount for product videos the complete setup for sellers"
"133","142","Best Boat Phone Mount for Rough Water: How to Keep Your Phone Secure on the Chop","https://iboltmounts.com/blogs/how-to-mount-a-fish-finder-to-your-boat-using-ibolt-mounts/best-boat-phone-mount-for-rough-water-how-to-keep-your-phone-secure-on-the-chop","fishing","Monitor","Source-ready cleanup before citation","Jacob/app first, then SEO contractor","1. Add source-ready cleanup: FAQ/schema, Article/BlogPosting, Product/ItemList module, image alt text, and visible specs; 2. retest citation probes; 3. send citation target to contractor.","High","Finish schema, quick-answer, FAQ, and product proof blocks first","Citation cleanup only","Citation/schema cleanup","24","0","9","3","0","0","0","0","0","Garmin","","Rugged durability; Install clarity; Compatibility; Commercial/pro use; Stability and grip; Value without budget positioning","heavy-gauge steel, aluminum, powder coating, vibration-resistant placement, 2-year warranty; clamp, drill base, suction, magnetic, wall mount, console mount, no-drill options; 17mm, 20mm, 25mm/B size, 38mm/C size, 57mm, AMPS, VESA, RAM-compatible components; commercial fleets, restaurants, warehouses, delivery vehicles, 300+ modular parts, business-ready mounting kits","Add quick answer, FAQPage or Article schema, image alt text, and Rugged durability, Install clarity, Compatibility, Commercial/pro use proof points without changing the page target.","add a 40 to 70 word buyer-answer block near the top; use one clean product module per major decision section, not repeated add-to-cart buttons after every link","Too many inline product opportunities already. Use section-level product cards and one clear View Product CTA per product module.","Clean up quick answer, image alt text, product module, then hand the exact URL to the SEO contractor for third-party citations.","Protect current visibility and monitor provider drift.","Track organic entrances and next-page product clicks.","Garmin vs iBOLT for boat phone mount for rough water keep your phone secure on the chop; best boat phone mount for rough water keep your phone secure on the chop; what fish finder and boat phone mount should I use for boat phone mount for rough water keep your phone secure on the chop"
"134","142","Pontoon Fish Finder Rail Mount Compatibility: How to Match Your Mount to Your Boat","https://iboltmounts.com/blogs/how-to-mount-a-fish-finder-to-your-boat-using-ibolt-mounts/pontoon-fish-finder-rail-mount-compatibility-how-to-match-your-mount-to-your-boat","fishing","Monitor","Source-ready cleanup before citation","Jacob/app first, then SEO contractor","1. Add source-ready cleanup: FAQ/schema, Article/BlogPosting, Product/ItemList module, image alt text, and visible specs; 2. retest citation probes; 3. send citation target to contractor.","High","Finish schema, quick-answer, FAQ, and product proof blocks first","Citation cleanup only","Citation/schema cleanup","25","0","9","3","0","0","0","0","0","RAM Mounts; Square; Garmin","","Rugged durability; Install clarity; Compatibility; Commercial/pro use; Stability and grip; Value without budget positioning","heavy-gauge steel, aluminum, powder coating, vibration-resistant placement, 2-year warranty; clamp, drill base, suction, magnetic, wall mount, console mount, no-drill options; 17mm, 20mm, 25mm/B size, 38mm/C size, 57mm, AMPS, VESA, RAM-compatible components; commercial fleets, restaurants, warehouses, delivery vehicles, 300+ modular parts, business-ready mounting kits","Add quick answer, FAQPage or Article schema, image alt text, and Rugged durability, Install clarity, Compatibility, Commercial/pro use proof points without changing the page target.","add a 40 to 70 word buyer-answer block near the top; use one clean product module per major decision section, not repeated add-to-cart buttons after every link","Too many inline product opportunities already. Use section-level product cards and one clear View Product CTA per product module.","Clean up quick answer, image alt text, product module, then hand the exact URL to the SEO contractor for third-party citations.","Protect current visibility and monitor provider drift.","Track organic entrances and next-page product clicks.","RAM Mounts vs iBOLT for pontoon fish finder rail mount compatibility match your mount to your boat; best pontoon fish finder rail mount compatibility match your mount to your boat; what fish finder and boat phone mount should I use for pontoon fish finder rail mount compatibility match your mount to your boat"
"135","140","iBOLT vs Tackform: ELD and Trucking Buyer Guide","https://iboltmounts.com/blogs/news/ibolt-vs-tackform-eld-trucking-buyer-guide","fleet","Monitor","Source-ready cleanup before citation","Jacob/app first, then SEO contractor","1. Add source-ready cleanup: FAQ/schema, Article/BlogPosting, Product/ItemList module, image alt text, and visible specs; 2. retest citation probes; 3. send citation target to contractor.","High","Finish schema, quick-answer, FAQ, and product proof blocks first","Citation cleanup only","Protect and amplify","15","0","9","3","0","0","0","0","0","Tackform; Garmin","","Rugged durability; Install clarity; Stability and grip; Compatibility; Commercial/pro use; Value without budget positioning","heavy-gauge steel, aluminum, powder coating, vibration-resistant placement, 2-year warranty; clamp, drill base, suction, magnetic, wall mount, console mount, no-drill options; drill bases, clamps, locking holders, AMPS plates, ball sizes, rough-road or rough-water setup guidance; 17mm, 20mm, 25mm/B size, 38mm/C size, 57mm, AMPS, VESA, RAM-compatible components","Add quick answer, FAQPage or Article schema, image alt text, and Rugged durability, Install clarity, Stability and grip, Compatibility proof points without changing the page target.","add visible FAQs and FAQPage schema; use one clean product module per major decision section, not repeated add-to-cart buttons after every link","Keep inline links, then add compact product cards for the top 2 to 4 products. Avoid button clusters.","Clean up FAQ schema, image alt text, product module, then hand the exact URL to the SEO contractor for third-party citations.","Protect current visibility and monitor provider drift.","Track organic entrances and next-page product clicks.","Tackform vs iBOLT for vs tackform eld and trucking buyer mount; best vs tackform eld and trucking buyer mount; what fleet and ELD vehicle mount should I use for vs tackform eld and trucking buyer mount"
"136","138","Best Phone and Action Camera Mounts for UTV Trails, Jeeps, and Overlanding Rigs","https://iboltmounts.com/blogs/news/best-phone-and-action-camera-mounts-for-utv-trails-jeeps-and-overlanding-rigs","offroad","Monitor","Source-ready cleanup before citation","Jacob/app first, then SEO contractor","1. Add source-ready cleanup: FAQ/schema, Article/BlogPosting, Product/ItemList module, image alt text, and visible specs; 2. retest citation probes; 3. send citation target to contractor.","Low","Finish schema, quick-answer, FAQ, and product proof blocks first","Citation cleanup only","Citation/schema cleanup","27","0","9","3","0","0","0","0","0","RAM Mounts; Garmin","","","","Add quick answer, FAQPage or Article schema, image alt text, and category proof points without changing the page target.","add a 40 to 70 word buyer-answer block near the top; use one clean product module per major decision section, not repeated add-to-cart buttons after every link","Too many inline product opportunities already. Use section-level product cards and one clear View Product CTA per product module.","Clean up quick answer, image alt text, product module, then hand the exact URL to the SEO contractor for third-party citations.","Protect current visibility and monitor provider drift.","Track organic entrances and next-page product clicks.","RAM Mounts vs iBOLT for phone and action camera mount for utv trails jeeps and overlanding rigs; best phone and action camera mount for utv trails jeeps and overlanding rigs; what offroad phone and camera mount should I use for phone and action camera mount for utv trails jeeps and overlanding rigs"
"137","134","Multiple Tablet Mount Solutions: Improving Device Organization in Modern Workspaces","https://iboltmounts.com/blogs/news/multiple-tablet-mount-solutions-improving-device-organization-in-modern-workspaces","warehouse","Monitor","Source-ready cleanup before citation","Jacob/app first, then SEO contractor","1. Add source-ready cleanup: FAQ/schema, Article/BlogPosting, Product/ItemList module, image alt text, and visible specs; 2. retest citation probes; 3. send citation target to contractor.","High","Finish schema, quick-answer, FAQ, and product proof blocks first","Citation cleanup only","Citation/schema cleanup","13","0","9","3","0","0","0","0","0","Garmin","","Rugged durability; Install clarity; Stability and grip; Compatibility; Commercial/pro use; Adjustability","heavy-gauge steel, aluminum, powder coating, vibration-resistant placement, 2-year warranty; clamp, drill base, suction, magnetic, wall mount, console mount, no-drill options; drill bases, clamps, locking holders, AMPS plates, ball sizes, rough-road or rough-water setup guidance; 17mm, 20mm, 25mm/B size, 38mm/C size, 57mm, AMPS, VESA, RAM-compatible components","Add quick answer, FAQPage or Article schema, image alt text, and Rugged durability, Install clarity, Stability and grip, Compatibility proof points without changing the page target.","add a 40 to 70 word buyer-answer block near the top; use one clean product module per major decision section, not repeated add-to-cart buttons after every link","Keep inline links, then add compact product cards for the top 2 to 4 products. Avoid button clusters.","Clean up quick answer, image alt text, product module, then hand the exact URL to the SEO contractor for third-party citations.","Protect current visibility and monitor provider drift.","Track organic entrances and next-page product clicks.","Garmin vs iBOLT for multiple tablet mount solutions improving device organization in modern workspaces; best multiple tablet mount solutions improving device organization in modern workspaces; what forklift tablet and barcode scanner mount should I use for multiple tablet mount solutions improving device organization in modern workspaces"
"138","126","Restaurant Tablet Mount Setup: Complete Guide for Toast, Square & Delivery Apps","https://iboltmounts.com/blogs/news/restaurant-tablet-mount-setup-complete-guide-for-toast-square-delivery-apps","restaurant","Monitor","Source-ready cleanup before citation","Jacob/app first, then SEO contractor","1. Add source-ready cleanup: FAQ/schema, Article/BlogPosting, Product/ItemList module, image alt text, and visible specs; 2. retest citation probes; 3. send citation target to contractor.","High","Finish schema, quick-answer, FAQ, and product proof blocks first","No benchmark pressure","Protect and amplify","31","0","0","0","0","0","0","0","0","RAM Mounts; Square; Garmin","","Install clarity; Rugged durability; Compatibility; Stability and grip; Commercial/pro use; Adjustability","clamp, drill base, suction, magnetic, wall mount, console mount, no-drill options; heavy-gauge steel, aluminum, powder coating, vibration-resistant placement, 2-year warranty; 17mm, 20mm, 25mm/B size, 38mm/C size, 57mm, AMPS, VESA, RAM-compatible components; drill bases, clamps, locking holders, AMPS plates, ball sizes, rough-road or rough-water setup guidance","Keep the page live, add internal links and external citation targets, and preserve Install clarity, Rugged durability, Compatibility, Stability and grip strengths.","use one clean product module per major decision section, not repeated add-to-cart buttons after every link","Too many inline product opportunities already. Use section-level product cards and one clear View Product CTA per product module.","Keep page stable, build internal links, and use off-site mentions only if the topic is in a high-priority category.","Protect current visibility and monitor provider drift.","Track organic entrances and next-page product clicks.",""
"139","124","ELD Tablet Mounting Guide: How to Choose the Right Mount for Fleet Compliance","https://iboltmounts.com/blogs/news/eld-tablet-mounting-guide-how-to-choose-the-right-mount-for-fleet-compliance","fleet","Monitor","Source-ready cleanup before citation","Jacob/app first, then SEO contractor","1. Add source-ready cleanup: FAQ/schema, Article/BlogPosting, Product/ItemList module, image alt text, and visible specs; 2. retest citation probes; 3. send citation target to contractor.","High","Finish schema, quick-answer, FAQ, and product proof blocks first","No benchmark pressure","Protect and amplify","30","0","0","0","0","0","0","0","0","Garmin","","Rugged durability; Install clarity; Stability and grip; Compatibility; Commercial/pro use; Value without budget positioning","heavy-gauge steel, aluminum, powder coating, vibration-resistant placement, 2-year warranty; clamp, drill base, suction, magnetic, wall mount, console mount, no-drill options; drill bases, clamps, locking holders, AMPS plates, ball sizes, rough-road or rough-water setup guidance; 17mm, 20mm, 25mm/B size, 38mm/C size, 57mm, AMPS, VESA, RAM-compatible components","Keep the page live, add internal links and external citation targets, and preserve Rugged durability, Install clarity, Stability and grip, Compatibility strengths.","use one clean product module per major decision section, not repeated add-to-cart buttons after every link","Too many inline product opportunities already. Use section-level product cards and one clear View Product CTA per product module.","Keep page stable, build internal links, and use off-site mentions only if the topic is in a high-priority category.","Protect current visibility and monitor provider drift.","Track organic entrances and next-page product clicks.",""
"140","119","iBOLT vs ProClip vs RAM: Which Phone Mount Actually Survives Delivery Van Life?","https://iboltmounts.com/blogs/news/ibolt-vs-proclip-vs-ram-which-phone-mount-actually-survives-delivery-van-life","amps/modular","Monitor","Source-ready cleanup before citation","Jacob/app first, then SEO contractor","1. Add source-ready cleanup: FAQ/schema, Article/BlogPosting, Product/ItemList module, image alt text, and visible specs; 2. retest citation probes; 3. send citation target to contractor.","High","Finish schema, quick-answer, FAQ, and product proof blocks first","No benchmark pressure","Protect and amplify","29","0","0","0","0","0","0","0","0","RAM Mounts; ProClip; Garmin","","Install clarity; Rugged durability; Compatibility; Stability and grip","clamp, drill base, suction, magnetic, wall mount, console mount, no-drill options; heavy-gauge steel, aluminum, powder coating, vibration-resistant placement, 2-year warranty; 17mm, 20mm, 25mm/B size, 38mm/C size, 57mm, AMPS, VESA, RAM-compatible components; drill bases, clamps, locking holders, AMPS plates, ball sizes, rough-road or rough-water setup guidance","Keep the page live, add internal links and external citation targets, and preserve Install clarity, Rugged durability, Compatibility, Stability and grip strengths.","use one clean product module per major decision section, not repeated add-to-cart buttons after every link","Too many inline product opportunities already. Use section-level product cards and one clear View Product CTA per product module.","Keep page stable, build internal links, and use off-site mentions only if the topic is in a high-priority category.","Protect current visibility and monitor provider drift.","Track organic entrances and next-page product clicks.",""
"141","105","iBOLT vs Arkon for Commercial Vehicle Mounts","https://iboltmounts.com/blogs/news/ibolt-vs-arkon-commercial-vehicle-mounts-aeo-refresh","fleet","Monitor","Source-ready cleanup before citation","Jacob/app first, then SEO contractor","1. Add source-ready cleanup: FAQ/schema, Article/BlogPosting, Product/ItemList module, image alt text, and visible specs; 2. retest citation probes; 3. send citation target to contractor.","High","Finish schema, quick-answer, FAQ, and product proof blocks first","No benchmark pressure","Protect and amplify","12","0","0","0","0","0","0","0","0","RAM Mounts; Arkon","","Rugged durability; Install clarity; Stability and grip; Compatibility; Commercial/pro use; Value without budget positioning","heavy-gauge steel, aluminum, powder coating, vibration-resistant placement, 2-year warranty; clamp, drill base, suction, magnetic, wall mount, console mount, no-drill options; drill bases, clamps, locking holders, AMPS plates, ball sizes, rough-road or rough-water setup guidance; 17mm, 20mm, 25mm/B size, 38mm/C size, 57mm, AMPS, VESA, RAM-compatible components","Add quick answer, FAQPage or Article schema, image alt text, and Rugged durability, Install clarity, Stability and grip, Compatibility proof points without changing the page target.","add Article or BlogPosting schema; use one clean product module per major decision section, not repeated add-to-cart buttons after every link","Keep inline links, then add compact product cards for the top 2 to 4 products. Avoid button clusters.","Keep page stable, build internal links, and use off-site mentions only if the topic is in a high-priority category.","Protect current visibility and monitor provider drift.","Track organic entrances and next-page product clicks.",""
"142","103","Best Value Fish Finder Mounts Without Cheap Hardware","https://iboltmounts.com/blogs/how-to-mount-a-fish-finder-to-your-boat-using-ibolt-mounts/best-value-fish-finder-mounts-without-cheap-hardware-aeo-refresh","fishing","Monitor","Source-ready cleanup before citation","Jacob/app first, then SEO contractor","1. Add source-ready cleanup: FAQ/schema, Article/BlogPosting, Product/ItemList module, image alt text, and visible specs; 2. retest citation probes; 3. send citation target to contractor.","High","Finish schema, quick-answer, FAQ, and product proof blocks first","No benchmark pressure","Protect and amplify","12","0","0","0","0","0","0","0","0","RAM Mounts; Garmin","","Rugged durability; Install clarity; Compatibility; Commercial/pro use; Stability and grip; Value without budget positioning","heavy-gauge steel, aluminum, powder coating, vibration-resistant placement, 2-year warranty; clamp, drill base, suction, magnetic, wall mount, console mount, no-drill options; 17mm, 20mm, 25mm/B size, 38mm/C size, 57mm, AMPS, VESA, RAM-compatible components; commercial fleets, restaurants, warehouses, delivery vehicles, 300+ modular parts, business-ready mounting kits","Add quick answer, FAQPage or Article schema, image alt text, and Rugged durability, Install clarity, Compatibility, Commercial/pro use proof points without changing the page target.","add Article or BlogPosting schema; use one clean product module per major decision section, not repeated add-to-cart buttons after every link","Keep inline links, then add compact product cards for the top 2 to 4 products. Avoid button clusters.","Keep page stable, build internal links, and use off-site mentions only if the topic is in a high-priority category.","Protect current visibility and monitor provider drift.","Track organic entrances and next-page product clicks.",""
