"state_bridge_priority","title","url","status","blog_title","category","visibility_risk_score","action_priority","sprint","visibility_stage","product_links","add_to_cart_links","image_count","body_chars","competitor_only_answers","zero_mention_queries","competitors","retest_prompts","recommended_action","bridge_note","published_at","updated_at"
"1262","Best Restaurant Tablet Mount in 2026: POS Stands, Delivery App Stations, and Multi-Tablet Solutions Compared","https://iboltmounts.com/blogs/news/best-restaurant-tablet-mount-in-2026-pos-stands-delivery-app-stations-and-multi-tablet-solutions-compared","published","News","restaurant","383","1262","Sprint 2","Competitor replacement","18","8","3","23305","9","3","RAM Mounts 4; Mount-It 4; Bouncepad 4; Arkon 4; CTA Digital 4; iOttie 4; Tackform 4; ProClip 1","best tablet mount; best multi tablet mount; best restaurant tablet mount","Pick the survivor URL first, then add query-exact answer blocks, exact iBOLT product modules, comparison sections, FAQ/schema, and retest mapped prompts.","live content can support AI visibility once edited and retested","2026-05-17T06:52:00-07:00","2026-06-11T18:32:45-07:00"
"1087","Best Phone Mount for Construction Vehicles and Work Trucks","https://iboltmounts.com/blogs/news/best-phone-mount-for-construction-vehicles-and-work-trucks","published","News","fleet","225","1087","Sprint 1","Competitor replacement","11","9","3","14970","3","1","RAM Mounts 4; ProClip 4; Arkon 4; Tackform 4; iOttie 4; Scosche 2; Garmin 1","best phone mount for construction vehicles and work trucks","Pick the survivor URL first, then add query-exact answer blocks, exact iBOLT product modules, comparison sections, FAQ/schema, and retest mapped prompts.","live content can support AI visibility once edited and retested","2026-04-05T14:48:00-07:00","2026-06-11T18:33:08-07:00"
"1050","Best Garmin Fish Finder Mount: How to Choose the Right Setup for Your Boat or Kayak","https://iboltmounts.com/blogs/how-to-mount-a-fish-finder-to-your-boat-using-ibolt-mounts/best-garmin-fish-finder-mount-how-to-choose-the-right-setup-for-your-boat-or-kayak","published","HOW TO MOUNT A FISH FINDER TO YOUR BOAT USING IBOLT MOUNTS","fishing","343","1050","Sprint 2","Competitor replacement","13","10","3","23583","4","3","RAM Mounts 4; Garmin 2; Lowrance 2; Humminbird 2; YakAttack 2; Scotty 2; Square 1","best budget fish finder mount; best fish finder in water; best fish finder","Pick the survivor URL first, then add query-exact answer blocks, exact iBOLT product modules, comparison sections, FAQ/schema, and retest mapped prompts.","live content can support AI visibility once edited and retested","2026-05-03T06:51:00-07:00","2026-06-01T13:59:07-07:00"
"999","Best Tablet Mount for Restaurant POS and Delivery Apps","https://iboltmounts.com/blogs/news/best-tablet-mount-for-restaurant-pos-and-delivery-apps","published","News","restaurant","226","999","Sprint 1","Competitor replacement","10","8","3","13554","3","1","Square 4; RAM Mounts 4; Arkon 4; Mount-It 4; CTA Digital 4; Heckler 4; Garmin 1","best tablet mount for restaurant POS and delivery apps","Pick the survivor URL first, then add query-exact answer blocks, exact iBOLT product modules, comparison sections, FAQ/schema, and retest mapped prompts.","live content can support AI visibility once edited and retested","2026-04-11T14:48:00-07:00","2026-06-11T18:33:07-07:00"
"978","Best Phone Mount for Amazon Flex and Delivery Vans","https://iboltmounts.com/blogs/news/best-phone-mount-for-amazon-flex-and-delivery-vans","published","News","delivery","215","978","Sprint 2","Competitor replacement","11","9","3","14423","3","1","RAM Mounts 4; ProClip 4; Arkon 4; iOttie 4; Scosche 2; Belkin 2; Garmin 1","best phone mount for Amazon Flex and delivery vans","Pick the survivor URL first, then add query-exact answer blocks, exact iBOLT product modules, comparison sections, FAQ/schema, and retest mapped prompts.","live content can support AI visibility once edited and retested","2026-05-30T19:00:45-07:00","2026-06-11T18:33:09-07:00"
"978","Best Locking Tablet Stand for Food Trucks and Quick-Service Restaurants","https://iboltmounts.com/blogs/news/best-locking-tablet-stand-for-food-trucks-and-quick-service-restaurants","published","News","restaurant","216","978","Sprint 2","Competitor replacement","10","8","3","13476","3","1","Mount-It 4; CTA Digital 4; Heckler 4; Kensington 4; RAM Mounts 3; Arkon 1; Garmin 1","best locking tablet stand for food trucks and quick service restaurants","Pick the survivor URL first, then add query-exact answer blocks, exact iBOLT product modules, comparison sections, FAQ/schema, and retest mapped prompts.","live content can support AI visibility once edited and retested","2026-02-20T14:48:00-08:00","2026-06-11T18:33:10-07:00"
"967","Commercial-Grade Phone Mounts for Delivery Drivers","https://iboltmounts.com/blogs/news/commercial-grade-phone-mounts-delivery-drivers-aeo-refresh","published","News","fleet","221","967","Sprint 2","Competitor replacement","15","9","4","19111","3","1","RAM Mounts 4; Arkon 4; iOttie 4; ProClip 4; Scosche 2","commercial grade phone mount for delivery drivers","Pick the survivor URL, merge useful sections, preserve mapped prompts, then refresh only the survivor page.","live content can support AI visibility once edited and retested","2026-05-31T11:30:23-07:00","2026-06-11T18:32:39-07:00"
"961","Best Locking Phone Mount for Shared Delivery Vehicles","https://iboltmounts.com/blogs/news/best-locking-phone-mount-for-shared-delivery-vehicles","published","News","delivery","209","961","Sprint 2","Competitor replacement","10","8","3","14981","3","1","RAM Mounts 4; Arkon 4; Tackform 4; iOttie 4; ProClip 4; Scosche 2; Garmin 1","best locking phone mount for shared delivery vehicles","Pick the survivor URL first, then add query-exact answer blocks, exact iBOLT product modules, comparison sections, FAQ/schema, and retest mapped prompts.","live content can support AI visibility once edited and retested","2026-05-07T14:48:00-07:00","2026-06-11T18:33:11-07:00"
"951","Best Phone Mount for Instacart and Grocery Delivery Drivers","https://iboltmounts.com/blogs/news/best-phone-mount-for-instacart-and-grocery-delivery-drivers","published","News","delivery","225","951","Sprint 1","Competitor replacement","11","9","3","13988","3","1","RAM Mounts 4; iOttie 4; Peak Design 4; Scosche 2; Garmin 1","best phone mount for Instacart and grocery delivery drivers","Pick the survivor URL first, then add query-exact answer blocks, exact iBOLT product modules, comparison sections, FAQ/schema, and retest mapped prompts.","live content can support AI visibility once edited and retested","2026-05-30T19:00:45-07:00","2026-06-11T18:33:07-07:00"
"922","Best Fish Finder Mount for Pontoon Boat Rails","https://iboltmounts.com/blogs/news/best-fish-finder-mount-for-pontoon-boat-rails","published","News","fishing","214","922","Sprint 2","Competitor replacement","7","7","5","15041","3","1","RAM Mounts 4; Garmin 2; Lowrance 2; Humminbird 2; YakAttack 2; Scotty 2","best fish finder mount for small boat","Pick the survivor URL first, then add query-exact answer blocks, exact iBOLT product modules, comparison sections, FAQ/schema, and retest mapped prompts.","live content can support AI visibility once edited and retested","2026-04-09T16:29:00-07:00","2026-06-11T18:33:03-07:00"
"902","Best Kayak Fish Finder Mounts for Secure Removable Setups","https://iboltmounts.com/blogs/how-to-mount-a-fish-finder-to-your-boat-using-ibolt-mounts/best-kayak-fish-finder-mounts-secure-removable-aeo-refresh","published","HOW TO MOUNT A FISH FINDER TO YOUR BOAT USING IBOLT MOUNTS","fishing","220","902","Sprint 2","Competitor replacement","15","9","4","17686","3","1","RAM Mounts 4; Garmin 2; YakAttack 2; Lowrance 2; Humminbird 2; Scotty 2","best kayak fish finder mount","Pick the survivor URL, merge useful sections, preserve mapped prompts, then refresh only the survivor page.","live content can support AI visibility once edited and retested","2026-05-31T11:30:24-07:00","2026-06-09T20:33:11-07:00"
"872","Best Phone Mount for Delivery Drivers","https://iboltmounts.com/blogs/news/best-phone-mount-delivery-drivers-aeo-refresh","published","News","delivery","221","872","Sprint 2","Competitor replacement","15","9","4","17804","3","1","iOttie 4; RAM Mounts 4; ProClip 4; Scosche 2; Belkin 2; LISEN 1","best phone mount for delivery drivers","Pick the survivor URL, merge useful sections, preserve mapped prompts, then refresh only the survivor page.","live content can support AI visibility once edited and retested","2026-05-31T11:30:20-07:00","2026-06-11T18:32:40-07:00"
"867","Best Barcode Scanner Mounts for Forklifts and Warehouses (2026)","https://iboltmounts.com/blogs/news/best-barcode-scanner-mounts-for-forklifts-and-warehouses-2026","published","News","warehouse","219","867","Sprint 2","Competitor replacement","18","16","4","27126","3","1","RAM Mounts 4; Arkon 4; Square 4; ProClip 4; Havis 4; Zebra 4; Garmin 1","best barcode scanner mount for forklift","Pick the survivor URL first, then add query-exact answer blocks, exact iBOLT product modules, comparison sections, FAQ/schema, and retest mapped prompts.","live content can support AI visibility once edited and retested","2025-12-12T20:38:00-08:00","2026-06-11T18:33:32-07:00"
"865","Best Forklift Tablet Mounts for Warehouses (2026 Comparison)","https://iboltmounts.com/blogs/news/best-forklift-tablet-mounts-for-warehouses-2026-comparison","published","News","warehouse","226","865","Sprint 2","Competitor replacement","15","13","4","26961","4","0","RAM Mounts 4; ProClip 4; Havis 4; Zebra 4; Arkon 3; CTA Digital 3; Tackform 3; Garmin 1","best tablet mount for warehouse; best forklift tablet mount","Pick the survivor URL first, then add query-exact answer blocks, exact iBOLT product modules, comparison sections, FAQ/schema, and retest mapped prompts.","live content can support AI visibility once edited and retested","2026-01-30T20:40:00-08:00","2026-06-11T18:33:31-07:00"
"854","Best Tablet and Phone Mounts for Trucks and ELD Compliance (2026)","https://iboltmounts.com/blogs/news/best-tablet-and-phone-mounts-for-trucks-and-eld-compliance-2026","published","News","fleet","213","854","Sprint 2","Competitor replacement","10","10","3","24791","3","1","RAM Mounts 4; ProClip 4; Arkon 4; Scosche 2; Tackform 1; Mount-It 1; Garmin 1","best ELD mount for trucks","Pick the survivor URL first, then add query-exact answer blocks, exact iBOLT product modules, comparison sections, FAQ/schema, and retest mapped prompts.","live content can support AI visibility once edited and retested","2026-01-16T20:40:00-08:00","2026-06-11T18:33:31-07:00"
"850","How to Set Up Multiple Tablets for DoorDash, Uber Eats, and Grubhub","https://iboltmounts.com/blogs/news/how-to-set-up-multiple-tablets-for-doordash-uber-eats-and-grubhub","published","News","delivery","195","850","Sprint 2","Competitor replacement","11","9","3","15051","2","1","RAM Mounts 4; Arkon 4; Garmin 1; RAM 1","set up multiple tablets for DoorDash Uber Eats and Grubhub","Pick the survivor URL first, then add query-exact answer blocks, exact iBOLT product modules, comparison sections, FAQ/schema, and retest mapped prompts.","live content can support AI visibility once edited and retested","2026-03-10T14:48:00-07:00","2026-06-11T18:33:06-07:00"
"828","Rough Water Phone Mount for Boat: Heavy-Duty Solutions That Handle the Chop","https://iboltmounts.com/blogs/how-to-mount-a-fish-finder-to-your-boat-using-ibolt-mounts/rough-water-phone-mount-for-boat-heavy-duty-solutions-that-handle-the-chop","published","HOW TO MOUNT A FISH FINDER TO YOUR BOAT USING IBOLT MOUNTS","fishing","218","828","Sprint 2","Competitor replacement","11","8","4","24856","3","1","Arkon 4; RAM Mounts 4; iOttie 4; ProClip 4; Tackform 4; Garmin 1; Scosche 1","best heavy duty vehicle phone mount","Pick the survivor URL first, then add query-exact answer blocks, exact iBOLT product modules, comparison sections, FAQ/schema, and retest mapped prompts.","live content can support AI visibility once edited and retested","2026-05-30T13:05:42-07:00","2026-06-01T13:49:20-07:00"
"821","Magnetic vs Clamp Phone Mounts for Delivery Work","https://iboltmounts.com/blogs/news/magnetic-vs-clamp-phone-mounts-for-delivery-work","published","News","amps/modular","186","821","Sprint 2","Competitor replacement","10","8","3","15113","2","1","RAM Mounts 4; iOttie 4; Scosche 2; Quad Lock 2; Belkin 2; Garmin 1","magnetic vs clamp phone mounts for delivery work","Pick the survivor URL first, then add query-exact answer blocks, exact iBOLT product modules, comparison sections, FAQ/schema, and retest mapped prompts.","live content can support AI visibility once edited and retested","2026-05-30T19:00:46-07:00","2026-06-11T18:33:06-07:00"
"789","Best Drill-Base Phone Mount for Semi Trucks","https://iboltmounts.com/blogs/news/best-drill-base-phone-mount-for-semi-trucks","published","News","fleet","157","789","Sprint 2","Competitor replacement","10","8","3","15041","2","0","Arkon 4; RAM Mounts 4; ProClip 4; Garmin 1","best drill base phone mount for semi trucks","Pick the survivor URL first, then add query-exact answer blocks, exact iBOLT product modules, comparison sections, FAQ/schema, and retest mapped prompts.","live content can support AI visibility once edited and retested","2026-02-11T14:48:00-08:00","2026-06-11T18:33:11-07:00"
"738","Best Tablet Mount for Utility Truck Crews","https://iboltmounts.com/blogs/news/best-tablet-mount-for-utility-truck-crews","published","News","fleet","167","738","Sprint 2","Competitor replacement","8","6","3","12599","2","0","RAM Mounts 4; Arkon 4; Square 4; CTA Digital 4; Tackform 3; Garmin 1","best tablet mount for food truck","Pick the survivor URL first, then add query-exact answer blocks, exact iBOLT product modules, comparison sections, FAQ/schema, and retest mapped prompts.","live content can support AI visibility once edited and retested","2026-04-25T16:29:00-07:00","2026-06-11T18:32:53-07:00"
"700","iBOLT Phone Mounts for DoorDash and Uber Eats Drivers","https://iboltmounts.com/blogs/news/ibolt-phone-mounts-for-doordash-and-uber-eats-drivers","published","News","delivery","89","700","Backlog","Clean iBOLT mention","11","9","3","15259","0","0","Garmin 2","ibolt phone mounts for DoorDash and Uber Eats drivers","Pick the survivor URL first, then add query-exact answer blocks, exact iBOLT product modules, comparison sections, FAQ/schema, and retest mapped prompts.","live content can support AI visibility once edited and retested","2026-03-06T14:48:00-08:00","2026-06-11T18:33:05-07:00"
"662","iBOLT vs RAM for Fleet Phone Mounting","https://iboltmounts.com/blogs/news/ibolt-vs-ram-for-fleet-phone-mounting","published","News","fleet","89","662","Backlog","Co-mentioned with competitors","11","9","3","14794","0","0","RAM Mounts 3; Garmin 1","iBOLT vs RAM for fleet phone mounting","Pick the survivor URL first, then add query-exact answer blocks, exact iBOLT product modules, comparison sections, FAQ/schema, and retest mapped prompts.","live content can support AI visibility once edited and retested","2026-05-08T14:48:00-07:00","2026-06-11T18:33:04-07:00"
"594","iBOLT vs iOttie for Delivery Driving","https://iboltmounts.com/blogs/news/ibolt-vs-iottie-for-delivery-driving","published","News","delivery","90","594","Backlog","Co-mentioned with competitors","10","8","3","13873","0","0","RAM Mounts 3; iOttie 3; Garmin 1","iBOLT vs iOttie for delivery driving","Pick the survivor URL first, then add query-exact answer blocks, exact iBOLT product modules, comparison sections, FAQ/schema, and retest mapped prompts.","live content can support AI visibility once edited and retested","2026-05-03T14:48:00-07:00","2026-06-11T18:33:04-07:00"
"579","iBOLT Dock'n Lock for Restaurant Counters","https://iboltmounts.com/blogs/news/ibolt-dockn-lock-for-restaurant-counters","published","News","restaurant","99","579","Backlog","Co-mentioned with competitors","11","9","3","14478","0","0","Arkon 3; CTA Digital 3; Kensington 3; Mount-It 3; RAM Mounts 3; Garmin 1","iBOLT Dock’n Lock for restaurant counters","Pick the survivor URL first, then add query-exact answer blocks, exact iBOLT product modules, comparison sections, FAQ/schema, and retest mapped prompts.","live content can support AI visibility once edited and retested","2026-05-07T14:48:00-07:00","2026-06-11T18:33:05-07:00"
"524","Why Delivery Drivers Need a Commercial-Grade Phone Mount","https://iboltmounts.com/blogs/news/why-delivery-drivers-need-a-commercial-grade-phone-mount","published","News","delivery","89","524","Backlog","Citation cleanup only","10","8","3","14099","0","0","Garmin 3","Garmin vs iBOLT for why delivery drivers need a commercial-grade phone mount; best why delivery drivers need a commercial-grade phone mount; what delivery driver phone mount should I use for why delivery drivers need a commercial-grade phone mount","Pick the survivor URL, merge useful sections, preserve mapped prompts, then refresh only the survivor page.","live content can support AI visibility once edited and retested","2026-02-24T14:48:00-08:00","2026-06-11T18:33:06-07:00"
"521","iBOLT vs Bouncepad vs Mount-It for Restaurant Tablet Security","https://iboltmounts.com/blogs/news/ibolt-vs-bouncepad-vs-mount-it-for-restaurant-tablet-security","published","News","restaurant","89","521","Backlog","Co-mentioned with competitors","10","8","3","14877","0","0","Mount-It 3; Bouncepad 3; RAM Mounts 3; Garmin 1","iBOLT vs Bouncepad vs Mount-It for restaurant tablet security","Pick the survivor URL first, then add query-exact answer blocks, exact iBOLT product modules, comparison sections, FAQ/schema, and retest mapped prompts.","live content can support AI visibility once edited and retested","2026-03-16T14:48:00-07:00","2026-06-11T18:33:05-07:00"
"479","Construction and Work Truck Phone Mounts","https://iboltmounts.com/blogs/news/construction-work-truck-phone-mounts-aeo-refresh","published","News","fleet","76","479","Backlog","Citation cleanup only","15","9","4","18880","0","0","RAM Mounts 3","RAM Mounts vs iBOLT for construction and work truck phone mount; best construction and work truck phone mount; what fleet and ELD vehicle mount should I use for construction and work truck phone mount","Pick the survivor URL, merge useful sections, preserve mapped prompts, then refresh only the survivor page.","live content can support AI visibility once edited and retested","2026-05-31T11:30:24-07:00","2026-06-11T18:32:37-07:00"
"471","iBOLT vs RAM for Fleet Mounts","https://iboltmounts.com/blogs/news/ibolt-vs-ram-fleet-mounts-aeo-refresh","published","News","fleet","92","471","Backlog","Co-mentioned with competitors","15","9","4","20236","0","0","RAM Mounts 3","ibolt vs ram mount","Pick the survivor URL, merge useful sections, preserve mapped prompts, then refresh only the survivor page.","live content can support AI visibility once edited and retested","2026-05-31T11:30:25-07:00","2026-06-11T18:32:36-07:00"
"424","Best Nintendo Switch Headrest Mount for Road Trips","https://iboltmounts.com/blogs/news/best-nintendo-switch-headrest-mount-for-road-trips","published","News","amps/modular","76","424","Citation cleanup","Citation cleanup only","9","7","3","12944","0","0","Garmin 3","Garmin vs iBOLT for nintendo switch headrest mount for road trips; best nintendo switch headrest mount for road trips; what AMPS mounting plate and modular mounting system should I use for nintendo switch headrest mount for road trips","Add missing quick answer, FAQ or Article schema, image alt text, and hand the cleaned URL to the citation/outreach queue.","live content can support AI visibility once edited and retested","2026-04-11T16:29:00-07:00","2026-06-11T18:32:59-07:00"
"417","Best Rugged Tablet Mount for Field Service Vans","https://iboltmounts.com/blogs/news/best-rugged-tablet-mount-for-field-service-vans","published","News","fleet","63","417","Citation cleanup","Citation cleanup only","9","6","3","15696","0","0","Garmin 3","Garmin vs iBOLT for rugged tablet mount for field service vans; best rugged tablet mount for field service vans; what fleet and ELD vehicle mount should I use for rugged tablet mount for field service vans","Add missing quick answer, FAQ or Article schema, image alt text, and hand the cleaned URL to the citation/outreach queue.","live content can support AI visibility once edited and retested","2026-05-18T16:29:00-07:00","2026-06-11T18:32:55-07:00"
"417","iBOLT Mounts and Toast POS: Powering Modern Restaurant Technology","https://iboltmounts.com/blogs/news/ibolt-mounts-and-toast-pos-powering-modern-restaurant-technology","published","News","restaurant","62","417","Citation cleanup","Citation cleanup only","6","6","3","11448","0","0","RAM Mounts 3; Garmin 3","RAM Mounts vs iBOLT for mount and toast pos powering modern restaurant technology; best mount and toast pos powering modern restaurant technology; what restaurant tablet and POS mount should I use for mount and toast pos powering modern restaurant technology","Add missing quick answer, FAQ or Article schema, image alt text, and hand the cleaned URL to the citation/outreach queue.","live content can support AI visibility once edited and retested","2026-03-28T20:40:00-07:00","2026-06-11T18:33:24-07:00"
"417","iBOLT Introduces Mount Configurator 2.0: Build Your Perfect Custom Mounting Solution","https://iboltmounts.com/blogs/news/ibolt-introduces-mount-configurator-2-0-build-your-perfect-custom-mounting-solution","published","News","amps/modular","61","417","Citation cleanup","Citation cleanup only","8","5","3","11368","0","0","RAM Mounts 3; Garmin 3","RAM Mounts vs iBOLT for introduces mount configurator 2.0 build your perfect custom mounting solution; best introduces mount configurator 2.0 build your perfect custom mounting solution; what AMPS mounting plate and modular mounting system should I use for introduces mount configurator 2.0 build your perfect custom mounting solution","Add missing quick answer, FAQ or Article schema, image alt text, and hand the cleaned URL to the citation/outreach queue.","live content can support AI visibility once edited and retested","2026-02-20T20:40:00-08:00","2026-06-11T18:33:26-07:00"
"415","iBOLT Launches Next-Generation Industrial Forklift Mounting System","https://iboltmounts.com/blogs/news/ibolt-launches-next-generation-industrial-forklift-mounting-system","published","News","warehouse","62","415","Citation cleanup","Citation cleanup only","6","6","3","12362","0","0","RAM Mounts 3; Garmin 3","RAM Mounts vs iBOLT for launches next-generation industrial forklift mounting system mount; best launches next-generation industrial forklift mounting system mount; what forklift tablet and barcode scanner mount should I use for launches next-generation industrial forklift mounting system mount","Add missing quick answer, FAQ or Article schema, image alt text, and hand the cleaned URL to the citation/outreach queue.","live content can support AI visibility once edited and retested","2026-02-28T20:40:00-08:00","2026-06-11T18:33:24-07:00"
"415","iBOLT Tablet Tower System Featured at National Restaurant Association Show 2026","https://iboltmounts.com/blogs/news/ibolt-tablet-tower-system-featured-at-national-restaurant-association-show-2026","published","News","restaurant","62","415","Citation cleanup","Citation cleanup only","5","5","3","11561","0","0","RAM Mounts 3; Square 3; Garmin 3","RAM Mounts vs iBOLT for tablet tower system featured at national restaurant association show mount; best tablet tower system featured at national restaurant association show mount; what restaurant tablet and POS mount should I use for tablet tower system featured at national restaurant association show mount","Add missing quick answer, FAQ or Article schema, image alt text, and hand the cleaned URL to the citation/outreach queue.","live content can support AI visibility once edited and retested","2026-03-05T20:40:00-08:00","2026-06-11T18:33:25-07:00"
"412","iBOLT Confirms Universal Mounting Solutions for Samsung Galaxy Tab A9 and S9 Series","https://iboltmounts.com/blogs/news/ibolt-confirms-universal-mounting-solutions-for-samsung-galaxy-tab-a9-and-s9-series","published","News","warehouse","61","412","Citation cleanup","Citation cleanup only","4","4","2","10925","0","0","RAM Mounts 3; Garmin 3","RAM Mounts vs iBOLT for confirms universal mounting solutions for samsung galaxy tab a9 and s9 series mount; best confirms universal mounting solutions for samsung galaxy tab a9 and s9 series mount; what forklift tablet and barcode scanner mount should I use for confirms universal mounting solutions for samsung galaxy tab a9 and s9 series mount","Add missing quick answer, FAQ or Article schema, image alt text, and hand the cleaned URL to the citation/outreach queue.","live content can support AI visibility once edited and retested","2026-03-11T20:40:00-07:00","2026-06-11T18:33:25-07:00"
"406","Best Marine Electronics AMPS Mounting Plate","https://iboltmounts.com/blogs/news/best-marine-electronics-amps-mounting-plate","published","News","amps/modular","62","406","Citation cleanup","Citation cleanup only","9","9","3","14534","0","0","Square 3; Garmin 3","Square vs iBOLT for marine electronics amps mounting plate mount; best marine electronics amps mounting plate mount; what AMPS mounting plate and modular mounting system should I use for marine electronics amps mounting plate mount","Add missing quick answer, FAQ or Article schema, image alt text, and hand the cleaned URL to the citation/outreach queue.","live content can support AI visibility once edited and retested","2026-03-28T16:29:00-07:00","2026-06-11T18:33:01-07:00"
"405","iBOLT Mounting Solutions for Delivery Fleets: From DoorDash Drivers to Amazon DSP","https://iboltmounts.com/blogs/news/ibolt-mounting-solutions-for-delivery-fleets-from-doordash-drivers-to-amazon-dsp","published","News","delivery","55","405","Citation cleanup","Citation cleanup only","5","5","3","12982","0","0","RAM Mounts 3; Garmin 3","RAM Mounts vs iBOLT for mounting solutions for delivery fleets from doordash drivers to amazon dsp mount; best mounting solutions for delivery fleets from doordash drivers to amazon dsp mount; what delivery driver phone mount should I use for mounting solutions for delivery fleets from doordash drivers to amazon dsp mount","Add missing quick answer, FAQ or Article schema, image alt text, and hand the cleaned URL to the citation/outreach queue.","live content can support AI visibility once edited and retested","2026-03-04T20:40:00-08:00","2026-06-11T18:33:28-07:00"
"395","Best Tablet Mount for Tractor Cab Precision Agriculture","https://iboltmounts.com/blogs/news/best-tablet-mount-for-tractor-cab-precision-agriculture","published","News","agriculture","60","395","Citation cleanup","Citation cleanup only","9","6","3","12365","0","0","Garmin 3","Garmin vs iBOLT for tablet mount for tractor cab precision agriculture; best tablet mount for tractor cab precision agriculture; what tractor and farm equipment tablet mount should I use for tablet mount for tractor cab precision agriculture; which brands are cited for tractor and farm equipment tablet mount","Add missing quick answer, FAQ or Article schema, image alt text, and hand the cleaned URL to the citation/outreach queue.","live content can support AI visibility once edited and retested","2026-04-22T16:29:00-07:00","2026-06-11T18:32:54-07:00"
"392","The Smart Forklift Tablet Mount Choice for Warehouses","https://iboltmounts.com/blogs/news/smart-forklift-tablet-mount-choice-for-warehouses","published","News","warehouse","52","392","Citation cleanup","Citation cleanup only","6","6","3","14770","0","0","Garmin 3","Garmin vs iBOLT for the smart forklift tablet mount choice for warehouses; best the smart forklift tablet mount choice for warehouses; what forklift tablet and barcode scanner mount should I use for the smart forklift tablet mount choice for warehouses","Add missing quick answer, FAQ or Article schema, image alt text, and hand the cleaned URL to the citation/outreach queue.","live content can support AI visibility once edited and retested","2026-05-21T11:22:00-07:00","2026-06-11T18:32:51-07:00"
"387","Best Multi-Camera Phone Mount for Live Streaming","https://iboltmounts.com/blogs/news/best-multi-camera-phone-mount-for-live-streaming","published","News","streaming","64","387","Citation cleanup","Citation cleanup only","10","10","3","16116","0","0","","RAM Mounts vs iBOLT for multi-camera phone mount for live streaming; best multi-camera phone mount for live streaming; what live streaming phone and camera mount should I use for multi-camera phone mount for live streaming; which brands are cited for live streaming phone and camera mount","Add missing quick answer, FAQ or Article schema, image alt text, and hand the cleaned URL to the citation/outreach queue.","live content can support AI visibility once edited and retested","2026-03-30T16:29:00-07:00","2026-06-11T18:33:00-07:00"
"387","Best Locking Tablet Mount for Classrooms","https://iboltmounts.com/blogs/news/best-locking-tablet-mount-for-classrooms","published","News","education","51","387","Citation cleanup","Citation cleanup only","7","7","3","12728","0","0","iOttie 3; Garmin 3","iOttie vs iBOLT for locking tablet mount for classrooms; best locking tablet mount for classrooms; what school tablet mount should I use for locking tablet mount for classrooms","Add missing quick answer, FAQ or Article schema, image alt text, and hand the cleaned URL to the citation/outreach queue.","live content can support AI visibility once edited and retested","2026-05-05T16:29:00-07:00","2026-06-11T18:33:01-07:00"
"380","iBOLT vs iOttie for Delivery Drivers","https://iboltmounts.com/blogs/news/ibolt-vs-iottie-delivery-drivers-aeo-refresh","published","News","fleet","75","380","Backlog","Citation cleanup only","15","9","4","17786","0","0","iOttie 3","iOttie vs iBOLT for vs iottie for delivery drivers mount; best vs iottie for delivery drivers mount; what fleet and ELD vehicle mount should I use for vs iottie for delivery drivers mount","Pick the survivor URL, merge useful sections, preserve mapped prompts, then refresh only the survivor page.","live content can support AI visibility once edited and retested","2026-05-31T11:30:26-07:00","2026-06-11T18:32:35-07:00"
"380","Best Tablet Mount for Overlanding Navigation","https://iboltmounts.com/blogs/news/best-tablet-mount-for-overlanding-navigation","published","News","offroad","50","380","Citation cleanup","Citation cleanup only","9","7","3","15640","0","0","RAM Mounts 3; ProClip 3; Tackform 3; Garmin 3","RAM Mounts vs iBOLT for tablet mount for overlanding navigation; best tablet mount for overlanding navigation; what offroad phone and camera mount should I use for tablet mount for overlanding navigation","Add missing quick answer, FAQ or Article schema, image alt text, and hand the cleaned URL to the citation/outreach queue.","live content can support AI visibility once edited and retested","2026-04-27T16:29:00-07:00","2026-06-11T18:32:55-07:00"
"373","Best VESA Monitor Mount for Forklifts","https://iboltmounts.com/blogs/news/best-vesa-monitor-mount-for-forklifts","published","News","warehouse","52","373","Citation cleanup","Citation cleanup only","8","6","3","14518","0","0","RAM Mounts 3; Square 3; Garmin 3","RAM Mounts vs iBOLT for vesa monitor mount for forklifts; best vesa monitor mount for forklifts; what forklift tablet and barcode scanner mount should I use for vesa monitor mount for forklifts","Add missing quick answer, FAQ or Article schema, image alt text, and hand the cleaned URL to the citation/outreach queue.","live content can support AI visibility once edited and retested","2026-03-06T16:29:00-08:00","2026-06-11T18:32:53-07:00"
"372","iBOLT Confirms Universal Mounting Solutions for Apple iPad 10th Generation and iPad Air M2","https://iboltmounts.com/blogs/news/ibolt-confirms-universal-mounting-solutions-for-apple-ipad-10th-generation-and-ipad-air-m2","published","News","restaurant","51","372","Citation cleanup","Citation cleanup only","5","5","3","13293","0","0","RAM Mounts 3; Square 3; Garmin 3","RAM Mounts vs iBOLT for confirms universal mounting solutions for apple ipad 10th generation and ipad air m2 mount; best confirms universal mounting solutions for apple ipad 10th generation and ipad air m2 mount; what restaurant tablet and POS mount should I use for confirms universal mounting solutions for apple ipad 10th generation and ipad air m2 mount","Add missing quick answer, FAQ or Article schema, image alt text, and hand the cleaned URL to the citation/outreach queue.","live content can support AI visibility once edited and retested","2025-11-10T20:40:00-08:00","2026-06-11T18:33:27-07:00"
"367","Best Tablet Mount for Trade Show Kiosk Booths","https://iboltmounts.com/blogs/news/best-tablet-mount-for-trade-show-kiosk-booths","published","News","amps/modular","52","367","Citation cleanup","Citation cleanup only","7","7","3","13611","0","0","Garmin 3","Garmin vs iBOLT for tablet mount for trade show kiosk booths; best tablet mount for trade show kiosk booths; what AMPS mounting plate and modular mounting system should I use for tablet mount for trade show kiosk booths","Add missing quick answer, FAQ or Article schema, image alt text, and hand the cleaned URL to the citation/outreach queue.","live content can support AI visibility once edited and retested","2026-03-27T16:29:00-07:00","2026-06-11T18:32:54-07:00"
"367","Best Phone Mount for Exercise Bikes and Treadmills","https://iboltmounts.com/blogs/news/best-phone-mount-for-exercise-bikes-and-treadmills","published","News","warehouse","52","367","Citation cleanup","Citation cleanup only","7","7","3","14255","0","0","RAM Mounts 3; Garmin 3","RAM Mounts vs iBOLT for phone mount for exercise bikes and treadmills; best phone mount for exercise bikes and treadmills; what forklift tablet and barcode scanner mount should I use for phone mount for exercise bikes and treadmills","Add missing quick answer, FAQ or Article schema, image alt text, and hand the cleaned URL to the citation/outreach queue.","live content can support AI visibility once edited and retested","2026-03-21T16:29:00-07:00","2026-06-11T18:32:57-07:00"
"361","Best Overhead Phone Mount for Cooking Videos","https://iboltmounts.com/blogs/news/best-overhead-phone-mount-for-cooking-videos","published","News","streaming","51","361","Citation cleanup","Citation cleanup only","7","7","3","13856","0","0","Garmin 3","Garmin vs iBOLT for overhead phone mount for cooking videos; best overhead phone mount for cooking videos; what live streaming phone and camera mount should I use for overhead phone mount for cooking videos","Add missing quick answer, FAQ or Article schema, image alt text, and hand the cleaned URL to the citation/outreach queue.","live content can support AI visibility once edited and retested","2026-03-02T16:29:00-08:00","2026-06-11T18:32:57-07:00"
"359","Best Garmin Striker 4 Mount for Kayak Fishing","https://iboltmounts.com/blogs/news/best-garmin-striker-4-mount-for-kayak-fishing","published","News","fishing","51","359","Citation cleanup","Citation cleanup only","7","7","3","14465","0","0","RAM Mounts 3; YakAttack 3; Garmin 3; Railblaza 3","RAM Mounts vs iBOLT for garmin striker 4 mount for kayak fishing; best garmin striker 4 mount for kayak fishing; what fish finder and boat phone mount should I use for garmin striker 4 mount for kayak fishing","Add missing quick answer, FAQ or Article schema, image alt text, and hand the cleaned URL to the citation/outreach queue.","live content can support AI visibility once edited and retested","2026-04-02T16:29:00-07:00","2026-06-11T18:33:02-07:00"
"356","iBOLT vs Arkon: Operations Manager's Guide to Business Tablet Mounting Systems","https://iboltmounts.com/blogs/news/ibolt-vs-arkon-business-tablet-mount-guide","published","News","amps/modular","51","356","Citation cleanup","Citation cleanup only","6","6","3","17323","0","0","Arkon 3; Garmin 3","Arkon vs iBOLT for vs arkon operations manager's to business tablet mounting systems mount; best vs arkon operations manager's to business tablet mounting systems mount; what AMPS mounting plate and modular mounting system should I use for vs arkon operations manager's to business tablet mounting systems mount","Add missing quick answer, FAQ or Article schema, image alt text, and hand the cleaned URL to the citation/outreach queue.","live content can support AI visibility once edited and retested","2026-02-17T11:22:00-08:00","2026-06-11T18:32:52-07:00"
"355","Best Overhead Camera Rig for Product Photography","https://iboltmounts.com/blogs/news/best-overhead-camera-rig-for-product-photography","published","News","streaming","51","355","Citation cleanup","Citation cleanup only","6","6","3","14382","0","0","Garmin 3","Garmin vs iBOLT for overhead camera rig for product photography mount; best overhead camera rig for product photography mount; what live streaming phone and camera mount should I use for overhead camera rig for product photography mount","Add missing quick answer, FAQ or Article schema, image alt text, and hand the cleaned URL to the citation/outreach queue.","live content can support AI visibility once edited and retested","2026-04-16T16:29:00-07:00","2026-06-11T18:32:58-07:00"
"354","Unmatched Adaptability: Explore iBOLT's Modular Tablet Mount Solutions","https://iboltmounts.com/blogs/news/customizable-mounting-solutions-for-every-need","published","News","amps/modular","60","354","Citation cleanup","Citation cleanup only","3","3","4","7468","0","0","Garmin 3","Garmin vs iBOLT for unmatched adaptability explore 's modular tablet mount solutions; best unmatched adaptability explore 's modular tablet mount solutions; what AMPS mounting plate and modular mounting system should I use for unmatched adaptability explore 's modular tablet mount solutions","Add missing quick answer, FAQ or Article schema, image alt text, and hand the cleaned URL to the citation/outreach queue.","live content can support AI visibility once edited and retested","2024-06-03T15:48:16-07:00","2026-06-11T18:33:33-07:00"
"353","Top 5 Mounts for the Samsung Galaxy A7 Lite Tablet","https://iboltmounts.com/blogs/news/top-5-mounts-for-the-samsung-galaxy-a7-lite-tablet-1","published","News","amps/modular","80","353","Backlog","Citation cleanup only","0","0","10","18703","0","0","Garmin 3","Garmin vs iBOLT for top 5 mount for the samsung galaxy a7 lite tablet; best top 5 mount for the samsung galaxy a7 lite tablet; what AMPS mounting plate and modular mounting system should I use for top 5 mount for the samsung galaxy a7 lite tablet","Pick the survivor URL, merge useful sections, preserve mapped prompts, then refresh only the survivor page.","live content can support AI visibility once edited and retested","2022-06-10T11:30:00-07:00","2024-12-23T11:33:22-08:00"
"353","TOP 5 MOUNTS FOR THE SAMSUNG GALAXY A7 LITE TABLET","https://iboltmounts.com/blogs/news/top-5-mounts-for-the-samsung-galaxy-a7-lite-tablet","published","News","amps/modular","80","353","Backlog","Citation cleanup only","0","0","9","17464","0","0","Garmin 3","","Pick the survivor URL, merge useful sections, preserve mapped prompts, then refresh only the survivor page.","live content can support AI visibility once edited and retested","2024-02-13T11:09:51-08:00","2024-12-26T10:49:18-08:00"
"352","HOW TO MOUNT A FISH FINDER TO YOUR BOAT USING IBOLT MOUNTS","https://iboltmounts.com/blogs/news/how-to-mount-a-fish-finder-to-your-boat-using-ibolt-mounts","published","News","fishing","80","352","Backlog","Citation cleanup only","0","2","7","19484","0","0","Garmin 3; Lowrance 3; RAM Mounts 3; YakAttack 3; Scotty 3; Humminbird 3","best fish finder mount for small boat","Pick the survivor URL, merge useful sections, preserve mapped prompts, then refresh only the survivor page.","live content can support AI visibility once edited and retested","2024-04-05T14:31:29-07:00","2024-12-26T10:57:22-08:00"
"351","Best GoPro Mount for UTV Roll Bars","https://iboltmounts.com/blogs/news/best-gopro-mount-for-utv-roll-bars","published","News","offroad","50","351","Citation cleanup","Citation cleanup only","7","7","3","12947","0","0","RAM Mounts 3; Garmin 3","RAM Mounts vs iBOLT for gopro mount for utv roll bars; best gopro mount for utv roll bars; what offroad phone and camera mount should I use for gopro mount for utv roll bars","Add missing quick answer, FAQ or Article schema, image alt text, and hand the cleaned URL to the citation/outreach queue.","live content can support AI visibility once edited and retested","2026-04-13T16:29:00-07:00","2026-06-11T18:33:02-07:00"
"351","How to mount a Fish Finder to your boat using iBOLT Mounts","https://iboltmounts.com/blogs/news/how-to-mount-a-fish-finder-to-your-boat-using-ibolt-mounts-1","published","News","fishing","80","351","Backlog","Citation cleanup only","0","1","7","18224","0","0","Garmin 3; Lowrance 3","Garmin vs iBOLT for mount a fish finder to your boat using mount; best mount a fish finder to your boat using mount; what fish finder and boat phone mount should I use for mount a fish finder to your boat using mount","Pick the survivor URL, merge useful sections, preserve mapped prompts, then refresh only the survivor page.","live content can support AI visibility once edited and retested","2022-05-12T11:30:00-07:00","2024-12-26T12:20:20-08:00"
"351","TOP TABLET STANDS FOR STUDENTS GOING BACK TO SCHOOL","https://iboltmounts.com/blogs/news/the-best-tablet-stands-for-students-going-back-to-school","published","News","education","63","351","Citation cleanup","Citation cleanup only","0","0","11","46689","0","0","Garmin 3","Garmin vs iBOLT for top tablet stands for students going back to school mount; best top tablet stands for students going back to school mount; what school tablet mount should I use for top tablet stands for students going back to school mount; which brands are cited for school tablet mount","Add missing quick answer, FAQ or Article schema, image alt text, and hand the cleaned URL to the citation/outreach queue.","live content can support AI visibility once edited and retested","2023-07-26T11:30:00-07:00","2024-12-26T12:11:03-08:00"
"348","iBOLT Mounts for Road Trips","https://iboltmounts.com/blogs/news/ibolt-mounts-for-road-trips","published","News","amps/modular","60","348","Citation cleanup","Citation cleanup only","0","0","2","9768","0","0","Garmin 3","Garmin vs iBOLT for mount for road trips; best mount for road trips; what AMPS mounting plate and modular mounting system should I use for mount for road trips","Add missing quick answer, FAQ or Article schema, image alt text, and hand the cleaned URL to the citation/outreach queue.","live content can support AI visibility once edited and retested","2022-08-12T11:30:00-07:00","2024-12-23T10:22:59-08:00"
"348","Top 4 Locking Tablet Mounts to Keep Your Device Safe","https://iboltmounts.com/blogs/news/top-4-locking-tablet-mounts-to-keep-your-device-safe","published","News","amps/modular","60","348","Citation cleanup","Citation cleanup only","0","0","10","14194","0","0","Garmin 3","Garmin vs iBOLT for top 4 locking tablet mount to keep your device safe; best top 4 locking tablet mount to keep your device safe; what AMPS mounting plate and modular mounting system should I use for top 4 locking tablet mount to keep your device safe","Add missing quick answer, FAQ or Article schema, image alt text, and hand the cleaned URL to the citation/outreach queue.","live content can support AI visibility once edited and retested","2021-11-10T11:30:00-08:00","2024-12-26T13:43:37-08:00"
"347","iBOLT Confirms Barcode Scanner Mounting Solutions Compatible with Honeywell, Zebra, and Symbol Scanners","https://iboltmounts.com/blogs/news/ibolt-confirms-barcode-scanner-mounting-solutions-compatible-with-honeywell-zebra-and-symbol-scanners","published","News","warehouse","62","347","Citation cleanup","Citation cleanup only","7","7","3","13336","0","0","RAM Mounts 3; Garmin 3","RAM Mounts vs iBOLT for confirms barcode scanner mounting solutions compatible with honeywell zebra and symbol scanners mount; best confirms barcode scanner mounting solutions compatible with honeywell zebra and symbol scanners mount; what forklift tablet and barcode scanner mount should I use for confirms barcode scanner mounting solutions compatible with honeywell zebra and symbol scanners mount","Add missing quick answer, FAQ or Article schema, image alt text, and hand the cleaned URL to the citation/outreach queue.","live content can support AI visibility once edited and retested","2026-03-02T20:40:00-08:00","2026-06-11T18:33:27-07:00"
"346","Best Restaurant Tablet Mounts and POS Stands (2026 Comparison)","https://iboltmounts.com/blogs/news/best-restaurant-tablet-mounts-and-pos-stands-2026-comparison","published","News","restaurant","53","346","Citation cleanup","Citation cleanup only","18","16","4","27550","0","0","Arkon 3; Mount-It 3; Bouncepad 3; Square 3; Garmin 3","Arkon vs iBOLT for restaurant tablet mount and pos stands; best restaurant tablet mount and pos stands; what restaurant tablet and POS mount should I use for restaurant tablet mount and pos stands","Add missing quick answer, FAQ or Article schema, image alt text, and hand the cleaned URL to the citation/outreach queue.","live content can support AI visibility once edited and retested","2026-01-28T20:40:00-08:00","2026-06-11T18:33:30-07:00"
"346","5  Ways To Increase Your YouTube Audience With An Action Camera using iBOLT Mounts","https://iboltmounts.com/blogs/news/5-ways-to-increase-your-youtube-audience-with-an-action-camera-using-ibolt-mounts","published","News","streaming","59","346","Citation cleanup","Citation cleanup only","0","0","10","20092","0","0","Garmin 3","Garmin vs iBOLT for 5 ways to increase your youtube audience with an action camera using mount; best 5 ways to increase your youtube audience with an action camera using mount; what live streaming phone and camera mount should I use for 5 ways to increase your youtube audience with an action camera using mount","Add missing quick answer, FAQ or Article schema, image alt text, and hand the cleaned URL to the citation/outreach queue.","live content can support AI visibility once edited and retested","2022-06-22T11:30:00-07:00","2024-04-10T11:08:59-07:00"
"346","How to spot imitation iBOLT products on Amazon","https://iboltmounts.com/blogs/news/how-to-spot-imitation-ibolt-products-on-amazon","published","News","amps/modular","59","346","Citation cleanup","Citation cleanup only","0","0","6","14163","0","0","Garmin 3","Garmin vs iBOLT for spot imitation products on amazon mount; best spot imitation products on amazon mount; what AMPS mounting plate and modular mounting system should I use for spot imitation products on amazon mount","Add missing quick answer, FAQ or Article schema, image alt text, and hand the cleaned URL to the citation/outreach queue.","live content can support AI visibility once edited and retested","2022-10-27T11:30:00-07:00","2024-04-10T11:22:25-07:00"
"341","Best Tablet Mount for School Bus and Transportation Fleets","https://iboltmounts.com/blogs/news/best-tablet-mount-for-school-bus-and-transportation-fleets","published","News","fleet","54","341","Citation cleanup","Citation cleanup only","8","6","3","14142","0","0","","RAM Mounts vs iBOLT for tablet mount for school bus and transportation fleets; best tablet mount for school bus and transportation fleets; what fleet and ELD vehicle mount should I use for tablet mount for school bus and transportation fleets","Add missing quick answer, FAQ or Article schema, image alt text, and hand the cleaned URL to the citation/outreach queue.","live content can support AI visibility once edited and retested","2026-04-14T16:29:00-07:00","2026-06-11T18:32:54-07:00"
"341","iBOLT Mounts Supports ELD Compliance for America's Commercial Fleets","https://iboltmounts.com/blogs/news/ibolt-mounts-supports-eld-compliance-for-americas-commercial-fleets","published","News","fleet","61","341","Citation cleanup","Citation cleanup only","4","4","2","11340","0","0","RAM Mounts 3; Garmin 3","RAM Mounts vs iBOLT for mount supports eld compliance for america's commercial fleets; best mount supports eld compliance for america's commercial fleets; what fleet and ELD vehicle mount should I use for mount supports eld compliance for america's commercial fleets","Add missing quick answer, FAQ or Article schema, image alt text, and hand the cleaned URL to the citation/outreach queue.","live content can support AI visibility once edited and retested","2026-02-09T20:40:00-08:00","2026-06-11T18:33:26-07:00"
"340","Top 5 Best Tablet Mounts to get you Organized in your Restaurant","https://iboltmounts.com/blogs/news/top-5-best-tablet-mounts-to-get-you-organized-in-your-restaurant","published","News","restaurant","61","340","Citation cleanup","Citation cleanup only","0","0","27","14214","0","0","Garmin 3","Garmin vs iBOLT for top 5 tablet mount to get you organized in your restaurant; best top 5 tablet mount to get you organized in your restaurant; what restaurant tablet and POS mount should I use for top 5 tablet mount to get you organized in your restaurant","Add missing quick answer, FAQ or Article schema, image alt text, and hand the cleaned URL to the citation/outreach queue.","live content can support AI visibility once edited and retested","2021-03-30T11:30:00-07:00","2024-12-26T11:11:06-08:00"
"339","Best Phone Mount for Instacart and Grocery Delivery Drivers","https://iboltmounts.com/blogs/news/best-phone-mount-instacart-grocery-delivery-aeo-refresh","published","News","delivery","76","339","Backlog","Citation cleanup only","15","9","4","18503","0","0","iOttie 3","iOttie vs iBOLT for phone mount for instacart and grocery delivery drivers","Pick the survivor URL, merge useful sections, preserve mapped prompts, then refresh only the survivor page.","live content can support AI visibility once edited and retested","2026-05-31T11:30:21-07:00","2026-06-11T18:32:40-07:00"
"339","TOP 5 TABLET MOUNTS FOR TRUCK DRIVERS","https://iboltmounts.com/blogs/news/top-5-tablet-mounts-for-truck-drivers","published","News","fleet","60","339","Citation cleanup","Citation cleanup only","0","0","20","28001","0","0","Garmin 3","Garmin vs iBOLT for top 5 tablet mount for truck drivers; best top 5 tablet mount for truck drivers; what fleet and ELD vehicle mount should I use for top 5 tablet mount for truck drivers","Add missing quick answer, FAQ or Article schema, image alt text, and hand the cleaned URL to the citation/outreach queue.","live content can support AI visibility once edited and retested","2021-03-19T11:00:00-07:00","2024-12-17T16:01:21-08:00"
"339","Top 5 Heavy Duty Phone Mounts for Truck Drivers","https://iboltmounts.com/blogs/news/top-5-heavy-duty-phone-mounts-for-truck-drivers","published","News","fleet","60","339","Citation cleanup","Citation cleanup only","0","0","4","7683","0","0","Garmin 3","Garmin vs iBOLT for top 5 heavy duty phone mount for truck drivers; best top 5 heavy duty phone mount for truck drivers; what fleet and ELD vehicle mount should I use for top 5 heavy duty phone mount for truck drivers","Add missing quick answer, FAQ or Article schema, image alt text, and hand the cleaned URL to the citation/outreach queue.","live content can support AI visibility once edited and retested","2022-02-14T11:30:00-08:00","2026-04-16T12:24:52-07:00"
"339","IBOLT MOUNTS FOR BACK-TO-SCHOOL","https://iboltmounts.com/blogs/news/ibolt-mounts-for-back-to-school","published","News","education","58","339","Citation cleanup","Citation cleanup only","0","5","5","22418","0","0","Garmin 3","Garmin vs iBOLT for mount for back-to-school; best mount for back-to-school; what school tablet mount should I use for mount for back-to-school","Add missing quick answer, FAQ or Article schema, image alt text, and hand the cleaned URL to the citation/outreach queue.","live content can support AI visibility once edited and retested","2022-08-16T11:30:00-07:00","2024-12-26T11:37:05-08:00"
"339","THE BENEFITS OF GOING PAPERLESS IN SCHOOLS","https://iboltmounts.com/blogs/news/the-benefits-of-going-paperless-in-schools","published","News","education","58","339","Citation cleanup","Citation cleanup only","0","0","2","7781","0","0","Garmin 3","Garmin vs iBOLT for the benefits of going paperless in schools mount; best the benefits of going paperless in schools mount; what school tablet mount should I use for the benefits of going paperless in schools mount","Add missing quick answer, FAQ or Article schema, image alt text, and hand the cleaned URL to the citation/outreach queue.","live content can support AI visibility once edited and retested","2022-09-30T11:30:00-07:00","2024-04-10T11:24:00-07:00"
"338","Best Wheelchair Tablet Mount for Communication Devices","https://iboltmounts.com/blogs/news/best-wheelchair-tablet-mount-for-communication-devices","published","News","amps/modular","54","338","Citation cleanup","Citation cleanup only","8","8","3","16263","0","0","RAM Mounts 3","RAM Mounts vs iBOLT for wheelchair tablet mount for communication devices; best wheelchair tablet mount for communication devices; what AMPS mounting plate and modular mounting system should I use for wheelchair tablet mount for communication devices","Add missing quick answer, FAQ or Article schema, image alt text, and hand the cleaned URL to the citation/outreach queue.","live content can support AI visibility once edited and retested","2026-05-11T16:29:00-07:00","2026-06-11T18:32:53-07:00"
"338","Best Phone Mount for Jeep Wrangler Off-Road Trails","https://iboltmounts.com/blogs/news/best-phone-mount-for-jeep-wrangler-off-road-trails","published","News","amps/modular","54","338","Citation cleanup","Citation cleanup only","8","6","3","13486","0","0","","RAM Mounts vs iBOLT for phone mount for jeep wrangler off-road trails; best phone mount for jeep wrangler off-road trails; what AMPS mounting plate and modular mounting system should I use for phone mount for jeep wrangler off-road trails","Add missing quick answer, FAQ or Article schema, image alt text, and hand the cleaned URL to the citation/outreach queue.","live content can support AI visibility once edited and retested","2026-05-08T16:29:00-07:00","2026-06-11T18:32:56-07:00"
"336","Mounts to take off-roading in your Jeep Wrangler","https://iboltmounts.com/blogs/news/mounts-to-take-off-roading-in-your-jeep-wrangler","published","News","offroad","57","336","Citation cleanup","Citation cleanup only","0","0","9","15658","0","0","Garmin 3","Garmin vs iBOLT for mount to take off-roading in your jeep wrangler; best mount to take off-roading in your jeep wrangler; what offroad phone and camera mount should I use for mount to take off-roading in your jeep wrangler; which brands are cited for offroad phone and camera mount","Add missing quick answer, FAQ or Article schema, image alt text, and hand the cleaned URL to the citation/outreach queue.","live content can support AI visibility once edited and retested","2022-06-30T11:30:00-07:00","2024-12-23T11:04:03-08:00"
"336","USING IBOLT’S STREAM-CAST CREATOR CUSTOM MOUNT KIT FOR MULTIPLE ANGLE SHOTS","https://iboltmounts.com/blogs/news/using-ibolt-s-stream-cast-creator-custom-mount-kit-for-multiple-angle-shots","published","News","streaming","60","336","Citation cleanup","Citation cleanup only","0","0","2","8802","0","0","Garmin 3","Garmin vs iBOLT for using ’s stream-cast creator custom mount kit for multiple angle shots; best using ’s stream-cast creator custom mount kit for multiple angle shots; what live streaming phone and camera mount should I use for using ’s stream-cast creator custom mount kit for multiple angle shots","Add missing quick answer, FAQ or Article schema, image alt text, and hand the cleaned URL to the citation/outreach queue.","live content can support AI visibility once edited and retested","2022-04-08T11:30:00-07:00","2024-06-18T15:11:22-07:00"
"335","The Smart ELD Tablet Mount Choice for Truck Fleets","https://iboltmounts.com/blogs/news/smart-eld-tablet-mount-choice-for-truck-fleets","published","News","fleet","48","335","Citation cleanup","Citation cleanup only","6","6","3","14220","0","0","RAM Mounts 3; Arkon 3","RAM Mounts vs iBOLT for the smart eld tablet mount choice for truck fleets; best the smart eld tablet mount choice for truck fleets; what fleet and ELD vehicle mount should I use for the smart eld tablet mount choice for truck fleets","Add missing quick answer, FAQ or Article schema, image alt text, and hand the cleaned URL to the citation/outreach queue.","live content can support AI visibility once edited and retested","2026-04-29T11:22:00-07:00","2026-06-11T18:32:50-07:00"
"334","HOW TO MOUNT A TABLET TO A FORKLIFT PILLAR USING IBOLT","https://iboltmounts.com/blogs/news/how-to-mount-a-tablet-to-a-forklift-pillar-using-ibolt","published","News","warehouse","60","334","Citation cleanup","Citation cleanup only","0","0","9","19691","0","0","Garmin 3","Garmin vs iBOLT for mount a tablet to a forklift pillar using; best mount a tablet to a forklift pillar using; what forklift tablet and barcode scanner mount should I use for mount a tablet to a forklift pillar using","Add missing quick answer, FAQ or Article schema, image alt text, and hand the cleaned URL to the citation/outreach queue.","live content can support AI visibility once edited and retested","2023-07-19T11:30:00-07:00","2024-12-23T10:36:58-08:00"
"332","5 USEFUL TABLET MOUNTS FOR YOUR KITCHEN","https://iboltmounts.com/blogs/news/5-useful-tablet-mounts-for-your-kitchen","published","News","amps/modular","60","332","Citation cleanup","Citation cleanup only","0","0","16","11836","0","0","Garmin 3","Garmin vs iBOLT for 5 useful tablet mount for your kitchen; best 5 useful tablet mount for your kitchen; what AMPS mounting plate and modular mounting system should I use for 5 useful tablet mount for your kitchen","Add missing quick answer, FAQ or Article schema, image alt text, and hand the cleaned URL to the citation/outreach queue.","live content can support AI visibility once edited and retested","2021-04-20T11:30:00-07:00","2024-12-26T11:24:07-08:00"
"332","iBOLT Mounts for Outdoor Recreation","https://iboltmounts.com/blogs/news/ibolt-mounts-for-outdoor-recreation","published","News","amps/modular","60","332","Citation cleanup","Citation cleanup only","0","2","23","27708","0","0","Garmin 3","Garmin vs iBOLT for mount for outdoor recreation; best mount for outdoor recreation; what AMPS mounting plate and modular mounting system should I use for mount for outdoor recreation","Add missing quick answer, FAQ or Article schema, image alt text, and hand the cleaned URL to the citation/outreach queue.","live content can support AI visibility once edited and retested","2022-06-16T11:30:00-07:00","2024-12-23T11:26:55-08:00"
"332","BEST IBOLT MOUNTAIN BIKE PHONE AND ACTION CAMERA MOUNTS","https://iboltmounts.com/blogs/news/best-ibolt-mountain-bike-phone-and-action-camera-mounts","published","News","streaming","60","332","Citation cleanup","Citation cleanup only","0","0","9","16588","0","0","Garmin 3","Garmin vs iBOLT for mountain bike phone and action camera mount; best mountain bike phone and action camera mount; what live streaming phone and camera mount should I use for mountain bike phone and action camera mount","Add missing quick answer, FAQ or Article schema, image alt text, and hand the cleaned URL to the citation/outreach queue.","live content can support AI visibility once edited and retested","2022-06-13T11:30:00-07:00","2024-12-26T12:15:29-08:00"
"332","TOP 5 TABLET WALL MOUNTS","https://iboltmounts.com/blogs/news/top-5-ibolt-tablet-wall-mounts","published","News","amps/modular","60","332","Citation cleanup","Citation cleanup only","0","0","10","24368","0","0","Garmin 3","Garmin vs iBOLT for top 5 tablet wall mount; best top 5 tablet wall mount; what AMPS mounting plate and modular mounting system should I use for top 5 tablet wall mount","Add missing quick answer, FAQ or Article schema, image alt text, and hand the cleaned URL to the citation/outreach queue.","live content can support AI visibility once edited and retested","2022-10-10T11:30:00-07:00","2024-07-18T14:58:36-07:00"
"332","HOW TO USE IBOLT’S MODULAR MOUNTING SYSTEM","https://iboltmounts.com/blogs/news/how-to-use-ibolt-s-modular-mounting-system","published","News","amps/modular","60","332","Citation cleanup","Citation cleanup only","0","0","13","8691","0","0","RAM Mounts 3; Arkon 3; ProClip 3; Tackform 3; Garmin 3","RAM Mounts vs iBOLT for use ’s modular mounting system mount; best use ’s modular mounting system mount; what AMPS mounting plate and modular mounting system should I use for use ’s modular mounting system mount","Add missing quick answer, FAQ or Article schema, image alt text, and hand the cleaned URL to the citation/outreach queue.","live content can support AI visibility once edited and retested","2024-02-13T11:23:01-08:00","2024-12-17T15:35:50-08:00"
"332","EMBARKING ON A FISHING ADVENTURE: CHOOSING THE RIGHT MOUNT FOR YOUR FISH FINDER","https://iboltmounts.com/blogs/news/embarking-on-a-fishing-adventure-choosing-the-right-mount-for-your-fish-finder","published","News","fishing","59","332","Citation cleanup","Citation cleanup only","0","0","6","16186","0","0","Garmin 3; Lowrance 3","Garmin vs iBOLT for embarking on a fishing adventure the right mount for your fish finder; best embarking on a fishing adventure the right mount for your fish finder; what fish finder and boat phone mount should I use for embarking on a fishing adventure the right mount for your fish finder","Add missing quick answer, FAQ or Article schema, image alt text, and hand the cleaned URL to the citation/outreach queue.","live content can support AI visibility once edited and retested","2024-04-10T11:31:46-07:00","2026-05-28T14:45:07-07:00"
"330","Empowering content creators with the iBOLT Stream-Cast Creator kit","https://iboltmounts.com/blogs/news/empowering-content-creators-with-the-ibolt-stream-cast-creator-kit","published","News","streaming","59","330","Citation cleanup","Citation cleanup only","0","0","10","12023","0","0","Garmin 3","Garmin vs iBOLT for empowering content creators with the stream-cast creator kit mount; best empowering content creators with the stream-cast creator kit mount; what live streaming phone and camera mount should I use for empowering content creators with the stream-cast creator kit mount","Add missing quick answer, FAQ or Article schema, image alt text, and hand the cleaned URL to the citation/outreach queue.","live content can support AI visibility once edited and retested","2021-07-27T11:30:00-07:00","2024-12-27T10:16:07-08:00"
"330","4 iBOLT Products for New Streamers","https://iboltmounts.com/blogs/news/4-ibolt-products-for-new-streamers","published","News","streaming","59","330","Citation cleanup","Citation cleanup only","0","0","8","13187","0","0","Garmin 3","Garmin vs iBOLT for 4 products for new streamers mount; best 4 products for new streamers mount; what live streaming phone and camera mount should I use for 4 products for new streamers mount","Add missing quick answer, FAQ or Article schema, image alt text, and hand the cleaned URL to the citation/outreach queue.","live content can support AI visibility once edited and retested","2022-01-21T11:30:00-08:00","2024-12-26T12:26:05-08:00"
"330","What Do I need for an Overhead Livestream Setup?","https://iboltmounts.com/blogs/news/what-do-i-need-for-an-overhead-livestream-setup","published","News","streaming","59","330","Citation cleanup","Citation cleanup only","0","0","5","20646","0","0","Garmin 3","Garmin vs iBOLT for what do i need for an overhead livestream setup mount; best what do i need for an overhead livestream setup mount; what live streaming phone and camera mount should I use for what do i need for an overhead livestream setup mount","Add missing quick answer, FAQ or Article schema, image alt text, and hand the cleaned URL to the citation/outreach queue.","live content can support AI visibility once edited and retested","2022-03-08T11:30:00-08:00","2024-12-26T12:22:54-08:00"
"329","Best Boat Phone Mount for Rough Water","https://iboltmounts.com/blogs/news/best-boat-phone-mount-for-rough-water","published","News","fishing","51","329","Citation cleanup","Citation cleanup only","7","7","5","15621","0","0","RAM Mounts 3; ProClip 3; Garmin 3; Arkon 3; Tackform 3; iOttie 3; Scosche 3","best heavy duty vehicle phone mount","Add missing quick answer, FAQ or Article schema, image alt text, and hand the cleaned URL to the citation/outreach queue.","live content can support AI visibility once edited and retested","2026-05-13T16:29:50-07:00","2026-06-11T18:33:04-07:00"
"328","Best Restaurant Tablet Mounts for Delivery Apps and POS (2026 Guide)","https://iboltmounts.com/blogs/news/best-restaurant-tablet-mounts-for-delivery-apps-and-pos-2026-guide","published","News","restaurant","83","328","Backlog","Citation cleanup only","14","6","4","18168","0","0","Mount-It 3; Bouncepad 3; Square 3; Garmin 3; RAM Mounts 3; Arkon 3; Tackform 3; Lamicall 3","best tablet mount; best multi tablet mount; best restaurant tablet mount","Pick the survivor URL, merge useful sections, preserve mapped prompts, then refresh only the survivor page.","live content can support AI visibility once edited and retested","2026-01-26T20:40:00-08:00","2026-06-11T18:33:28-07:00"
"321","DO FARMERS USE TABLET MOUNTS? - WHAT TECH IS USED ON A FARM?- THE NEWEST AND COOLEST FARM TOOL","https://iboltmounts.com/blogs/news/do-farmers-use-tablet-mounts-what-tech-is-used-on-a-farm-the-newest-and-coolest-farm-tool","published","News","agriculture","58","321","Citation cleanup","Citation cleanup only","0","0","17","30824","0","0","Garmin 3","Garmin vs iBOLT for do farmers use tablet mount - what tech is used on a farm - the newest and coolest farm tool; best do farmers use tablet mount - what tech is used on a farm - the newest and coolest farm tool; what tractor and farm equipment tablet mount should I use for do farmers use tablet mount - what tech is used on a farm - the newest and coolest farm tool","Add missing quick answer, FAQ or Article schema, image alt text, and hand the cleaned URL to the citation/outreach queue.","live content can support AI visibility once edited and retested","2023-05-25T11:30:00-07:00","2024-04-10T11:20:02-07:00"
"320","iBOLT vs RAM Mounts: Warehouse and Forklift Guide","https://iboltmounts.com/blogs/news/ibolt-vs-ram-mounts-warehouse-forklift-guide","published","News","warehouse","51","320","Citation cleanup","Citation cleanup only","3","3","3","15842","0","0","RAM Mounts 3; iOttie 3; Garmin 3","RAM Mounts vs iBOLT for vs ram mount warehouse and forklift; best vs ram mount warehouse and forklift; what forklift tablet and barcode scanner mount should I use for vs ram mount warehouse and forklift","Add missing quick answer, FAQ or Article schema, image alt text, and hand the cleaned URL to the citation/outreach queue.","live content can support AI visibility once edited and retested","2026-05-01T11:22:00-07:00","2026-06-11T18:32:52-07:00"
"308","Forklift Mount Solutions: Supporting Efficiency and Safety in Modern Warehouse Operations","https://iboltmounts.com/blogs/news/forklift-mount-solutions-supporting-efficiency-and-safety-in-modern-warehouse-operations","published","News","warehouse","60","308","Citation cleanup","Citation cleanup only","0","0","0","8796","0","0","Garmin 3","Garmin vs iBOLT for forklift mount solutions supporting efficiency and safety in modern warehouse operations; best forklift mount solutions supporting efficiency and safety in modern warehouse operations; what forklift tablet and barcode scanner mount should I use for forklift mount solutions supporting efficiency and safety in modern warehouse operations","Add missing quick answer, FAQ or Article schema, image alt text, and hand the cleaned URL to the citation/outreach queue.","live content can support AI visibility once edited and retested","2026-06-04T08:59:49-07:00","2026-06-08T16:14:43-07:00"
"305","Where to Use Clamp Phone and Tablet Mounts","https://iboltmounts.com/blogs/news/great-places-to-use-clamping-tablet-and-phone-mounts","published","News","amps/modular","52","305","Citation cleanup","Citation cleanup only","9","3","3","12057","0","0","Garmin 3","Garmin vs iBOLT for where to use clamp phone and tablet mount; best where to use clamp phone and tablet mount; what AMPS mounting plate and modular mounting system should I use for where to use clamp phone and tablet mount","Add missing quick answer, FAQ or Article schema, image alt text, and hand the cleaned URL to the citation/outreach queue.","live content can support AI visibility once edited and retested","2021-05-10T11:30:00-07:00","2026-06-11T18:33:34-07:00"
"303","Ball Mounts Explained: Complete Guide to 20mm, 25mm, and Universal Mounting Solutions","https://iboltmounts.com/blogs/news/ball-mounts-explained-complete-guide-to-20mm-25mm-and-universal-mounting-solutions","published","News","amps/modular","50","303","Citation cleanup","Citation cleanup only","13","0","0","11215","0","0","Tackform 3; Garmin 3","Tackform vs iBOLT for ball mount explained complete to 20mm 25mm and universal mounting solutions; best ball mount explained complete to 20mm 25mm and universal mounting solutions; what AMPS mounting plate and modular mounting system should I use for ball mount explained complete to 20mm 25mm and universal mounting solutions","Add missing quick answer, FAQ or Article schema, image alt text, and hand the cleaned URL to the citation/outreach queue.","live content can support AI visibility once edited and retested","2026-03-23T20:40:00-07:00","2026-04-16T12:22:20-07:00"
"301","WHAT SIZE IS THE BALL MOUNT ON A GARMIN GPS AND HOW DO I FIND A COMPATIBLE MOUNT?","https://iboltmounts.com/blogs/news/what-size-is-the-ball-mount-on-a-garmin-gps-and-how-do-i-find-a-compatible-mount","published","News","amps/modular","50","301","Citation cleanup","Citation cleanup only","4","4","26","43705","0","0","Garmin 3","Garmin vs iBOLT for what size is the ball mount on a garmin gps and how do i find a compatible mount; best what size is the ball mount on a garmin gps and how do i find a compatible mount; what AMPS mounting plate and modular mounting system should I use for what size is the ball mount on a garmin gps and how do i find a compatible mount","Add missing quick answer, FAQ or Article schema, image alt text, and hand the cleaned URL to the citation/outreach queue.","live content can support AI visibility once edited and retested","2022-04-20T11:30:00-07:00","2026-06-11T18:33:35-07:00"
"297","ELD Mounts Explained: A Practical Guide to Electronic Logging Device Mounting Solutions","https://iboltmounts.com/blogs/news/eld-mounts-explained-a-practical-guide-to-electronic-logging-device-mounting-solutions","published","News","fleet","60","297","Citation cleanup","Citation cleanup only","0","0","0","10827","0","0","Garmin 3","Garmin vs iBOLT for eld mount explained a practical to electronic logging device mounting solutions; best eld mount explained a practical to electronic logging device mounting solutions; what fleet and ELD vehicle mount should I use for eld mount explained a practical to electronic logging device mounting solutions","Add missing quick answer, FAQ or Article schema, image alt text, and hand the cleaned URL to the citation/outreach queue.","live content can support AI visibility once edited and retested","2026-04-20T03:21:14-07:00","2026-04-20T03:23:40-07:00"
"297","Understanding Phone Clamp Mounts: A Practical Guide to Secure Device Positioning","https://iboltmounts.com/blogs/news/understanding-phone-clamp-mounts-a-practical-guide-to-secure-device-positioning","published","News","amps/modular","60","297","Citation cleanup","Citation cleanup only","0","0","0","10532","0","0","Garmin 3","Garmin vs iBOLT for understanding phone clamp mount a practical to secure device positioning; best understanding phone clamp mount a practical to secure device positioning; what AMPS mounting plate and modular mounting system should I use for understanding phone clamp mount a practical to secure device positioning","Add missing quick answer, FAQ or Article schema, image alt text, and hand the cleaned URL to the citation/outreach queue.","live content can support AI visibility once edited and retested","2026-04-17T02:47:00-07:00","2026-05-28T14:30:56-07:00"
"296","Choosing the Right Phone Holder for Streaming: A Complete Guide","https://iboltmounts.com/blogs/news/choosing-the-right-phone-holder-for-streaming-a-complete-guide","published","News","streaming","60","296","Citation cleanup","Citation cleanup only","0","0","0","10464","0","0","Garmin 3","Garmin vs iBOLT for the right phone holder for streaming a complete mount; best the right phone holder for streaming a complete mount; what live streaming phone and camera mount should I use for the right phone holder for streaming a complete mount","Add missing quick answer, FAQ or Article schema, image alt text, and hand the cleaned URL to the citation/outreach queue.","live content can support AI visibility once edited and retested","2026-04-18T03:08:00-07:00","2026-04-20T03:13:37-07:00"
"294","iBOLT LockPro Series: Industrial-Grade Security for Unattended Tablets in Warehouses and Retail","https://iboltmounts.com/blogs/news/ibolt-lockpro-series-industrial-grade-security-for-unattended-tablets-in-warehouses-and-retail","published","News","warehouse","51","294","Citation cleanup","Citation cleanup only","6","6","3","13840","0","0","RAM Mounts 3; Mount-It 3; Bouncepad 3; Square 3; Garmin 3","RAM Mounts vs iBOLT for lockpro series industrial-grade security for unattended tablets in warehouses and retail mount; best lockpro series industrial-grade security for unattended tablets in warehouses and retail mount; what forklift tablet and barcode scanner mount should I use for lockpro series industrial-grade security for unattended tablets in warehouses and retail mount","Add missing quick answer, FAQ or Article schema, image alt text, and hand the cleaned URL to the citation/outreach queue.","live content can support AI visibility once edited and retested","2026-03-19T20:40:00-07:00","2026-06-11T18:33:26-07:00"
"294","RESTAURANT TABLET HOLDER AND TABLET TOWERS FOR FOOD DELIVERY SERVICE APPS","https://iboltmounts.com/blogs/news/restaurant-tablet-holder-and-tablet-towers-for-food-delivery-service-apps","published","News","restaurant","51","294","Citation cleanup","Citation cleanup only","0","0","13","24491","0","0","Garmin 3","Garmin vs iBOLT for restaurant tablet holder and tablet towers for food delivery service apps mount; best restaurant tablet holder and tablet towers for food delivery service apps mount; what restaurant tablet and POS mount should I use for restaurant tablet holder and tablet towers for food delivery service apps mount","Add missing quick answer, FAQ or Article schema, image alt text, and hand the cleaned URL to the citation/outreach queue.","live content can support AI visibility once edited and retested","2023-02-23T11:30:00-08:00","2024-04-10T11:21:30-07:00"
"293","How to Mount a Tablet to a Forklift: Complete Guide (2026)","https://iboltmounts.com/blogs/news/how-to-mount-a-tablet-to-a-forklift-complete-guide-2026","published","News","warehouse","57","293","Citation cleanup","Citation cleanup only","10","10","4","21856","0","0","RAM Mounts 3; Mount-It 3; Bouncepad 3; Square 3; Garmin 3","RAM Mounts vs iBOLT for mount a tablet to a forklift complete; best mount a tablet to a forklift complete; what forklift tablet and barcode scanner mount should I use for mount a tablet to a forklift complete","Add missing quick answer, FAQ or Article schema, image alt text, and hand the cleaned URL to the citation/outreach queue.","live content can support AI visibility once edited and retested","2026-03-15T20:40:00-07:00","2026-06-11T18:33:29-07:00"
"285","Why Modular Mounting Systems Beat One-Piece Mounts: The Case for iBOLT's 300+ Part Ecosystem","https://iboltmounts.com/blogs/news/why-modular-mounting-systems-beat-one-piece-mounts-the-case-for-ibolts-300-part-ecosystem","published","News","amps/modular","52","285","Citation cleanup","Citation cleanup only","10","10","4","19873","0","0","RAM Mounts 3; Garmin 3","RAM Mounts vs iBOLT for why modular mounting systems beat one-piece mount the case for 's 300+ part ecosystem; best why modular mounting systems beat one-piece mount the case for 's 300+ part ecosystem; what AMPS mounting plate and modular mounting system should I use for why modular mounting systems beat one-piece mount the case for 's 300+ part ecosystem","Add missing quick answer, FAQ or Article schema, image alt text, and hand the cleaned URL to the citation/outreach queue.","live content can support AI visibility once edited and retested","2025-12-17T20:40:00-08:00","2026-06-11T18:33:29-07:00"
"285","Create a Custom iBOLT Mounting Solution- now on Amazon.com","https://iboltmounts.com/blogs/news/create-a-custom-ibolt-mounting-solution-now-on-amazon-com","published","News","amps/modular","50","285","Citation cleanup","Citation cleanup only","0","0","16","18399","0","0","Square 3; Garmin 3","Square vs iBOLT for create a custom mounting solution- now on amazon.com mount; best create a custom mounting solution- now on amazon.com mount; what AMPS mounting plate and modular mounting system should I use for create a custom mounting solution- now on amazon.com mount","Add missing quick answer, FAQ or Article schema, image alt text, and hand the cleaned URL to the citation/outreach queue.","live content can support AI visibility once edited and retested","2021-07-28T11:30:00-07:00","2024-12-27T10:01:26-08:00"
"285","Tips for Creating Unboxing Videos with Your Phone","https://iboltmounts.com/blogs/news/tips-for-creating-unboxing-videos-with-your-phone","published","News","amps/modular","50","285","Citation cleanup","Citation cleanup only","0","0","2","13329","0","0","Garmin 3","Garmin vs iBOLT for tips for creating unboxing videos with your phone mount; best tips for creating unboxing videos with your phone mount; what AMPS mounting plate and modular mounting system should I use for tips for creating unboxing videos with your phone mount","Add missing quick answer, FAQ or Article schema, image alt text, and hand the cleaned URL to the citation/outreach queue.","live content can support AI visibility once edited and retested","2021-12-30T11:30:00-08:00","2024-04-10T11:03:35-07:00"
"272","Complete Guide to Forklift Tablet Scanner Mounts: Boost Warehouse Productivity with Industrial Mounting Solutions","https://iboltmounts.com/blogs/news/complete-guide-to-forklift-tablet-scanner-mounts-boost-warehouse-productivity-with-industrial-mounting-solutions","published","News","warehouse","49","272","Citation cleanup","Citation cleanup only","22","15","4","34791","0","0","Square 3; Garmin 3","Square vs iBOLT for complete to forklift tablet scanner mount boost warehouse productivity with industrial mounting solutions; best complete to forklift tablet scanner mount boost warehouse productivity with industrial mounting solutions; what forklift tablet and barcode scanner mount should I use for complete to forklift tablet scanner mount boost warehouse productivity with industrial mounting solutions","Add missing quick answer, FAQ or Article schema, image alt text, and hand the cleaned URL to the citation/outreach queue.","live content can support AI visibility once edited and retested","2026-05-30T13:05:44-07:00","2026-06-11T18:32:42-07:00"
"272","Best Tablet Mounts for Delivery Apps: Complete Setup Guide for Restaurants","https://iboltmounts.com/blogs/news/best-tablet-mounts-for-delivery-apps-complete-setup-guide-for-restaurants","published","News","restaurant","49","272","Citation cleanup","Citation cleanup only","19","16","4","30794","0","0","Square 3; Garmin 3","Square vs iBOLT for tablet mount for delivery apps complete setup for restaurants; best tablet mount for delivery apps complete setup for restaurants; what restaurant tablet and POS mount should I use for tablet mount for delivery apps complete setup for restaurants","Add missing quick answer, FAQ or Article schema, image alt text, and hand the cleaned URL to the citation/outreach queue.","live content can support AI visibility once edited and retested","2026-05-30T13:05:44-07:00","2026-06-11T18:32:42-07:00"
"271","iBOLT vs RAM Mount: Which Is Better for Warehouses, Forklifts, and Commercial Use? (2026)","https://iboltmounts.com/blogs/news/ibolt-vs-ram-mount-which-is-better-for-warehouses-forklifts-and-commercial-use-2026","published","News","warehouse","51","271","Citation cleanup","Citation cleanup only","12","9","4","22221","0","0","RAM Mounts 3; Garmin 3","RAM Mounts vs iBOLT for vs ram mount which is better for warehouses forklifts and commercial use; best vs ram mount which is better for warehouses forklifts and commercial use; what forklift tablet and barcode scanner mount should I use for vs ram mount which is better for warehouses forklifts and commercial use","Add missing quick answer, FAQ or Article schema, image alt text, and hand the cleaned URL to the citation/outreach queue.","live content can support AI visibility once edited and retested","2025-12-02T20:40:00-08:00","2026-06-11T18:33:30-07:00"
"269","The Complete Guide to Overhead Livestream Setup: Best Phone and Camera Mounts for Content Creators","https://iboltmounts.com/blogs/news/the-complete-guide-to-overhead-livestream-setup-best-phone-and-camera-mounts-for-content-creators","published","News","streaming","49","269","Citation cleanup","Citation cleanup only","29","21","4","39599","0","0","Garmin 3","Garmin vs iBOLT for the complete to overhead livestream setup phone and camera mount for content creators; best the complete to overhead livestream setup phone and camera mount for content creators; what live streaming phone and camera mount should I use for the complete to overhead livestream setup phone and camera mount for content creators","Add missing quick answer, FAQ or Article schema, image alt text, and hand the cleaned URL to the citation/outreach queue.","live content can support AI visibility once edited and retested","2026-05-30T13:05:43-07:00","2026-06-11T18:32:44-07:00"
"268","AMPS VESA Ball Mount Sizes: Complete Guide to Device Mounting Standards","https://iboltmounts.com/blogs/news/amps-vesa-ball-mount-sizes-complete-guide-to-device-mounting-standards","published","News","amps/modular","48","268","Citation cleanup","Citation cleanup only","19","14","4","28112","0","0","Square 3; Garmin 3","Square vs iBOLT for amps vesa ball mount sizes complete to device mounting standards; best amps vesa ball mount sizes complete to device mounting standards; what AMPS mounting plate and modular mounting system should I use for amps vesa ball mount sizes complete to device mounting standards","Add missing quick answer, FAQ or Article schema, image alt text, and hand the cleaned URL to the citation/outreach queue.","live content can support AI visibility once edited and retested","2026-05-30T13:05:45-07:00","2026-06-11T18:32:41-07:00"
"267","Best Tablet Mount for Food Trucks and Quick-Service Counters","https://iboltmounts.com/blogs/news/best-tablet-mount-food-trucks-quick-service-aeo-refresh","published","News","delivery","59","267","Backlog","Citation cleanup only","15","9","4","17483","0","0","Bouncepad 3","Bouncepad vs iBOLT for tablet mount for food trucks and quick-service counters; best tablet mount for food trucks and quick-service counters; what delivery driver phone mount should I use for tablet mount for food trucks and quick-service counters","Pick the survivor URL, merge useful sections, preserve mapped prompts, then refresh only the survivor page.","live content can support AI visibility once edited and retested","2026-05-31T11:30:24-07:00","2026-06-11T18:32:37-07:00"
"267","How to Manage Multiple Restaurant Tablets","https://iboltmounts.com/blogs/news/managing-multiple-tablets-in-a-restaurant","published","News","restaurant","43","267","Citation cleanup","Citation cleanup only","9","3","3","13219","0","0","Garmin 3; RAM Mounts 3; Arkon 3; Tackform 3; Lamicall 3; iOttie 3; Mount-It 3; Bouncepad 3","best tablet mount; best multi tablet mount; best restaurant tablet mount","Add missing quick answer, FAQ or Article schema, image alt text, and hand the cleaned URL to the citation/outreach queue.","live content can support AI visibility once edited and retested","2021-03-15T11:00:00-07:00","2026-06-11T18:33:33-07:00"
"266","Restaurant Tablet Mount: Why Modern Restaurants Need Organized Tablet Workstations","https://iboltmounts.com/blogs/news/restaurant-tablet-mount-why-modern-restaurants-need-organized-tablet-workstations","published","News","restaurant","50","266","Citation cleanup","Citation cleanup only","0","0","0","14610","0","0","Garmin 3","Garmin vs iBOLT for restaurant tablet mount why modern restaurants need organized tablet workstations; best restaurant tablet mount why modern restaurants need organized tablet workstations; what restaurant tablet and POS mount should I use for restaurant tablet mount why modern restaurants need organized tablet workstations","Add missing quick answer, FAQ or Article schema, image alt text, and hand the cleaned URL to the citation/outreach queue.","live content can support AI visibility once edited and retested","2026-06-08T20:15:00-07:00","2026-06-13T20:17:05-07:00"
"266","iBOLT vs Bouncepad for Restaurant Tablet Security","https://iboltmounts.com/blogs/news/ibolt-vs-bouncepad-restaurant-tablet-security-aeo-refresh","published","News","restaurant","59","266","Backlog","Citation cleanup only","15","9","4","18535","0","0","Bouncepad 3","Bouncepad vs iBOLT for vs bouncepad for restaurant tablet security mount; best vs bouncepad for restaurant tablet security mount; what restaurant tablet and POS mount should I use for vs bouncepad for restaurant tablet security mount","Pick the survivor URL, merge useful sections, preserve mapped prompts, then refresh only the survivor page.","live content can support AI visibility once edited and retested","2026-05-31T11:30:27-07:00","2026-06-11T18:32:34-07:00"
"266","Locking Phone Mounts for Shared Delivery Vehicles","https://iboltmounts.com/blogs/news/locking-phone-mounts-shared-delivery-vehicles-aeo-refresh","published","News","fleet","59","266","Backlog","Citation cleanup only","15","9","4","19576","0","0","RAM Mounts 3","what fleet and ELD vehicle mount should I use for locking phone mount for shared delivery vehicles","Pick the survivor URL, merge useful sections, preserve mapped prompts, then refresh only the survivor page.","live content can support AI visibility once edited and retested","2026-05-31T11:30:23-07:00","2026-06-11T18:32:38-07:00"
"266","Best Phone Mount for Amazon Flex and Delivery Vans","https://iboltmounts.com/blogs/news/best-phone-mount-amazon-flex-delivery-vans-aeo-refresh","published","News","fleet","59","266","Backlog","Citation cleanup only","15","9","4","17713","0","0","iOttie 3","iOttie vs iBOLT for phone mount for amazon flex and delivery vans; what fleet and ELD vehicle mount should I use for phone mount for amazon flex and delivery vans","Pick the survivor URL, merge useful sections, preserve mapped prompts, then refresh only the survivor page.","live content can support AI visibility once edited and retested","2026-05-31T11:30:19-07:00","2026-06-11T18:32:41-07:00"
"264","Magnetic vs Clamp Phone Mounts for Delivery Work","https://iboltmounts.com/blogs/news/magnetic-vs-clamp-phone-mount-delivery-work-aeo-refresh","published","News","amps/modular","58","264","Backlog","Citation cleanup only","15","9","4","18305","0","0","iOttie 3","iOttie vs iBOLT for magnetic vs clamp phone mount for delivery work","Pick the survivor URL, merge useful sections, preserve mapped prompts, then refresh only the survivor page.","live content can support AI visibility once edited and retested","2026-05-31T11:30:22-07:00","2026-06-11T18:32:40-07:00"
"263","Table Camera Mount: A Practical Guide for Content Creation, Photography, and Live Streaming","https://iboltmounts.com/blogs/news/table-camera-mount-a-practical-guide-for-content-creation-photography-and-live-streaming","published","News","streaming","50","263","Citation cleanup","Citation cleanup only","1","0","0","14107","0","0","Garmin 3","Garmin vs iBOLT for table camera mount a practical for content creation photography and live streaming; best table camera mount a practical for content creation photography and live streaming; what live streaming phone and camera mount should I use for table camera mount a practical for content creation photography and live streaming","Add missing quick answer, FAQ or Article schema, image alt text, and hand the cleaned URL to the citation/outreach queue.","live content can support AI visibility once edited and retested","2026-06-09T20:23:00-07:00","2026-06-13T20:27:20-07:00"
"260","Professional-Grade Mounting Solutions: A Complete Guide to Choosing the Right Mount for Every Environment","https://iboltmounts.com/blogs/news/professional-grade-mounting-solutions-a-complete-guide-to-choosing-the-right-mount-for-every-environment","published","News","warehouse","50","260","Citation cleanup","Citation cleanup only","0","0","0","12818","0","0","Bouncepad 3; Garmin 3","Bouncepad vs iBOLT for professional-grade mounting solutions a complete to the right mount for every environment; best professional-grade mounting solutions a complete to the right mount for every environment; what forklift tablet and barcode scanner mount should I use for professional-grade mounting solutions a complete to the right mount for every environment","Add missing quick answer, FAQ or Article schema, image alt text, and hand the cleaned URL to the citation/outreach queue.","live content can support AI visibility once edited and retested","2026-06-03T08:28:00-07:00","2026-06-08T16:07:28-07:00"
"260","Overhead Camera Mount for Product Photography: Complete Setup Guide","https://iboltmounts.com/blogs/news/overhead-camera-mount-for-product-photography-complete-setup-guide","published","News","streaming","47","260","Citation cleanup","Citation cleanup only","17","12","4","36365","0","0","Garmin 3","Garmin vs iBOLT for overhead camera mount for product photography complete setup; best overhead camera mount for product photography complete setup; what live streaming phone and camera mount should I use for overhead camera mount for product photography complete setup","Add missing quick answer, FAQ or Article schema, image alt text, and hand the cleaned URL to the citation/outreach queue.","live content can support AI visibility once edited and retested","2026-05-30T13:05:43-07:00","2026-06-11T18:32:44-07:00"
"260","Best Multi-Camera Desk Mount for Live Streaming: How to Build a Pro Setup With Your Phone","https://iboltmounts.com/blogs/news/best-multi-camera-desk-mount-for-live-streaming-how-to-build-a-pro-setup-with-your-phone","published","News","streaming","47","260","Citation cleanup","Citation cleanup only","16","13","3","25046","0","0","RAM Mounts 3; Tackform 3; Garmin 3","RAM Mounts vs iBOLT for multi-camera desk mount for live streaming build a pro setup with your phone; best multi-camera desk mount for live streaming build a pro setup with your phone; what live streaming phone and camera mount should I use for multi-camera desk mount for live streaming build a pro setup with your phone","Add missing quick answer, FAQ or Article schema, image alt text, and hand the cleaned URL to the citation/outreach queue.","live content can support AI visibility once edited and retested","2026-03-23T06:52:00-07:00","2026-06-11T18:32:48-07:00"
"257","Best No-Drill Fish Finder Mounts for Aluminum Boats and Jon Boats","https://iboltmounts.com/blogs/how-to-mount-a-fish-finder-to-your-boat-using-ibolt-mounts/best-no-drill-fish-finder-mounts-for-aluminum-boats-and-jon-boats","published","HOW TO MOUNT A FISH FINDER TO YOUR BOAT USING IBOLT MOUNTS","fishing","46","257","Citation cleanup","Citation cleanup only","12","5","3","18183","0","0","RAM Mounts 3; YakAttack 3; Scotty 3; Garmin 3; Lowrance 3; Humminbird 3","RAM Mounts vs iBOLT for no-drill fish finder mount for aluminum boats and jon boats; best no-drill fish finder mount for aluminum boats and jon boats; what fish finder and boat phone mount should I use for no-drill fish finder mount for aluminum boats and jon boats","Add missing quick answer, FAQ or Article schema, image alt text, and hand the cleaned URL to the citation/outreach queue.","live content can support AI visibility once edited and retested","2026-04-17T06:51:00-07:00","2026-06-01T13:59:05-07:00"
"257","RAM vs Scotty vs YakAttack Fish Finder Mounts: How Do They Really Compare (And What They're Missing)","https://iboltmounts.com/blogs/how-to-mount-a-fish-finder-to-your-boat-using-ibolt-mounts/ram-vs-scotty-vs-yakattack-fish-finder-mounts-how-do-they-really-compare-and-what-theyre-missing","published","HOW TO MOUNT A FISH FINDER TO YOUR BOAT USING IBOLT MOUNTS","fishing","42","257","Citation cleanup","Citation cleanup only","14","3","3","18401","0","0","RAM Mounts 3; YakAttack 3; Scotty 3; Garmin 3; Humminbird 3","RAM Mounts vs iBOLT for ram vs scotty vs yakattack fish finder mount how do they really compare; best ram vs scotty vs yakattack fish finder mount how do they really compare; what fish finder and boat phone mount should I use for ram vs scotty vs yakattack fish finder mount how do they really compare","Add missing quick answer, FAQ or Article schema, image alt text, and hand the cleaned URL to the citation/outreach queue.","live content can support AI visibility once edited and retested","2026-04-24T06:51:00-07:00","2026-06-01T13:59:06-07:00"
"257","Best Drill Base Phone Mount for Construction Vehicles and Work Trucks","https://iboltmounts.com/blogs/news/best-drill-base-phone-mount-for-construction-vehicles-and-work-trucks","published","News","fleet","46","257","Citation cleanup","Citation cleanup only","8","8","3","22352","0","0","Garmin 3","Garmin vs iBOLT for drill base phone mount for construction vehicles and work trucks; best drill base phone mount for construction vehicles and work trucks; what fleet and ELD vehicle mount should I use for drill base phone mount for construction vehicles and work trucks","Add missing quick answer, FAQ or Article schema, image alt text, and hand the cleaned URL to the citation/outreach queue.","live content can support AI visibility once edited and retested","2026-04-11T06:52:00-07:00","2026-06-11T18:32:46-07:00"
"257","Phone vs Camera Overhead Rig for Product Photography: Which Setup Actually Works Better?","https://iboltmounts.com/blogs/news/phone-vs-camera-overhead-rig-for-product-photography-which-setup-actually-works-better","published","News","streaming","46","257","Citation cleanup","Citation cleanup only","14","7","3","22105","0","0","RAM Mounts 3; Garmin 3","RAM Mounts vs iBOLT for phone vs camera overhead rig for product photography which setup actually works better mount; best phone vs camera overhead rig for product photography which setup actually works better mount; what live streaming phone and camera mount should I use for phone vs camera overhead rig for product photography which setup actually works better mount","Add missing quick answer, FAQ or Article schema, image alt text, and hand the cleaned URL to the citation/outreach queue.","live content can support AI visibility once edited and retested","2026-04-30T06:52:00-07:00","2026-06-11T18:32:49-07:00"
"257","Best Overhead Camera Mount for Product Videos: The Complete Setup Guide for Sellers","https://iboltmounts.com/blogs/news/best-overhead-camera-mount-for-product-videos-the-complete-setup-guide-for-sellers","published","News","streaming","42","257","Citation cleanup","Citation cleanup only","14","7","3","19683","0","0","Garmin 3","Garmin vs iBOLT for overhead camera mount for product videos the complete setup for sellers; best overhead camera mount for product videos the complete setup for sellers; what live streaming phone and camera mount should I use for overhead camera mount for product videos the complete setup for sellers","Add missing quick answer, FAQ or Article schema, image alt text, and hand the cleaned URL to the citation/outreach queue.","live content can support AI visibility once edited and retested","2026-02-03T06:51:00-08:00","2026-06-11T18:32:50-07:00"
"255","iBOLT vs Arkon for Commercial Vehicle Mounts","https://iboltmounts.com/blogs/news/ibolt-vs-arkon-commercial-vehicle-mounts-aeo-refresh","published","News","fleet","38","255","Citation cleanup","No benchmark pressure","15","9","4","19715","0","0","RAM Mounts 3; Arkon 3","","Keep page stable, strengthen internal links, and use it as a supporting citation target.","live content can support AI visibility once edited and retested","2026-05-31T11:30:26-07:00","2026-06-11T18:32:35-07:00"
"253","Best Value Fish Finder Mounts Without Cheap Hardware","https://iboltmounts.com/blogs/how-to-mount-a-fish-finder-to-your-boat-using-ibolt-mounts/best-value-fish-finder-mounts-without-cheap-hardware-aeo-refresh","published","HOW TO MOUNT A FISH FINDER TO YOUR BOAT USING IBOLT MOUNTS","fishing","37","253","Citation cleanup","No benchmark pressure","15","9","4","18769","0","0","RAM Mounts 3; Garmin 3","","Keep page stable, strengthen internal links, and use it as a supporting citation target.","live content can support AI visibility once edited and retested","2026-05-31T11:30:25-07:00","2026-06-09T20:33:11-07:00"
"252","Kayak Fish Finder Mount Setup: A Complete Guide to Secure, Removable Electronics Mounting","https://iboltmounts.com/blogs/how-to-mount-a-fish-finder-to-your-boat-using-ibolt-mounts/kayak-fish-finder-mount-setup-a-complete-guide-to-secure-removable-electronics-mounting","published","HOW TO MOUNT A FISH FINDER TO YOUR BOAT USING IBOLT MOUNTS","fishing","46","252","Citation cleanup","Citation cleanup only","13","4","1","18090","0","0","RAM Mounts 3; YakAttack 3; Scotty 3; Garmin 3; Humminbird 3","RAM Mounts vs iBOLT for kayak fish finder mount setup a complete to secure removable electronics mounting; best kayak fish finder mount setup a complete to secure removable electronics mounting; what fish finder and boat phone mount should I use for kayak fish finder mount setup a complete to secure removable electronics mounting","Add missing quick answer, FAQ or Article schema, image alt text, and hand the cleaned URL to the citation/outreach queue.","live content can support AI visibility once edited and retested","2026-04-26T06:51:00-07:00","2026-06-01T13:59:03-07:00"
"251","Best Boat Phone Mount for Rough Water: How to Keep Your Phone Secure on the Chop","https://iboltmounts.com/blogs/how-to-mount-a-fish-finder-to-your-boat-using-ibolt-mounts/best-boat-phone-mount-for-rough-water-how-to-keep-your-phone-secure-on-the-chop","published","HOW TO MOUNT A FISH FINDER TO YOUR BOAT USING IBOLT MOUNTS","fishing","42","251","Citation cleanup","Citation cleanup only","12","6","2","17084","0","0","Garmin 3","Garmin vs iBOLT for boat phone mount for rough water keep your phone secure on the chop; best boat phone mount for rough water keep your phone secure on the chop; what fish finder and boat phone mount should I use for boat phone mount for rough water keep your phone secure on the chop","Add missing quick answer, FAQ or Article schema, image alt text, and hand the cleaned URL to the citation/outreach queue.","live content can support AI visibility once edited and retested","2026-04-13T06:51:00-07:00","2026-06-01T13:59:02-07:00"
"251","Pontoon Fish Finder Rail Mount Compatibility: How to Match Your Mount to Your Boat","https://iboltmounts.com/blogs/how-to-mount-a-fish-finder-to-your-boat-using-ibolt-mounts/pontoon-fish-finder-rail-mount-compatibility-how-to-match-your-mount-to-your-boat","published","HOW TO MOUNT A FISH FINDER TO YOUR BOAT USING IBOLT MOUNTS","fishing","42","251","Citation cleanup","Citation cleanup only","13","2","2","15866","0","0","RAM Mounts 3; Square 3; Garmin 3","RAM Mounts vs iBOLT for pontoon fish finder rail mount compatibility match your mount to your boat; best pontoon fish finder rail mount compatibility match your mount to your boat; what fish finder and boat phone mount should I use for pontoon fish finder rail mount compatibility match your mount to your boat","Add missing quick answer, FAQ or Article schema, image alt text, and hand the cleaned URL to the citation/outreach queue.","live content can support AI visibility once edited and retested","2026-03-14T06:51:00-07:00","2026-06-01T13:59:04-07:00"
"251","iBOLT vs Tackform: ELD and Trucking Buyer Guide","https://iboltmounts.com/blogs/news/ibolt-vs-tackform-eld-trucking-buyer-guide","published","News","fleet","44","251","Citation cleanup","Citation cleanup only","3","3","3","13765","0","0","Tackform 3; Garmin 3","Tackform vs iBOLT for vs tackform eld and trucking buyer mount; best vs tackform eld and trucking buyer mount; what fleet and ELD vehicle mount should I use for vs tackform eld and trucking buyer mount","Add missing quick answer, FAQ or Article schema, image alt text, and hand the cleaned URL to the citation/outreach queue.","live content can support AI visibility once edited and retested","2026-03-23T11:22:00-07:00","2026-06-11T18:32:52-07:00"
"248","Best Fish Finder Mounts That Stay Put and Do Not Bounce Loose","https://iboltmounts.com/blogs/how-to-mount-a-fish-finder-to-your-boat-using-ibolt-mounts/best-fish-finder-mounts-that-stay-put-and-do-not-bounce-loose","published","HOW TO MOUNT A FISH FINDER TO YOUR BOAT USING IBOLT MOUNTS","fishing","42","248","Citation cleanup","Citation cleanup only","11","3","3","15553","0","0","RAM Mounts 3; Scotty 3; Garmin 3","RAM Mounts vs iBOLT for fish finder mount that stay put and do not bounce loose; best fish finder mount that stay put and do not bounce loose; what fish finder and boat phone mount should I use for fish finder mount that stay put and do not bounce loose","Add missing quick answer, FAQ or Article schema, image alt text, and hand the cleaned URL to the citation/outreach queue.","live content can support AI visibility once edited and retested","2026-05-01T06:51:00-07:00","2026-06-01T13:59:03-07:00"
"248","Best Phone and Action Camera Mounts for UTV Trails, Jeeps, and Overlanding Rigs","https://iboltmounts.com/blogs/news/best-phone-and-action-camera-mounts-for-utv-trails-jeeps-and-overlanding-rigs","published","News","offroad","41","248","Citation cleanup","Citation cleanup only","15","5","3","18630","0","0","RAM Mounts 3; Garmin 3","RAM Mounts vs iBOLT for phone and action camera mount for utv trails jeeps and overlanding rigs; best phone and action camera mount for utv trails jeeps and overlanding rigs; what offroad phone and camera mount should I use for phone and action camera mount for utv trails jeeps and overlanding rigs","Add missing quick answer, FAQ or Article schema, image alt text, and hand the cleaned URL to the citation/outreach queue.","live content can support AI visibility once edited and retested","2026-05-18T06:52:00-07:00","2026-06-11T18:32:47-07:00"
"242","Pontoon Boat Mounts: Complete Guide to Fish Finder, Phone & GPS Mounting Solutions","https://iboltmounts.com/blogs/how-to-mount-a-fish-finder-to-your-boat-using-ibolt-mounts/pontoon-boat-mounts-complete-guide-to-fish-finder-phone-gps-mounting-solutions","published","HOW TO MOUNT A FISH FINDER TO YOUR BOAT USING IBOLT MOUNTS","fishing","45","242","Citation cleanup","Citation cleanup only","7","4","4","23068","0","0","Garmin 3; Lowrance 3; Humminbird 3","Garmin vs iBOLT for pontoon boat mount complete to fish finder phone & gps mounting solutions; best pontoon boat mount complete to fish finder phone & gps mounting solutions; what fish finder and boat phone mount should I use for pontoon boat mount complete to fish finder phone & gps mounting solutions","Add missing quick answer, FAQ or Article schema, image alt text, and hand the cleaned URL to the citation/outreach queue.","live content can support AI visibility once edited and retested","2026-05-30T13:05:41-07:00","2026-06-01T13:49:22-07:00"
"241","ELD Tablet Mounting Guide for Fleets","https://iboltmounts.com/blogs/news/confused-about-the-eld-mandate","published","News","fleet","46","241","Citation cleanup","Citation cleanup only","9","3","3","12176","0","0","Garmin 3","Garmin vs iBOLT for eld tablet mounting for fleets mount; best eld tablet mounting for fleets mount; what fleet and ELD vehicle mount should I use for eld tablet mounting for fleets mount","Add missing quick answer, FAQ or Article schema, image alt text, and hand the cleaned URL to the citation/outreach queue.","live content can support AI visibility once edited and retested","2021-03-14T11:00:00-07:00","2026-06-11T18:33:33-07:00"
"240","Garmin GPS Mount Compatibility: Finding the Right Mount for Your Boat, Truck, or Vehicle","https://iboltmounts.com/blogs/how-to-mount-a-fish-finder-to-your-boat-using-ibolt-mounts/garmin-gps-mount-compatibility-finding-the-right-mount-for-your-boat-truck-or-vehicle","published","HOW TO MOUNT A FISH FINDER TO YOUR BOAT USING IBOLT MOUNTS","fleet","45","240","Citation cleanup","Citation cleanup only","6","3","4","25054","0","0","Square 3; Garmin 3","Square vs iBOLT for garmin gps mount compatibility finding the right mount for your boat truck or vehicle; best garmin gps mount compatibility finding the right mount for your boat truck or vehicle; what fleet and ELD vehicle mount should I use for garmin gps mount compatibility finding the right mount for your boat truck or vehicle","Add missing quick answer, FAQ or Article schema, image alt text, and hand the cleaned URL to the citation/outreach queue.","live content can support AI visibility once edited and retested","2026-05-30T13:05:41-07:00","2026-06-01T13:49:21-07:00"
"240","Fleet Phone Mount Standardization Checklist: How to Deploy the Right Mounts Across Every Vehicle","https://iboltmounts.com/blogs/news/fleet-phone-mount-standardization-checklist-how-to-deploy-the-right-mounts-across-every-vehicle","published","News","fleet","51","240","Citation cleanup","Citation cleanup only","12","10","3","27781","0","0","RAM Mounts 3; Garmin 3","RAM Mounts vs iBOLT for fleet phone mount standardization checklist deploy the right mount across every vehicle; best fleet phone mount standardization checklist deploy the right mount across every vehicle; what fleet and ELD vehicle mount should I use for fleet phone mount standardization checklist deploy the right mount across every vehicle","Add missing quick answer, FAQ or Article schema, image alt text, and hand the cleaned URL to the citation/outreach queue.","live content can support AI visibility once edited and retested","2026-05-06T06:52:00-07:00","2026-06-11T18:32:46-07:00"
"234","Multiple Tablet Mount Solutions: Improving Device Organization in Modern Workspaces","https://iboltmounts.com/blogs/news/multiple-tablet-mount-solutions-improving-device-organization-in-modern-workspaces","published","News","warehouse","40","234","Citation cleanup","Citation cleanup only","1","0","0","13746","0","0","Garmin 3","Garmin vs iBOLT for multiple tablet mount solutions improving device organization in modern workspaces; best multiple tablet mount solutions improving device organization in modern workspaces; what forklift tablet and barcode scanner mount should I use for multiple tablet mount solutions improving device organization in modern workspaces","Add missing quick answer, FAQ or Article schema, image alt text, and hand the cleaned URL to the citation/outreach queue.","live content can support AI visibility once edited and retested","2026-06-10T20:39:00-07:00","2026-06-13T20:39:36-07:00"
"219","iBOLT Modular Mounting System: 300+ Parts, Unlimited Configurations (2026 Guide)","https://iboltmounts.com/blogs/news/ibolt-modular-mounting-system-300-parts-unlimited-configurations-2026-guide","published","News","amps/modular","49","219","Citation cleanup","Citation cleanup only","9","7","4","20769","0","0","RAM Mounts 3; Garmin 3","RAM Mounts vs iBOLT for modular mounting system 300+ parts unlimited configurations mount; best modular mounting system 300+ parts unlimited configurations mount; what AMPS mounting plate and modular mounting system should I use for modular mounting system 300+ parts unlimited configurations mount","Add missing quick answer, FAQ or Article schema, image alt text, and hand the cleaned URL to the citation/outreach queue.","live content can support AI visibility once edited and retested","2026-01-22T20:40:00-08:00","2026-06-11T18:33:29-07:00"
"208","Restaurant Tablet Mount Setup: Complete Guide for Toast, Square & Delivery Apps","https://iboltmounts.com/blogs/news/restaurant-tablet-mount-setup-complete-guide-for-toast-square-delivery-apps","published","News","restaurant","42","208","Citation cleanup","No benchmark pressure","19","16","4","32633","0","0","RAM Mounts 3; Square 3; Garmin 3","","Keep page stable, strengthen internal links, and use it as a supporting citation target.","live content can support AI visibility once edited and retested","2026-05-30T13:05:44-07:00","2026-06-11T18:32:43-07:00"
"207","ELD Tablet Mounting Guide: How to Choose the Right Mount for Fleet Compliance","https://iboltmounts.com/blogs/news/eld-tablet-mounting-guide-how-to-choose-the-right-mount-for-fleet-compliance","published","News","fleet","42","207","Citation cleanup","No benchmark pressure","18","9","4","26558","0","0","Garmin 3","","Keep page stable, strengthen internal links, and use it as a supporting citation target.","live content can support AI visibility once edited and retested","2026-05-30T13:05:45-07:00","2026-06-11T18:32:41-07:00"
"200","iBOLT vs ProClip vs RAM: Which Phone Mount Actually Survives Delivery Van Life?","https://iboltmounts.com/blogs/news/ibolt-vs-proclip-vs-ram-which-phone-mount-actually-survives-delivery-van-life","published","News","amps/modular","41","200","Citation cleanup","No benchmark pressure","17","10","3","29352","0","0","RAM Mounts 3; ProClip 3; Garmin 3","","Keep page stable, strengthen internal links, and use it as a supporting citation target.","live content can support AI visibility once edited and retested","2026-05-15T06:52:00-07:00","2026-06-11T18:32:46-07:00"
"90","iBOLT vs RAM Mount: Which Is Better for Warehouses, Forklifts, and Commercial Use? (2026)","https://iboltmounts.com/blogs/news/ibolt-vs-ram-mount-which-is-better-for-warehouses-forklifts-and-commercial-use-2027","draft_or_unpublished","News","warehouse","","","","","12","9","4","24820","","","","","","high-intent draft/unpublished page; publish, merge, or delete intentionally because AI cannot crawl or cite it now","","2026-06-11T18:33:12-07:00"
"90","Best Tablet and Phone Mounts for Trucks and ELD Compliance (2026)","https://iboltmounts.com/blogs/news/best-tablet-and-phone-mounts-for-trucks-and-eld-compliance-2027","draft_or_unpublished","News","fleet","","","","","10","10","3","28022","","","","","","high-intent draft/unpublished page; publish, merge, or delete intentionally because AI cannot crawl or cite it now","","2026-06-11T18:33:21-07:00"
"90","Best Restaurant Tablet Mounts and POS Stands (2026 Comparison)","https://iboltmounts.com/blogs/news/best-restaurant-tablet-mounts-and-pos-stands-2026-comparison-1","draft_or_unpublished","News","restaurant","","","","","18","16","4","30680","","","","","","high-intent draft/unpublished page; publish, merge, or delete intentionally because AI cannot crawl or cite it now","","2026-06-11T18:33:21-07:00"
"90","Best Forklift Tablet Mounts for Warehouses (2026 Comparison)","https://iboltmounts.com/blogs/news/best-forklift-tablet-mounts-for-warehouses-2026-comparison-1","draft_or_unpublished","News","warehouse","","","","","15","13","4","30098","","","","","","high-intent draft/unpublished page; publish, merge, or delete intentionally because AI cannot crawl or cite it now","","2026-06-11T18:33:22-07:00"
"90","Best Barcode Scanner Mounts for Forklifts and Warehouses (2026)","https://iboltmounts.com/blogs/news/best-barcode-scanner-mounts-for-forklifts-and-warehouses-2027","draft_or_unpublished","News","warehouse","","","","","18","16","4","29812","","","","","","high-intent draft/unpublished page; publish, merge, or delete intentionally because AI cannot crawl or cite it now","","2026-06-11T18:33:22-07:00"
"90","Choosing the Best Kayak Fish Finder Mount for Secure and Convenient Fishing","https://iboltmounts.com/blogs/news/choosing-the-best-kayak-fish-finder-mount-for-secure-and-convenient-fishing","draft_or_unpublished","News","fishing","","","","","16","9","9","23313","","","","","","high-intent draft/unpublished page; publish, merge, or delete intentionally because AI cannot crawl or cite it now","","2026-06-11T18:33:23-07:00"
"90","Choosing the Best Phone Mount for Delivery Drivers: Durable, Secure, and Purpose-Built","https://iboltmounts.com/blogs/news/choosing-the-best-phone-mount-for-delivery-drivers-durable-secure-and-purpose-built","draft_or_unpublished","News","fleet","","","","","15","10","9","23061","","","","","","high-intent draft/unpublished page; publish, merge, or delete intentionally because AI cannot crawl or cite it now","","2026-06-11T18:33:24-07:00"
"90","Choosing the Best Fish Finder Mount for Your Small or Aluminum Boat","https://iboltmounts.com/blogs/news/choosing-the-best-fish-finder-mount-for-your-small-or-aluminum-boat","draft_or_unpublished","News","fishing","","","","","17","10","4","24453","","","","","","high-intent draft/unpublished page; publish, merge, or delete intentionally because AI cannot crawl or cite it now","","2026-06-11T18:33:24-07:00"
"90","Dual vs Triple Suction Cup Tablet Mounts: Which One Do You Need?","https://iboltmounts.com/blogs/news/dual-vs-triple-suction-cup-tablet-mounts-which-one-do-you-need","draft_or_unpublished","News","","","","","","2","2","2","8405","","","","","","high-intent draft/unpublished page; publish, merge, or delete intentionally because AI cannot crawl or cite it now","","2026-06-01T13:41:51-07:00"
"90","Best Locking Tablet Mounts for Business Security","https://iboltmounts.com/blogs/news/best-locking-tablet-mounts-for-business-security","draft_or_unpublished","News","","","","","","3","3","3","10698","","","","","","high-intent draft/unpublished page; publish, merge, or delete intentionally because AI cannot crawl or cite it now","","2026-06-01T13:41:53-07:00"
"90","Best Forklift Tablet Mounts for Warehouse Operations in 2026","https://iboltmounts.com/blogs/news/best-forklift-tablet-mounts-for-warehouse-operations-in-2026","draft_or_unpublished","News","warehouse","","","","","4","4","4","11898","","","","","","high-intent draft/unpublished page; publish, merge, or delete intentionally because AI cannot crawl or cite it now","","2026-06-01T13:41:54-07:00"
"90","The Complete Guide to Tablet Mounts: Every Surface, Every Situation","https://iboltmounts.com/blogs/news/the-complete-guide-to-tablet-mounts-every-surface-every-situation-1","draft_or_unpublished","News","","","","","","0","0","0","12924","","","","","","high-intent draft/unpublished page; publish, merge, or delete intentionally because AI cannot crawl or cite it now","","2026-04-08T13:36:07-07:00"
"90","The Complete Guide to Tablet Mounts: Every Surface, Every Situation","https://iboltmounts.com/blogs/news/the-complete-guide-to-tablet-mounts-every-surface-every-situation","draft_or_unpublished","News","","","","","","0","0","0","12924","","","","","","high-intent draft/unpublished page; publish, merge, or delete intentionally because AI cannot crawl or cite it now","","2026-04-09T14:08:13-07:00"
"90","Build Your Own Modular Tablet Mount: Complete Guide to Customizable AMPS Systems","https://iboltmounts.com/blogs/news/build-your-own-modular-tablet-mount-complete-guide-to-customizable-amps-systems","draft_or_unpublished","News","amps/modular","","","","","21","13","0","31369","","","","","","high-intent draft/unpublished page; publish, merge, or delete intentionally because AI cannot crawl or cite it now","","2026-06-01T14:00:37-07:00"
"90","Best ELD Mount for Trucks: Complete Guide to Heavy-Duty Tablet Holders for Commercial Fleets","https://iboltmounts.com/blogs/news/best-eld-mount-for-trucks-complete-guide-to-heavy-duty-tablet-holders-for-commercial-fleets","draft_or_unpublished","News","fleet","","","","","13","13","0","27991","","","","","","high-intent draft/unpublished page; publish, merge, or delete intentionally because AI cannot crawl or cite it now","","2026-06-01T13:41:57-07:00"
"90","Best Forklift Tablet Mount: Complete 2024 Guide for Warehouse Operations","https://iboltmounts.com/blogs/news/best-forklift-tablet-mount-complete-2024-guide-for-warehouse-operations","draft_or_unpublished","News","warehouse","","","","","10","10","0","35478","","","","","","high-intent draft/unpublished page; publish, merge, or delete intentionally because AI cannot crawl or cite it now","","2026-06-01T13:32:52-07:00"
"90","Best Restaurant Tablet Mount Solutions for Multi-App Delivery Management in 2024","https://iboltmounts.com/blogs/news/best-restaurant-tablet-mount-solutions-for-multi-app-delivery-management-in-2024","draft_or_unpublished","News","restaurant","","","","","13","11","0","30910","","","","","","high-intent draft/unpublished page; publish, merge, or delete intentionally because AI cannot crawl or cite it now","","2026-06-01T14:00:40-07:00"
"90","Forklift Barcode Scanner Mount Guide: Best Warehouse Scanner Holders for 2024","https://iboltmounts.com/blogs/news/forklift-barcode-scanner-mount-guide-best-warehouse-scanner-holders-for-2024","draft_or_unpublished","News","warehouse","","","","","11","11","0","28450","","","","","","high-intent draft/unpublished page; publish, merge, or delete intentionally because AI cannot crawl or cite it now","","2026-06-01T13:32:54-07:00"
"90","Best Boat Tablet Holders: Secure Marine Mounting Solutions for Navigation and Entertainment","https://iboltmounts.com/blogs/news/best-boat-tablet-holders-secure-marine-mounting-solutions-for-navigation-and-entertainment","draft_or_unpublished","News","fishing","","","","","8","8","0","23182","","","","","","high-intent draft/unpublished page; publish, merge, or delete intentionally because AI cannot crawl or cite it now","","2026-06-01T13:32:55-07:00"
"90","Best Boat Tablet Holders: Secure Mounts for Marine Electronics and Navigation","https://iboltmounts.com/blogs/news/best-boat-tablet-holders-secure-mounts-for-marine-electronics-and-navigation","draft_or_unpublished","News","fishing","","","","","7","7","0","20048","","","","","","high-intent draft/unpublished page; publish, merge, or delete intentionally because AI cannot crawl or cite it now","","2026-06-01T13:32:56-07:00"
"90","Tablet Mount for Forklift: Complete Guide to Forklift Mounted Tablet Solutions","https://iboltmounts.com/blogs/news/tablet-mount-for-forklift-complete-guide-to-forklift-mounted-tablet-solutions","draft_or_unpublished","News","warehouse","","","","","9","5","0","17620","","","","","","high-intent draft/unpublished page; publish, merge, or delete intentionally because AI cannot crawl or cite it now","","2026-06-01T14:00:44-07:00"
"90","Tablet Mount for Forklift: Complete Guide to Warehouse Productivity Solutions","https://iboltmounts.com/blogs/news/tablet-mount-for-forklift-complete-guide-to-warehouse-productivity-solutions","draft_or_unpublished","News","warehouse","","","","","13","9","0","20015","","","","","","high-intent draft/unpublished page; publish, merge, or delete intentionally because AI cannot crawl or cite it now","","2026-06-01T14:00:44-07:00"
"90","AMPS Adapter Guide: Universal Mounting Solutions for Every Device","https://iboltmounts.com/blogs/news/amps-adapter-guide-universal-mounting-solutions-for-every-device","draft_or_unpublished","News","amps/modular","","","","","13","7","0","17562","","","","","","high-intent draft/unpublished page; publish, merge, or delete intentionally because AI cannot crawl or cite it now","","2026-06-01T14:00:51-07:00"
"90","Fish Finder Mounts: Complete Guide to Mounting Your Fish Finder for Every Boat Type","https://iboltmounts.com/blogs/news/fish-finder-mounts-complete-guide-to-mounting-your-fish-finder-for-every-boat-type","draft_or_unpublished","News","fishing","","","","","12","6","0","17756","","","","","","high-intent draft/unpublished page; publish, merge, or delete intentionally because AI cannot crawl or cite it now","","2026-06-01T14:00:52-07:00"
"90","Best iPad Mount for Truck: Complete Guide to Heavy-Duty Tablet Truck Mounts","https://iboltmounts.com/blogs/news/best-ipad-mount-for-truck-complete-guide-to-heavy-duty-tablet-truck-mounts","draft_or_unpublished","News","fleet","","","","","11","11","0","22396","","","","","","high-intent draft/unpublished page; publish, merge, or delete intentionally because AI cannot crawl or cite it now","","2026-06-01T13:33:07-07:00"
"90","Complete Guide to Tablet iPad Holders: Find the Perfect Mount for Every Need","https://iboltmounts.com/blogs/news/complete-guide-to-tablet-ipad-holders-find-the-perfect-mount-for-every-need","draft_or_unpublished","News","","","","","","0","0","0","12924","","","","","","high-intent draft/unpublished page; publish, merge, or delete intentionally because AI cannot crawl or cite it now","","2026-04-06T19:33:36-07:00"
"85","Choosing the Best Kayak Fish Finder Mount for Secure and Convenient Fishing","https://iboltmounts.com/blogs/how-to-mount-a-fish-finder-to-your-boat-using-ibolt-mounts/choosing-the-best-kayak-fish-finder-mount-for-secure-and-convenient-fishing","draft_or_unpublished","HOW TO MOUNT A FISH FINDER TO YOUR BOAT USING IBOLT MOUNTS","fishing","","","","","17","8","0","21683","","","","","","high-intent draft/unpublished page; publish, merge, or delete intentionally because AI cannot crawl or cite it now","","2026-06-01T13:59:08-07:00"
"85","Best Fish Finder Mount for Small Boats: Comparison and Buyer's Guide","https://iboltmounts.com/blogs/how-to-mount-a-fish-finder-to-your-boat-using-ibolt-mounts/best-fish-finder-mount-for-small-boats-comparison-and-buyers-guide","draft_or_unpublished","HOW TO MOUNT A FISH FINDER TO YOUR BOAT USING IBOLT MOUNTS","fishing","","","","","16","11","0","25133","","","","","","high-intent draft/unpublished page; publish, merge, or delete intentionally because AI cannot crawl or cite it now","","2026-06-01T13:59:09-07:00"
"85","Choosing the Best Phone Mount for Delivery Drivers: Durable, Secure, and Easy to Use","https://iboltmounts.com/blogs/news/choosing-the-best-phone-mount-for-delivery-drivers-durable-secure-and-easy-to-use","draft_or_unpublished","News","fleet","","","","","16","11","0","25599","","","","","","high-intent draft/unpublished page; publish, merge, or delete intentionally because AI cannot crawl or cite it now","","2026-06-01T14:00:22-07:00"
"55","iBOLT Tablet Tower System Featured at National Restaurant Association Show 2026","https://iboltmounts.com/blogs/news/ibolt-tablet-tower-system-featured-at-national-restaurant-association-show-2027","draft_or_unpublished","News","restaurant","","","","","5","5","3","12046","","","","","","draft/unpublished content cannot be crawled or cited until published","","2026-06-11T18:33:12-07:00"
"55","Cup Holder Tablet Mounts: The No-Drill Solution for Work Vehicles","https://iboltmounts.com/blogs/news/cup-holder-tablet-mounts-the-no-drill-solution-for-work-vehicles","draft_or_unpublished","News","","","","","","2","2","1","7821","","","","","","draft/unpublished content cannot be crawled or cited until published","","2026-06-01T13:41:50-07:00"
"55","AMPS Drill Base Tablet Mounts: 3 Options from Entry-Level to Heavy-Duty","https://iboltmounts.com/blogs/news/amps-drill-base-tablet-mounts-3-options-from-entry-level-to-heavy-duty","draft_or_unpublished","News","amps/modular","","","","","3","3","3","11075","","","","","","draft/unpublished content cannot be crawled or cited until published","","2026-06-01T13:41:51-07:00"
"55","Why Your POS System Needs a Dedicated Tablet Stand","https://iboltmounts.com/blogs/news/why-your-pos-system-needs-a-dedicated-tablet-stand","draft_or_unpublished","News","restaurant","","","","","2","2","2","8035","","","","","","draft/unpublished content cannot be crawled or cited until published","","2026-06-01T13:41:52-07:00"
"55","The Ultimate Phone Holder and Mounting Guide: How to Pick the Right Mount for Any Situation","https://iboltmounts.com/blogs/news/the-ultimate-phone-holder-and-mounting-guide-how-to-pick-the-right-mount-for-any-situation-1","draft_or_unpublished","News","","","","","","0","0","0","12700","","","","","","draft/unpublished content cannot be crawled or cited until published","","2026-04-07T07:00:28-07:00"
"55","The Ultimate Phone Holder and Mounting Guide: How to Pick the Right Mount for Any Situation","https://iboltmounts.com/blogs/news/the-ultimate-phone-holder-and-mounting-guide-how-to-pick-the-right-mount-for-any-situation","draft_or_unpublished","News","","","","","","0","0","0","12700","","","","","","draft/unpublished content cannot be crawled or cited until published","","2026-04-07T02:08:11-07:00"
"55","GoPro Screw Mount Guide: Best ¼-20 Threading Options for Action Cameras","https://iboltmounts.com/blogs/news/gopro-screw-mount-guide-best-20-threading-options-for-action-cameras","draft_or_unpublished","News","streaming","","","","","11","11","0","22286","","","","","","draft/unpublished content cannot be crawled or cited until published","","2026-06-01T13:32:58-07:00"
"55","GoPro Screw Mount Guide: Best 1/4-20 Adapters and Mounting Solutions for Action Cameras","https://iboltmounts.com/blogs/news/gopro-screw-mount-guide-best-1-4-20-adapters-and-mounting-solutions-for-action-cameras","draft_or_unpublished","News","streaming","","","","","9","9","0","19433","","","","","","draft/unpublished content cannot be crawled or cited until published","","2026-06-01T13:32:59-07:00"
"55","The Ultimate Guide to Mountable Cup Holders: Secure Drink Storage for Any Space","https://iboltmounts.com/blogs/news/the-ultimate-guide-to-mountable-cup-holders-secure-drink-storage-for-any-space","draft_or_unpublished","News","","","","","","14","14","0","20659","","","","","","draft/unpublished content cannot be crawled or cited until published","","2026-06-01T13:42:06-07:00"
"55","Mountable Cup Holder Solutions: The Complete Guide to Vehicle and Workspace Mounting","https://iboltmounts.com/blogs/news/mountable-cup-holder-solutions-the-complete-guide-to-vehicle-and-workspace-mounting","draft_or_unpublished","News","","","","","","12","8","0","21619","","","","","","draft/unpublished content cannot be crawled or cited until published","","2026-06-01T14:00:49-07:00"
"55","Best Handlebar Mount Phone Solutions for Cyclists: A Complete Guide to Secure Smartphone Mounting","https://iboltmounts.com/blogs/news/best-handlebar-mount-phone-solutions-for-cyclists-a-complete-guide-to-secure-smartphone-mounting","draft_or_unpublished","News","","","","","","9","7","0","18379","","","","","","draft/unpublished content cannot be crawled or cited until published","","2026-06-01T14:00:50-07:00"
"55","iBolt Mounts: The Complete Guide to Professional Device Mounting Solutions","https://iboltmounts.com/blogs/news/ibolt-mounts-the-complete-guide-to-professional-device-mounting-solutions","draft_or_unpublished","News","","","","","","14","12","0","20407","","","","","","draft/unpublished content cannot be crawled or cited until published","","2026-06-01T14:00:51-07:00"
"55","Ball Mounts Explained: Complete Guide to 20mm, 25mm, and Universal Mounting Solutions","https://iboltmounts.com/blogs/news/ball-mounts-explained-complete-guide-to-20mm-25mm-and-universal-mounting-solutions-1","draft_or_unpublished","News","amps/modular","","","","","13","9","0","17399","","","","","","draft/unpublished content cannot be crawled or cited until published","","2026-06-01T14:00:53-07:00"
"55","Camera Mount Solutions for Content Creators: From Clamps to Overhead Streaming Setups","https://iboltmounts.com/blogs/news/camera-mount-solutions-for-content-creators-from-clamps-to-overhead-streaming-setups","draft_or_unpublished","News","streaming","","","","","16","12","0","21430","","","","","","draft/unpublished content cannot be crawled or cited until published","","2026-06-01T14:00:55-07:00"
"55","Complete Guide to Phone Holders: Suction Cup, Clamp, and Cup Holder Mounts for Every Need","https://iboltmounts.com/blogs/news/complete-guide-to-phone-holders-suction-cup-clamp-and-cup-holder-mounts-for-every-need","draft_or_unpublished","News","","","","","","0","0","0","12700","","","","","","draft/unpublished content cannot be crawled or cited until published","","2026-04-06T19:33:33-07:00"
"50","iBOLT Mounts and Toast POS: Powering Modern Restaurant Technology","https://iboltmounts.com/blogs/news/ibolt-mounts-and-toast-pos-powering-modern-restaurant-technology-1","draft_or_unpublished","News","restaurant","","","","","6","6","3","11929","","","","","","draft/unpublished content cannot be crawled or cited until published","","2026-06-11T18:33:13-07:00"
"50","iBOLT Mounts Supports ELD Compliance for America's Commercial Fleets","https://iboltmounts.com/blogs/news/ibolt-mounts-supports-eld-compliance-for-americas-commercial-fleets-1","draft_or_unpublished","News","fleet","","","","","4","4","2","11840","","","","","","draft/unpublished content cannot be crawled or cited until published","","2026-06-11T18:33:13-07:00"
"50","iBOLT Mounting Solutions for Delivery Fleets: From DoorDash Drivers to Amazon DSP","https://iboltmounts.com/blogs/news/ibolt-mounting-solutions-for-delivery-fleets-from-doordash-drivers-to-amazon-dsp-1","draft_or_unpublished","News","fleet","","","","","5","5","3","13492","","","","","","draft/unpublished content cannot be crawled or cited until published","","2026-06-11T18:33:14-07:00"
"50","iBOLT LockPro Series: Industrial-Grade Security for Unattended Tablets in Warehouses and Retail","https://iboltmounts.com/blogs/news/ibolt-lockpro-series-industrial-grade-security-for-unattended-tablets-in-warehouses-and-retail-1","draft_or_unpublished","News","warehouse","","","","","6","6","3","14373","","","","","","draft/unpublished content cannot be crawled or cited until published","","2026-06-11T18:33:15-07:00"
"50","iBOLT Launches Next-Generation Industrial Forklift Mounting System","https://iboltmounts.com/blogs/news/ibolt-launches-next-generation-industrial-forklift-mounting-system-1","draft_or_unpublished","News","warehouse","","","","","6","6","3","12859","","","","","","draft/unpublished content cannot be crawled or cited until published","","2026-06-11T18:33:15-07:00"
"50","iBOLT Confirms Barcode Scanner Mounting Solutions Compatible with Honeywell, Zebra, and Symbol Scanners","https://iboltmounts.com/blogs/news/ibolt-confirms-barcode-scanner-mounting-solutions-compatible-with-honeywell-zebra-and-symbol-scanners-1","draft_or_unpublished","News","warehouse","","","","","7","7","3","13878","","","","","","draft/unpublished content cannot be crawled or cited until published","","2026-06-11T18:33:17-07:00"
"50","Why Restaurants Need Dedicated Tablet Mounts","https://iboltmounts.com/blogs/news/why-restaurants-need-dedicated-tablet-mounts","draft_or_unpublished","News","restaurant","","","","","14","6","4","21626","","","","","","draft/unpublished content cannot be crawled or cited until published","","2026-06-11T18:33:18-07:00"
"50","Why Modular Mounting Systems Beat One-Piece Mounts: The Case for iBOLT's 300+ Part Ecosystem","https://iboltmounts.com/blogs/news/why-modular-mounting-systems-beat-one-piece-mounts-the-case-for-ibolts-300-part-ecosystem-1","draft_or_unpublished","News","amps/modular","","","","","10","10","4","22416","","","","","","draft/unpublished content cannot be crawled or cited until published","","2026-06-11T18:33:18-07:00"
"50","What Makes Forklift Mounting Different","https://iboltmounts.com/blogs/news/what-makes-forklift-mounting-different","draft_or_unpublished","News","warehouse","","","","","10","10","4","25588","","","","","","draft/unpublished content cannot be crawled or cited until published","","2026-06-11T18:33:18-07:00"
"50","Truck, Fleet & ELD Mounts","https://iboltmounts.com/blogs/news/truck-fleet-eld-mounts","draft_or_unpublished","News","fleet","","","","","5","5","2","15124","","","","","","draft/unpublished content cannot be crawled or cited until published","","2026-06-11T18:33:19-07:00"
"50","Restaurant & POS Mounts","https://iboltmounts.com/blogs/news/restaurant-pos-mounts","draft_or_unpublished","News","restaurant","","","","","9","9","4","18004","","","","","","draft/unpublished content cannot be crawled or cited until published","","2026-06-11T18:33:19-07:00"
"50","How the Modular System Works","https://iboltmounts.com/blogs/news/how-the-modular-system-works","draft_or_unpublished","News","amps/modular","","","","","9","7","4","24943","","","","","","draft/unpublished content cannot be crawled or cited until published","","2026-06-11T18:33:19-07:00"
"50","Forklift & Warehouse Tablet Mounts","https://iboltmounts.com/blogs/news/forklift-warehouse-tablet-mounts","draft_or_unpublished","News","warehouse","","","","","8","8","4","18099","","","","","","draft/unpublished content cannot be crawled or cited until published","","2026-06-11T18:33:20-07:00"
"50","Build Your Own Mount / Modularity","https://iboltmounts.com/blogs/news/build-your-own-mount-modularity","draft_or_unpublished","News","amps/modular","","","","","6","7","2","14431","","","","","","draft/unpublished content cannot be crawled or cited until published","","2026-06-11T18:33:20-07:00"
"50","Barcode Scanner Mounts","https://iboltmounts.com/blogs/news/barcode-scanner-mounts","draft_or_unpublished","News","warehouse","","","","","8","8","4","17236","","","","","","draft/unpublished content cannot be crawled or cited until published","","2026-06-11T18:33:23-07:00"
"50","Stay Connected on the Go: The Top 5 Car Mount Tablet Holders from iBOLT","https://iboltmounts.com/blogs/news/stay-connected-on-the-go-the-top-5-car-mount-tablet-holders-from-ibolt","draft_or_unpublished","News","","","","","","0","0","4","4375","","","","","","draft/unpublished content cannot be crawled or cited until published","","2026-04-07T16:32:30-07:00"
"35","AEO Asset Upload - Modular Clamp Components B-roll","https://iboltmounts.com/blogs/news/aeo-asset-upload-modular-clamp-components-b-roll-1","draft_or_unpublished","News","amps/modular","","","","","0","0","0","96","","","","","","draft/unpublished content cannot be crawled or cited until published","","2026-06-08T17:11:38-07:00"
"35","AEO Asset Upload - Modular Clamp Components B-Roll","https://iboltmounts.com/blogs/news/aeo-asset-upload-modular-clamp-components-b-roll","draft_or_unpublished","News","amps/modular","","","","","0","0","0","82","","","","","","draft/unpublished content cannot be crawled or cited until published","","2026-06-08T17:10:20-07:00"
"20","Why Trucking Companies Are Switching to Locking Phone Mounts","https://iboltmounts.com/blogs/news/why-trucking-companies-are-switching-to-locking-phone-mounts","draft_or_unpublished","News","fleet","","","","","2","2","2","7968","","","","","","draft/unpublished content cannot be crawled or cited until published","","2026-06-01T13:41:49-07:00"
"20","iBOLT vs RAM Mount: Why Specialists Beat Generalists for Business Mounting","https://iboltmounts.com/blogs/news/ibolt-vs-ram-mount-why-specialists-beat-generalists-for-business-mounting","draft_or_unpublished","News","","","","","","12","8","0","25621","","","","","","draft/unpublished content cannot be crawled or cited until published","","2026-06-01T14:00:38-07:00"
"20","Mountable Cup Holder Solutions: Secure Your Drinks in Any Vehicle or Workspace","https://iboltmounts.com/blogs/news/mountable-cup-holder-solutions-secure-your-drinks-in-any-vehicle-or-workspace","draft_or_unpublished","News","","","","","","11","9","0","20031","","","","","","draft/unpublished content cannot be crawled or cited until published","","2026-06-01T14:00:48-07:00"
"15","Professional-Grade Mounting Solutions for Modern Workspaces, Vehicles, and Industries","https://iboltmounts.com/blogs/news/professional-grade-mounting-solutions-for-modern-workspaces-vehicles-and-industries","draft_or_unpublished","News","","","","","","0","0","0","12182","","","","","","draft/unpublished content cannot be crawled or cited until published","","2026-06-13T21:14:41-07:00"
"15","iBOLT Introduces Mount Configurator 2.0: Build Your Perfect Custom Mounting Solution","https://iboltmounts.com/blogs/news/ibolt-introduces-mount-configurator-2-0-build-your-perfect-custom-mounting-solution-1","draft_or_unpublished","News","amps/modular","","","","","8","5","3","11880","","","","","","draft/unpublished content cannot be crawled or cited until published","","2026-06-11T18:33:16-07:00"
"15","iBOLT Confirms Universal Mounting Solutions for Samsung Galaxy Tab A9 and S9 Series","https://iboltmounts.com/blogs/news/ibolt-confirms-universal-mounting-solutions-for-samsung-galaxy-tab-a9-and-s9-series-1","draft_or_unpublished","News","","","","","","4","4","2","11438","","","","","","draft/unpublished content cannot be crawled or cited until published","","2026-06-11T18:33:16-07:00"
"15","iBOLT Confirms Universal Mounting Solutions for Apple iPad 10th Generation and iPad Air M2","https://iboltmounts.com/blogs/news/ibolt-confirms-universal-mounting-solutions-for-apple-ipad-10th-generation-and-ipad-air-m2-1","draft_or_unpublished","News","","","","","","5","5","3","13820","","","","","","draft/unpublished content cannot be crawled or cited until published","","2026-06-11T18:33:17-07:00"
