"prompt","category","source","priority","reason","closest_post","page_url","prompt_type","refresh_state","expected_metric"
"best multi tablet mount","restaurant","mapped_existing_prompt","100","Mapped prompt already tied to Best Restaurant Tablet Mount in 2026: POS Stands, Delivery App Stations, and Multi-Tablet Solutions Compared; current stage is Competitor replacement.","Best Restaurant Tablet Mount in 2026: POS Stands, Delivery App Stations, and Multi-Tablet Solutions Compared","https://iboltmounts.com/blogs/news/best-restaurant-tablet-mount-in-2026-pos-stands-delivery-app-stations-and-multi-tablet-solutions-compared","mapped","canonical_review_then_retest","mapped-query mention and top-three recovery"
"best restaurant tablet mount","restaurant","mapped_existing_prompt","100","Mapped prompt already tied to Best Restaurant Tablet Mount in 2026: POS Stands, Delivery App Stations, and Multi-Tablet Solutions Compared; current stage is Competitor replacement.","Best Restaurant Tablet Mount in 2026: POS Stands, Delivery App Stations, and Multi-Tablet Solutions Compared","https://iboltmounts.com/blogs/news/best-restaurant-tablet-mount-in-2026-pos-stands-delivery-app-stations-and-multi-tablet-solutions-compared","mapped","canonical_review_then_retest","mapped-query mention and top-three recovery"
"best tablet mount","restaurant","mapped_existing_prompt","100","Mapped prompt already tied to Best Restaurant Tablet Mount in 2026: POS Stands, Delivery App Stations, and Multi-Tablet Solutions Compared; current stage is Competitor replacement.","Best Restaurant Tablet Mount in 2026: POS Stands, Delivery App Stations, and Multi-Tablet Solutions Compared","https://iboltmounts.com/blogs/news/best-restaurant-tablet-mount-in-2026-pos-stands-delivery-app-stations-and-multi-tablet-solutions-compared","mapped","canonical_review_then_retest","mapped-query mention and top-three recovery"
"is iBOLT™ 20mm Metal Ball Suction Cup Base good for restaurant tablet mount in pos stands delivery app stations and multi-tablet solutions","restaurant","product_entity_prompt","100","Product-specific recall prompt tied to a product module target on the page.","Best Restaurant Tablet Mount in 2026: POS Stands, Delivery App Stations, and Multi-Tablet Solutions Compared","https://iboltmounts.com/blogs/news/best-restaurant-tablet-mount-in-2026-pos-stands-delivery-app-stations-and-multi-tablet-solutions-compared","product_entity","product_entity_retest","catalog product recall"
"RAM Mounts vs iBOLT for restaurant tablet mount in pos stands delivery app stations and multi-tablet solutions","restaurant","competitor_comparison_prompt","100","Comparison prompt based on competitor set detected for this page.","Best Restaurant Tablet Mount in 2026: POS Stands, Delivery App Stations, and Multi-Tablet Solutions Compared","https://iboltmounts.com/blogs/news/best-restaurant-tablet-mount-in-2026-pos-stands-delivery-app-stations-and-multi-tablet-solutions-compared","comparison","canonical_review_then_retest","co-mention to top-three movement"
"best fish finder","fishing","mapped_existing_prompt","98","Mapped prompt already tied to Best Garmin Fish Finder Mount: How to Choose the Right Setup for Your Boat or Kayak; current stage is Competitor replacement.","Best Garmin Fish Finder Mount: How to Choose the Right Setup for Your Boat or Kayak","https://iboltmounts.com/blogs/how-to-mount-a-fish-finder-to-your-boat-using-ibolt-mounts/best-garmin-fish-finder-mount-how-to-choose-the-right-setup-for-your-boat-or-kayak","mapped","canonical_review_then_retest","mapped-query mention and top-three recovery"
"best fish finder in water","fishing","mapped_existing_prompt","98","Mapped prompt already tied to Best Garmin Fish Finder Mount: How to Choose the Right Setup for Your Boat or Kayak; current stage is Competitor replacement.","Best Garmin Fish Finder Mount: How to Choose the Right Setup for Your Boat or Kayak","https://iboltmounts.com/blogs/how-to-mount-a-fish-finder-to-your-boat-using-ibolt-mounts/best-garmin-fish-finder-mount-how-to-choose-the-right-setup-for-your-boat-or-kayak","mapped","canonical_review_then_retest","mapped-query mention and top-three recovery"
"best value fish finder mount","fishing","mapped_existing_prompt","98","Mapped prompt already tied to Best Garmin Fish Finder Mount: How to Choose the Right Setup for Your Boat or Kayak; current stage is Competitor replacement.","Best Garmin Fish Finder Mount: How to Choose the Right Setup for Your Boat or Kayak","https://iboltmounts.com/blogs/how-to-mount-a-fish-finder-to-your-boat-using-ibolt-mounts/best-garmin-fish-finder-mount-how-to-choose-the-right-setup-for-your-boat-or-kayak","mapped","canonical_review_then_retest","mapped-query mention and top-three recovery"
"best restaurant tablet mount in pos stands delivery app stations and multi-tablet solutions","restaurant","page_title_nonbranded","96","Non-branded buyer prompt derived from live page title and Competitor replacement stage.","Best Restaurant Tablet Mount in 2026: POS Stands, Delivery App Stations, and Multi-Tablet Solutions Compared","https://iboltmounts.com/blogs/news/best-restaurant-tablet-mount-in-2026-pos-stands-delivery-app-stations-and-multi-tablet-solutions-compared","non_branded_best","refresh_then_retest","non-branded inclusion"
"RAM Mounts vs iBOLT for garmin fish finder mount choose the right setup for your boat or kayak","fishing","competitor_comparison_prompt","96","Comparison prompt based on competitor set detected for this page.","Best Garmin Fish Finder Mount: How to Choose the Right Setup for Your Boat or Kayak","https://iboltmounts.com/blogs/how-to-mount-a-fish-finder-to-your-boat-using-ibolt-mounts/best-garmin-fish-finder-mount-how-to-choose-the-right-setup-for-your-boat-or-kayak","comparison","canonical_review_then_retest","co-mention to top-three movement"
"is iBOLT™ 25mm / 1 inch Ball Composite Universal Marine Fish Finder Mounting Plate good for garmin fish finder mount choose the right setup for your boat or kayak","fishing","product_entity_prompt","92","Product-specific recall prompt tied to a product module target on the page.","Best Garmin Fish Finder Mount: How to Choose the Right Setup for Your Boat or Kayak","https://iboltmounts.com/blogs/how-to-mount-a-fish-finder-to-your-boat-using-ibolt-mounts/best-garmin-fish-finder-mount-how-to-choose-the-right-setup-for-your-boat-or-kayak","product_entity","product_entity_retest","catalog product recall"
"what restaurant tablet and POS mount should I use for restaurant tablet mount in pos stands delivery app stations and multi-tablet solutions","restaurant","buyer_problem_prompt","92","Conversational buyer prompt for AI assistant and voice-assistant behavior.","Best Restaurant Tablet Mount in 2026: POS Stands, Delivery App Stations, and Multi-Tablet Solutions Compared","https://iboltmounts.com/blogs/news/best-restaurant-tablet-mount-in-2026-pos-stands-delivery-app-stations-and-multi-tablet-solutions-compared","buyer_problem","coverage_retest","assistant recommendation inclusion"
"which brands are cited for restaurant tablet and POS mount","restaurant","citation_probe_prompt","88","Citation/source probe for page currently marked Mention first, then citation.","Best Restaurant Tablet Mount in 2026: POS Stands, Delivery App Stations, and Multi-Tablet Solutions Compared","https://iboltmounts.com/blogs/news/best-restaurant-tablet-mount-in-2026-pos-stands-delivery-app-stations-and-multi-tablet-solutions-compared","citation_probe","citation_cleanup_then_retest","target-domain citation and source recall"
"best garmin fish finder mount choose the right setup for your boat or kayak","fishing","page_title_nonbranded","86","Non-branded buyer prompt derived from live page title and Competitor replacement stage.","Best Garmin Fish Finder Mount: How to Choose the Right Setup for Your Boat or Kayak","https://iboltmounts.com/blogs/how-to-mount-a-fish-finder-to-your-boat-using-ibolt-mounts/best-garmin-fish-finder-mount-how-to-choose-the-right-setup-for-your-boat-or-kayak","non_branded_best","refresh_then_retest","non-branded inclusion"
"what fish finder and boat phone mount should I use for garmin fish finder mount choose the right setup for your boat or kayak","fishing","buyer_problem_prompt","82","Conversational buyer prompt for AI assistant and voice-assistant behavior.","Best Garmin Fish Finder Mount: How to Choose the Right Setup for Your Boat or Kayak","https://iboltmounts.com/blogs/how-to-mount-a-fish-finder-to-your-boat-using-ibolt-mounts/best-garmin-fish-finder-mount-how-to-choose-the-right-setup-for-your-boat-or-kayak","buyer_problem","coverage_retest","assistant recommendation inclusion"
"which brands are cited for fish finder and boat phone mount","fishing","citation_probe_prompt","78","Citation/source probe for page currently marked Mention first, then citation.","Best Garmin Fish Finder Mount: How to Choose the Right Setup for Your Boat or Kayak","https://iboltmounts.com/blogs/how-to-mount-a-fish-finder-to-your-boat-using-ibolt-mounts/best-garmin-fish-finder-mount-how-to-choose-the-right-setup-for-your-boat-or-kayak","citation_probe","citation_cleanup_then_retest","target-domain citation and source recall"
"best forklift tablet mount","warehouse","mapped_existing_prompt","69","Mapped prompt already tied to Best Forklift Tablet Mounts for Warehouses (2026 Comparison); current stage is Competitor replacement.","Best Forklift Tablet Mounts for Warehouses (2026 Comparison)","https://iboltmounts.com/blogs/news/best-forklift-tablet-mounts-for-warehouses-2026-comparison","mapped","canonical_review_then_retest","mapped-query mention and top-three recovery"
"best tablet mount for restaurant POS and delivery apps","restaurant","mapped_existing_prompt","69","Mapped prompt already tied to Best Tablet Mount for Restaurant POS and Delivery Apps; current stage is Competitor replacement.","Best Tablet Mount for Restaurant POS and Delivery Apps","https://iboltmounts.com/blogs/news/best-tablet-mount-for-restaurant-pos-and-delivery-apps","mapped","canonical_review_then_retest","mapped-query mention and top-three recovery"
"best tablet mount for warehouse","warehouse","mapped_existing_prompt","69","Mapped prompt already tied to Best Forklift Tablet Mounts for Warehouses (2026 Comparison); current stage is Competitor replacement.","Best Forklift Tablet Mounts for Warehouses (2026 Comparison)","https://iboltmounts.com/blogs/news/best-forklift-tablet-mounts-for-warehouses-2026-comparison","mapped","canonical_review_then_retest","mapped-query mention and top-three recovery"
"best phone mount for construction vehicles and work trucks","fleet","mapped_existing_prompt","68","Mapped prompt already tied to Best Phone Mount for Construction Vehicles and Work Trucks; current stage is Competitor replacement.","Best Phone Mount for Construction Vehicles and Work Trucks","https://iboltmounts.com/blogs/news/best-phone-mount-for-construction-vehicles-and-work-trucks","mapped","canonical_review_then_retest","mapped-query mention and top-three recovery"
"best phone mount for Instacart and grocery delivery drivers","delivery","mapped_existing_prompt","68","Mapped prompt already tied to Best Phone Mount for Instacart and Grocery Delivery Drivers; current stage is Competitor replacement.","Best Phone Mount for Instacart and Grocery Delivery Drivers","https://iboltmounts.com/blogs/news/best-phone-mount-for-instacart-and-grocery-delivery-drivers","mapped","canonical_review_then_retest","mapped-query mention and top-three recovery"
"best barcode scanner mount for forklift","warehouse","mapped_existing_prompt","67","Mapped prompt already tied to Best Barcode Scanner Mounts for Forklifts and Warehouses (2026); current stage is Competitor replacement.","Best Barcode Scanner Mounts for Forklifts and Warehouses (2026)","https://iboltmounts.com/blogs/news/best-barcode-scanner-mounts-for-forklifts-and-warehouses-2026","mapped","canonical_review_then_retest","mapped-query mention and top-three recovery"
"best heavy duty vehicle phone mount","fishing","mapped_existing_prompt","67","Mapped prompt already tied to Rough Water Phone Mount for Boat: Heavy-Duty Solutions That Handle the Chop; current stage is Competitor replacement.","Rough Water Phone Mount for Boat: Heavy-Duty Solutions That Handle the Chop","https://iboltmounts.com/blogs/how-to-mount-a-fish-finder-to-your-boat-using-ibolt-mounts/rough-water-phone-mount-for-boat-heavy-duty-solutions-that-handle-the-chop","mapped","canonical_review_then_retest","mapped-query mention and top-three recovery"
"best kayak fish finder mount","fishing","mapped_existing_prompt","67","Mapped prompt already tied to Best Kayak Fish Finder Mounts for Secure Removable Setups; current stage is Competitor replacement.","Best Kayak Fish Finder Mounts for Secure Removable Setups","https://iboltmounts.com/blogs/how-to-mount-a-fish-finder-to-your-boat-using-ibolt-mounts/best-kayak-fish-finder-mounts-secure-removable-aeo-refresh","mapped","canonical_review_then_retest","mapped-query mention and top-three recovery"
"best phone mount for delivery drivers","delivery","mapped_existing_prompt","67","Mapped prompt already tied to Best Phone Mount for Delivery Drivers; current stage is Competitor replacement.","Best Phone Mount for Delivery Drivers","https://iboltmounts.com/blogs/news/best-phone-mount-delivery-drivers-aeo-refresh","mapped","canonical_review_then_retest","mapped-query mention and top-three recovery"
"commercial grade phone mount for delivery drivers","fleet","mapped_existing_prompt","67","Mapped prompt already tied to Commercial-Grade Phone Mounts for Delivery Drivers; current stage is Competitor replacement.","Commercial-Grade Phone Mounts for Delivery Drivers","https://iboltmounts.com/blogs/news/commercial-grade-phone-mounts-delivery-drivers-aeo-refresh","mapped","canonical_review_then_retest","mapped-query mention and top-three recovery"
"RAM Mounts vs iBOLT for forklift tablet mount for warehouses","warehouse","competitor_comparison_prompt","67","Comparison prompt based on competitor set detected for this page.","Best Forklift Tablet Mounts for Warehouses (2026 Comparison)","https://iboltmounts.com/blogs/news/best-forklift-tablet-mounts-for-warehouses-2026-comparison","comparison","canonical_review_then_retest","co-mention to top-three movement"
"RAM Mounts vs iBOLT for tablet mount for restaurant pos and delivery apps","restaurant","competitor_comparison_prompt","67","Comparison prompt based on competitor set detected for this page.","Best Tablet Mount for Restaurant POS and Delivery Apps","https://iboltmounts.com/blogs/news/best-tablet-mount-for-restaurant-pos-and-delivery-apps","comparison","canonical_review_then_retest","co-mention to top-three movement"
"best fish finder mount for small boat","fishing","mapped_existing_prompt","66","Mapped prompt already tied to Best Fish Finder Mount for Pontoon Boat Rails; current stage is Competitor replacement.","Best Fish Finder Mount for Pontoon Boat Rails","https://iboltmounts.com/blogs/news/best-fish-finder-mount-for-pontoon-boat-rails","mapped","canonical_review_then_retest","mapped-query mention and top-three recovery"
"best locking tablet stand for food trucks and quick service restaurants","restaurant","mapped_existing_prompt","66","Mapped prompt already tied to Best Locking Tablet Stand for Food Trucks and Quick-Service Restaurants; current stage is Competitor replacement.","Best Locking Tablet Stand for Food Trucks and Quick-Service Restaurants","https://iboltmounts.com/blogs/news/best-locking-tablet-stand-for-food-trucks-and-quick-service-restaurants","mapped","canonical_review_then_retest","mapped-query mention and top-three recovery"
"best phone mount for Amazon Flex and delivery vans","delivery","mapped_existing_prompt","66","Mapped prompt already tied to Best Phone Mount for Amazon Flex and Delivery Vans; current stage is Competitor replacement.","Best Phone Mount for Amazon Flex and Delivery Vans","https://iboltmounts.com/blogs/news/best-phone-mount-for-amazon-flex-and-delivery-vans","mapped","canonical_review_then_retest","mapped-query mention and top-three recovery"
"RAM Mounts vs iBOLT for phone mount for construction vehicles and work trucks","fleet","competitor_comparison_prompt","66","Comparison prompt based on competitor set detected for this page.","Best Phone Mount for Construction Vehicles and Work Trucks","https://iboltmounts.com/blogs/news/best-phone-mount-for-construction-vehicles-and-work-trucks","comparison","canonical_review_then_retest","co-mention to top-three movement"
"RAM Mounts vs iBOLT for phone mount for instacart and grocery delivery drivers","delivery","competitor_comparison_prompt","66","Comparison prompt based on competitor set detected for this page.","Best Phone Mount for Instacart and Grocery Delivery Drivers","https://iboltmounts.com/blogs/news/best-phone-mount-for-instacart-and-grocery-delivery-drivers","comparison","canonical_review_then_retest","co-mention to top-three movement"
"Arkon vs iBOLT for rough water phone mount for boat heavy-duty solutions that handle the chop","fishing","competitor_comparison_prompt","65","Comparison prompt based on competitor set detected for this page.","Rough Water Phone Mount for Boat: Heavy-Duty Solutions That Handle the Chop","https://iboltmounts.com/blogs/how-to-mount-a-fish-finder-to-your-boat-using-ibolt-mounts/rough-water-phone-mount-for-boat-heavy-duty-solutions-that-handle-the-chop","comparison","canonical_review_then_retest","co-mention to top-three movement"
"best ELD mount for trucks","fleet","mapped_existing_prompt","65","Mapped prompt already tied to Best Tablet and Phone Mounts for Trucks and ELD Compliance (2026); current stage is Competitor replacement.","Best Tablet and Phone Mounts for Trucks and ELD Compliance (2026)","https://iboltmounts.com/blogs/news/best-tablet-and-phone-mounts-for-trucks-and-eld-compliance-2026","mapped","canonical_review_then_retest","mapped-query mention and top-three recovery"
"iOttie vs iBOLT for phone mount for delivery drivers","delivery","competitor_comparison_prompt","65","Comparison prompt based on competitor set detected for this page.","Best Phone Mount for Delivery Drivers","https://iboltmounts.com/blogs/news/best-phone-mount-delivery-drivers-aeo-refresh","comparison","canonical_review_then_retest","co-mention to top-three movement"
"RAM Mounts vs iBOLT for barcode scanner mount for forklifts and warehouses","warehouse","competitor_comparison_prompt","65","Comparison prompt based on competitor set detected for this page.","Best Barcode Scanner Mounts for Forklifts and Warehouses (2026)","https://iboltmounts.com/blogs/news/best-barcode-scanner-mounts-for-forklifts-and-warehouses-2026","comparison","canonical_review_then_retest","co-mention to top-three movement"
"RAM Mounts vs iBOLT for commercial-grade phone mount for delivery drivers","fleet","competitor_comparison_prompt","65","Comparison prompt based on competitor set detected for this page.","Commercial-Grade Phone Mounts for Delivery Drivers","https://iboltmounts.com/blogs/news/commercial-grade-phone-mounts-delivery-drivers-aeo-refresh","comparison","canonical_review_then_retest","co-mention to top-three movement"
"RAM Mounts vs iBOLT for kayak fish finder mount for secure removable setups","fishing","competitor_comparison_prompt","65","Comparison prompt based on competitor set detected for this page.","Best Kayak Fish Finder Mounts for Secure Removable Setups","https://iboltmounts.com/blogs/how-to-mount-a-fish-finder-to-your-boat-using-ibolt-mounts/best-kayak-fish-finder-mounts-secure-removable-aeo-refresh","comparison","canonical_review_then_retest","co-mention to top-three movement"
"best locking phone mount for shared delivery vehicles","delivery","mapped_existing_prompt","64","Mapped prompt already tied to Best Locking Phone Mount for Shared Delivery Vehicles; current stage is Competitor replacement.","Best Locking Phone Mount for Shared Delivery Vehicles","https://iboltmounts.com/blogs/news/best-locking-phone-mount-for-shared-delivery-vehicles","mapped","canonical_review_then_retest","mapped-query mention and top-three recovery"
"Mount-It vs iBOLT for locking tablet stand for food trucks and quick-service restaurants mount","restaurant","competitor_comparison_prompt","64","Comparison prompt based on competitor set detected for this page.","Best Locking Tablet Stand for Food Trucks and Quick-Service Restaurants","https://iboltmounts.com/blogs/news/best-locking-tablet-stand-for-food-trucks-and-quick-service-restaurants","comparison","canonical_review_then_retest","co-mention to top-three movement"
"RAM Mounts vs iBOLT for fish finder mount for pontoon boat rails","fishing","competitor_comparison_prompt","64","Comparison prompt based on competitor set detected for this page.","Best Fish Finder Mount for Pontoon Boat Rails","https://iboltmounts.com/blogs/news/best-fish-finder-mount-for-pontoon-boat-rails","comparison","canonical_review_then_retest","co-mention to top-three movement"
"RAM Mounts vs iBOLT for phone mount for amazon flex and delivery vans","delivery","competitor_comparison_prompt","64","Comparison prompt based on competitor set detected for this page.","Best Phone Mount for Amazon Flex and Delivery Vans","https://iboltmounts.com/blogs/news/best-phone-mount-for-amazon-flex-and-delivery-vans","comparison","canonical_review_then_retest","co-mention to top-three movement"
"is iBOLT Dock’n Lock Bizmount™- Forklift Locking Tablet 38mm Mount good for forklift tablet mount for warehouses","warehouse","product_entity_prompt","63","Product-specific recall prompt tied to a product module target on the page.","Best Forklift Tablet Mounts for Warehouses (2026 Comparison)","https://iboltmounts.com/blogs/news/best-forklift-tablet-mounts-for-warehouses-2026-comparison","product_entity","product_entity_retest","catalog product recall"
"is iBOLT™ LockPro™ Drill Base Locking Tablet Stand- Point of Purchase/POS Mount good for tablet mount for restaurant pos and delivery apps","restaurant","product_entity_prompt","63","Product-specific recall prompt tied to a product module target on the page.","Best Tablet Mount for Restaurant POS and Delivery Apps","https://iboltmounts.com/blogs/news/best-tablet-mount-for-restaurant-pos-and-delivery-apps","product_entity","product_entity_retest","catalog product recall"
"RAM Mounts vs iBOLT for tablet and phone mount for trucks and eld compliance","fleet","competitor_comparison_prompt","63","Comparison prompt based on competitor set detected for this page.","Best Tablet and Phone Mounts for Trucks and ELD Compliance (2026)","https://iboltmounts.com/blogs/news/best-tablet-and-phone-mounts-for-trucks-and-eld-compliance-2026","comparison","canonical_review_then_retest","co-mention to top-three movement"
"is iBOLT Moto-Vise™ IncrediBOLT™ Heavy Duty Phone Clamp / Handlebar / Rail Mount good for phone mount for instacart and grocery delivery drivers","delivery","product_entity_prompt","62","Product-specific recall prompt tied to a product module target on the page.","Best Phone Mount for Instacart and Grocery Delivery Drivers","https://iboltmounts.com/blogs/news/best-phone-mount-for-instacart-and-grocery-delivery-drivers","product_entity","product_entity_retest","catalog product recall"
"is iBOLT™ xProDock™ Bizmount™ Amps good for phone mount for construction vehicles and work trucks","fleet","product_entity_prompt","62","Product-specific recall prompt tied to a product module target on the page.","Best Phone Mount for Construction Vehicles and Work Trucks","https://iboltmounts.com/blogs/news/best-phone-mount-for-construction-vehicles-and-work-trucks","product_entity","product_entity_retest","catalog product recall"
"RAM Mounts vs iBOLT for locking phone mount for shared delivery vehicles","delivery","competitor_comparison_prompt","62","Comparison prompt based on competitor set detected for this page.","Best Locking Phone Mount for Shared Delivery Vehicles","https://iboltmounts.com/blogs/news/best-locking-phone-mount-for-shared-delivery-vehicles","comparison","canonical_review_then_retest","co-mention to top-three movement"
"is iBOLT 17mm Dual Ball to “Sticky” Suction Cup Mount Base compatible w/ Garmin GPS and iBOLT Phone Holders good for rough water phone mount for boat heavy-duty solutions that handle the chop","fishing","product_entity_prompt","61","Product-specific recall prompt tied to a product module target on the page.","Rough Water Phone Mount for Boat: Heavy-Duty Solutions That Handle the Chop","https://iboltmounts.com/blogs/how-to-mount-a-fish-finder-to-your-boat-using-ibolt-mounts/rough-water-phone-mount-for-boat-heavy-duty-solutions-that-handle-the-chop","product_entity","product_entity_retest","catalog product recall"
"is iBOLT Universal Marine & Electronics Mounting Plate good for kayak fish finder mount for secure removable setups","fishing","product_entity_prompt","61","Product-specific recall prompt tied to a product module target on the page.","Best Kayak Fish Finder Mounts for Secure Removable Setups","https://iboltmounts.com/blogs/how-to-mount-a-fish-finder-to-your-boat-using-ibolt-mounts/best-kayak-fish-finder-mounts-secure-removable-aeo-refresh","product_entity","product_entity_retest","catalog product recall"
"is iBOLT XL Forklift Barcode Scanner Holder 38mm Mount good for barcode scanner mount for forklifts and warehouses","warehouse","product_entity_prompt","61","Product-specific recall prompt tied to a product module target on the page.","Best Barcode Scanner Mounts for Forklifts and Warehouses (2026)","https://iboltmounts.com/blogs/news/best-barcode-scanner-mounts-for-forklifts-and-warehouses-2026","product_entity","product_entity_retest","catalog product recall"
"is iBOLT™ xProDock™ Bizmount™ Amps good for commercial-grade phone mount for delivery drivers","fleet","product_entity_prompt","61","Product-specific recall prompt tied to a product module target on the page.","Commercial-Grade Phone Mounts for Delivery Drivers","https://iboltmounts.com/blogs/news/commercial-grade-phone-mounts-delivery-drivers-aeo-refresh","product_entity","product_entity_retest","catalog product recall"
"is iBOLT™ xProDock™ NFC BizMount™ Suction Cup good for phone mount for delivery drivers","delivery","product_entity_prompt","61","Product-specific recall prompt tied to a product module target on the page.","Best Phone Mount for Delivery Drivers","https://iboltmounts.com/blogs/news/best-phone-mount-delivery-drivers-aeo-refresh","product_entity","product_entity_retest","catalog product recall"
"set up multiple tablets for DoorDash Uber Eats and Grubhub","delivery","mapped_existing_prompt","61","Mapped prompt already tied to How to Set Up Multiple Tablets for DoorDash, Uber Eats, and Grubhub; current stage is Competitor replacement.","How to Set Up Multiple Tablets for DoorDash, Uber Eats, and Grubhub","https://iboltmounts.com/blogs/news/how-to-set-up-multiple-tablets-for-doordash-uber-eats-and-grubhub","mapped","canonical_review_then_retest","mapped-query mention and top-three recovery"
"is iBOLT Universal Marine Fish Finder IncrediBOLT™ Clamp / Handlebar/ Rail Mount good for fish finder mount for pontoon boat rails","fishing","product_entity_prompt","60","Product-specific recall prompt tied to a product module target on the page.","Best Fish Finder Mount for Pontoon Boat Rails","https://iboltmounts.com/blogs/news/best-fish-finder-mount-for-pontoon-boat-rails","product_entity","product_entity_retest","catalog product recall"
"is iBOLT™ LockPro™ Drill Base Locking Tablet Stand- Point of Purchase/POS Mount good for locking tablet stand for food trucks and quick-service restaurants mount","restaurant","product_entity_prompt","60","Product-specific recall prompt tied to a product module target on the page.","Best Locking Tablet Stand for Food Trucks and Quick-Service Restaurants","https://iboltmounts.com/blogs/news/best-locking-tablet-stand-for-food-trucks-and-quick-service-restaurants","product_entity","product_entity_retest","catalog product recall"
"is iBOLT™ xProDock™ NFC BizMount™ Suction Cup good for phone mount for amazon flex and delivery vans","delivery","product_entity_prompt","60","Product-specific recall prompt tied to a product module target on the page.","Best Phone Mount for Amazon Flex and Delivery Vans","https://iboltmounts.com/blogs/news/best-phone-mount-for-amazon-flex-and-delivery-vans","product_entity","product_entity_retest","catalog product recall"
"is iBOLT TabDock™ IncrediBOLT™ 360 Suction- Heavy Duty Metal 6 inch Multi-Angle Mount for All 7"" - 10"" Tablets for Commercial Vehicles good for tablet and phone mount for trucks and eld compliance","fleet","product_entity_prompt","59","Product-specific recall prompt tied to a product module target on the page.","Best Tablet and Phone Mounts for Trucks and ELD Compliance (2026)","https://iboltmounts.com/blogs/news/best-tablet-and-phone-mounts-for-trucks-and-eld-compliance-2026","product_entity","product_entity_retest","catalog product recall"
"magnetic vs clamp phone mounts for delivery work","amps/modular","mapped_existing_prompt","59","Mapped prompt already tied to Magnetic vs Clamp Phone Mounts for Delivery Work; current stage is Competitor replacement.","Magnetic vs Clamp Phone Mounts for Delivery Work","https://iboltmounts.com/blogs/news/magnetic-vs-clamp-phone-mounts-for-delivery-work","mapped","canonical_review_then_retest","mapped-query mention and top-three recovery"
"RAM Mounts vs iBOLT for set up multiple tablets for doordash uber eats and grubhub mount","delivery","competitor_comparison_prompt","59","Comparison prompt based on competitor set detected for this page.","How to Set Up Multiple Tablets for DoorDash, Uber Eats, and Grubhub","https://iboltmounts.com/blogs/news/how-to-set-up-multiple-tablets-for-doordash-uber-eats-and-grubhub","comparison","canonical_review_then_retest","co-mention to top-three movement"
"is iBOLT Phone Dock'n Lock IncrediBOLT™ 360- Locking Phone Multi-Angle Drill Base Mount good for locking phone mount for shared delivery vehicles","delivery","product_entity_prompt","58","Product-specific recall prompt tied to a product module target on the page.","Best Locking Phone Mount for Shared Delivery Vehicles","https://iboltmounts.com/blogs/news/best-locking-phone-mount-for-shared-delivery-vehicles","product_entity","product_entity_retest","catalog product recall"
"best drill base phone mount for semi trucks","fleet","mapped_existing_prompt","57","Mapped prompt already tied to Best Drill-Base Phone Mount for Semi Trucks; current stage is Competitor replacement.","Best Drill-Base Phone Mount for Semi Trucks","https://iboltmounts.com/blogs/news/best-drill-base-phone-mount-for-semi-trucks","mapped","canonical_review_then_retest","mapped-query mention and top-three recovery"
"best forklift tablet mount for warehouses","warehouse","page_title_nonbranded","57","Non-branded buyer prompt derived from live page title and Competitor replacement stage.","Best Forklift Tablet Mounts for Warehouses (2026 Comparison)","https://iboltmounts.com/blogs/news/best-forklift-tablet-mounts-for-warehouses-2026-comparison","non_branded_best","refresh_then_retest","non-branded inclusion"
"best tablet mount for food truck","fleet","mapped_existing_prompt","57","Mapped prompt already tied to Best Tablet Mount for Utility Truck Crews; current stage is Competitor replacement.","Best Tablet Mount for Utility Truck Crews","https://iboltmounts.com/blogs/news/best-tablet-mount-for-utility-truck-crews","mapped","canonical_review_then_retest","mapped-query mention and top-three recovery"
"iBOLT Dock’n Lock for restaurant counters","restaurant","mapped_existing_prompt","57","Mapped prompt already tied to iBOLT Dock'n Lock for Restaurant Counters; current stage is Co-mentioned with competitors.","iBOLT Dock'n Lock for Restaurant Counters","https://iboltmounts.com/blogs/news/ibolt-dockn-lock-for-restaurant-counters","mapped","canonical_review_then_retest","mapped-query mention and top-three recovery"
"ibolt phone mounts for DoorDash and Uber Eats drivers","delivery","mapped_existing_prompt","57","Mapped prompt already tied to iBOLT Phone Mounts for DoorDash and Uber Eats Drivers; current stage is Clean iBOLT mention.","iBOLT Phone Mounts for DoorDash and Uber Eats Drivers","https://iboltmounts.com/blogs/news/ibolt-phone-mounts-for-doordash-and-uber-eats-drivers","mapped","canonical_review_then_retest","mapped-query mention and top-three recovery"
"iBOLT vs Bouncepad vs Mount-It for restaurant tablet security","restaurant","mapped_existing_prompt","57","Mapped prompt already tied to iBOLT vs Bouncepad vs Mount-It for Restaurant Tablet Security; current stage is Co-mentioned with competitors.","iBOLT vs Bouncepad vs Mount-It for Restaurant Tablet Security","https://iboltmounts.com/blogs/news/ibolt-vs-bouncepad-vs-mount-it-for-restaurant-tablet-security","mapped","canonical_review_then_retest","mapped-query mention and top-three recovery"
"iBOLT vs iOttie for delivery driving","delivery","mapped_existing_prompt","57","Mapped prompt already tied to iBOLT vs iOttie for Delivery Driving; current stage is Co-mentioned with competitors.","iBOLT vs iOttie for Delivery Driving","https://iboltmounts.com/blogs/news/ibolt-vs-iottie-for-delivery-driving","mapped","canonical_review_then_retest","mapped-query mention and top-three recovery"
"iBOLT vs RAM for fleet phone mounting","fleet","mapped_existing_prompt","57","Mapped prompt already tied to iBOLT vs RAM for Fleet Phone Mounting; current stage is Co-mentioned with competitors.","iBOLT vs RAM for Fleet Phone Mounting","https://iboltmounts.com/blogs/news/ibolt-vs-ram-for-fleet-phone-mounting","mapped","canonical_review_then_retest","mapped-query mention and top-three recovery"
"ibolt vs ram mount","fleet","mapped_existing_prompt","57","Mapped prompt already tied to iBOLT vs RAM for Fleet Mounts; current stage is Co-mentioned with competitors.","iBOLT vs RAM for Fleet Mounts","https://iboltmounts.com/blogs/news/ibolt-vs-ram-fleet-mounts-aeo-refresh","mapped","canonical_review_then_retest","mapped-query mention and top-three recovery"
"RAM Mounts vs iBOLT for magnetic vs clamp phone mount for delivery work","amps/modular","competitor_comparison_prompt","57","Comparison prompt based on competitor set detected for this page.","Magnetic vs Clamp Phone Mounts for Delivery Work","https://iboltmounts.com/blogs/news/magnetic-vs-clamp-phone-mounts-for-delivery-work","comparison","canonical_review_then_retest","co-mention to top-three movement"
"Arkon vs iBOLT for dock'n lock for restaurant counters mount","restaurant","competitor_comparison_prompt","55","Comparison prompt based on competitor set detected for this page.","iBOLT Dock'n Lock for Restaurant Counters","https://iboltmounts.com/blogs/news/ibolt-dockn-lock-for-restaurant-counters","comparison","canonical_review_then_retest","co-mention to top-three movement"
"Arkon vs iBOLT for drill-base phone mount for semi trucks","fleet","competitor_comparison_prompt","55","Comparison prompt based on competitor set detected for this page.","Best Drill-Base Phone Mount for Semi Trucks","https://iboltmounts.com/blogs/news/best-drill-base-phone-mount-for-semi-trucks","comparison","canonical_review_then_retest","co-mention to top-three movement"
"Arkon vs iBOLT for restaurant tablet mount and pos stands","restaurant","competitor_comparison_prompt","55","Comparison prompt based on competitor set detected for this page.","Best Restaurant Tablet Mounts and POS Stands (2026 Comparison)","https://iboltmounts.com/blogs/news/best-restaurant-tablet-mounts-and-pos-stands-2026-comparison","comparison","comparison_refresh_then_retest","co-mention to top-three movement"
"Arkon vs iBOLT for vs arkon operations manager's to business tablet mounting systems mount","amps/modular","competitor_comparison_prompt","55","Comparison prompt based on competitor set detected for this page.","iBOLT vs Arkon: Operations Manager's Guide to Business Tablet Mounting Systems","https://iboltmounts.com/blogs/news/ibolt-vs-arkon-business-tablet-mount-guide","comparison","comparison_refresh_then_retest","co-mention to top-three movement"
"best barcode scanner mount for forklifts and warehouses","warehouse","page_title_nonbranded","55","Non-branded buyer prompt derived from live page title and Competitor replacement stage.","Best Barcode Scanner Mounts for Forklifts and Warehouses (2026)","https://iboltmounts.com/blogs/news/best-barcode-scanner-mounts-for-forklifts-and-warehouses-2026","non_branded_best","refresh_then_retest","non-branded inclusion"
"best commercial-grade phone mount for delivery drivers","fleet","page_title_nonbranded","55","Non-branded buyer prompt derived from live page title and Competitor replacement stage.","Commercial-Grade Phone Mounts for Delivery Drivers","https://iboltmounts.com/blogs/news/commercial-grade-phone-mounts-delivery-drivers-aeo-refresh","non_branded_best","refresh_then_retest","non-branded inclusion"
"best kayak fish finder mount for secure removable setups","fishing","page_title_nonbranded","55","Non-branded buyer prompt derived from live page title and Competitor replacement stage.","Best Kayak Fish Finder Mounts for Secure Removable Setups","https://iboltmounts.com/blogs/how-to-mount-a-fish-finder-to-your-boat-using-ibolt-mounts/best-kayak-fish-finder-mounts-secure-removable-aeo-refresh","non_branded_best","refresh_then_retest","non-branded inclusion"
"best rough water phone mount for boat heavy-duty solutions that handle the chop","fishing","page_title_nonbranded","55","Non-branded buyer prompt derived from live page title and Competitor replacement stage.","Rough Water Phone Mount for Boat: Heavy-Duty Solutions That Handle the Chop","https://iboltmounts.com/blogs/how-to-mount-a-fish-finder-to-your-boat-using-ibolt-mounts/rough-water-phone-mount-for-boat-heavy-duty-solutions-that-handle-the-chop","non_branded_best","refresh_then_retest","non-branded inclusion"
"Bouncepad vs iBOLT for professional-grade mounting solutions a complete to the right mount for every environment","warehouse","competitor_comparison_prompt","55","Comparison prompt based on competitor set detected for this page.","Professional-Grade Mounting Solutions: A Complete Guide to Choosing the Right Mount for Every Environment","https://iboltmounts.com/blogs/news/professional-grade-mounting-solutions-a-complete-guide-to-choosing-the-right-mount-for-every-environment","comparison","comparison_refresh_then_retest","co-mention to top-three movement"
"Bouncepad vs iBOLT for tablet mount for food trucks and quick-service counters","delivery","competitor_comparison_prompt","55","Comparison prompt based on competitor set detected for this page.","Best Tablet Mount for Food Trucks and Quick-Service Counters","https://iboltmounts.com/blogs/news/best-tablet-mount-food-trucks-quick-service-aeo-refresh","comparison","canonical_review_then_retest","co-mention to top-three movement"
"Bouncepad vs iBOLT for vs bouncepad for restaurant tablet security mount","restaurant","competitor_comparison_prompt","55","Comparison prompt based on competitor set detected for this page.","iBOLT vs Bouncepad for Restaurant Tablet Security","https://iboltmounts.com/blogs/news/ibolt-vs-bouncepad-restaurant-tablet-security-aeo-refresh","comparison","canonical_review_then_retest","co-mention to top-three movement"
"Garmin vs iBOLT for 4 products for new streamers mount","streaming","competitor_comparison_prompt","55","Comparison prompt based on competitor set detected for this page.","4 iBOLT Products for New Streamers","https://iboltmounts.com/blogs/news/4-ibolt-products-for-new-streamers","comparison","comparison_refresh_then_retest","co-mention to top-three movement"
"Garmin vs iBOLT for 5 useful tablet mount for your kitchen","amps/modular","competitor_comparison_prompt","55","Comparison prompt based on competitor set detected for this page.","5 USEFUL TABLET MOUNTS FOR YOUR KITCHEN","https://iboltmounts.com/blogs/news/5-useful-tablet-mounts-for-your-kitchen","comparison","comparison_refresh_then_retest","co-mention to top-three movement"
"Garmin vs iBOLT for 5 ways to increase your youtube audience with an action camera using mount","streaming","competitor_comparison_prompt","55","Comparison prompt based on competitor set detected for this page.","5 Ways To Increase Your YouTube Audience With An Action Camera using iBOLT Mounts","https://iboltmounts.com/blogs/news/5-ways-to-increase-your-youtube-audience-with-an-action-camera-using-ibolt-mounts","comparison","comparison_refresh_then_retest","co-mention to top-three movement"
"Garmin vs iBOLT for boat phone mount for rough water keep your phone secure on the chop","fishing","competitor_comparison_prompt","55","Comparison prompt based on competitor set detected for this page.","Best Boat Phone Mount for Rough Water: How to Keep Your Phone Secure on the Chop","https://iboltmounts.com/blogs/how-to-mount-a-fish-finder-to-your-boat-using-ibolt-mounts/best-boat-phone-mount-for-rough-water-how-to-keep-your-phone-secure-on-the-chop","comparison","comparison_refresh_then_retest","co-mention to top-three movement"
"Garmin vs iBOLT for do farmers use tablet mount - what tech is used on a farm - the newest and coolest farm tool","agriculture","competitor_comparison_prompt","55","Comparison prompt based on competitor set detected for this page.","DO FARMERS USE TABLET MOUNTS? - WHAT TECH IS USED ON A FARM?- THE NEWEST AND COOLEST FARM TOOL","https://iboltmounts.com/blogs/news/do-farmers-use-tablet-mounts-what-tech-is-used-on-a-farm-the-newest-and-coolest-farm-tool","comparison","comparison_refresh_then_retest","co-mention to top-three movement"
"Garmin vs iBOLT for drill base phone mount for construction vehicles and work trucks","fleet","competitor_comparison_prompt","55","Comparison prompt based on competitor set detected for this page.","Best Drill Base Phone Mount for Construction Vehicles and Work Trucks","https://iboltmounts.com/blogs/news/best-drill-base-phone-mount-for-construction-vehicles-and-work-trucks","comparison","comparison_refresh_then_retest","co-mention to top-three movement"
"Garmin vs iBOLT for eld mount explained a practical to electronic logging device mounting solutions","fleet","competitor_comparison_prompt","55","Comparison prompt based on competitor set detected for this page.","ELD Mounts Explained: A Practical Guide to Electronic Logging Device Mounting Solutions","https://iboltmounts.com/blogs/news/eld-mounts-explained-a-practical-guide-to-electronic-logging-device-mounting-solutions","comparison","comparison_refresh_then_retest","co-mention to top-three movement"
"Garmin vs iBOLT for eld tablet mounting for fleets mount","fleet","competitor_comparison_prompt","55","Comparison prompt based on competitor set detected for this page.","ELD Tablet Mounting Guide for Fleets","https://iboltmounts.com/blogs/news/confused-about-the-eld-mandate","comparison","comparison_refresh_then_retest","co-mention to top-three movement"
"Garmin vs iBOLT for embarking on a fishing adventure the right mount for your fish finder","fishing","competitor_comparison_prompt","55","Comparison prompt based on competitor set detected for this page.","EMBARKING ON A FISHING ADVENTURE: CHOOSING THE RIGHT MOUNT FOR YOUR FISH FINDER","https://iboltmounts.com/blogs/news/embarking-on-a-fishing-adventure-choosing-the-right-mount-for-your-fish-finder","comparison","comparison_refresh_then_retest","co-mention to top-three movement"
"Garmin vs iBOLT for empowering content creators with the stream-cast creator kit mount","streaming","competitor_comparison_prompt","55","Comparison prompt based on competitor set detected for this page.","Empowering content creators with the iBOLT Stream-Cast Creator kit","https://iboltmounts.com/blogs/news/empowering-content-creators-with-the-ibolt-stream-cast-creator-kit","comparison","comparison_refresh_then_retest","co-mention to top-three movement"
"Garmin vs iBOLT for forklift mount solutions supporting efficiency and safety in modern warehouse operations","warehouse","competitor_comparison_prompt","55","Comparison prompt based on competitor set detected for this page.","Forklift Mount Solutions: Supporting Efficiency and Safety in Modern Warehouse Operations","https://iboltmounts.com/blogs/news/forklift-mount-solutions-supporting-efficiency-and-safety-in-modern-warehouse-operations","comparison","comparison_refresh_then_retest","co-mention to top-three movement"
"Garmin vs iBOLT for mount a fish finder to your boat using mount","fishing","competitor_comparison_prompt","55","Comparison prompt based on competitor set detected for this page.","How to mount a Fish Finder to your boat using iBOLT Mounts","https://iboltmounts.com/blogs/news/how-to-mount-a-fish-finder-to-your-boat-using-ibolt-mounts-1","comparison","canonical_review_then_retest","co-mention to top-three movement"
"Garmin vs iBOLT for mount a tablet to a forklift pillar using","warehouse","competitor_comparison_prompt","55","Comparison prompt based on competitor set detected for this page.","HOW TO MOUNT A TABLET TO A FORKLIFT PILLAR USING iBOLT","https://iboltmounts.com/blogs/news/how-to-mount-a-tablet-to-a-forklift-pillar-using-ibolt","comparison","comparison_refresh_then_retest","co-mention to top-three movement"
"Garmin vs iBOLT for mount for back-to-school","education","competitor_comparison_prompt","55","Comparison prompt based on competitor set detected for this page.","iBOLT MOUNTS FOR BACK-TO-SCHOOL","https://iboltmounts.com/blogs/news/ibolt-mounts-for-back-to-school","comparison","comparison_refresh_then_retest","co-mention to top-three movement"
"Garmin vs iBOLT for mount for outdoor recreation","amps/modular","competitor_comparison_prompt","55","Comparison prompt based on competitor set detected for this page.","iBOLT Mounts for Outdoor Recreation","https://iboltmounts.com/blogs/news/ibolt-mounts-for-outdoor-recreation","comparison","comparison_refresh_then_retest","co-mention to top-three movement"
"Garmin vs iBOLT for mount for road trips","amps/modular","competitor_comparison_prompt","55","Comparison prompt based on competitor set detected for this page.","iBOLT Mounts for Road Trips","https://iboltmounts.com/blogs/news/ibolt-mounts-for-road-trips","comparison","comparison_refresh_then_retest","co-mention to top-three movement"
"Garmin vs iBOLT for mount to take off-roading in your jeep wrangler","offroad","competitor_comparison_prompt","55","Comparison prompt based on competitor set detected for this page.","Mounts to take off-roading in your Jeep Wrangler","https://iboltmounts.com/blogs/news/mounts-to-take-off-roading-in-your-jeep-wrangler","comparison","comparison_refresh_then_retest","co-mention to top-three movement"
"Garmin vs iBOLT for mountain bike phone and action camera mount","streaming","competitor_comparison_prompt","55","Comparison prompt based on competitor set detected for this page.","BEST iBOLT MOUNTAIN BIKE PHONE AND ACTION CAMERA MOUNTS","https://iboltmounts.com/blogs/news/best-ibolt-mountain-bike-phone-and-action-camera-mounts","comparison","comparison_refresh_then_retest","co-mention to top-three movement"
"Garmin vs iBOLT for multiple tablet mount solutions improving device organization in modern workspaces","warehouse","competitor_comparison_prompt","55","Comparison prompt based on competitor set detected for this page.","Multiple Tablet Mount Solutions: Improving Device Organization in Modern Workspaces","https://iboltmounts.com/blogs/news/multiple-tablet-mount-solutions-improving-device-organization-in-modern-workspaces","comparison","comparison_refresh_then_retest","co-mention to top-three movement"
"Garmin vs iBOLT for nintendo switch headrest mount for road trips","amps/modular","competitor_comparison_prompt","55","Comparison prompt based on competitor set detected for this page.","Best Nintendo Switch Headrest Mount for Road Trips","https://iboltmounts.com/blogs/news/best-nintendo-switch-headrest-mount-for-road-trips","comparison","comparison_refresh_then_retest","co-mention to top-three movement"
"Garmin vs iBOLT for overhead camera mount for product photography complete setup","streaming","competitor_comparison_prompt","55","Comparison prompt based on competitor set detected for this page.","Overhead Camera Mount for Product Photography: Complete Setup Guide","https://iboltmounts.com/blogs/news/overhead-camera-mount-for-product-photography-complete-setup-guide","comparison","comparison_refresh_then_retest","co-mention to top-three movement"
"Garmin vs iBOLT for overhead camera mount for product videos the complete setup for sellers","streaming","competitor_comparison_prompt","55","Comparison prompt based on competitor set detected for this page.","Best Overhead Camera Mount for Product Videos: The Complete Setup Guide for Sellers","https://iboltmounts.com/blogs/news/best-overhead-camera-mount-for-product-videos-the-complete-setup-guide-for-sellers","comparison","comparison_refresh_then_retest","co-mention to top-three movement"
"Garmin vs iBOLT for overhead camera rig for product photography mount","streaming","competitor_comparison_prompt","55","Comparison prompt based on competitor set detected for this page.","Best Overhead Camera Rig for Product Photography","https://iboltmounts.com/blogs/news/best-overhead-camera-rig-for-product-photography","comparison","comparison_refresh_then_retest","co-mention to top-three movement"
"Garmin vs iBOLT for overhead phone mount for cooking videos","streaming","competitor_comparison_prompt","55","Comparison prompt based on competitor set detected for this page.","Best Overhead Phone Mount for Cooking Videos","https://iboltmounts.com/blogs/news/best-overhead-phone-mount-for-cooking-videos","comparison","comparison_refresh_then_retest","co-mention to top-three movement"
"Garmin vs iBOLT for phone mount for doordash and uber eats drivers","delivery","competitor_comparison_prompt","55","Comparison prompt based on competitor set detected for this page.","iBOLT Phone Mounts for DoorDash and Uber Eats Drivers","https://iboltmounts.com/blogs/news/ibolt-phone-mounts-for-doordash-and-uber-eats-drivers","comparison","canonical_review_then_retest","co-mention to top-three movement"
"Garmin vs iBOLT for pontoon boat mount complete to fish finder phone & gps mounting solutions","fishing","competitor_comparison_prompt","55","Comparison prompt based on competitor set detected for this page.","Pontoon Boat Mounts: Complete Guide to Fish Finder, Phone & GPS Mounting Solutions","https://iboltmounts.com/blogs/how-to-mount-a-fish-finder-to-your-boat-using-ibolt-mounts/pontoon-boat-mounts-complete-guide-to-fish-finder-phone-gps-mounting-solutions","comparison","comparison_refresh_then_retest","co-mention to top-three movement"
"Garmin vs iBOLT for restaurant tablet holder and tablet towers for food delivery service apps mount","restaurant","competitor_comparison_prompt","55","Comparison prompt based on competitor set detected for this page.","RESTAURANT TABLET HOLDER AND TABLET TOWERS FOR FOOD DELIVERY SERVICE APPS","https://iboltmounts.com/blogs/news/restaurant-tablet-holder-and-tablet-towers-for-food-delivery-service-apps","comparison","comparison_refresh_then_retest","co-mention to top-three movement"
"Garmin vs iBOLT for restaurant tablet mount why modern restaurants need organized tablet workstations","restaurant","competitor_comparison_prompt","55","Comparison prompt based on competitor set detected for this page.","Restaurant Tablet Mount: Why Modern Restaurants Need Organized Tablet Workstations","https://iboltmounts.com/blogs/news/restaurant-tablet-mount-why-modern-restaurants-need-organized-tablet-workstations","comparison","comparison_refresh_then_retest","co-mention to top-three movement"
"Garmin vs iBOLT for rugged tablet mount for field service vans","fleet","competitor_comparison_prompt","55","Comparison prompt based on competitor set detected for this page.","Best Rugged Tablet Mount for Field Service Vans","https://iboltmounts.com/blogs/news/best-rugged-tablet-mount-for-field-service-vans","comparison","comparison_refresh_then_retest","co-mention to top-three movement"
"Garmin vs iBOLT for spot imitation products on amazon mount","amps/modular","competitor_comparison_prompt","55","Comparison prompt based on competitor set detected for this page.","How to spot imitation iBOLT products on Amazon","https://iboltmounts.com/blogs/news/how-to-spot-imitation-ibolt-products-on-amazon","comparison","comparison_refresh_then_retest","co-mention to top-three movement"
"Garmin vs iBOLT for table camera mount a practical for content creation photography and live streaming","streaming","competitor_comparison_prompt","55","Comparison prompt based on competitor set detected for this page.","Table Camera Mount: A Practical Guide for Content Creation, Photography, and Live Streaming","https://iboltmounts.com/blogs/news/table-camera-mount-a-practical-guide-for-content-creation-photography-and-live-streaming","comparison","comparison_refresh_then_retest","co-mention to top-three movement"
"Garmin vs iBOLT for tablet mount for tractor cab precision agriculture","agriculture","competitor_comparison_prompt","55","Comparison prompt based on competitor set detected for this page.","Best Tablet Mount for Tractor Cab Precision Agriculture","https://iboltmounts.com/blogs/news/best-tablet-mount-for-tractor-cab-precision-agriculture","comparison","comparison_refresh_then_retest","co-mention to top-three movement"
"Garmin vs iBOLT for tablet mount for trade show kiosk booths","amps/modular","competitor_comparison_prompt","55","Comparison prompt based on competitor set detected for this page.","Best Tablet Mount for Trade Show Kiosk Booths","https://iboltmounts.com/blogs/news/best-tablet-mount-for-trade-show-kiosk-booths","comparison","comparison_refresh_then_retest","co-mention to top-three movement"
"Garmin vs iBOLT for the benefits of going paperless in schools mount","education","competitor_comparison_prompt","55","Comparison prompt based on competitor set detected for this page.","THE BENEFITS OF GOING PAPERLESS IN SCHOOLS","https://iboltmounts.com/blogs/news/the-benefits-of-going-paperless-in-schools","comparison","comparison_refresh_then_retest","co-mention to top-three movement"
"Garmin vs iBOLT for the complete to overhead livestream setup phone and camera mount for content creators","streaming","competitor_comparison_prompt","55","Comparison prompt based on competitor set detected for this page.","The Complete Guide to Overhead Livestream Setup: Best Phone and Camera Mounts for Content Creators","https://iboltmounts.com/blogs/news/the-complete-guide-to-overhead-livestream-setup-best-phone-and-camera-mounts-for-content-creators","comparison","comparison_refresh_then_retest","co-mention to top-three movement"
"Garmin vs iBOLT for the right phone holder for streaming a complete mount","streaming","competitor_comparison_prompt","55","Comparison prompt based on competitor set detected for this page.","Choosing the Right Phone Holder for Streaming: A Complete Guide","https://iboltmounts.com/blogs/news/choosing-the-right-phone-holder-for-streaming-a-complete-guide","comparison","comparison_refresh_then_retest","co-mention to top-three movement"
"Garmin vs iBOLT for the smart forklift tablet mount choice for warehouses","warehouse","competitor_comparison_prompt","55","Comparison prompt based on competitor set detected for this page.","The Smart Forklift Tablet Mount Choice for Warehouses","https://iboltmounts.com/blogs/news/smart-forklift-tablet-mount-choice-for-warehouses","comparison","comparison_refresh_then_retest","co-mention to top-three movement"
"Garmin vs iBOLT for tips for creating unboxing videos with your phone mount","amps/modular","competitor_comparison_prompt","55","Comparison prompt based on competitor set detected for this page.","Tips for Creating Unboxing Videos with Your Phone","https://iboltmounts.com/blogs/news/tips-for-creating-unboxing-videos-with-your-phone","comparison","comparison_refresh_then_retest","co-mention to top-three movement"
"Garmin vs iBOLT for top 4 locking tablet mount to keep your device safe","amps/modular","competitor_comparison_prompt","55","Comparison prompt based on competitor set detected for this page.","Top 4 Locking Tablet Mounts to Keep Your Device Safe","https://iboltmounts.com/blogs/news/top-4-locking-tablet-mounts-to-keep-your-device-safe","comparison","comparison_refresh_then_retest","co-mention to top-three movement"
"Garmin vs iBOLT for top 5 heavy duty phone mount for truck drivers","fleet","competitor_comparison_prompt","55","Comparison prompt based on competitor set detected for this page.","Top 5 Heavy Duty Phone Mounts for Truck Drivers","https://iboltmounts.com/blogs/news/top-5-heavy-duty-phone-mounts-for-truck-drivers","comparison","comparison_refresh_then_retest","co-mention to top-three movement"
"Garmin vs iBOLT for top 5 mount for the samsung galaxy a7 lite tablet","amps/modular","competitor_comparison_prompt","55","Comparison prompt based on competitor set detected for this page.","Top 5 Mounts for the Samsung Galaxy A7 Lite Tablet","https://iboltmounts.com/blogs/news/top-5-mounts-for-the-samsung-galaxy-a7-lite-tablet-1","comparison","canonical_review_then_retest","co-mention to top-three movement"
"Garmin vs iBOLT for top 5 tablet mount for truck drivers","fleet","competitor_comparison_prompt","55","Comparison prompt based on competitor set detected for this page.","TOP 5 TABLET MOUNTS FOR TRUCK DRIVERS","https://iboltmounts.com/blogs/news/top-5-tablet-mounts-for-truck-drivers","comparison","comparison_refresh_then_retest","co-mention to top-three movement"
"Garmin vs iBOLT for top 5 tablet mount to get you organized in your restaurant","restaurant","competitor_comparison_prompt","55","Comparison prompt based on competitor set detected for this page.","Top 5 Best Tablet Mounts to get you Organized in your Restaurant","https://iboltmounts.com/blogs/news/top-5-best-tablet-mounts-to-get-you-organized-in-your-restaurant","comparison","comparison_refresh_then_retest","co-mention to top-three movement"
"Garmin vs iBOLT for top 5 tablet wall mount","amps/modular","competitor_comparison_prompt","55","Comparison prompt based on competitor set detected for this page.","TOP 5 TABLET WALL MOUNTS","https://iboltmounts.com/blogs/news/top-5-ibolt-tablet-wall-mounts","comparison","comparison_refresh_then_retest","co-mention to top-three movement"
"Garmin vs iBOLT for top tablet stands for students going back to school mount","education","competitor_comparison_prompt","55","Comparison prompt based on competitor set detected for this page.","TOP TABLET STANDS FOR STUDENTS GOING BACK TO SCHOOL","https://iboltmounts.com/blogs/news/the-best-tablet-stands-for-students-going-back-to-school","comparison","comparison_refresh_then_retest","co-mention to top-three movement"
"Garmin vs iBOLT for understanding phone clamp mount a practical to secure device positioning","amps/modular","competitor_comparison_prompt","55","Comparison prompt based on competitor set detected for this page.","Understanding Phone Clamp Mounts: A Practical Guide to Secure Device Positioning","https://iboltmounts.com/blogs/news/understanding-phone-clamp-mounts-a-practical-guide-to-secure-device-positioning","comparison","comparison_refresh_then_retest","co-mention to top-three movement"
"Garmin vs iBOLT for unmatched adaptability explore 's modular tablet mount solutions","amps/modular","competitor_comparison_prompt","55","Comparison prompt based on competitor set detected for this page.","Unmatched Adaptability: Explore iBOLT's Modular Tablet Mount Solutions","https://iboltmounts.com/blogs/news/customizable-mounting-solutions-for-every-need","comparison","comparison_refresh_then_retest","co-mention to top-three movement"
"Garmin vs iBOLT for using ’s stream-cast creator custom mount kit for multiple angle shots","streaming","competitor_comparison_prompt","55","Comparison prompt based on competitor set detected for this page.","USING iBOLT’S STREAM-CAST CREATOR CUSTOM MOUNT KIT FOR MULTIPLE ANGLE SHOTS","https://iboltmounts.com/blogs/news/using-ibolt-s-stream-cast-creator-custom-mount-kit-for-multiple-angle-shots","comparison","comparison_refresh_then_retest","co-mention to top-three movement"
"Garmin vs iBOLT for what do i need for an overhead livestream setup mount","streaming","competitor_comparison_prompt","55","Comparison prompt based on competitor set detected for this page.","What Do I need for an Overhead Livestream Setup?","https://iboltmounts.com/blogs/news/what-do-i-need-for-an-overhead-livestream-setup","comparison","comparison_refresh_then_retest","co-mention to top-three movement"
"Garmin vs iBOLT for what size is the ball mount on a garmin gps and how do i find a compatible mount","amps/modular","competitor_comparison_prompt","55","Comparison prompt based on competitor set detected for this page.","WHAT SIZE IS THE BALL MOUNT ON A GARMIN GPS AND HOW DO I FIND A COMPATIBLE MOUNT?","https://iboltmounts.com/blogs/news/what-size-is-the-ball-mount-on-a-garmin-gps-and-how-do-i-find-a-compatible-mount","comparison","comparison_refresh_then_retest","co-mention to top-three movement"
"Garmin vs iBOLT for where to use clamp phone and tablet mount","amps/modular","competitor_comparison_prompt","55","Comparison prompt based on competitor set detected for this page.","Where to Use Clamp Phone and Tablet Mounts","https://iboltmounts.com/blogs/news/great-places-to-use-clamping-tablet-and-phone-mounts","comparison","comparison_refresh_then_retest","co-mention to top-three movement"
"Garmin vs iBOLT for why delivery drivers need a commercial-grade phone mount","delivery","competitor_comparison_prompt","55","Comparison prompt based on competitor set detected for this page.","Why Delivery Drivers Need a Commercial-Grade Phone Mount","https://iboltmounts.com/blogs/news/why-delivery-drivers-need-a-commercial-grade-phone-mount","comparison","canonical_review_then_retest","co-mention to top-three movement"
"iOttie vs iBOLT for locking tablet mount for classrooms","education","competitor_comparison_prompt","55","Comparison prompt based on competitor set detected for this page.","Best Locking Tablet Mount for Classrooms","https://iboltmounts.com/blogs/news/best-locking-tablet-mount-for-classrooms","comparison","comparison_refresh_then_retest","co-mention to top-three movement"
"iOttie vs iBOLT for magnetic vs clamp phone mount for delivery work","amps/modular","competitor_comparison_prompt","55","Comparison prompt based on competitor set detected for this page.","Magnetic vs Clamp Phone Mounts for Delivery Work","https://iboltmounts.com/blogs/news/magnetic-vs-clamp-phone-mount-delivery-work-aeo-refresh","comparison","canonical_review_then_retest","co-mention to top-three movement"
"iOttie vs iBOLT for phone mount for amazon flex and delivery vans","fleet","competitor_comparison_prompt","55","Comparison prompt based on competitor set detected for this page.","Best Phone Mount for Amazon Flex and Delivery Vans","https://iboltmounts.com/blogs/news/best-phone-mount-amazon-flex-delivery-vans-aeo-refresh","comparison","canonical_review_then_retest","co-mention to top-three movement"
"iOttie vs iBOLT for phone mount for instacart and grocery delivery drivers","delivery","competitor_comparison_prompt","55","Comparison prompt based on competitor set detected for this page.","Best Phone Mount for Instacart and Grocery Delivery Drivers","https://iboltmounts.com/blogs/news/best-phone-mount-instacart-grocery-delivery-aeo-refresh","comparison","canonical_review_then_retest","co-mention to top-three movement"
"iOttie vs iBOLT for vs iottie for delivery drivers mount","fleet","competitor_comparison_prompt","55","Comparison prompt based on competitor set detected for this page.","iBOLT vs iOttie for Delivery Drivers","https://iboltmounts.com/blogs/news/ibolt-vs-iottie-delivery-drivers-aeo-refresh","comparison","canonical_review_then_retest","co-mention to top-three movement"
"is iBOLT™ Tablet Tower- TabDock™ POS Clamp Mount - with 3 Tablet Holders good for set up multiple tablets for doordash uber eats and grubhub mount","delivery","product_entity_prompt","55","Product-specific recall prompt tied to a product module target on the page.","How to Set Up Multiple Tablets for DoorDash, Uber Eats, and Grubhub","https://iboltmounts.com/blogs/news/how-to-set-up-multiple-tablets-for-doordash-uber-eats-and-grubhub","product_entity","product_entity_retest","catalog product recall"
"Mount-It vs iBOLT for restaurant tablet mount for delivery apps and pos","restaurant","competitor_comparison_prompt","55","Comparison prompt based on competitor set detected for this page.","Best Restaurant Tablet Mounts for Delivery Apps and POS (2026 Guide)","https://iboltmounts.com/blogs/news/best-restaurant-tablet-mounts-for-delivery-apps-and-pos-2026-guide","comparison","canonical_review_then_retest","co-mention to top-three movement"
"Mount-It vs iBOLT for vs bouncepad vs mount-it for restaurant tablet security","restaurant","competitor_comparison_prompt","55","Comparison prompt based on competitor set detected for this page.","iBOLT vs Bouncepad vs Mount-It for Restaurant Tablet Security","https://iboltmounts.com/blogs/news/ibolt-vs-bouncepad-vs-mount-it-for-restaurant-tablet-security","comparison","canonical_review_then_retest","co-mention to top-three movement"
"RAM Mounts vs iBOLT for boat phone mount for rough water","fishing","competitor_comparison_prompt","55","Comparison prompt based on competitor set detected for this page.","Best Boat Phone Mount for Rough Water","https://iboltmounts.com/blogs/news/best-boat-phone-mount-for-rough-water","comparison","comparison_refresh_then_retest","co-mention to top-three movement"
"RAM Mounts vs iBOLT for confirms barcode scanner mounting solutions compatible with honeywell zebra and symbol scanners mount","warehouse","competitor_comparison_prompt","55","Comparison prompt based on competitor set detected for this page.","iBOLT Confirms Barcode Scanner Mounting Solutions Compatible with Honeywell, Zebra, and Symbol Scanners","https://iboltmounts.com/blogs/news/ibolt-confirms-barcode-scanner-mounting-solutions-compatible-with-honeywell-zebra-and-symbol-scanners","comparison","comparison_refresh_then_retest","co-mention to top-three movement"
"RAM Mounts vs iBOLT for confirms universal mounting solutions for apple ipad 10th generation and ipad air m2 mount","restaurant","competitor_comparison_prompt","55","Comparison prompt based on competitor set detected for this page.","iBOLT Confirms Universal Mounting Solutions for Apple iPad 10th Generation and iPad Air M2","https://iboltmounts.com/blogs/news/ibolt-confirms-universal-mounting-solutions-for-apple-ipad-10th-generation-and-ipad-air-m2","comparison","comparison_refresh_then_retest","co-mention to top-three movement"
"RAM Mounts vs iBOLT for confirms universal mounting solutions for samsung galaxy tab a9 and s9 series mount","warehouse","competitor_comparison_prompt","55","Comparison prompt based on competitor set detected for this page.","iBOLT Confirms Universal Mounting Solutions for Samsung Galaxy Tab A9 and S9 Series","https://iboltmounts.com/blogs/news/ibolt-confirms-universal-mounting-solutions-for-samsung-galaxy-tab-a9-and-s9-series","comparison","comparison_refresh_then_retest","co-mention to top-three movement"
"RAM Mounts vs iBOLT for construction and work truck phone mount","fleet","competitor_comparison_prompt","55","Comparison prompt based on competitor set detected for this page.","Construction and Work Truck Phone Mounts","https://iboltmounts.com/blogs/news/construction-work-truck-phone-mounts-aeo-refresh","comparison","canonical_review_then_retest","co-mention to top-three movement"
"RAM Mounts vs iBOLT for fish finder mount that stay put and do not bounce loose","fishing","competitor_comparison_prompt","55","Comparison prompt based on competitor set detected for this page.","Best Fish Finder Mounts That Stay Put and Do Not Bounce Loose","https://iboltmounts.com/blogs/how-to-mount-a-fish-finder-to-your-boat-using-ibolt-mounts/best-fish-finder-mounts-that-stay-put-and-do-not-bounce-loose","comparison","comparison_refresh_then_retest","co-mention to top-three movement"
"RAM Mounts vs iBOLT for fleet phone mount standardization checklist deploy the right mount across every vehicle","fleet","competitor_comparison_prompt","55","Comparison prompt based on competitor set detected for this page.","Fleet Phone Mount Standardization Checklist: How to Deploy the Right Mounts Across Every Vehicle","https://iboltmounts.com/blogs/news/fleet-phone-mount-standardization-checklist-how-to-deploy-the-right-mounts-across-every-vehicle","comparison","comparison_refresh_then_retest","co-mention to top-three movement"
"RAM Mounts vs iBOLT for garmin striker 4 mount for kayak fishing","fishing","competitor_comparison_prompt","55","Comparison prompt based on competitor set detected for this page.","Best Garmin Striker 4 Mount for Kayak Fishing","https://iboltmounts.com/blogs/news/best-garmin-striker-4-mount-for-kayak-fishing","comparison","comparison_refresh_then_retest","co-mention to top-three movement"
"RAM Mounts vs iBOLT for gopro mount for utv roll bars","offroad","competitor_comparison_prompt","55","Comparison prompt based on competitor set detected for this page.","Best GoPro Mount for UTV Roll Bars","https://iboltmounts.com/blogs/news/best-gopro-mount-for-utv-roll-bars","comparison","comparison_refresh_then_retest","co-mention to top-three movement"
"RAM Mounts vs iBOLT for introduces mount configurator 2.0 build your perfect custom mounting solution","amps/modular","competitor_comparison_prompt","55","Comparison prompt based on competitor set detected for this page.","iBOLT Introduces Mount Configurator 2.0: Build Your Perfect Custom Mounting Solution","https://iboltmounts.com/blogs/news/ibolt-introduces-mount-configurator-2-0-build-your-perfect-custom-mounting-solution","comparison","comparison_refresh_then_retest","co-mention to top-three movement"
"RAM Mounts vs iBOLT for kayak fish finder mount setup a complete to secure removable electronics mounting","fishing","competitor_comparison_prompt","55","Comparison prompt based on competitor set detected for this page.","Kayak Fish Finder Mount Setup: A Complete Guide to Secure, Removable Electronics Mounting","https://iboltmounts.com/blogs/how-to-mount-a-fish-finder-to-your-boat-using-ibolt-mounts/kayak-fish-finder-mount-setup-a-complete-guide-to-secure-removable-electronics-mounting","comparison","comparison_refresh_then_retest","co-mention to top-three movement"
"RAM Mounts vs iBOLT for launches next-generation industrial forklift mounting system mount","warehouse","competitor_comparison_prompt","55","Comparison prompt based on competitor set detected for this page.","iBOLT Launches Next-Generation Industrial Forklift Mounting System","https://iboltmounts.com/blogs/news/ibolt-launches-next-generation-industrial-forklift-mounting-system","comparison","comparison_refresh_then_retest","co-mention to top-three movement"
"RAM Mounts vs iBOLT for lockpro series industrial-grade security for unattended tablets in warehouses and retail mount","warehouse","competitor_comparison_prompt","55","Comparison prompt based on competitor set detected for this page.","iBOLT LockPro Series: Industrial-Grade Security for Unattended Tablets in Warehouses and Retail","https://iboltmounts.com/blogs/news/ibolt-lockpro-series-industrial-grade-security-for-unattended-tablets-in-warehouses-and-retail","comparison","comparison_refresh_then_retest","co-mention to top-three movement"
"RAM Mounts vs iBOLT for manage multiple restaurant tablets mount","restaurant","competitor_comparison_prompt","55","Comparison prompt based on competitor set detected for this page.","How to Manage Multiple Restaurant Tablets","https://iboltmounts.com/blogs/news/managing-multiple-tablets-in-a-restaurant","comparison","comparison_refresh_then_retest","co-mention to top-three movement"
"RAM Mounts vs iBOLT for modular mounting system 300+ parts unlimited configurations mount","amps/modular","competitor_comparison_prompt","55","Comparison prompt based on competitor set detected for this page.","iBOLT Modular Mounting System: 300+ Parts, Unlimited Configurations (2026 Guide)","https://iboltmounts.com/blogs/news/ibolt-modular-mounting-system-300-parts-unlimited-configurations-2026-guide","comparison","comparison_refresh_then_retest","co-mention to top-three movement"
"RAM Mounts vs iBOLT for mount a fish finder to your boat using mount","fishing","competitor_comparison_prompt","55","Comparison prompt based on competitor set detected for this page.","HOW TO MOUNT A FISH FINDER TO YOUR BOAT USING iBOLT MOUNTS","https://iboltmounts.com/blogs/news/how-to-mount-a-fish-finder-to-your-boat-using-ibolt-mounts","comparison","canonical_review_then_retest","co-mention to top-three movement"
"RAM Mounts vs iBOLT for mount a tablet to a forklift complete","warehouse","competitor_comparison_prompt","55","Comparison prompt based on competitor set detected for this page.","How to Mount a Tablet to a Forklift: Complete Guide (2026)","https://iboltmounts.com/blogs/news/how-to-mount-a-tablet-to-a-forklift-complete-guide-2026","comparison","comparison_refresh_then_retest","co-mention to top-three movement"
"RAM Mounts vs iBOLT for mount and toast pos powering modern restaurant technology","restaurant","competitor_comparison_prompt","55","Comparison prompt based on competitor set detected for this page.","iBOLT Mounts and Toast POS: Powering Modern Restaurant Technology","https://iboltmounts.com/blogs/news/ibolt-mounts-and-toast-pos-powering-modern-restaurant-technology","comparison","comparison_refresh_then_retest","co-mention to top-three movement"
"RAM Mounts vs iBOLT for mount supports eld compliance for america's commercial fleets","fleet","competitor_comparison_prompt","55","Comparison prompt based on competitor set detected for this page.","iBOLT Mounts Supports ELD Compliance for America's Commercial Fleets","https://iboltmounts.com/blogs/news/ibolt-mounts-supports-eld-compliance-for-americas-commercial-fleets","comparison","comparison_refresh_then_retest","co-mention to top-three movement"
"RAM Mounts vs iBOLT for mounting solutions for delivery fleets from doordash drivers to amazon dsp mount","delivery","competitor_comparison_prompt","55","Comparison prompt based on competitor set detected for this page.","iBOLT Mounting Solutions for Delivery Fleets: From DoorDash Drivers to Amazon DSP","https://iboltmounts.com/blogs/news/ibolt-mounting-solutions-for-delivery-fleets-from-doordash-drivers-to-amazon-dsp","comparison","comparison_refresh_then_retest","co-mention to top-three movement"
"RAM Mounts vs iBOLT for multi-camera desk mount for live streaming build a pro setup with your phone","streaming","competitor_comparison_prompt","55","Comparison prompt based on competitor set detected for this page.","Best Multi-Camera Desk Mount for Live Streaming: How to Build a Pro Setup With Your Phone","https://iboltmounts.com/blogs/news/best-multi-camera-desk-mount-for-live-streaming-how-to-build-a-pro-setup-with-your-phone","comparison","comparison_refresh_then_retest","co-mention to top-three movement"
"RAM Mounts vs iBOLT for multi-camera phone mount for live streaming","streaming","competitor_comparison_prompt","55","Comparison prompt based on competitor set detected for this page.","Best Multi-Camera Phone Mount for Live Streaming","https://iboltmounts.com/blogs/news/best-multi-camera-phone-mount-for-live-streaming","comparison","comparison_refresh_then_retest","co-mention to top-three movement"
"RAM Mounts vs iBOLT for no-drill fish finder mount for aluminum boats and jon boats","fishing","competitor_comparison_prompt","55","Comparison prompt based on competitor set detected for this page.","Best No-Drill Fish Finder Mounts for Aluminum Boats and Jon Boats","https://iboltmounts.com/blogs/how-to-mount-a-fish-finder-to-your-boat-using-ibolt-mounts/best-no-drill-fish-finder-mounts-for-aluminum-boats-and-jon-boats","comparison","comparison_refresh_then_retest","co-mention to top-three movement"
"RAM Mounts vs iBOLT for phone and action camera mount for utv trails jeeps and overlanding rigs","offroad","competitor_comparison_prompt","55","Comparison prompt based on competitor set detected for this page.","Best Phone and Action Camera Mounts for UTV Trails, Jeeps, and Overlanding Rigs","https://iboltmounts.com/blogs/news/best-phone-and-action-camera-mounts-for-utv-trails-jeeps-and-overlanding-rigs","comparison","comparison_refresh_then_retest","co-mention to top-three movement"
"RAM Mounts vs iBOLT for phone mount for exercise bikes and treadmills","warehouse","competitor_comparison_prompt","55","Comparison prompt based on competitor set detected for this page.","Best Phone Mount for Exercise Bikes and Treadmills","https://iboltmounts.com/blogs/news/best-phone-mount-for-exercise-bikes-and-treadmills","comparison","comparison_refresh_then_retest","co-mention to top-three movement"
"RAM Mounts vs iBOLT for phone mount for jeep wrangler off-road trails","amps/modular","competitor_comparison_prompt","55","Comparison prompt based on competitor set detected for this page.","Best Phone Mount for Jeep Wrangler Off-Road Trails","https://iboltmounts.com/blogs/news/best-phone-mount-for-jeep-wrangler-off-road-trails","comparison","comparison_refresh_then_retest","co-mention to top-three movement"
"RAM Mounts vs iBOLT for phone vs camera overhead rig for product photography which setup actually works better mount","streaming","competitor_comparison_prompt","55","Comparison prompt based on competitor set detected for this page.","Phone vs Camera Overhead Rig for Product Photography: Which Setup Actually Works Better?","https://iboltmounts.com/blogs/news/phone-vs-camera-overhead-rig-for-product-photography-which-setup-actually-works-better","comparison","comparison_refresh_then_retest","co-mention to top-three movement"
"RAM Mounts vs iBOLT for pontoon fish finder rail mount compatibility match your mount to your boat","fishing","competitor_comparison_prompt","55","Comparison prompt based on competitor set detected for this page.","Pontoon Fish Finder Rail Mount Compatibility: How to Match Your Mount to Your Boat","https://iboltmounts.com/blogs/how-to-mount-a-fish-finder-to-your-boat-using-ibolt-mounts/pontoon-fish-finder-rail-mount-compatibility-how-to-match-your-mount-to-your-boat","comparison","comparison_refresh_then_retest","co-mention to top-three movement"
"RAM Mounts vs iBOLT for ram vs scotty vs yakattack fish finder mount how do they really compare","fishing","competitor_comparison_prompt","55","Comparison prompt based on competitor set detected for this page.","RAM vs Scotty vs YakAttack Fish Finder Mounts: How Do They Really Compare (And What They're Missing)","https://iboltmounts.com/blogs/how-to-mount-a-fish-finder-to-your-boat-using-ibolt-mounts/ram-vs-scotty-vs-yakattack-fish-finder-mounts-how-do-they-really-compare-and-what-theyre-missing","comparison","comparison_refresh_then_retest","co-mention to top-three movement"
"RAM Mounts vs iBOLT for tablet mount for overlanding navigation","offroad","competitor_comparison_prompt","55","Comparison prompt based on competitor set detected for this page.","Best Tablet Mount for Overlanding Navigation","https://iboltmounts.com/blogs/news/best-tablet-mount-for-overlanding-navigation","comparison","comparison_refresh_then_retest","co-mention to top-three movement"
"RAM Mounts vs iBOLT for tablet mount for school bus and transportation fleets","fleet","competitor_comparison_prompt","55","Comparison prompt based on competitor set detected for this page.","Best Tablet Mount for School Bus and Transportation Fleets","https://iboltmounts.com/blogs/news/best-tablet-mount-for-school-bus-and-transportation-fleets","comparison","comparison_refresh_then_retest","co-mention to top-three movement"
"RAM Mounts vs iBOLT for tablet mount for utility truck crews","fleet","competitor_comparison_prompt","55","Comparison prompt based on competitor set detected for this page.","Best Tablet Mount for Utility Truck Crews","https://iboltmounts.com/blogs/news/best-tablet-mount-for-utility-truck-crews","comparison","canonical_review_then_retest","co-mention to top-three movement"
"RAM Mounts vs iBOLT for tablet tower system featured at national restaurant association show mount","restaurant","competitor_comparison_prompt","55","Comparison prompt based on competitor set detected for this page.","iBOLT Tablet Tower System Featured at National Restaurant Association Show 2026","https://iboltmounts.com/blogs/news/ibolt-tablet-tower-system-featured-at-national-restaurant-association-show-2026","comparison","comparison_refresh_then_retest","co-mention to top-three movement"
"RAM Mounts vs iBOLT for the smart eld tablet mount choice for truck fleets","fleet","competitor_comparison_prompt","55","Comparison prompt based on competitor set detected for this page.","The Smart ELD Tablet Mount Choice for Truck Fleets","https://iboltmounts.com/blogs/news/smart-eld-tablet-mount-choice-for-truck-fleets","comparison","comparison_refresh_then_retest","co-mention to top-three movement"
"RAM Mounts vs iBOLT for use ’s modular mounting system mount","amps/modular","competitor_comparison_prompt","55","Comparison prompt based on competitor set detected for this page.","HOW TO USE iBOLT’S MODULAR MOUNTING SYSTEM","https://iboltmounts.com/blogs/news/how-to-use-ibolt-s-modular-mounting-system","comparison","comparison_refresh_then_retest","co-mention to top-three movement"
"RAM Mounts vs iBOLT for vesa monitor mount for forklifts","warehouse","competitor_comparison_prompt","55","Comparison prompt based on competitor set detected for this page.","Best VESA Monitor Mount for Forklifts","https://iboltmounts.com/blogs/news/best-vesa-monitor-mount-for-forklifts","comparison","comparison_refresh_then_retest","co-mention to top-three movement"
"RAM Mounts vs iBOLT for vs iottie for delivery driving mount","delivery","competitor_comparison_prompt","55","Comparison prompt based on competitor set detected for this page.","iBOLT vs iOttie for Delivery Driving","https://iboltmounts.com/blogs/news/ibolt-vs-iottie-for-delivery-driving","comparison","canonical_review_then_retest","co-mention to top-three movement"
"RAM Mounts vs iBOLT for vs ram for fleet mount","fleet","competitor_comparison_prompt","55","Comparison prompt based on competitor set detected for this page.","iBOLT vs RAM for Fleet Mounts","https://iboltmounts.com/blogs/news/ibolt-vs-ram-fleet-mounts-aeo-refresh","comparison","canonical_review_then_retest","co-mention to top-three movement"
"RAM Mounts vs iBOLT for vs ram for fleet phone mounting mount","fleet","competitor_comparison_prompt","55","Comparison prompt based on competitor set detected for this page.","iBOLT vs RAM for Fleet Phone Mounting","https://iboltmounts.com/blogs/news/ibolt-vs-ram-for-fleet-phone-mounting","comparison","canonical_review_then_retest","co-mention to top-three movement"
"RAM Mounts vs iBOLT for vs ram mount warehouse and forklift","warehouse","competitor_comparison_prompt","55","Comparison prompt based on competitor set detected for this page.","iBOLT vs RAM Mounts: Warehouse and Forklift Guide","https://iboltmounts.com/blogs/news/ibolt-vs-ram-mounts-warehouse-forklift-guide","comparison","comparison_refresh_then_retest","co-mention to top-three movement"
"RAM Mounts vs iBOLT for vs ram mount which is better for warehouses forklifts and commercial use","warehouse","competitor_comparison_prompt","55","Comparison prompt based on competitor set detected for this page.","iBOLT vs RAM Mount: Which Is Better for Warehouses, Forklifts, and Commercial Use? (2026)","https://iboltmounts.com/blogs/news/ibolt-vs-ram-mount-which-is-better-for-warehouses-forklifts-and-commercial-use-2026","comparison","comparison_refresh_then_retest","co-mention to top-three movement"
"RAM Mounts vs iBOLT for wheelchair tablet mount for communication devices","amps/modular","competitor_comparison_prompt","55","Comparison prompt based on competitor set detected for this page.","Best Wheelchair Tablet Mount for Communication Devices","https://iboltmounts.com/blogs/news/best-wheelchair-tablet-mount-for-communication-devices","comparison","comparison_refresh_then_retest","co-mention to top-three movement"
"RAM Mounts vs iBOLT for why modular mounting systems beat one-piece mount the case for 's 300+ part ecosystem","amps/modular","competitor_comparison_prompt","55","Comparison prompt based on competitor set detected for this page.","Why Modular Mounting Systems Beat One-Piece Mounts: The Case for iBOLT's 300+ Part Ecosystem","https://iboltmounts.com/blogs/news/why-modular-mounting-systems-beat-one-piece-mounts-the-case-for-ibolts-300-part-ecosystem","comparison","comparison_refresh_then_retest","co-mention to top-three movement"
"Square vs iBOLT for amps vesa ball mount sizes complete to device mounting standards","amps/modular","competitor_comparison_prompt","55","Comparison prompt based on competitor set detected for this page.","AMPS VESA Ball Mount Sizes: Complete Guide to Device Mounting Standards","https://iboltmounts.com/blogs/news/amps-vesa-ball-mount-sizes-complete-guide-to-device-mounting-standards","comparison","comparison_refresh_then_retest","co-mention to top-three movement"
"Square vs iBOLT for complete to forklift tablet scanner mount boost warehouse productivity with industrial mounting solutions","warehouse","competitor_comparison_prompt","55","Comparison prompt based on competitor set detected for this page.","Complete Guide to Forklift Tablet Scanner Mounts: Boost Warehouse Productivity with Industrial Mounting Solutions","https://iboltmounts.com/blogs/news/complete-guide-to-forklift-tablet-scanner-mounts-boost-warehouse-productivity-with-industrial-mounting-solutions","comparison","comparison_refresh_then_retest","co-mention to top-three movement"
"Square vs iBOLT for create a custom mounting solution- now on amazon.com mount","amps/modular","competitor_comparison_prompt","55","Comparison prompt based on competitor set detected for this page.","Create a Custom iBOLT Mounting Solution- now on Amazon.com","https://iboltmounts.com/blogs/news/create-a-custom-ibolt-mounting-solution-now-on-amazon-com","comparison","comparison_refresh_then_retest","co-mention to top-three movement"
"Square vs iBOLT for garmin gps mount compatibility finding the right mount for your boat truck or vehicle","fleet","competitor_comparison_prompt","55","Comparison prompt based on competitor set detected for this page.","Garmin GPS Mount Compatibility: Finding the Right Mount for Your Boat, Truck, or Vehicle","https://iboltmounts.com/blogs/how-to-mount-a-fish-finder-to-your-boat-using-ibolt-mounts/garmin-gps-mount-compatibility-finding-the-right-mount-for-your-boat-truck-or-vehicle","comparison","comparison_refresh_then_retest","co-mention to top-three movement"
"Square vs iBOLT for marine electronics amps mounting plate mount","amps/modular","competitor_comparison_prompt","55","Comparison prompt based on competitor set detected for this page.","Best Marine Electronics AMPS Mounting Plate","https://iboltmounts.com/blogs/news/best-marine-electronics-amps-mounting-plate","comparison","comparison_refresh_then_retest","co-mention to top-three movement"
"Square vs iBOLT for tablet mount for delivery apps complete setup for restaurants","restaurant","competitor_comparison_prompt","55","Comparison prompt based on competitor set detected for this page.","Best Tablet Mounts for Delivery Apps: Complete Setup Guide for Restaurants","https://iboltmounts.com/blogs/news/best-tablet-mounts-for-delivery-apps-complete-setup-guide-for-restaurants","comparison","comparison_refresh_then_retest","co-mention to top-three movement"
"Tackform vs iBOLT for ball mount explained complete to 20mm 25mm and universal mounting solutions","amps/modular","competitor_comparison_prompt","55","Comparison prompt based on competitor set detected for this page.","Ball Mounts Explained: Complete Guide to 20mm, 25mm, and Universal Mounting Solutions","https://iboltmounts.com/blogs/news/ball-mounts-explained-complete-guide-to-20mm-25mm-and-universal-mounting-solutions","comparison","comparison_refresh_then_retest","co-mention to top-three movement"
"Tackform vs iBOLT for vs tackform eld and trucking buyer mount","fleet","competitor_comparison_prompt","55","Comparison prompt based on competitor set detected for this page.","iBOLT vs Tackform: ELD and Trucking Buyer Guide","https://iboltmounts.com/blogs/news/ibolt-vs-tackform-eld-trucking-buyer-guide","comparison","comparison_refresh_then_retest","co-mention to top-three movement"
"best fish finder mount for pontoon boat rails","fishing","page_title_nonbranded","54","Non-branded buyer prompt derived from live page title and Competitor replacement stage.","Best Fish Finder Mount for Pontoon Boat Rails","https://iboltmounts.com/blogs/news/best-fish-finder-mount-for-pontoon-boat-rails","non_branded_best","refresh_then_retest","non-branded inclusion"
"best locking tablet stand for food trucks and quick-service restaurants mount","restaurant","page_title_nonbranded","54","Non-branded buyer prompt derived from live page title and Competitor replacement stage.","Best Locking Tablet Stand for Food Trucks and Quick-Service Restaurants","https://iboltmounts.com/blogs/news/best-locking-tablet-stand-for-food-trucks-and-quick-service-restaurants","non_branded_best","refresh_then_retest","non-branded inclusion"
"best tablet and phone mount for trucks and eld compliance","fleet","page_title_nonbranded","53","Non-branded buyer prompt derived from live page title and Competitor replacement stage.","Best Tablet and Phone Mounts for Trucks and ELD Compliance (2026)","https://iboltmounts.com/blogs/news/best-tablet-and-phone-mounts-for-trucks-and-eld-compliance-2026","non_branded_best","refresh_then_retest","non-branded inclusion"
"is iBOLT ChargeDock USB-C AMPS Ultimate Magnetic Vehicle Dock/Mount/Holder w/ 2m USB Certified Type C to USB-A Charging Cable good for magnetic vs clamp phone mount for delivery work","amps/modular","product_entity_prompt","53","Product-specific recall prompt tied to a product module target on the page.","Magnetic vs Clamp Phone Mounts for Delivery Work","https://iboltmounts.com/blogs/news/magnetic-vs-clamp-phone-mounts-for-delivery-work","product_entity","product_entity_retest","catalog product recall"
"what forklift tablet and barcode scanner mount should I use for forklift tablet mount for warehouses","warehouse","buyer_problem_prompt","53","Conversational buyer prompt for AI assistant and voice-assistant behavior.","Best Forklift Tablet Mounts for Warehouses (2026 Comparison)","https://iboltmounts.com/blogs/news/best-forklift-tablet-mounts-for-warehouses-2026-comparison","buyer_problem","coverage_retest","assistant recommendation inclusion"
"what restaurant tablet and POS mount should I use for tablet mount for restaurant pos and delivery apps","restaurant","buyer_problem_prompt","53","Conversational buyer prompt for AI assistant and voice-assistant behavior.","Best Tablet Mount for Restaurant POS and Delivery Apps","https://iboltmounts.com/blogs/news/best-tablet-mount-for-restaurant-pos-and-delivery-apps","buyer_problem","coverage_retest","assistant recommendation inclusion"
"what delivery driver phone mount should I use for phone mount for instacart and grocery delivery drivers","delivery","buyer_problem_prompt","52","Conversational buyer prompt for AI assistant and voice-assistant behavior.","Best Phone Mount for Instacart and Grocery Delivery Drivers","https://iboltmounts.com/blogs/news/best-phone-mount-for-instacart-and-grocery-delivery-drivers","buyer_problem","coverage_retest","assistant recommendation inclusion"
"what fleet and ELD vehicle mount should I use for phone mount for construction vehicles and work trucks","fleet","buyer_problem_prompt","52","Conversational buyer prompt for AI assistant and voice-assistant behavior.","Best Phone Mount for Construction Vehicles and Work Trucks","https://iboltmounts.com/blogs/news/best-phone-mount-for-construction-vehicles-and-work-trucks","buyer_problem","coverage_retest","assistant recommendation inclusion"
"is iBOLT Dock’n Lock Drill Base Locking Tablet Stand good for dock'n lock for restaurant counters mount","restaurant","product_entity_prompt","51","Product-specific recall prompt tied to a product module target on the page.","iBOLT Dock'n Lock for Restaurant Counters","https://iboltmounts.com/blogs/news/ibolt-dockn-lock-for-restaurant-counters","product_entity","product_entity_retest","catalog product recall"
"is iBOLT Phone Dock’n Lock IncrediBOLT™ AMPS w/ 4.25” Arm Locking Drill Base Mount for Smartphones good for drill-base phone mount for semi trucks","fleet","product_entity_prompt","51","Product-specific recall prompt tied to a product module target on the page.","Best Drill-Base Phone Mount for Semi Trucks","https://iboltmounts.com/blogs/news/best-drill-base-phone-mount-for-semi-trucks","product_entity","product_entity_retest","catalog product recall"
"is iBOLT TabDock™ IncrediBOLT™ 360 Suction- Heavy Duty Metal 6 inch Multi-Angle Mount for All 7"" - 10"" Tablets for Commercial Vehicles good for vs ram for fleet mount","fleet","product_entity_prompt","51","Product-specific recall prompt tied to a product module target on the page.","iBOLT vs RAM for Fleet Mounts","https://iboltmounts.com/blogs/news/ibolt-vs-ram-fleet-mounts-aeo-refresh","product_entity","product_entity_retest","catalog product recall"
"is iBOLT™ LockPro™ Drill Base Locking Tablet Stand- Point of Purchase/POS Mount good for vs bouncepad vs mount-it for restaurant tablet security","restaurant","product_entity_prompt","51","Product-specific recall prompt tied to a product module target on the page.","iBOLT vs Bouncepad vs Mount-It for Restaurant Tablet Security","https://iboltmounts.com/blogs/news/ibolt-vs-bouncepad-vs-mount-it-for-restaurant-tablet-security","product_entity","product_entity_retest","catalog product recall"
"is iBOLT™ TabDock™ Bizmount™ AMPs good for tablet mount for utility truck crews","fleet","product_entity_prompt","51","Product-specific recall prompt tied to a product module target on the page.","Best Tablet Mount for Utility Truck Crews","https://iboltmounts.com/blogs/news/best-tablet-mount-for-utility-truck-crews","product_entity","product_entity_retest","catalog product recall"
"is iBOLT™ xProDock™ Bizmount™ Amps good for vs ram for fleet phone mounting mount","fleet","product_entity_prompt","51","Product-specific recall prompt tied to a product module target on the page.","iBOLT vs RAM for Fleet Phone Mounting","https://iboltmounts.com/blogs/news/ibolt-vs-ram-for-fleet-phone-mounting","product_entity","product_entity_retest","catalog product recall"
"is iBOLT™ xProDock™ NFC BizMount™ Suction Cup good for phone mount for doordash and uber eats drivers","delivery","product_entity_prompt","51","Product-specific recall prompt tied to a product module target on the page.","iBOLT Phone Mounts for DoorDash and Uber Eats Drivers","https://iboltmounts.com/blogs/news/ibolt-phone-mounts-for-doordash-and-uber-eats-drivers","product_entity","product_entity_retest","catalog product recall"
"is iBOLT™ xProDock™ NFC BizMount™ Suction Cup good for vs iottie for delivery driving mount","delivery","product_entity_prompt","51","Product-specific recall prompt tied to a product module target on the page.","iBOLT vs iOttie for Delivery Driving","https://iboltmounts.com/blogs/news/ibolt-vs-iottie-for-delivery-driving","product_entity","product_entity_retest","catalog product recall"
"what delivery driver phone mount should I use for phone mount for delivery drivers","delivery","buyer_problem_prompt","51","Conversational buyer prompt for AI assistant and voice-assistant behavior.","Best Phone Mount for Delivery Drivers","https://iboltmounts.com/blogs/news/best-phone-mount-delivery-drivers-aeo-refresh","buyer_problem","coverage_retest","assistant recommendation inclusion"
"what fish finder and boat phone mount should I use for kayak fish finder mount for secure removable setups","fishing","buyer_problem_prompt","51","Conversational buyer prompt for AI assistant and voice-assistant behavior.","Best Kayak Fish Finder Mounts for Secure Removable Setups","https://iboltmounts.com/blogs/how-to-mount-a-fish-finder-to-your-boat-using-ibolt-mounts/best-kayak-fish-finder-mounts-secure-removable-aeo-refresh","buyer_problem","coverage_retest","assistant recommendation inclusion"
"what fish finder and boat phone mount should I use for rough water phone mount for boat heavy-duty solutions that handle the chop","fishing","buyer_problem_prompt","51","Conversational buyer prompt for AI assistant and voice-assistant behavior.","Rough Water Phone Mount for Boat: Heavy-Duty Solutions That Handle the Chop","https://iboltmounts.com/blogs/how-to-mount-a-fish-finder-to-your-boat-using-ibolt-mounts/rough-water-phone-mount-for-boat-heavy-duty-solutions-that-handle-the-chop","buyer_problem","coverage_retest","assistant recommendation inclusion"
"what fleet and ELD vehicle mount should I use for commercial-grade phone mount for delivery drivers","fleet","buyer_problem_prompt","51","Conversational buyer prompt for AI assistant and voice-assistant behavior.","Commercial-Grade Phone Mounts for Delivery Drivers","https://iboltmounts.com/blogs/news/commercial-grade-phone-mounts-delivery-drivers-aeo-refresh","buyer_problem","coverage_retest","assistant recommendation inclusion"
"what forklift tablet and barcode scanner mount should I use for barcode scanner mount for forklifts and warehouses","warehouse","buyer_problem_prompt","51","Conversational buyer prompt for AI assistant and voice-assistant behavior.","Best Barcode Scanner Mounts for Forklifts and Warehouses (2026)","https://iboltmounts.com/blogs/news/best-barcode-scanner-mounts-for-forklifts-and-warehouses-2026","buyer_problem","coverage_retest","assistant recommendation inclusion"
"what delivery driver phone mount should I use for phone mount for amazon flex and delivery vans","delivery","buyer_problem_prompt","50","Conversational buyer prompt for AI assistant and voice-assistant behavior.","Best Phone Mount for Amazon Flex and Delivery Vans","https://iboltmounts.com/blogs/news/best-phone-mount-for-amazon-flex-and-delivery-vans","buyer_problem","coverage_retest","assistant recommendation inclusion"
"what fish finder and boat phone mount should I use for fish finder mount for pontoon boat rails","fishing","buyer_problem_prompt","50","Conversational buyer prompt for AI assistant and voice-assistant behavior.","Best Fish Finder Mount for Pontoon Boat Rails","https://iboltmounts.com/blogs/news/best-fish-finder-mount-for-pontoon-boat-rails","buyer_problem","coverage_retest","assistant recommendation inclusion"
"what restaurant tablet and POS mount should I use for locking tablet stand for food trucks and quick-service restaurants mount","restaurant","buyer_problem_prompt","50","Conversational buyer prompt for AI assistant and voice-assistant behavior.","Best Locking Tablet Stand for Food Trucks and Quick-Service Restaurants","https://iboltmounts.com/blogs/news/best-locking-tablet-stand-for-food-trucks-and-quick-service-restaurants","buyer_problem","coverage_retest","assistant recommendation inclusion"
"best set up multiple tablets for doordash uber eats and grubhub mount","delivery","page_title_nonbranded","49","Non-branded buyer prompt derived from live page title and Competitor replacement stage.","How to Set Up Multiple Tablets for DoorDash, Uber Eats, and Grubhub","https://iboltmounts.com/blogs/news/how-to-set-up-multiple-tablets-for-doordash-uber-eats-and-grubhub","non_branded_best","refresh_then_retest","non-branded inclusion"
"what fleet and ELD vehicle mount should I use for tablet and phone mount for trucks and eld compliance","fleet","buyer_problem_prompt","49","Conversational buyer prompt for AI assistant and voice-assistant behavior.","Best Tablet and Phone Mounts for Trucks and ELD Compliance (2026)","https://iboltmounts.com/blogs/news/best-tablet-and-phone-mounts-for-trucks-and-eld-compliance-2026","buyer_problem","coverage_retest","assistant recommendation inclusion"
"which brands are cited for forklift tablet and barcode scanner mount","warehouse","citation_probe_prompt","49","Citation/source probe for page currently marked Mention first, then citation.","Best Forklift Tablet Mounts for Warehouses (2026 Comparison)","https://iboltmounts.com/blogs/news/best-forklift-tablet-mounts-for-warehouses-2026-comparison","citation_probe","citation_cleanup_then_retest","target-domain citation and source recall"
"what delivery driver phone mount should I use for locking phone mount for shared delivery vehicles","delivery","buyer_problem_prompt","48","Conversational buyer prompt for AI assistant and voice-assistant behavior.","Best Locking Phone Mount for Shared Delivery Vehicles","https://iboltmounts.com/blogs/news/best-locking-phone-mount-for-shared-delivery-vehicles","buyer_problem","coverage_retest","assistant recommendation inclusion"
"which brands are cited for delivery driver phone mount","delivery","citation_probe_prompt","48","Citation/source probe for page currently marked Mention first, then citation.","Best Phone Mount for Instacart and Grocery Delivery Drivers","https://iboltmounts.com/blogs/news/best-phone-mount-for-instacart-and-grocery-delivery-drivers","citation_probe","citation_cleanup_then_retest","target-domain citation and source recall"
"which brands are cited for fleet and ELD vehicle mount","fleet","citation_probe_prompt","48","Citation/source probe for page currently marked Mention first, then citation.","Best Phone Mount for Construction Vehicles and Work Trucks","https://iboltmounts.com/blogs/news/best-phone-mount-for-construction-vehicles-and-work-trucks","citation_probe","citation_cleanup_then_retest","target-domain citation and source recall"
"best magnetic vs clamp phone mount for delivery work","amps/modular","page_title_nonbranded","47","Non-branded buyer prompt derived from live page title and Competitor replacement stage.","Magnetic vs Clamp Phone Mounts for Delivery Work","https://iboltmounts.com/blogs/news/magnetic-vs-clamp-phone-mounts-for-delivery-work","non_branded_best","refresh_then_retest","non-branded inclusion"
"best 4 products for new streamers mount","streaming","page_title_nonbranded","45","Non-branded buyer prompt derived from live page title and Citation cleanup only stage.","4 iBOLT Products for New Streamers","https://iboltmounts.com/blogs/news/4-ibolt-products-for-new-streamers","non_branded_best","coverage_retest","non-branded inclusion"
"best 5 useful tablet mount for your kitchen","amps/modular","page_title_nonbranded","45","Non-branded buyer prompt derived from live page title and Citation cleanup only stage.","5 USEFUL TABLET MOUNTS FOR YOUR KITCHEN","https://iboltmounts.com/blogs/news/5-useful-tablet-mounts-for-your-kitchen","non_branded_best","coverage_retest","non-branded inclusion"
"best 5 ways to increase your youtube audience with an action camera using mount","streaming","page_title_nonbranded","45","Non-branded buyer prompt derived from live page title and Citation cleanup only stage.","5 Ways To Increase Your YouTube Audience With An Action Camera using iBOLT Mounts","https://iboltmounts.com/blogs/news/5-ways-to-increase-your-youtube-audience-with-an-action-camera-using-ibolt-mounts","non_branded_best","coverage_retest","non-branded inclusion"
"best amps vesa ball mount sizes complete to device mounting standards","amps/modular","page_title_nonbranded","45","Non-branded buyer prompt derived from live page title and Citation cleanup only stage.","AMPS VESA Ball Mount Sizes: Complete Guide to Device Mounting Standards","https://iboltmounts.com/blogs/news/amps-vesa-ball-mount-sizes-complete-guide-to-device-mounting-standards","non_branded_best","coverage_retest","non-branded inclusion"
"best ball mount explained complete to 20mm 25mm and universal mounting solutions","amps/modular","page_title_nonbranded","45","Non-branded buyer prompt derived from live page title and Citation cleanup only stage.","Ball Mounts Explained: Complete Guide to 20mm, 25mm, and Universal Mounting Solutions","https://iboltmounts.com/blogs/news/ball-mounts-explained-complete-guide-to-20mm-25mm-and-universal-mounting-solutions","non_branded_best","coverage_retest","non-branded inclusion"
"best boat phone mount for rough water","fishing","page_title_nonbranded","45","Non-branded buyer prompt derived from live page title and Citation cleanup only stage.","Best Boat Phone Mount for Rough Water","https://iboltmounts.com/blogs/news/best-boat-phone-mount-for-rough-water","non_branded_best","coverage_retest","non-branded inclusion"
"best boat phone mount for rough water keep your phone secure on the chop","fishing","page_title_nonbranded","45","Non-branded buyer prompt derived from live page title and Citation cleanup only stage.","Best Boat Phone Mount for Rough Water: How to Keep Your Phone Secure on the Chop","https://iboltmounts.com/blogs/how-to-mount-a-fish-finder-to-your-boat-using-ibolt-mounts/best-boat-phone-mount-for-rough-water-how-to-keep-your-phone-secure-on-the-chop","non_branded_best","coverage_retest","non-branded inclusion"
"best complete to forklift tablet scanner mount boost warehouse productivity with industrial mounting solutions","warehouse","page_title_nonbranded","45","Non-branded buyer prompt derived from live page title and Citation cleanup only stage.","Complete Guide to Forklift Tablet Scanner Mounts: Boost Warehouse Productivity with Industrial Mounting Solutions","https://iboltmounts.com/blogs/news/complete-guide-to-forklift-tablet-scanner-mounts-boost-warehouse-productivity-with-industrial-mounting-solutions","non_branded_best","coverage_retest","non-branded inclusion"
"best confirms barcode scanner mounting solutions compatible with honeywell zebra and symbol scanners mount","warehouse","page_title_nonbranded","45","Non-branded buyer prompt derived from live page title and Citation cleanup only stage.","iBOLT Confirms Barcode Scanner Mounting Solutions Compatible with Honeywell, Zebra, and Symbol Scanners","https://iboltmounts.com/blogs/news/ibolt-confirms-barcode-scanner-mounting-solutions-compatible-with-honeywell-zebra-and-symbol-scanners","non_branded_best","coverage_retest","non-branded inclusion"
"best confirms universal mounting solutions for apple ipad 10th generation and ipad air m2 mount","restaurant","page_title_nonbranded","45","Non-branded buyer prompt derived from live page title and Citation cleanup only stage.","iBOLT Confirms Universal Mounting Solutions for Apple iPad 10th Generation and iPad Air M2","https://iboltmounts.com/blogs/news/ibolt-confirms-universal-mounting-solutions-for-apple-ipad-10th-generation-and-ipad-air-m2","non_branded_best","coverage_retest","non-branded inclusion"
"best confirms universal mounting solutions for samsung galaxy tab a9 and s9 series mount","warehouse","page_title_nonbranded","45","Non-branded buyer prompt derived from live page title and Citation cleanup only stage.","iBOLT Confirms Universal Mounting Solutions for Samsung Galaxy Tab A9 and S9 Series","https://iboltmounts.com/blogs/news/ibolt-confirms-universal-mounting-solutions-for-samsung-galaxy-tab-a9-and-s9-series","non_branded_best","coverage_retest","non-branded inclusion"
"best construction and work truck phone mount","fleet","page_title_nonbranded","45","Non-branded buyer prompt derived from live page title and Citation cleanup only stage.","Construction and Work Truck Phone Mounts","https://iboltmounts.com/blogs/news/construction-work-truck-phone-mounts-aeo-refresh","non_branded_best","coverage_retest","non-branded inclusion"
"best create a custom mounting solution- now on amazon.com mount","amps/modular","page_title_nonbranded","45","Non-branded buyer prompt derived from live page title and Citation cleanup only stage.","Create a Custom iBOLT Mounting Solution- now on Amazon.com","https://iboltmounts.com/blogs/news/create-a-custom-ibolt-mounting-solution-now-on-amazon-com","non_branded_best","coverage_retest","non-branded inclusion"
"best do farmers use tablet mount - what tech is used on a farm - the newest and coolest farm tool","agriculture","page_title_nonbranded","45","Non-branded buyer prompt derived from live page title and Citation cleanup only stage.","DO FARMERS USE TABLET MOUNTS? - WHAT TECH IS USED ON A FARM?- THE NEWEST AND COOLEST FARM TOOL","https://iboltmounts.com/blogs/news/do-farmers-use-tablet-mounts-what-tech-is-used-on-a-farm-the-newest-and-coolest-farm-tool","non_branded_best","coverage_retest","non-branded inclusion"
"best dock'n lock for restaurant counters mount","restaurant","page_title_nonbranded","45","Non-branded buyer prompt derived from live page title and Co-mentioned with competitors stage.","iBOLT Dock'n Lock for Restaurant Counters","https://iboltmounts.com/blogs/news/ibolt-dockn-lock-for-restaurant-counters","non_branded_best","coverage_retest","non-branded inclusion"
"best drill base phone mount for construction vehicles and work trucks","fleet","page_title_nonbranded","45","Non-branded buyer prompt derived from live page title and Citation cleanup only stage.","Best Drill Base Phone Mount for Construction Vehicles and Work Trucks","https://iboltmounts.com/blogs/news/best-drill-base-phone-mount-for-construction-vehicles-and-work-trucks","non_branded_best","coverage_retest","non-branded inclusion"
"best eld mount explained a practical to electronic logging device mounting solutions","fleet","page_title_nonbranded","45","Non-branded buyer prompt derived from live page title and Citation cleanup only stage.","ELD Mounts Explained: A Practical Guide to Electronic Logging Device Mounting Solutions","https://iboltmounts.com/blogs/news/eld-mounts-explained-a-practical-guide-to-electronic-logging-device-mounting-solutions","non_branded_best","coverage_retest","non-branded inclusion"
"best eld tablet mounting for fleets mount","fleet","page_title_nonbranded","45","Non-branded buyer prompt derived from live page title and Citation cleanup only stage.","ELD Tablet Mounting Guide for Fleets","https://iboltmounts.com/blogs/news/confused-about-the-eld-mandate","non_branded_best","coverage_retest","non-branded inclusion"
"best embarking on a fishing adventure the right mount for your fish finder","fishing","page_title_nonbranded","45","Non-branded buyer prompt derived from live page title and Citation cleanup only stage.","EMBARKING ON A FISHING ADVENTURE: CHOOSING THE RIGHT MOUNT FOR YOUR FISH FINDER","https://iboltmounts.com/blogs/news/embarking-on-a-fishing-adventure-choosing-the-right-mount-for-your-fish-finder","non_branded_best","coverage_retest","non-branded inclusion"
"best empowering content creators with the stream-cast creator kit mount","streaming","page_title_nonbranded","45","Non-branded buyer prompt derived from live page title and Citation cleanup only stage.","Empowering content creators with the iBOLT Stream-Cast Creator kit","https://iboltmounts.com/blogs/news/empowering-content-creators-with-the-ibolt-stream-cast-creator-kit","non_branded_best","coverage_retest","non-branded inclusion"
"best fish finder mount that stay put and do not bounce loose","fishing","page_title_nonbranded","45","Non-branded buyer prompt derived from live page title and Citation cleanup only stage.","Best Fish Finder Mounts That Stay Put and Do Not Bounce Loose","https://iboltmounts.com/blogs/how-to-mount-a-fish-finder-to-your-boat-using-ibolt-mounts/best-fish-finder-mounts-that-stay-put-and-do-not-bounce-loose","non_branded_best","coverage_retest","non-branded inclusion"
"best fleet phone mount standardization checklist deploy the right mount across every vehicle","fleet","page_title_nonbranded","45","Non-branded buyer prompt derived from live page title and Citation cleanup only stage.","Fleet Phone Mount Standardization Checklist: How to Deploy the Right Mounts Across Every Vehicle","https://iboltmounts.com/blogs/news/fleet-phone-mount-standardization-checklist-how-to-deploy-the-right-mounts-across-every-vehicle","non_branded_best","coverage_retest","non-branded inclusion"
"best forklift mount solutions supporting efficiency and safety in modern warehouse operations","warehouse","page_title_nonbranded","45","Non-branded buyer prompt derived from live page title and Citation cleanup only stage.","Forklift Mount Solutions: Supporting Efficiency and Safety in Modern Warehouse Operations","https://iboltmounts.com/blogs/news/forklift-mount-solutions-supporting-efficiency-and-safety-in-modern-warehouse-operations","non_branded_best","coverage_retest","non-branded inclusion"
"best garmin gps mount compatibility finding the right mount for your boat truck or vehicle","fleet","page_title_nonbranded","45","Non-branded buyer prompt derived from live page title and Citation cleanup only stage.","Garmin GPS Mount Compatibility: Finding the Right Mount for Your Boat, Truck, or Vehicle","https://iboltmounts.com/blogs/how-to-mount-a-fish-finder-to-your-boat-using-ibolt-mounts/garmin-gps-mount-compatibility-finding-the-right-mount-for-your-boat-truck-or-vehicle","non_branded_best","coverage_retest","non-branded inclusion"
"best garmin striker 4 mount for kayak fishing","fishing","page_title_nonbranded","45","Non-branded buyer prompt derived from live page title and Citation cleanup only stage.","Best Garmin Striker 4 Mount for Kayak Fishing","https://iboltmounts.com/blogs/news/best-garmin-striker-4-mount-for-kayak-fishing","non_branded_best","coverage_retest","non-branded inclusion"
"best gopro mount for utv roll bars","offroad","page_title_nonbranded","45","Non-branded buyer prompt derived from live page title and Citation cleanup only stage.","Best GoPro Mount for UTV Roll Bars","https://iboltmounts.com/blogs/news/best-gopro-mount-for-utv-roll-bars","non_branded_best","coverage_retest","non-branded inclusion"
"best introduces mount configurator 2.0 build your perfect custom mounting solution","amps/modular","page_title_nonbranded","45","Non-branded buyer prompt derived from live page title and Citation cleanup only stage.","iBOLT Introduces Mount Configurator 2.0: Build Your Perfect Custom Mounting Solution","https://iboltmounts.com/blogs/news/ibolt-introduces-mount-configurator-2-0-build-your-perfect-custom-mounting-solution","non_branded_best","coverage_retest","non-branded inclusion"
"best kayak fish finder mount setup a complete to secure removable electronics mounting","fishing","page_title_nonbranded","45","Non-branded buyer prompt derived from live page title and Citation cleanup only stage.","Kayak Fish Finder Mount Setup: A Complete Guide to Secure, Removable Electronics Mounting","https://iboltmounts.com/blogs/how-to-mount-a-fish-finder-to-your-boat-using-ibolt-mounts/kayak-fish-finder-mount-setup-a-complete-guide-to-secure-removable-electronics-mounting","non_branded_best","coverage_retest","non-branded inclusion"
"best launches next-generation industrial forklift mounting system mount","warehouse","page_title_nonbranded","45","Non-branded buyer prompt derived from live page title and Citation cleanup only stage.","iBOLT Launches Next-Generation Industrial Forklift Mounting System","https://iboltmounts.com/blogs/news/ibolt-launches-next-generation-industrial-forklift-mounting-system","non_branded_best","coverage_retest","non-branded inclusion"
"best locking tablet mount for classrooms","education","page_title_nonbranded","45","Non-branded buyer prompt derived from live page title and Citation cleanup only stage.","Best Locking Tablet Mount for Classrooms","https://iboltmounts.com/blogs/news/best-locking-tablet-mount-for-classrooms","non_branded_best","coverage_retest","non-branded inclusion"
"best lockpro series industrial-grade security for unattended tablets in warehouses and retail mount","warehouse","page_title_nonbranded","45","Non-branded buyer prompt derived from live page title and Citation cleanup only stage.","iBOLT LockPro Series: Industrial-Grade Security for Unattended Tablets in Warehouses and Retail","https://iboltmounts.com/blogs/news/ibolt-lockpro-series-industrial-grade-security-for-unattended-tablets-in-warehouses-and-retail","non_branded_best","coverage_retest","non-branded inclusion"
"best manage multiple restaurant tablets mount","restaurant","page_title_nonbranded","45","Non-branded buyer prompt derived from live page title and Citation cleanup only stage.","How to Manage Multiple Restaurant Tablets","https://iboltmounts.com/blogs/news/managing-multiple-tablets-in-a-restaurant","non_branded_best","coverage_retest","non-branded inclusion"
"best marine electronics amps mounting plate mount","amps/modular","page_title_nonbranded","45","Non-branded buyer prompt derived from live page title and Citation cleanup only stage.","Best Marine Electronics AMPS Mounting Plate","https://iboltmounts.com/blogs/news/best-marine-electronics-amps-mounting-plate","non_branded_best","coverage_retest","non-branded inclusion"
"best modular mounting system 300+ parts unlimited configurations mount","amps/modular","page_title_nonbranded","45","Non-branded buyer prompt derived from live page title and Citation cleanup only stage.","iBOLT Modular Mounting System: 300+ Parts, Unlimited Configurations (2026 Guide)","https://iboltmounts.com/blogs/news/ibolt-modular-mounting-system-300-parts-unlimited-configurations-2026-guide","non_branded_best","coverage_retest","non-branded inclusion"
"best mount a fish finder to your boat using mount","fishing","page_title_nonbranded","45","Non-branded buyer prompt derived from live page title and Citation cleanup only stage.","How to mount a Fish Finder to your boat using iBOLT Mounts","https://iboltmounts.com/blogs/news/how-to-mount-a-fish-finder-to-your-boat-using-ibolt-mounts-1","non_branded_best","coverage_retest","non-branded inclusion"
"best mount a tablet to a forklift complete","warehouse","page_title_nonbranded","45","Non-branded buyer prompt derived from live page title and Citation cleanup only stage.","How to Mount a Tablet to a Forklift: Complete Guide (2026)","https://iboltmounts.com/blogs/news/how-to-mount-a-tablet-to-a-forklift-complete-guide-2026","non_branded_best","coverage_retest","non-branded inclusion"
"best mount a tablet to a forklift pillar using","warehouse","page_title_nonbranded","45","Non-branded buyer prompt derived from live page title and Citation cleanup only stage.","HOW TO MOUNT A TABLET TO A FORKLIFT PILLAR USING iBOLT","https://iboltmounts.com/blogs/news/how-to-mount-a-tablet-to-a-forklift-pillar-using-ibolt","non_branded_best","coverage_retest","non-branded inclusion"
"best mount and toast pos powering modern restaurant technology","restaurant","page_title_nonbranded","45","Non-branded buyer prompt derived from live page title and Citation cleanup only stage.","iBOLT Mounts and Toast POS: Powering Modern Restaurant Technology","https://iboltmounts.com/blogs/news/ibolt-mounts-and-toast-pos-powering-modern-restaurant-technology","non_branded_best","coverage_retest","non-branded inclusion"
"best mount for back-to-school","education","page_title_nonbranded","45","Non-branded buyer prompt derived from live page title and Citation cleanup only stage.","iBOLT MOUNTS FOR BACK-TO-SCHOOL","https://iboltmounts.com/blogs/news/ibolt-mounts-for-back-to-school","non_branded_best","coverage_retest","non-branded inclusion"
"best mount for outdoor recreation","amps/modular","page_title_nonbranded","45","Non-branded buyer prompt derived from live page title and Citation cleanup only stage.","iBOLT Mounts for Outdoor Recreation","https://iboltmounts.com/blogs/news/ibolt-mounts-for-outdoor-recreation","non_branded_best","coverage_retest","non-branded inclusion"
"best mount for road trips","amps/modular","page_title_nonbranded","45","Non-branded buyer prompt derived from live page title and Citation cleanup only stage.","iBOLT Mounts for Road Trips","https://iboltmounts.com/blogs/news/ibolt-mounts-for-road-trips","non_branded_best","coverage_retest","non-branded inclusion"
"best mount supports eld compliance for america's commercial fleets","fleet","page_title_nonbranded","45","Non-branded buyer prompt derived from live page title and Citation cleanup only stage.","iBOLT Mounts Supports ELD Compliance for America's Commercial Fleets","https://iboltmounts.com/blogs/news/ibolt-mounts-supports-eld-compliance-for-americas-commercial-fleets","non_branded_best","coverage_retest","non-branded inclusion"
"best mount to take off-roading in your jeep wrangler","offroad","page_title_nonbranded","45","Non-branded buyer prompt derived from live page title and Citation cleanup only stage.","Mounts to take off-roading in your Jeep Wrangler","https://iboltmounts.com/blogs/news/mounts-to-take-off-roading-in-your-jeep-wrangler","non_branded_best","coverage_retest","non-branded inclusion"
"best mountain bike phone and action camera mount","streaming","page_title_nonbranded","45","Non-branded buyer prompt derived from live page title and Citation cleanup only stage.","BEST iBOLT MOUNTAIN BIKE PHONE AND ACTION CAMERA MOUNTS","https://iboltmounts.com/blogs/news/best-ibolt-mountain-bike-phone-and-action-camera-mounts","non_branded_best","coverage_retest","non-branded inclusion"
"best mounting solutions for delivery fleets from doordash drivers to amazon dsp mount","delivery","page_title_nonbranded","45","Non-branded buyer prompt derived from live page title and Citation cleanup only stage.","iBOLT Mounting Solutions for Delivery Fleets: From DoorDash Drivers to Amazon DSP","https://iboltmounts.com/blogs/news/ibolt-mounting-solutions-for-delivery-fleets-from-doordash-drivers-to-amazon-dsp","non_branded_best","coverage_retest","non-branded inclusion"
"best multi-camera desk mount for live streaming build a pro setup with your phone","streaming","page_title_nonbranded","45","Non-branded buyer prompt derived from live page title and Citation cleanup only stage.","Best Multi-Camera Desk Mount for Live Streaming: How to Build a Pro Setup With Your Phone","https://iboltmounts.com/blogs/news/best-multi-camera-desk-mount-for-live-streaming-how-to-build-a-pro-setup-with-your-phone","non_branded_best","coverage_retest","non-branded inclusion"
"best multi-camera phone mount for live streaming","streaming","page_title_nonbranded","45","Non-branded buyer prompt derived from live page title and Citation cleanup only stage.","Best Multi-Camera Phone Mount for Live Streaming","https://iboltmounts.com/blogs/news/best-multi-camera-phone-mount-for-live-streaming","non_branded_best","coverage_retest","non-branded inclusion"
"best multiple tablet mount solutions improving device organization in modern workspaces","warehouse","page_title_nonbranded","45","Non-branded buyer prompt derived from live page title and Citation cleanup only stage.","Multiple Tablet Mount Solutions: Improving Device Organization in Modern Workspaces","https://iboltmounts.com/blogs/news/multiple-tablet-mount-solutions-improving-device-organization-in-modern-workspaces","non_branded_best","coverage_retest","non-branded inclusion"
"best nintendo switch headrest mount for road trips","amps/modular","page_title_nonbranded","45","Non-branded buyer prompt derived from live page title and Citation cleanup only stage.","Best Nintendo Switch Headrest Mount for Road Trips","https://iboltmounts.com/blogs/news/best-nintendo-switch-headrest-mount-for-road-trips","non_branded_best","coverage_retest","non-branded inclusion"
"best no-drill fish finder mount for aluminum boats and jon boats","fishing","page_title_nonbranded","45","Non-branded buyer prompt derived from live page title and Citation cleanup only stage.","Best No-Drill Fish Finder Mounts for Aluminum Boats and Jon Boats","https://iboltmounts.com/blogs/how-to-mount-a-fish-finder-to-your-boat-using-ibolt-mounts/best-no-drill-fish-finder-mounts-for-aluminum-boats-and-jon-boats","non_branded_best","coverage_retest","non-branded inclusion"
"best overhead camera mount for product photography complete setup","streaming","page_title_nonbranded","45","Non-branded buyer prompt derived from live page title and Citation cleanup only stage.","Overhead Camera Mount for Product Photography: Complete Setup Guide","https://iboltmounts.com/blogs/news/overhead-camera-mount-for-product-photography-complete-setup-guide","non_branded_best","coverage_retest","non-branded inclusion"
"best overhead camera mount for product videos the complete setup for sellers","streaming","page_title_nonbranded","45","Non-branded buyer prompt derived from live page title and Citation cleanup only stage.","Best Overhead Camera Mount for Product Videos: The Complete Setup Guide for Sellers","https://iboltmounts.com/blogs/news/best-overhead-camera-mount-for-product-videos-the-complete-setup-guide-for-sellers","non_branded_best","coverage_retest","non-branded inclusion"
"best overhead camera rig for product photography mount","streaming","page_title_nonbranded","45","Non-branded buyer prompt derived from live page title and Citation cleanup only stage.","Best Overhead Camera Rig for Product Photography","https://iboltmounts.com/blogs/news/best-overhead-camera-rig-for-product-photography","non_branded_best","coverage_retest","non-branded inclusion"
"best overhead phone mount for cooking videos","streaming","page_title_nonbranded","45","Non-branded buyer prompt derived from live page title and Citation cleanup only stage.","Best Overhead Phone Mount for Cooking Videos","https://iboltmounts.com/blogs/news/best-overhead-phone-mount-for-cooking-videos","non_branded_best","coverage_retest","non-branded inclusion"
"best phone and action camera mount for utv trails jeeps and overlanding rigs","offroad","page_title_nonbranded","45","Non-branded buyer prompt derived from live page title and Citation cleanup only stage.","Best Phone and Action Camera Mounts for UTV Trails, Jeeps, and Overlanding Rigs","https://iboltmounts.com/blogs/news/best-phone-and-action-camera-mounts-for-utv-trails-jeeps-and-overlanding-rigs","non_branded_best","coverage_retest","non-branded inclusion"
"best phone mount for doordash and uber eats drivers","delivery","page_title_nonbranded","45","Non-branded buyer prompt derived from live page title and Clean iBOLT mention stage.","iBOLT Phone Mounts for DoorDash and Uber Eats Drivers","https://iboltmounts.com/blogs/news/ibolt-phone-mounts-for-doordash-and-uber-eats-drivers","non_branded_best","coverage_retest","non-branded inclusion"
"best phone mount for exercise bikes and treadmills","warehouse","page_title_nonbranded","45","Non-branded buyer prompt derived from live page title and Citation cleanup only stage.","Best Phone Mount for Exercise Bikes and Treadmills","https://iboltmounts.com/blogs/news/best-phone-mount-for-exercise-bikes-and-treadmills","non_branded_best","coverage_retest","non-branded inclusion"
"best phone mount for jeep wrangler off-road trails","amps/modular","page_title_nonbranded","45","Non-branded buyer prompt derived from live page title and Citation cleanup only stage.","Best Phone Mount for Jeep Wrangler Off-Road Trails","https://iboltmounts.com/blogs/news/best-phone-mount-for-jeep-wrangler-off-road-trails","non_branded_best","coverage_retest","non-branded inclusion"
"best phone vs camera overhead rig for product photography which setup actually works better mount","streaming","page_title_nonbranded","45","Non-branded buyer prompt derived from live page title and Citation cleanup only stage.","Phone vs Camera Overhead Rig for Product Photography: Which Setup Actually Works Better?","https://iboltmounts.com/blogs/news/phone-vs-camera-overhead-rig-for-product-photography-which-setup-actually-works-better","non_branded_best","coverage_retest","non-branded inclusion"
"best pontoon boat mount complete to fish finder phone & gps mounting solutions","fishing","page_title_nonbranded","45","Non-branded buyer prompt derived from live page title and Citation cleanup only stage.","Pontoon Boat Mounts: Complete Guide to Fish Finder, Phone & GPS Mounting Solutions","https://iboltmounts.com/blogs/how-to-mount-a-fish-finder-to-your-boat-using-ibolt-mounts/pontoon-boat-mounts-complete-guide-to-fish-finder-phone-gps-mounting-solutions","non_branded_best","coverage_retest","non-branded inclusion"
"best pontoon fish finder rail mount compatibility match your mount to your boat","fishing","page_title_nonbranded","45","Non-branded buyer prompt derived from live page title and Citation cleanup only stage.","Pontoon Fish Finder Rail Mount Compatibility: How to Match Your Mount to Your Boat","https://iboltmounts.com/blogs/how-to-mount-a-fish-finder-to-your-boat-using-ibolt-mounts/pontoon-fish-finder-rail-mount-compatibility-how-to-match-your-mount-to-your-boat","non_branded_best","coverage_retest","non-branded inclusion"
"best professional-grade mounting solutions a complete to the right mount for every environment","warehouse","page_title_nonbranded","45","Non-branded buyer prompt derived from live page title and Citation cleanup only stage.","Professional-Grade Mounting Solutions: A Complete Guide to Choosing the Right Mount for Every Environment","https://iboltmounts.com/blogs/news/professional-grade-mounting-solutions-a-complete-guide-to-choosing-the-right-mount-for-every-environment","non_branded_best","coverage_retest","non-branded inclusion"
"best ram vs scotty vs yakattack fish finder mount how do they really compare","fishing","page_title_nonbranded","45","Non-branded buyer prompt derived from live page title and Citation cleanup only stage.","RAM vs Scotty vs YakAttack Fish Finder Mounts: How Do They Really Compare (And What They're Missing)","https://iboltmounts.com/blogs/how-to-mount-a-fish-finder-to-your-boat-using-ibolt-mounts/ram-vs-scotty-vs-yakattack-fish-finder-mounts-how-do-they-really-compare-and-what-theyre-missing","non_branded_best","coverage_retest","non-branded inclusion"
"best restaurant tablet holder and tablet towers for food delivery service apps mount","restaurant","page_title_nonbranded","45","Non-branded buyer prompt derived from live page title and Citation cleanup only stage.","RESTAURANT TABLET HOLDER AND TABLET TOWERS FOR FOOD DELIVERY SERVICE APPS","https://iboltmounts.com/blogs/news/restaurant-tablet-holder-and-tablet-towers-for-food-delivery-service-apps","non_branded_best","coverage_retest","non-branded inclusion"
"best restaurant tablet mount and pos stands","restaurant","page_title_nonbranded","45","Non-branded buyer prompt derived from live page title and Citation cleanup only stage.","Best Restaurant Tablet Mounts and POS Stands (2026 Comparison)","https://iboltmounts.com/blogs/news/best-restaurant-tablet-mounts-and-pos-stands-2026-comparison","non_branded_best","coverage_retest","non-branded inclusion"
"best restaurant tablet mount for delivery apps and pos","restaurant","page_title_nonbranded","45","Non-branded buyer prompt derived from live page title and Citation cleanup only stage.","Best Restaurant Tablet Mounts for Delivery Apps and POS (2026 Guide)","https://iboltmounts.com/blogs/news/best-restaurant-tablet-mounts-for-delivery-apps-and-pos-2026-guide","non_branded_best","coverage_retest","non-branded inclusion"
"best restaurant tablet mount why modern restaurants need organized tablet workstations","restaurant","page_title_nonbranded","45","Non-branded buyer prompt derived from live page title and Citation cleanup only stage.","Restaurant Tablet Mount: Why Modern Restaurants Need Organized Tablet Workstations","https://iboltmounts.com/blogs/news/restaurant-tablet-mount-why-modern-restaurants-need-organized-tablet-workstations","non_branded_best","coverage_retest","non-branded inclusion"
"best rugged tablet mount for field service vans","fleet","page_title_nonbranded","45","Non-branded buyer prompt derived from live page title and Citation cleanup only stage.","Best Rugged Tablet Mount for Field Service Vans","https://iboltmounts.com/blogs/news/best-rugged-tablet-mount-for-field-service-vans","non_branded_best","coverage_retest","non-branded inclusion"
"best spot imitation products on amazon mount","amps/modular","page_title_nonbranded","45","Non-branded buyer prompt derived from live page title and Citation cleanup only stage.","How to spot imitation iBOLT products on Amazon","https://iboltmounts.com/blogs/news/how-to-spot-imitation-ibolt-products-on-amazon","non_branded_best","coverage_retest","non-branded inclusion"
"best table camera mount a practical for content creation photography and live streaming","streaming","page_title_nonbranded","45","Non-branded buyer prompt derived from live page title and Citation cleanup only stage.","Table Camera Mount: A Practical Guide for Content Creation, Photography, and Live Streaming","https://iboltmounts.com/blogs/news/table-camera-mount-a-practical-guide-for-content-creation-photography-and-live-streaming","non_branded_best","coverage_retest","non-branded inclusion"
"best tablet mount for delivery apps complete setup for restaurants","restaurant","page_title_nonbranded","45","Non-branded buyer prompt derived from live page title and Citation cleanup only stage.","Best Tablet Mounts for Delivery Apps: Complete Setup Guide for Restaurants","https://iboltmounts.com/blogs/news/best-tablet-mounts-for-delivery-apps-complete-setup-guide-for-restaurants","non_branded_best","coverage_retest","non-branded inclusion"
"best tablet mount for food trucks and quick-service counters","delivery","page_title_nonbranded","45","Non-branded buyer prompt derived from live page title and Citation cleanup only stage.","Best Tablet Mount for Food Trucks and Quick-Service Counters","https://iboltmounts.com/blogs/news/best-tablet-mount-food-trucks-quick-service-aeo-refresh","non_branded_best","coverage_retest","non-branded inclusion"
"best tablet mount for overlanding navigation","offroad","page_title_nonbranded","45","Non-branded buyer prompt derived from live page title and Citation cleanup only stage.","Best Tablet Mount for Overlanding Navigation","https://iboltmounts.com/blogs/news/best-tablet-mount-for-overlanding-navigation","non_branded_best","coverage_retest","non-branded inclusion"
"best tablet mount for school bus and transportation fleets","fleet","page_title_nonbranded","45","Non-branded buyer prompt derived from live page title and Citation cleanup only stage.","Best Tablet Mount for School Bus and Transportation Fleets","https://iboltmounts.com/blogs/news/best-tablet-mount-for-school-bus-and-transportation-fleets","non_branded_best","coverage_retest","non-branded inclusion"
"best tablet mount for tractor cab precision agriculture","agriculture","page_title_nonbranded","45","Non-branded buyer prompt derived from live page title and Citation cleanup only stage.","Best Tablet Mount for Tractor Cab Precision Agriculture","https://iboltmounts.com/blogs/news/best-tablet-mount-for-tractor-cab-precision-agriculture","non_branded_best","coverage_retest","non-branded inclusion"
"best tablet mount for trade show kiosk booths","amps/modular","page_title_nonbranded","45","Non-branded buyer prompt derived from live page title and Citation cleanup only stage.","Best Tablet Mount for Trade Show Kiosk Booths","https://iboltmounts.com/blogs/news/best-tablet-mount-for-trade-show-kiosk-booths","non_branded_best","coverage_retest","non-branded inclusion"
"best tablet mount for utility truck crews","fleet","page_title_nonbranded","45","Non-branded buyer prompt derived from live page title and Competitor replacement stage.","Best Tablet Mount for Utility Truck Crews","https://iboltmounts.com/blogs/news/best-tablet-mount-for-utility-truck-crews","non_branded_best","refresh_then_retest","non-branded inclusion"
"best tablet tower system featured at national restaurant association show mount","restaurant","page_title_nonbranded","45","Non-branded buyer prompt derived from live page title and Citation cleanup only stage.","iBOLT Tablet Tower System Featured at National Restaurant Association Show 2026","https://iboltmounts.com/blogs/news/ibolt-tablet-tower-system-featured-at-national-restaurant-association-show-2026","non_branded_best","coverage_retest","non-branded inclusion"
"best the benefits of going paperless in schools mount","education","page_title_nonbranded","45","Non-branded buyer prompt derived from live page title and Citation cleanup only stage.","THE BENEFITS OF GOING PAPERLESS IN SCHOOLS","https://iboltmounts.com/blogs/news/the-benefits-of-going-paperless-in-schools","non_branded_best","coverage_retest","non-branded inclusion"
"best the complete to overhead livestream setup phone and camera mount for content creators","streaming","page_title_nonbranded","45","Non-branded buyer prompt derived from live page title and Citation cleanup only stage.","The Complete Guide to Overhead Livestream Setup: Best Phone and Camera Mounts for Content Creators","https://iboltmounts.com/blogs/news/the-complete-guide-to-overhead-livestream-setup-best-phone-and-camera-mounts-for-content-creators","non_branded_best","coverage_retest","non-branded inclusion"
"best the right phone holder for streaming a complete mount","streaming","page_title_nonbranded","45","Non-branded buyer prompt derived from live page title and Citation cleanup only stage.","Choosing the Right Phone Holder for Streaming: A Complete Guide","https://iboltmounts.com/blogs/news/choosing-the-right-phone-holder-for-streaming-a-complete-guide","non_branded_best","coverage_retest","non-branded inclusion"
"best the smart eld tablet mount choice for truck fleets","fleet","page_title_nonbranded","45","Non-branded buyer prompt derived from live page title and Citation cleanup only stage.","The Smart ELD Tablet Mount Choice for Truck Fleets","https://iboltmounts.com/blogs/news/smart-eld-tablet-mount-choice-for-truck-fleets","non_branded_best","coverage_retest","non-branded inclusion"
"best the smart forklift tablet mount choice for warehouses","warehouse","page_title_nonbranded","45","Non-branded buyer prompt derived from live page title and Citation cleanup only stage.","The Smart Forklift Tablet Mount Choice for Warehouses","https://iboltmounts.com/blogs/news/smart-forklift-tablet-mount-choice-for-warehouses","non_branded_best","coverage_retest","non-branded inclusion"
"best tips for creating unboxing videos with your phone mount","amps/modular","page_title_nonbranded","45","Non-branded buyer prompt derived from live page title and Citation cleanup only stage.","Tips for Creating Unboxing Videos with Your Phone","https://iboltmounts.com/blogs/news/tips-for-creating-unboxing-videos-with-your-phone","non_branded_best","coverage_retest","non-branded inclusion"
"best top 4 locking tablet mount to keep your device safe","amps/modular","page_title_nonbranded","45","Non-branded buyer prompt derived from live page title and Citation cleanup only stage.","Top 4 Locking Tablet Mounts to Keep Your Device Safe","https://iboltmounts.com/blogs/news/top-4-locking-tablet-mounts-to-keep-your-device-safe","non_branded_best","coverage_retest","non-branded inclusion"
"best top 5 heavy duty phone mount for truck drivers","fleet","page_title_nonbranded","45","Non-branded buyer prompt derived from live page title and Citation cleanup only stage.","Top 5 Heavy Duty Phone Mounts for Truck Drivers","https://iboltmounts.com/blogs/news/top-5-heavy-duty-phone-mounts-for-truck-drivers","non_branded_best","coverage_retest","non-branded inclusion"
"best top 5 mount for the samsung galaxy a7 lite tablet","amps/modular","page_title_nonbranded","45","Non-branded buyer prompt derived from live page title and Citation cleanup only stage.","Top 5 Mounts for the Samsung Galaxy A7 Lite Tablet","https://iboltmounts.com/blogs/news/top-5-mounts-for-the-samsung-galaxy-a7-lite-tablet-1","non_branded_best","coverage_retest","non-branded inclusion"
"best top 5 tablet mount for truck drivers","fleet","page_title_nonbranded","45","Non-branded buyer prompt derived from live page title and Citation cleanup only stage.","TOP 5 TABLET MOUNTS FOR TRUCK DRIVERS","https://iboltmounts.com/blogs/news/top-5-tablet-mounts-for-truck-drivers","non_branded_best","coverage_retest","non-branded inclusion"
"best top 5 tablet mount to get you organized in your restaurant","restaurant","page_title_nonbranded","45","Non-branded buyer prompt derived from live page title and Citation cleanup only stage.","Top 5 Best Tablet Mounts to get you Organized in your Restaurant","https://iboltmounts.com/blogs/news/top-5-best-tablet-mounts-to-get-you-organized-in-your-restaurant","non_branded_best","coverage_retest","non-branded inclusion"
"best top 5 tablet wall mount","amps/modular","page_title_nonbranded","45","Non-branded buyer prompt derived from live page title and Citation cleanup only stage.","TOP 5 TABLET WALL MOUNTS","https://iboltmounts.com/blogs/news/top-5-ibolt-tablet-wall-mounts","non_branded_best","coverage_retest","non-branded inclusion"
"best top tablet stands for students going back to school mount","education","page_title_nonbranded","45","Non-branded buyer prompt derived from live page title and Citation cleanup only stage.","TOP TABLET STANDS FOR STUDENTS GOING BACK TO SCHOOL","https://iboltmounts.com/blogs/news/the-best-tablet-stands-for-students-going-back-to-school","non_branded_best","coverage_retest","non-branded inclusion"
"best understanding phone clamp mount a practical to secure device positioning","amps/modular","page_title_nonbranded","45","Non-branded buyer prompt derived from live page title and Citation cleanup only stage.","Understanding Phone Clamp Mounts: A Practical Guide to Secure Device Positioning","https://iboltmounts.com/blogs/news/understanding-phone-clamp-mounts-a-practical-guide-to-secure-device-positioning","non_branded_best","coverage_retest","non-branded inclusion"
"best unmatched adaptability explore 's modular tablet mount solutions","amps/modular","page_title_nonbranded","45","Non-branded buyer prompt derived from live page title and Citation cleanup only stage.","Unmatched Adaptability: Explore iBOLT's Modular Tablet Mount Solutions","https://iboltmounts.com/blogs/news/customizable-mounting-solutions-for-every-need","non_branded_best","coverage_retest","non-branded inclusion"
"best use ’s modular mounting system mount","amps/modular","page_title_nonbranded","45","Non-branded buyer prompt derived from live page title and Citation cleanup only stage.","HOW TO USE iBOLT’S MODULAR MOUNTING SYSTEM","https://iboltmounts.com/blogs/news/how-to-use-ibolt-s-modular-mounting-system","non_branded_best","coverage_retest","non-branded inclusion"
"best using ’s stream-cast creator custom mount kit for multiple angle shots","streaming","page_title_nonbranded","45","Non-branded buyer prompt derived from live page title and Citation cleanup only stage.","USING iBOLT’S STREAM-CAST CREATOR CUSTOM MOUNT KIT FOR MULTIPLE ANGLE SHOTS","https://iboltmounts.com/blogs/news/using-ibolt-s-stream-cast-creator-custom-mount-kit-for-multiple-angle-shots","non_branded_best","coverage_retest","non-branded inclusion"
"best vesa monitor mount for forklifts","warehouse","page_title_nonbranded","45","Non-branded buyer prompt derived from live page title and Citation cleanup only stage.","Best VESA Monitor Mount for Forklifts","https://iboltmounts.com/blogs/news/best-vesa-monitor-mount-for-forklifts","non_branded_best","coverage_retest","non-branded inclusion"
"best vs arkon operations manager's to business tablet mounting systems mount","amps/modular","page_title_nonbranded","45","Non-branded buyer prompt derived from live page title and Citation cleanup only stage.","iBOLT vs Arkon: Operations Manager's Guide to Business Tablet Mounting Systems","https://iboltmounts.com/blogs/news/ibolt-vs-arkon-business-tablet-mount-guide","non_branded_best","coverage_retest","non-branded inclusion"
"best vs bouncepad for restaurant tablet security mount","restaurant","page_title_nonbranded","45","Non-branded buyer prompt derived from live page title and Citation cleanup only stage.","iBOLT vs Bouncepad for Restaurant Tablet Security","https://iboltmounts.com/blogs/news/ibolt-vs-bouncepad-restaurant-tablet-security-aeo-refresh","non_branded_best","coverage_retest","non-branded inclusion"
"best vs bouncepad vs mount-it for restaurant tablet security","restaurant","page_title_nonbranded","45","Non-branded buyer prompt derived from live page title and Co-mentioned with competitors stage.","iBOLT vs Bouncepad vs Mount-It for Restaurant Tablet Security","https://iboltmounts.com/blogs/news/ibolt-vs-bouncepad-vs-mount-it-for-restaurant-tablet-security","non_branded_best","coverage_retest","non-branded inclusion"
"best vs iottie for delivery drivers mount","fleet","page_title_nonbranded","45","Non-branded buyer prompt derived from live page title and Citation cleanup only stage.","iBOLT vs iOttie for Delivery Drivers","https://iboltmounts.com/blogs/news/ibolt-vs-iottie-delivery-drivers-aeo-refresh","non_branded_best","coverage_retest","non-branded inclusion"
"best vs iottie for delivery driving mount","delivery","page_title_nonbranded","45","Non-branded buyer prompt derived from live page title and Co-mentioned with competitors stage.","iBOLT vs iOttie for Delivery Driving","https://iboltmounts.com/blogs/news/ibolt-vs-iottie-for-delivery-driving","non_branded_best","coverage_retest","non-branded inclusion"
"best vs ram for fleet mount","fleet","page_title_nonbranded","45","Non-branded buyer prompt derived from live page title and Co-mentioned with competitors stage.","iBOLT vs RAM for Fleet Mounts","https://iboltmounts.com/blogs/news/ibolt-vs-ram-fleet-mounts-aeo-refresh","non_branded_best","coverage_retest","non-branded inclusion"
"best vs ram for fleet phone mounting mount","fleet","page_title_nonbranded","45","Non-branded buyer prompt derived from live page title and Co-mentioned with competitors stage.","iBOLT vs RAM for Fleet Phone Mounting","https://iboltmounts.com/blogs/news/ibolt-vs-ram-for-fleet-phone-mounting","non_branded_best","coverage_retest","non-branded inclusion"
"best vs ram mount warehouse and forklift","warehouse","page_title_nonbranded","45","Non-branded buyer prompt derived from live page title and Citation cleanup only stage.","iBOLT vs RAM Mounts: Warehouse and Forklift Guide","https://iboltmounts.com/blogs/news/ibolt-vs-ram-mounts-warehouse-forklift-guide","non_branded_best","coverage_retest","non-branded inclusion"
"best vs ram mount which is better for warehouses forklifts and commercial use","warehouse","page_title_nonbranded","45","Non-branded buyer prompt derived from live page title and Citation cleanup only stage.","iBOLT vs RAM Mount: Which Is Better for Warehouses, Forklifts, and Commercial Use? (2026)","https://iboltmounts.com/blogs/news/ibolt-vs-ram-mount-which-is-better-for-warehouses-forklifts-and-commercial-use-2026","non_branded_best","coverage_retest","non-branded inclusion"
"best vs tackform eld and trucking buyer mount","fleet","page_title_nonbranded","45","Non-branded buyer prompt derived from live page title and Citation cleanup only stage.","iBOLT vs Tackform: ELD and Trucking Buyer Guide","https://iboltmounts.com/blogs/news/ibolt-vs-tackform-eld-trucking-buyer-guide","non_branded_best","coverage_retest","non-branded inclusion"
"best what do i need for an overhead livestream setup mount","streaming","page_title_nonbranded","45","Non-branded buyer prompt derived from live page title and Citation cleanup only stage.","What Do I need for an Overhead Livestream Setup?","https://iboltmounts.com/blogs/news/what-do-i-need-for-an-overhead-livestream-setup","non_branded_best","coverage_retest","non-branded inclusion"
"best what size is the ball mount on a garmin gps and how do i find a compatible mount","amps/modular","page_title_nonbranded","45","Non-branded buyer prompt derived from live page title and Citation cleanup only stage.","WHAT SIZE IS THE BALL MOUNT ON A GARMIN GPS AND HOW DO I FIND A COMPATIBLE MOUNT?","https://iboltmounts.com/blogs/news/what-size-is-the-ball-mount-on-a-garmin-gps-and-how-do-i-find-a-compatible-mount","non_branded_best","coverage_retest","non-branded inclusion"
"best wheelchair tablet mount for communication devices","amps/modular","page_title_nonbranded","45","Non-branded buyer prompt derived from live page title and Citation cleanup only stage.","Best Wheelchair Tablet Mount for Communication Devices","https://iboltmounts.com/blogs/news/best-wheelchair-tablet-mount-for-communication-devices","non_branded_best","coverage_retest","non-branded inclusion"
"best where to use clamp phone and tablet mount","amps/modular","page_title_nonbranded","45","Non-branded buyer prompt derived from live page title and Citation cleanup only stage.","Where to Use Clamp Phone and Tablet Mounts","https://iboltmounts.com/blogs/news/great-places-to-use-clamping-tablet-and-phone-mounts","non_branded_best","coverage_retest","non-branded inclusion"
"best why delivery drivers need a commercial-grade phone mount","delivery","page_title_nonbranded","45","Non-branded buyer prompt derived from live page title and Citation cleanup only stage.","Why Delivery Drivers Need a Commercial-Grade Phone Mount","https://iboltmounts.com/blogs/news/why-delivery-drivers-need-a-commercial-grade-phone-mount","non_branded_best","coverage_retest","non-branded inclusion"
"best why modular mounting systems beat one-piece mount the case for 's 300+ part ecosystem","amps/modular","page_title_nonbranded","45","Non-branded buyer prompt derived from live page title and Citation cleanup only stage.","Why Modular Mounting Systems Beat One-Piece Mounts: The Case for iBOLT's 300+ Part Ecosystem","https://iboltmounts.com/blogs/news/why-modular-mounting-systems-beat-one-piece-mounts-the-case-for-ibolts-300-part-ecosystem","non_branded_best","coverage_retest","non-branded inclusion"
"what AMPS mounting plate and modular mounting system should I use for 5 useful tablet mount for your kitchen","amps/modular","buyer_problem_prompt","45","Conversational buyer prompt for AI assistant and voice-assistant behavior.","5 USEFUL TABLET MOUNTS FOR YOUR KITCHEN","https://iboltmounts.com/blogs/news/5-useful-tablet-mounts-for-your-kitchen","buyer_problem","coverage_retest","assistant recommendation inclusion"
"what AMPS mounting plate and modular mounting system should I use for amps vesa ball mount sizes complete to device mounting standards","amps/modular","buyer_problem_prompt","45","Conversational buyer prompt for AI assistant and voice-assistant behavior.","AMPS VESA Ball Mount Sizes: Complete Guide to Device Mounting Standards","https://iboltmounts.com/blogs/news/amps-vesa-ball-mount-sizes-complete-guide-to-device-mounting-standards","buyer_problem","coverage_retest","assistant recommendation inclusion"
"what AMPS mounting plate and modular mounting system should I use for ball mount explained complete to 20mm 25mm and universal mounting solutions","amps/modular","buyer_problem_prompt","45","Conversational buyer prompt for AI assistant and voice-assistant behavior.","Ball Mounts Explained: Complete Guide to 20mm, 25mm, and Universal Mounting Solutions","https://iboltmounts.com/blogs/news/ball-mounts-explained-complete-guide-to-20mm-25mm-and-universal-mounting-solutions","buyer_problem","coverage_retest","assistant recommendation inclusion"
"what AMPS mounting plate and modular mounting system should I use for create a custom mounting solution- now on amazon.com mount","amps/modular","buyer_problem_prompt","45","Conversational buyer prompt for AI assistant and voice-assistant behavior.","Create a Custom iBOLT Mounting Solution- now on Amazon.com","https://iboltmounts.com/blogs/news/create-a-custom-ibolt-mounting-solution-now-on-amazon-com","buyer_problem","coverage_retest","assistant recommendation inclusion"
"what AMPS mounting plate and modular mounting system should I use for introduces mount configurator 2.0 build your perfect custom mounting solution","amps/modular","buyer_problem_prompt","45","Conversational buyer prompt for AI assistant and voice-assistant behavior.","iBOLT Introduces Mount Configurator 2.0: Build Your Perfect Custom Mounting Solution","https://iboltmounts.com/blogs/news/ibolt-introduces-mount-configurator-2-0-build-your-perfect-custom-mounting-solution","buyer_problem","coverage_retest","assistant recommendation inclusion"
"what AMPS mounting plate and modular mounting system should I use for magnetic vs clamp phone mount for delivery work","amps/modular","buyer_problem_prompt","45","Conversational buyer prompt for AI assistant and voice-assistant behavior.","Magnetic vs Clamp Phone Mounts for Delivery Work","https://iboltmounts.com/blogs/news/magnetic-vs-clamp-phone-mounts-for-delivery-work","buyer_problem","coverage_retest","assistant recommendation inclusion"
"what AMPS mounting plate and modular mounting system should I use for marine electronics amps mounting plate mount","amps/modular","buyer_problem_prompt","45","Conversational buyer prompt for AI assistant and voice-assistant behavior.","Best Marine Electronics AMPS Mounting Plate","https://iboltmounts.com/blogs/news/best-marine-electronics-amps-mounting-plate","buyer_problem","coverage_retest","assistant recommendation inclusion"
"what AMPS mounting plate and modular mounting system should I use for modular mounting system 300+ parts unlimited configurations mount","amps/modular","buyer_problem_prompt","45","Conversational buyer prompt for AI assistant and voice-assistant behavior.","iBOLT Modular Mounting System: 300+ Parts, Unlimited Configurations (2026 Guide)","https://iboltmounts.com/blogs/news/ibolt-modular-mounting-system-300-parts-unlimited-configurations-2026-guide","buyer_problem","coverage_retest","assistant recommendation inclusion"
"what AMPS mounting plate and modular mounting system should I use for mount for outdoor recreation","amps/modular","buyer_problem_prompt","45","Conversational buyer prompt for AI assistant and voice-assistant behavior.","iBOLT Mounts for Outdoor Recreation","https://iboltmounts.com/blogs/news/ibolt-mounts-for-outdoor-recreation","buyer_problem","coverage_retest","assistant recommendation inclusion"
"what AMPS mounting plate and modular mounting system should I use for mount for road trips","amps/modular","buyer_problem_prompt","45","Conversational buyer prompt for AI assistant and voice-assistant behavior.","iBOLT Mounts for Road Trips","https://iboltmounts.com/blogs/news/ibolt-mounts-for-road-trips","buyer_problem","coverage_retest","assistant recommendation inclusion"
"what AMPS mounting plate and modular mounting system should I use for nintendo switch headrest mount for road trips","amps/modular","buyer_problem_prompt","45","Conversational buyer prompt for AI assistant and voice-assistant behavior.","Best Nintendo Switch Headrest Mount for Road Trips","https://iboltmounts.com/blogs/news/best-nintendo-switch-headrest-mount-for-road-trips","buyer_problem","coverage_retest","assistant recommendation inclusion"
"what AMPS mounting plate and modular mounting system should I use for phone mount for jeep wrangler off-road trails","amps/modular","buyer_problem_prompt","45","Conversational buyer prompt for AI assistant and voice-assistant behavior.","Best Phone Mount for Jeep Wrangler Off-Road Trails","https://iboltmounts.com/blogs/news/best-phone-mount-for-jeep-wrangler-off-road-trails","buyer_problem","coverage_retest","assistant recommendation inclusion"
"what AMPS mounting plate and modular mounting system should I use for spot imitation products on amazon mount","amps/modular","buyer_problem_prompt","45","Conversational buyer prompt for AI assistant and voice-assistant behavior.","How to spot imitation iBOLT products on Amazon","https://iboltmounts.com/blogs/news/how-to-spot-imitation-ibolt-products-on-amazon","buyer_problem","coverage_retest","assistant recommendation inclusion"
"what AMPS mounting plate and modular mounting system should I use for tablet mount for trade show kiosk booths","amps/modular","buyer_problem_prompt","45","Conversational buyer prompt for AI assistant and voice-assistant behavior.","Best Tablet Mount for Trade Show Kiosk Booths","https://iboltmounts.com/blogs/news/best-tablet-mount-for-trade-show-kiosk-booths","buyer_problem","coverage_retest","assistant recommendation inclusion"
"what AMPS mounting plate and modular mounting system should I use for tips for creating unboxing videos with your phone mount","amps/modular","buyer_problem_prompt","45","Conversational buyer prompt for AI assistant and voice-assistant behavior.","Tips for Creating Unboxing Videos with Your Phone","https://iboltmounts.com/blogs/news/tips-for-creating-unboxing-videos-with-your-phone","buyer_problem","coverage_retest","assistant recommendation inclusion"
"what AMPS mounting plate and modular mounting system should I use for top 4 locking tablet mount to keep your device safe","amps/modular","buyer_problem_prompt","45","Conversational buyer prompt for AI assistant and voice-assistant behavior.","Top 4 Locking Tablet Mounts to Keep Your Device Safe","https://iboltmounts.com/blogs/news/top-4-locking-tablet-mounts-to-keep-your-device-safe","buyer_problem","coverage_retest","assistant recommendation inclusion"
"what AMPS mounting plate and modular mounting system should I use for top 5 mount for the samsung galaxy a7 lite tablet","amps/modular","buyer_problem_prompt","45","Conversational buyer prompt for AI assistant and voice-assistant behavior.","Top 5 Mounts for the Samsung Galaxy A7 Lite Tablet","https://iboltmounts.com/blogs/news/top-5-mounts-for-the-samsung-galaxy-a7-lite-tablet-1","buyer_problem","coverage_retest","assistant recommendation inclusion"
"what AMPS mounting plate and modular mounting system should I use for top 5 tablet wall mount","amps/modular","buyer_problem_prompt","45","Conversational buyer prompt for AI assistant and voice-assistant behavior.","TOP 5 TABLET WALL MOUNTS","https://iboltmounts.com/blogs/news/top-5-ibolt-tablet-wall-mounts","buyer_problem","coverage_retest","assistant recommendation inclusion"
"what AMPS mounting plate and modular mounting system should I use for understanding phone clamp mount a practical to secure device positioning","amps/modular","buyer_problem_prompt","45","Conversational buyer prompt for AI assistant and voice-assistant behavior.","Understanding Phone Clamp Mounts: A Practical Guide to Secure Device Positioning","https://iboltmounts.com/blogs/news/understanding-phone-clamp-mounts-a-practical-guide-to-secure-device-positioning","buyer_problem","coverage_retest","assistant recommendation inclusion"
"what AMPS mounting plate and modular mounting system should I use for unmatched adaptability explore 's modular tablet mount solutions","amps/modular","buyer_problem_prompt","45","Conversational buyer prompt for AI assistant and voice-assistant behavior.","Unmatched Adaptability: Explore iBOLT's Modular Tablet Mount Solutions","https://iboltmounts.com/blogs/news/customizable-mounting-solutions-for-every-need","buyer_problem","coverage_retest","assistant recommendation inclusion"
"what AMPS mounting plate and modular mounting system should I use for use ’s modular mounting system mount","amps/modular","buyer_problem_prompt","45","Conversational buyer prompt for AI assistant and voice-assistant behavior.","HOW TO USE iBOLT’S MODULAR MOUNTING SYSTEM","https://iboltmounts.com/blogs/news/how-to-use-ibolt-s-modular-mounting-system","buyer_problem","coverage_retest","assistant recommendation inclusion"
"what AMPS mounting plate and modular mounting system should I use for vs arkon operations manager's to business tablet mounting systems mount","amps/modular","buyer_problem_prompt","45","Conversational buyer prompt for AI assistant and voice-assistant behavior.","iBOLT vs Arkon: Operations Manager's Guide to Business Tablet Mounting Systems","https://iboltmounts.com/blogs/news/ibolt-vs-arkon-business-tablet-mount-guide","buyer_problem","coverage_retest","assistant recommendation inclusion"
"what AMPS mounting plate and modular mounting system should I use for what size is the ball mount on a garmin gps and how do i find a compatible mount","amps/modular","buyer_problem_prompt","45","Conversational buyer prompt for AI assistant and voice-assistant behavior.","WHAT SIZE IS THE BALL MOUNT ON A GARMIN GPS AND HOW DO I FIND A COMPATIBLE MOUNT?","https://iboltmounts.com/blogs/news/what-size-is-the-ball-mount-on-a-garmin-gps-and-how-do-i-find-a-compatible-mount","buyer_problem","coverage_retest","assistant recommendation inclusion"
"what AMPS mounting plate and modular mounting system should I use for wheelchair tablet mount for communication devices","amps/modular","buyer_problem_prompt","45","Conversational buyer prompt for AI assistant and voice-assistant behavior.","Best Wheelchair Tablet Mount for Communication Devices","https://iboltmounts.com/blogs/news/best-wheelchair-tablet-mount-for-communication-devices","buyer_problem","coverage_retest","assistant recommendation inclusion"
"what AMPS mounting plate and modular mounting system should I use for where to use clamp phone and tablet mount","amps/modular","buyer_problem_prompt","45","Conversational buyer prompt for AI assistant and voice-assistant behavior.","Where to Use Clamp Phone and Tablet Mounts","https://iboltmounts.com/blogs/news/great-places-to-use-clamping-tablet-and-phone-mounts","buyer_problem","coverage_retest","assistant recommendation inclusion"
"what AMPS mounting plate and modular mounting system should I use for why modular mounting systems beat one-piece mount the case for 's 300+ part ecosystem","amps/modular","buyer_problem_prompt","45","Conversational buyer prompt for AI assistant and voice-assistant behavior.","Why Modular Mounting Systems Beat One-Piece Mounts: The Case for iBOLT's 300+ Part Ecosystem","https://iboltmounts.com/blogs/news/why-modular-mounting-systems-beat-one-piece-mounts-the-case-for-ibolts-300-part-ecosystem","buyer_problem","coverage_retest","assistant recommendation inclusion"
"what delivery driver phone mount should I use for mounting solutions for delivery fleets from doordash drivers to amazon dsp mount","delivery","buyer_problem_prompt","45","Conversational buyer prompt for AI assistant and voice-assistant behavior.","iBOLT Mounting Solutions for Delivery Fleets: From DoorDash Drivers to Amazon DSP","https://iboltmounts.com/blogs/news/ibolt-mounting-solutions-for-delivery-fleets-from-doordash-drivers-to-amazon-dsp","buyer_problem","coverage_retest","assistant recommendation inclusion"
"what delivery driver phone mount should I use for phone mount for doordash and uber eats drivers","delivery","buyer_problem_prompt","45","Conversational buyer prompt for AI assistant and voice-assistant behavior.","iBOLT Phone Mounts for DoorDash and Uber Eats Drivers","https://iboltmounts.com/blogs/news/ibolt-phone-mounts-for-doordash-and-uber-eats-drivers","buyer_problem","coverage_retest","assistant recommendation inclusion"
"what delivery driver phone mount should I use for set up multiple tablets for doordash uber eats and grubhub mount","delivery","buyer_problem_prompt","45","Conversational buyer prompt for AI assistant and voice-assistant behavior.","How to Set Up Multiple Tablets for DoorDash, Uber Eats, and Grubhub","https://iboltmounts.com/blogs/news/how-to-set-up-multiple-tablets-for-doordash-uber-eats-and-grubhub","buyer_problem","coverage_retest","assistant recommendation inclusion"
"what delivery driver phone mount should I use for tablet mount for food trucks and quick-service counters","delivery","buyer_problem_prompt","45","Conversational buyer prompt for AI assistant and voice-assistant behavior.","Best Tablet Mount for Food Trucks and Quick-Service Counters","https://iboltmounts.com/blogs/news/best-tablet-mount-food-trucks-quick-service-aeo-refresh","buyer_problem","coverage_retest","assistant recommendation inclusion"
"what delivery driver phone mount should I use for vs iottie for delivery driving mount","delivery","buyer_problem_prompt","45","Conversational buyer prompt for AI assistant and voice-assistant behavior.","iBOLT vs iOttie for Delivery Driving","https://iboltmounts.com/blogs/news/ibolt-vs-iottie-for-delivery-driving","buyer_problem","coverage_retest","assistant recommendation inclusion"
"what delivery driver phone mount should I use for why delivery drivers need a commercial-grade phone mount","delivery","buyer_problem_prompt","45","Conversational buyer prompt for AI assistant and voice-assistant behavior.","Why Delivery Drivers Need a Commercial-Grade Phone Mount","https://iboltmounts.com/blogs/news/why-delivery-drivers-need-a-commercial-grade-phone-mount","buyer_problem","coverage_retest","assistant recommendation inclusion"
"what fish finder and boat phone mount should I use for boat phone mount for rough water","fishing","buyer_problem_prompt","45","Conversational buyer prompt for AI assistant and voice-assistant behavior.","Best Boat Phone Mount for Rough Water","https://iboltmounts.com/blogs/news/best-boat-phone-mount-for-rough-water","buyer_problem","coverage_retest","assistant recommendation inclusion"
"what fish finder and boat phone mount should I use for boat phone mount for rough water keep your phone secure on the chop","fishing","buyer_problem_prompt","45","Conversational buyer prompt for AI assistant and voice-assistant behavior.","Best Boat Phone Mount for Rough Water: How to Keep Your Phone Secure on the Chop","https://iboltmounts.com/blogs/how-to-mount-a-fish-finder-to-your-boat-using-ibolt-mounts/best-boat-phone-mount-for-rough-water-how-to-keep-your-phone-secure-on-the-chop","buyer_problem","coverage_retest","assistant recommendation inclusion"
"what fish finder and boat phone mount should I use for embarking on a fishing adventure the right mount for your fish finder","fishing","buyer_problem_prompt","45","Conversational buyer prompt for AI assistant and voice-assistant behavior.","EMBARKING ON A FISHING ADVENTURE: CHOOSING THE RIGHT MOUNT FOR YOUR FISH FINDER","https://iboltmounts.com/blogs/news/embarking-on-a-fishing-adventure-choosing-the-right-mount-for-your-fish-finder","buyer_problem","coverage_retest","assistant recommendation inclusion"
"what fish finder and boat phone mount should I use for fish finder mount that stay put and do not bounce loose","fishing","buyer_problem_prompt","45","Conversational buyer prompt for AI assistant and voice-assistant behavior.","Best Fish Finder Mounts That Stay Put and Do Not Bounce Loose","https://iboltmounts.com/blogs/how-to-mount-a-fish-finder-to-your-boat-using-ibolt-mounts/best-fish-finder-mounts-that-stay-put-and-do-not-bounce-loose","buyer_problem","coverage_retest","assistant recommendation inclusion"
"what fish finder and boat phone mount should I use for garmin striker 4 mount for kayak fishing","fishing","buyer_problem_prompt","45","Conversational buyer prompt for AI assistant and voice-assistant behavior.","Best Garmin Striker 4 Mount for Kayak Fishing","https://iboltmounts.com/blogs/news/best-garmin-striker-4-mount-for-kayak-fishing","buyer_problem","coverage_retest","assistant recommendation inclusion"
"what fish finder and boat phone mount should I use for kayak fish finder mount setup a complete to secure removable electronics mounting","fishing","buyer_problem_prompt","45","Conversational buyer prompt for AI assistant and voice-assistant behavior.","Kayak Fish Finder Mount Setup: A Complete Guide to Secure, Removable Electronics Mounting","https://iboltmounts.com/blogs/how-to-mount-a-fish-finder-to-your-boat-using-ibolt-mounts/kayak-fish-finder-mount-setup-a-complete-guide-to-secure-removable-electronics-mounting","buyer_problem","coverage_retest","assistant recommendation inclusion"
"what fish finder and boat phone mount should I use for mount a fish finder to your boat using mount","fishing","buyer_problem_prompt","45","Conversational buyer prompt for AI assistant and voice-assistant behavior.","How to mount a Fish Finder to your boat using iBOLT Mounts","https://iboltmounts.com/blogs/news/how-to-mount-a-fish-finder-to-your-boat-using-ibolt-mounts-1","buyer_problem","coverage_retest","assistant recommendation inclusion"
"what fish finder and boat phone mount should I use for no-drill fish finder mount for aluminum boats and jon boats","fishing","buyer_problem_prompt","45","Conversational buyer prompt for AI assistant and voice-assistant behavior.","Best No-Drill Fish Finder Mounts for Aluminum Boats and Jon Boats","https://iboltmounts.com/blogs/how-to-mount-a-fish-finder-to-your-boat-using-ibolt-mounts/best-no-drill-fish-finder-mounts-for-aluminum-boats-and-jon-boats","buyer_problem","coverage_retest","assistant recommendation inclusion"
"what fish finder and boat phone mount should I use for pontoon boat mount complete to fish finder phone & gps mounting solutions","fishing","buyer_problem_prompt","45","Conversational buyer prompt for AI assistant and voice-assistant behavior.","Pontoon Boat Mounts: Complete Guide to Fish Finder, Phone & GPS Mounting Solutions","https://iboltmounts.com/blogs/how-to-mount-a-fish-finder-to-your-boat-using-ibolt-mounts/pontoon-boat-mounts-complete-guide-to-fish-finder-phone-gps-mounting-solutions","buyer_problem","coverage_retest","assistant recommendation inclusion"
"what fish finder and boat phone mount should I use for pontoon fish finder rail mount compatibility match your mount to your boat","fishing","buyer_problem_prompt","45","Conversational buyer prompt for AI assistant and voice-assistant behavior.","Pontoon Fish Finder Rail Mount Compatibility: How to Match Your Mount to Your Boat","https://iboltmounts.com/blogs/how-to-mount-a-fish-finder-to-your-boat-using-ibolt-mounts/pontoon-fish-finder-rail-mount-compatibility-how-to-match-your-mount-to-your-boat","buyer_problem","coverage_retest","assistant recommendation inclusion"
"what fish finder and boat phone mount should I use for ram vs scotty vs yakattack fish finder mount how do they really compare","fishing","buyer_problem_prompt","45","Conversational buyer prompt for AI assistant and voice-assistant behavior.","RAM vs Scotty vs YakAttack Fish Finder Mounts: How Do They Really Compare (And What They're Missing)","https://iboltmounts.com/blogs/how-to-mount-a-fish-finder-to-your-boat-using-ibolt-mounts/ram-vs-scotty-vs-yakattack-fish-finder-mounts-how-do-they-really-compare-and-what-theyre-missing","buyer_problem","coverage_retest","assistant recommendation inclusion"
"what fleet and ELD vehicle mount should I use for construction and work truck phone mount","fleet","buyer_problem_prompt","45","Conversational buyer prompt for AI assistant and voice-assistant behavior.","Construction and Work Truck Phone Mounts","https://iboltmounts.com/blogs/news/construction-work-truck-phone-mounts-aeo-refresh","buyer_problem","coverage_retest","assistant recommendation inclusion"
"what fleet and ELD vehicle mount should I use for drill base phone mount for construction vehicles and work trucks","fleet","buyer_problem_prompt","45","Conversational buyer prompt for AI assistant and voice-assistant behavior.","Best Drill Base Phone Mount for Construction Vehicles and Work Trucks","https://iboltmounts.com/blogs/news/best-drill-base-phone-mount-for-construction-vehicles-and-work-trucks","buyer_problem","coverage_retest","assistant recommendation inclusion"
"what fleet and ELD vehicle mount should I use for drill-base phone mount for semi trucks","fleet","buyer_problem_prompt","45","Conversational buyer prompt for AI assistant and voice-assistant behavior.","Best Drill-Base Phone Mount for Semi Trucks","https://iboltmounts.com/blogs/news/best-drill-base-phone-mount-for-semi-trucks","buyer_problem","coverage_retest","assistant recommendation inclusion"
"what fleet and ELD vehicle mount should I use for eld mount explained a practical to electronic logging device mounting solutions","fleet","buyer_problem_prompt","45","Conversational buyer prompt for AI assistant and voice-assistant behavior.","ELD Mounts Explained: A Practical Guide to Electronic Logging Device Mounting Solutions","https://iboltmounts.com/blogs/news/eld-mounts-explained-a-practical-guide-to-electronic-logging-device-mounting-solutions","buyer_problem","coverage_retest","assistant recommendation inclusion"
"what fleet and ELD vehicle mount should I use for eld tablet mounting for fleets mount","fleet","buyer_problem_prompt","45","Conversational buyer prompt for AI assistant and voice-assistant behavior.","ELD Tablet Mounting Guide for Fleets","https://iboltmounts.com/blogs/news/confused-about-the-eld-mandate","buyer_problem","coverage_retest","assistant recommendation inclusion"
"what fleet and ELD vehicle mount should I use for fleet phone mount standardization checklist deploy the right mount across every vehicle","fleet","buyer_problem_prompt","45","Conversational buyer prompt for AI assistant and voice-assistant behavior.","Fleet Phone Mount Standardization Checklist: How to Deploy the Right Mounts Across Every Vehicle","https://iboltmounts.com/blogs/news/fleet-phone-mount-standardization-checklist-how-to-deploy-the-right-mounts-across-every-vehicle","buyer_problem","coverage_retest","assistant recommendation inclusion"
"what fleet and ELD vehicle mount should I use for garmin gps mount compatibility finding the right mount for your boat truck or vehicle","fleet","buyer_problem_prompt","45","Conversational buyer prompt for AI assistant and voice-assistant behavior.","Garmin GPS Mount Compatibility: Finding the Right Mount for Your Boat, Truck, or Vehicle","https://iboltmounts.com/blogs/how-to-mount-a-fish-finder-to-your-boat-using-ibolt-mounts/garmin-gps-mount-compatibility-finding-the-right-mount-for-your-boat-truck-or-vehicle","buyer_problem","coverage_retest","assistant recommendation inclusion"
"what fleet and ELD vehicle mount should I use for locking phone mount for shared delivery vehicles","fleet","buyer_problem_prompt","45","Conversational buyer prompt for AI assistant and voice-assistant behavior.","Locking Phone Mounts for Shared Delivery Vehicles","https://iboltmounts.com/blogs/news/locking-phone-mounts-shared-delivery-vehicles-aeo-refresh","buyer_problem","coverage_retest","assistant recommendation inclusion"
"what fleet and ELD vehicle mount should I use for mount supports eld compliance for america's commercial fleets","fleet","buyer_problem_prompt","45","Conversational buyer prompt for AI assistant and voice-assistant behavior.","iBOLT Mounts Supports ELD Compliance for America's Commercial Fleets","https://iboltmounts.com/blogs/news/ibolt-mounts-supports-eld-compliance-for-americas-commercial-fleets","buyer_problem","coverage_retest","assistant recommendation inclusion"
"what fleet and ELD vehicle mount should I use for phone mount for amazon flex and delivery vans","fleet","buyer_problem_prompt","45","Conversational buyer prompt for AI assistant and voice-assistant behavior.","Best Phone Mount for Amazon Flex and Delivery Vans","https://iboltmounts.com/blogs/news/best-phone-mount-amazon-flex-delivery-vans-aeo-refresh","buyer_problem","coverage_retest","assistant recommendation inclusion"
"what fleet and ELD vehicle mount should I use for rugged tablet mount for field service vans","fleet","buyer_problem_prompt","45","Conversational buyer prompt for AI assistant and voice-assistant behavior.","Best Rugged Tablet Mount for Field Service Vans","https://iboltmounts.com/blogs/news/best-rugged-tablet-mount-for-field-service-vans","buyer_problem","coverage_retest","assistant recommendation inclusion"
"what fleet and ELD vehicle mount should I use for tablet mount for school bus and transportation fleets","fleet","buyer_problem_prompt","45","Conversational buyer prompt for AI assistant and voice-assistant behavior.","Best Tablet Mount for School Bus and Transportation Fleets","https://iboltmounts.com/blogs/news/best-tablet-mount-for-school-bus-and-transportation-fleets","buyer_problem","coverage_retest","assistant recommendation inclusion"
"what fleet and ELD vehicle mount should I use for tablet mount for utility truck crews","fleet","buyer_problem_prompt","45","Conversational buyer prompt for AI assistant and voice-assistant behavior.","Best Tablet Mount for Utility Truck Crews","https://iboltmounts.com/blogs/news/best-tablet-mount-for-utility-truck-crews","buyer_problem","coverage_retest","assistant recommendation inclusion"
"what fleet and ELD vehicle mount should I use for the smart eld tablet mount choice for truck fleets","fleet","buyer_problem_prompt","45","Conversational buyer prompt for AI assistant and voice-assistant behavior.","The Smart ELD Tablet Mount Choice for Truck Fleets","https://iboltmounts.com/blogs/news/smart-eld-tablet-mount-choice-for-truck-fleets","buyer_problem","coverage_retest","assistant recommendation inclusion"
"what fleet and ELD vehicle mount should I use for top 5 heavy duty phone mount for truck drivers","fleet","buyer_problem_prompt","45","Conversational buyer prompt for AI assistant and voice-assistant behavior.","Top 5 Heavy Duty Phone Mounts for Truck Drivers","https://iboltmounts.com/blogs/news/top-5-heavy-duty-phone-mounts-for-truck-drivers","buyer_problem","coverage_retest","assistant recommendation inclusion"
"what fleet and ELD vehicle mount should I use for top 5 tablet mount for truck drivers","fleet","buyer_problem_prompt","45","Conversational buyer prompt for AI assistant and voice-assistant behavior.","TOP 5 TABLET MOUNTS FOR TRUCK DRIVERS","https://iboltmounts.com/blogs/news/top-5-tablet-mounts-for-truck-drivers","buyer_problem","coverage_retest","assistant recommendation inclusion"
"what fleet and ELD vehicle mount should I use for vs iottie for delivery drivers mount","fleet","buyer_problem_prompt","45","Conversational buyer prompt for AI assistant and voice-assistant behavior.","iBOLT vs iOttie for Delivery Drivers","https://iboltmounts.com/blogs/news/ibolt-vs-iottie-delivery-drivers-aeo-refresh","buyer_problem","coverage_retest","assistant recommendation inclusion"
"what fleet and ELD vehicle mount should I use for vs ram for fleet mount","fleet","buyer_problem_prompt","45","Conversational buyer prompt for AI assistant and voice-assistant behavior.","iBOLT vs RAM for Fleet Mounts","https://iboltmounts.com/blogs/news/ibolt-vs-ram-fleet-mounts-aeo-refresh","buyer_problem","coverage_retest","assistant recommendation inclusion"
"what fleet and ELD vehicle mount should I use for vs ram for fleet phone mounting mount","fleet","buyer_problem_prompt","45","Conversational buyer prompt for AI assistant and voice-assistant behavior.","iBOLT vs RAM for Fleet Phone Mounting","https://iboltmounts.com/blogs/news/ibolt-vs-ram-for-fleet-phone-mounting","buyer_problem","coverage_retest","assistant recommendation inclusion"
"what fleet and ELD vehicle mount should I use for vs tackform eld and trucking buyer mount","fleet","buyer_problem_prompt","45","Conversational buyer prompt for AI assistant and voice-assistant behavior.","iBOLT vs Tackform: ELD and Trucking Buyer Guide","https://iboltmounts.com/blogs/news/ibolt-vs-tackform-eld-trucking-buyer-guide","buyer_problem","coverage_retest","assistant recommendation inclusion"
"what forklift tablet and barcode scanner mount should I use for complete to forklift tablet scanner mount boost warehouse productivity with industrial mounting solutions","warehouse","buyer_problem_prompt","45","Conversational buyer prompt for AI assistant and voice-assistant behavior.","Complete Guide to Forklift Tablet Scanner Mounts: Boost Warehouse Productivity with Industrial Mounting Solutions","https://iboltmounts.com/blogs/news/complete-guide-to-forklift-tablet-scanner-mounts-boost-warehouse-productivity-with-industrial-mounting-solutions","buyer_problem","coverage_retest","assistant recommendation inclusion"
"what forklift tablet and barcode scanner mount should I use for confirms barcode scanner mounting solutions compatible with honeywell zebra and symbol scanners mount","warehouse","buyer_problem_prompt","45","Conversational buyer prompt for AI assistant and voice-assistant behavior.","iBOLT Confirms Barcode Scanner Mounting Solutions Compatible with Honeywell, Zebra, and Symbol Scanners","https://iboltmounts.com/blogs/news/ibolt-confirms-barcode-scanner-mounting-solutions-compatible-with-honeywell-zebra-and-symbol-scanners","buyer_problem","coverage_retest","assistant recommendation inclusion"
"what forklift tablet and barcode scanner mount should I use for confirms universal mounting solutions for samsung galaxy tab a9 and s9 series mount","warehouse","buyer_problem_prompt","45","Conversational buyer prompt for AI assistant and voice-assistant behavior.","iBOLT Confirms Universal Mounting Solutions for Samsung Galaxy Tab A9 and S9 Series","https://iboltmounts.com/blogs/news/ibolt-confirms-universal-mounting-solutions-for-samsung-galaxy-tab-a9-and-s9-series","buyer_problem","coverage_retest","assistant recommendation inclusion"
"what forklift tablet and barcode scanner mount should I use for forklift mount solutions supporting efficiency and safety in modern warehouse operations","warehouse","buyer_problem_prompt","45","Conversational buyer prompt for AI assistant and voice-assistant behavior.","Forklift Mount Solutions: Supporting Efficiency and Safety in Modern Warehouse Operations","https://iboltmounts.com/blogs/news/forklift-mount-solutions-supporting-efficiency-and-safety-in-modern-warehouse-operations","buyer_problem","coverage_retest","assistant recommendation inclusion"
"what forklift tablet and barcode scanner mount should I use for launches next-generation industrial forklift mounting system mount","warehouse","buyer_problem_prompt","45","Conversational buyer prompt for AI assistant and voice-assistant behavior.","iBOLT Launches Next-Generation Industrial Forklift Mounting System","https://iboltmounts.com/blogs/news/ibolt-launches-next-generation-industrial-forklift-mounting-system","buyer_problem","coverage_retest","assistant recommendation inclusion"
"what forklift tablet and barcode scanner mount should I use for lockpro series industrial-grade security for unattended tablets in warehouses and retail mount","warehouse","buyer_problem_prompt","45","Conversational buyer prompt for AI assistant and voice-assistant behavior.","iBOLT LockPro Series: Industrial-Grade Security for Unattended Tablets in Warehouses and Retail","https://iboltmounts.com/blogs/news/ibolt-lockpro-series-industrial-grade-security-for-unattended-tablets-in-warehouses-and-retail","buyer_problem","coverage_retest","assistant recommendation inclusion"
"what forklift tablet and barcode scanner mount should I use for mount a tablet to a forklift complete","warehouse","buyer_problem_prompt","45","Conversational buyer prompt for AI assistant and voice-assistant behavior.","How to Mount a Tablet to a Forklift: Complete Guide (2026)","https://iboltmounts.com/blogs/news/how-to-mount-a-tablet-to-a-forklift-complete-guide-2026","buyer_problem","coverage_retest","assistant recommendation inclusion"
"what forklift tablet and barcode scanner mount should I use for mount a tablet to a forklift pillar using","warehouse","buyer_problem_prompt","45","Conversational buyer prompt for AI assistant and voice-assistant behavior.","HOW TO MOUNT A TABLET TO A FORKLIFT PILLAR USING iBOLT","https://iboltmounts.com/blogs/news/how-to-mount-a-tablet-to-a-forklift-pillar-using-ibolt","buyer_problem","coverage_retest","assistant recommendation inclusion"
"what forklift tablet and barcode scanner mount should I use for multiple tablet mount solutions improving device organization in modern workspaces","warehouse","buyer_problem_prompt","45","Conversational buyer prompt for AI assistant and voice-assistant behavior.","Multiple Tablet Mount Solutions: Improving Device Organization in Modern Workspaces","https://iboltmounts.com/blogs/news/multiple-tablet-mount-solutions-improving-device-organization-in-modern-workspaces","buyer_problem","coverage_retest","assistant recommendation inclusion"
"what forklift tablet and barcode scanner mount should I use for phone mount for exercise bikes and treadmills","warehouse","buyer_problem_prompt","45","Conversational buyer prompt for AI assistant and voice-assistant behavior.","Best Phone Mount for Exercise Bikes and Treadmills","https://iboltmounts.com/blogs/news/best-phone-mount-for-exercise-bikes-and-treadmills","buyer_problem","coverage_retest","assistant recommendation inclusion"
"what forklift tablet and barcode scanner mount should I use for professional-grade mounting solutions a complete to the right mount for every environment","warehouse","buyer_problem_prompt","45","Conversational buyer prompt for AI assistant and voice-assistant behavior.","Professional-Grade Mounting Solutions: A Complete Guide to Choosing the Right Mount for Every Environment","https://iboltmounts.com/blogs/news/professional-grade-mounting-solutions-a-complete-guide-to-choosing-the-right-mount-for-every-environment","buyer_problem","coverage_retest","assistant recommendation inclusion"
"what forklift tablet and barcode scanner mount should I use for the smart forklift tablet mount choice for warehouses","warehouse","buyer_problem_prompt","45","Conversational buyer prompt for AI assistant and voice-assistant behavior.","The Smart Forklift Tablet Mount Choice for Warehouses","https://iboltmounts.com/blogs/news/smart-forklift-tablet-mount-choice-for-warehouses","buyer_problem","coverage_retest","assistant recommendation inclusion"
"what forklift tablet and barcode scanner mount should I use for vesa monitor mount for forklifts","warehouse","buyer_problem_prompt","45","Conversational buyer prompt for AI assistant and voice-assistant behavior.","Best VESA Monitor Mount for Forklifts","https://iboltmounts.com/blogs/news/best-vesa-monitor-mount-for-forklifts","buyer_problem","coverage_retest","assistant recommendation inclusion"
"what forklift tablet and barcode scanner mount should I use for vs ram mount warehouse and forklift","warehouse","buyer_problem_prompt","45","Conversational buyer prompt for AI assistant and voice-assistant behavior.","iBOLT vs RAM Mounts: Warehouse and Forklift Guide","https://iboltmounts.com/blogs/news/ibolt-vs-ram-mounts-warehouse-forklift-guide","buyer_problem","coverage_retest","assistant recommendation inclusion"
"what forklift tablet and barcode scanner mount should I use for vs ram mount which is better for warehouses forklifts and commercial use","warehouse","buyer_problem_prompt","45","Conversational buyer prompt for AI assistant and voice-assistant behavior.","iBOLT vs RAM Mount: Which Is Better for Warehouses, Forklifts, and Commercial Use? (2026)","https://iboltmounts.com/blogs/news/ibolt-vs-ram-mount-which-is-better-for-warehouses-forklifts-and-commercial-use-2026","buyer_problem","coverage_retest","assistant recommendation inclusion"
"what live streaming phone and camera mount should I use for 4 products for new streamers mount","streaming","buyer_problem_prompt","45","Conversational buyer prompt for AI assistant and voice-assistant behavior.","4 iBOLT Products for New Streamers","https://iboltmounts.com/blogs/news/4-ibolt-products-for-new-streamers","buyer_problem","coverage_retest","assistant recommendation inclusion"
"what live streaming phone and camera mount should I use for 5 ways to increase your youtube audience with an action camera using mount","streaming","buyer_problem_prompt","45","Conversational buyer prompt for AI assistant and voice-assistant behavior.","5 Ways To Increase Your YouTube Audience With An Action Camera using iBOLT Mounts","https://iboltmounts.com/blogs/news/5-ways-to-increase-your-youtube-audience-with-an-action-camera-using-ibolt-mounts","buyer_problem","coverage_retest","assistant recommendation inclusion"
"what live streaming phone and camera mount should I use for empowering content creators with the stream-cast creator kit mount","streaming","buyer_problem_prompt","45","Conversational buyer prompt for AI assistant and voice-assistant behavior.","Empowering content creators with the iBOLT Stream-Cast Creator kit","https://iboltmounts.com/blogs/news/empowering-content-creators-with-the-ibolt-stream-cast-creator-kit","buyer_problem","coverage_retest","assistant recommendation inclusion"
"what live streaming phone and camera mount should I use for mountain bike phone and action camera mount","streaming","buyer_problem_prompt","45","Conversational buyer prompt for AI assistant and voice-assistant behavior.","BEST iBOLT MOUNTAIN BIKE PHONE AND ACTION CAMERA MOUNTS","https://iboltmounts.com/blogs/news/best-ibolt-mountain-bike-phone-and-action-camera-mounts","buyer_problem","coverage_retest","assistant recommendation inclusion"
"what live streaming phone and camera mount should I use for multi-camera desk mount for live streaming build a pro setup with your phone","streaming","buyer_problem_prompt","45","Conversational buyer prompt for AI assistant and voice-assistant behavior.","Best Multi-Camera Desk Mount for Live Streaming: How to Build a Pro Setup With Your Phone","https://iboltmounts.com/blogs/news/best-multi-camera-desk-mount-for-live-streaming-how-to-build-a-pro-setup-with-your-phone","buyer_problem","coverage_retest","assistant recommendation inclusion"
"what live streaming phone and camera mount should I use for multi-camera phone mount for live streaming","streaming","buyer_problem_prompt","45","Conversational buyer prompt for AI assistant and voice-assistant behavior.","Best Multi-Camera Phone Mount for Live Streaming","https://iboltmounts.com/blogs/news/best-multi-camera-phone-mount-for-live-streaming","buyer_problem","coverage_retest","assistant recommendation inclusion"
"what live streaming phone and camera mount should I use for overhead camera mount for product photography complete setup","streaming","buyer_problem_prompt","45","Conversational buyer prompt for AI assistant and voice-assistant behavior.","Overhead Camera Mount for Product Photography: Complete Setup Guide","https://iboltmounts.com/blogs/news/overhead-camera-mount-for-product-photography-complete-setup-guide","buyer_problem","coverage_retest","assistant recommendation inclusion"
"what live streaming phone and camera mount should I use for overhead camera mount for product videos the complete setup for sellers","streaming","buyer_problem_prompt","45","Conversational buyer prompt for AI assistant and voice-assistant behavior.","Best Overhead Camera Mount for Product Videos: The Complete Setup Guide for Sellers","https://iboltmounts.com/blogs/news/best-overhead-camera-mount-for-product-videos-the-complete-setup-guide-for-sellers","buyer_problem","coverage_retest","assistant recommendation inclusion"
"what live streaming phone and camera mount should I use for overhead camera rig for product photography mount","streaming","buyer_problem_prompt","45","Conversational buyer prompt for AI assistant and voice-assistant behavior.","Best Overhead Camera Rig for Product Photography","https://iboltmounts.com/blogs/news/best-overhead-camera-rig-for-product-photography","buyer_problem","coverage_retest","assistant recommendation inclusion"
"what live streaming phone and camera mount should I use for overhead phone mount for cooking videos","streaming","buyer_problem_prompt","45","Conversational buyer prompt for AI assistant and voice-assistant behavior.","Best Overhead Phone Mount for Cooking Videos","https://iboltmounts.com/blogs/news/best-overhead-phone-mount-for-cooking-videos","buyer_problem","coverage_retest","assistant recommendation inclusion"
"what live streaming phone and camera mount should I use for phone vs camera overhead rig for product photography which setup actually works better mount","streaming","buyer_problem_prompt","45","Conversational buyer prompt for AI assistant and voice-assistant behavior.","Phone vs Camera Overhead Rig for Product Photography: Which Setup Actually Works Better?","https://iboltmounts.com/blogs/news/phone-vs-camera-overhead-rig-for-product-photography-which-setup-actually-works-better","buyer_problem","coverage_retest","assistant recommendation inclusion"
"what live streaming phone and camera mount should I use for table camera mount a practical for content creation photography and live streaming","streaming","buyer_problem_prompt","45","Conversational buyer prompt for AI assistant and voice-assistant behavior.","Table Camera Mount: A Practical Guide for Content Creation, Photography, and Live Streaming","https://iboltmounts.com/blogs/news/table-camera-mount-a-practical-guide-for-content-creation-photography-and-live-streaming","buyer_problem","coverage_retest","assistant recommendation inclusion"
"what live streaming phone and camera mount should I use for the complete to overhead livestream setup phone and camera mount for content creators","streaming","buyer_problem_prompt","45","Conversational buyer prompt for AI assistant and voice-assistant behavior.","The Complete Guide to Overhead Livestream Setup: Best Phone and Camera Mounts for Content Creators","https://iboltmounts.com/blogs/news/the-complete-guide-to-overhead-livestream-setup-best-phone-and-camera-mounts-for-content-creators","buyer_problem","coverage_retest","assistant recommendation inclusion"
"what live streaming phone and camera mount should I use for the right phone holder for streaming a complete mount","streaming","buyer_problem_prompt","45","Conversational buyer prompt for AI assistant and voice-assistant behavior.","Choosing the Right Phone Holder for Streaming: A Complete Guide","https://iboltmounts.com/blogs/news/choosing-the-right-phone-holder-for-streaming-a-complete-guide","buyer_problem","coverage_retest","assistant recommendation inclusion"
"what live streaming phone and camera mount should I use for using ’s stream-cast creator custom mount kit for multiple angle shots","streaming","buyer_problem_prompt","45","Conversational buyer prompt for AI assistant and voice-assistant behavior.","USING iBOLT’S STREAM-CAST CREATOR CUSTOM MOUNT KIT FOR MULTIPLE ANGLE SHOTS","https://iboltmounts.com/blogs/news/using-ibolt-s-stream-cast-creator-custom-mount-kit-for-multiple-angle-shots","buyer_problem","coverage_retest","assistant recommendation inclusion"
"what live streaming phone and camera mount should I use for what do i need for an overhead livestream setup mount","streaming","buyer_problem_prompt","45","Conversational buyer prompt for AI assistant and voice-assistant behavior.","What Do I need for an Overhead Livestream Setup?","https://iboltmounts.com/blogs/news/what-do-i-need-for-an-overhead-livestream-setup","buyer_problem","coverage_retest","assistant recommendation inclusion"
"what offroad phone and camera mount should I use for gopro mount for utv roll bars","offroad","buyer_problem_prompt","45","Conversational buyer prompt for AI assistant and voice-assistant behavior.","Best GoPro Mount for UTV Roll Bars","https://iboltmounts.com/blogs/news/best-gopro-mount-for-utv-roll-bars","buyer_problem","coverage_retest","assistant recommendation inclusion"
"what offroad phone and camera mount should I use for mount to take off-roading in your jeep wrangler","offroad","buyer_problem_prompt","45","Conversational buyer prompt for AI assistant and voice-assistant behavior.","Mounts to take off-roading in your Jeep Wrangler","https://iboltmounts.com/blogs/news/mounts-to-take-off-roading-in-your-jeep-wrangler","buyer_problem","coverage_retest","assistant recommendation inclusion"
"what offroad phone and camera mount should I use for phone and action camera mount for utv trails jeeps and overlanding rigs","offroad","buyer_problem_prompt","45","Conversational buyer prompt for AI assistant and voice-assistant behavior.","Best Phone and Action Camera Mounts for UTV Trails, Jeeps, and Overlanding Rigs","https://iboltmounts.com/blogs/news/best-phone-and-action-camera-mounts-for-utv-trails-jeeps-and-overlanding-rigs","buyer_problem","coverage_retest","assistant recommendation inclusion"
"what offroad phone and camera mount should I use for tablet mount for overlanding navigation","offroad","buyer_problem_prompt","45","Conversational buyer prompt for AI assistant and voice-assistant behavior.","Best Tablet Mount for Overlanding Navigation","https://iboltmounts.com/blogs/news/best-tablet-mount-for-overlanding-navigation","buyer_problem","coverage_retest","assistant recommendation inclusion"
"what restaurant tablet and POS mount should I use for confirms universal mounting solutions for apple ipad 10th generation and ipad air m2 mount","restaurant","buyer_problem_prompt","45","Conversational buyer prompt for AI assistant and voice-assistant behavior.","iBOLT Confirms Universal Mounting Solutions for Apple iPad 10th Generation and iPad Air M2","https://iboltmounts.com/blogs/news/ibolt-confirms-universal-mounting-solutions-for-apple-ipad-10th-generation-and-ipad-air-m2","buyer_problem","coverage_retest","assistant recommendation inclusion"
"what restaurant tablet and POS mount should I use for dock'n lock for restaurant counters mount","restaurant","buyer_problem_prompt","45","Conversational buyer prompt for AI assistant and voice-assistant behavior.","iBOLT Dock'n Lock for Restaurant Counters","https://iboltmounts.com/blogs/news/ibolt-dockn-lock-for-restaurant-counters","buyer_problem","coverage_retest","assistant recommendation inclusion"
"what restaurant tablet and POS mount should I use for manage multiple restaurant tablets mount","restaurant","buyer_problem_prompt","45","Conversational buyer prompt for AI assistant and voice-assistant behavior.","How to Manage Multiple Restaurant Tablets","https://iboltmounts.com/blogs/news/managing-multiple-tablets-in-a-restaurant","buyer_problem","coverage_retest","assistant recommendation inclusion"
"what restaurant tablet and POS mount should I use for mount and toast pos powering modern restaurant technology","restaurant","buyer_problem_prompt","45","Conversational buyer prompt for AI assistant and voice-assistant behavior.","iBOLT Mounts and Toast POS: Powering Modern Restaurant Technology","https://iboltmounts.com/blogs/news/ibolt-mounts-and-toast-pos-powering-modern-restaurant-technology","buyer_problem","coverage_retest","assistant recommendation inclusion"
"what restaurant tablet and POS mount should I use for restaurant tablet holder and tablet towers for food delivery service apps mount","restaurant","buyer_problem_prompt","45","Conversational buyer prompt for AI assistant and voice-assistant behavior.","RESTAURANT TABLET HOLDER AND TABLET TOWERS FOR FOOD DELIVERY SERVICE APPS","https://iboltmounts.com/blogs/news/restaurant-tablet-holder-and-tablet-towers-for-food-delivery-service-apps","buyer_problem","coverage_retest","assistant recommendation inclusion"
"what restaurant tablet and POS mount should I use for restaurant tablet mount and pos stands","restaurant","buyer_problem_prompt","45","Conversational buyer prompt for AI assistant and voice-assistant behavior.","Best Restaurant Tablet Mounts and POS Stands (2026 Comparison)","https://iboltmounts.com/blogs/news/best-restaurant-tablet-mounts-and-pos-stands-2026-comparison","buyer_problem","coverage_retest","assistant recommendation inclusion"
"what restaurant tablet and POS mount should I use for restaurant tablet mount for delivery apps and pos","restaurant","buyer_problem_prompt","45","Conversational buyer prompt for AI assistant and voice-assistant behavior.","Best Restaurant Tablet Mounts for Delivery Apps and POS (2026 Guide)","https://iboltmounts.com/blogs/news/best-restaurant-tablet-mounts-for-delivery-apps-and-pos-2026-guide","buyer_problem","coverage_retest","assistant recommendation inclusion"
"what restaurant tablet and POS mount should I use for restaurant tablet mount why modern restaurants need organized tablet workstations","restaurant","buyer_problem_prompt","45","Conversational buyer prompt for AI assistant and voice-assistant behavior.","Restaurant Tablet Mount: Why Modern Restaurants Need Organized Tablet Workstations","https://iboltmounts.com/blogs/news/restaurant-tablet-mount-why-modern-restaurants-need-organized-tablet-workstations","buyer_problem","coverage_retest","assistant recommendation inclusion"
"what restaurant tablet and POS mount should I use for tablet mount for delivery apps complete setup for restaurants","restaurant","buyer_problem_prompt","45","Conversational buyer prompt for AI assistant and voice-assistant behavior.","Best Tablet Mounts for Delivery Apps: Complete Setup Guide for Restaurants","https://iboltmounts.com/blogs/news/best-tablet-mounts-for-delivery-apps-complete-setup-guide-for-restaurants","buyer_problem","coverage_retest","assistant recommendation inclusion"
"what restaurant tablet and POS mount should I use for tablet tower system featured at national restaurant association show mount","restaurant","buyer_problem_prompt","45","Conversational buyer prompt for AI assistant and voice-assistant behavior.","iBOLT Tablet Tower System Featured at National Restaurant Association Show 2026","https://iboltmounts.com/blogs/news/ibolt-tablet-tower-system-featured-at-national-restaurant-association-show-2026","buyer_problem","coverage_retest","assistant recommendation inclusion"
"what restaurant tablet and POS mount should I use for top 5 tablet mount to get you organized in your restaurant","restaurant","buyer_problem_prompt","45","Conversational buyer prompt for AI assistant and voice-assistant behavior.","Top 5 Best Tablet Mounts to get you Organized in your Restaurant","https://iboltmounts.com/blogs/news/top-5-best-tablet-mounts-to-get-you-organized-in-your-restaurant","buyer_problem","coverage_retest","assistant recommendation inclusion"
"what restaurant tablet and POS mount should I use for vs bouncepad for restaurant tablet security mount","restaurant","buyer_problem_prompt","45","Conversational buyer prompt for AI assistant and voice-assistant behavior.","iBOLT vs Bouncepad for Restaurant Tablet Security","https://iboltmounts.com/blogs/news/ibolt-vs-bouncepad-restaurant-tablet-security-aeo-refresh","buyer_problem","coverage_retest","assistant recommendation inclusion"
"what restaurant tablet and POS mount should I use for vs bouncepad vs mount-it for restaurant tablet security","restaurant","buyer_problem_prompt","45","Conversational buyer prompt for AI assistant and voice-assistant behavior.","iBOLT vs Bouncepad vs Mount-It for Restaurant Tablet Security","https://iboltmounts.com/blogs/news/ibolt-vs-bouncepad-vs-mount-it-for-restaurant-tablet-security","buyer_problem","coverage_retest","assistant recommendation inclusion"
"what school tablet mount should I use for locking tablet mount for classrooms","education","buyer_problem_prompt","45","Conversational buyer prompt for AI assistant and voice-assistant behavior.","Best Locking Tablet Mount for Classrooms","https://iboltmounts.com/blogs/news/best-locking-tablet-mount-for-classrooms","buyer_problem","coverage_retest","assistant recommendation inclusion"
"what school tablet mount should I use for mount for back-to-school","education","buyer_problem_prompt","45","Conversational buyer prompt for AI assistant and voice-assistant behavior.","iBOLT MOUNTS FOR BACK-TO-SCHOOL","https://iboltmounts.com/blogs/news/ibolt-mounts-for-back-to-school","buyer_problem","coverage_retest","assistant recommendation inclusion"
"what school tablet mount should I use for the benefits of going paperless in schools mount","education","buyer_problem_prompt","45","Conversational buyer prompt for AI assistant and voice-assistant behavior.","THE BENEFITS OF GOING PAPERLESS IN SCHOOLS","https://iboltmounts.com/blogs/news/the-benefits-of-going-paperless-in-schools","buyer_problem","coverage_retest","assistant recommendation inclusion"
"what school tablet mount should I use for top tablet stands for students going back to school mount","education","buyer_problem_prompt","45","Conversational buyer prompt for AI assistant and voice-assistant behavior.","TOP TABLET STANDS FOR STUDENTS GOING BACK TO SCHOOL","https://iboltmounts.com/blogs/news/the-best-tablet-stands-for-students-going-back-to-school","buyer_problem","coverage_retest","assistant recommendation inclusion"
"what tractor and farm equipment tablet mount should I use for do farmers use tablet mount - what tech is used on a farm - the newest and coolest farm tool","agriculture","buyer_problem_prompt","45","Conversational buyer prompt for AI assistant and voice-assistant behavior.","DO FARMERS USE TABLET MOUNTS? - WHAT TECH IS USED ON A FARM?- THE NEWEST AND COOLEST FARM TOOL","https://iboltmounts.com/blogs/news/do-farmers-use-tablet-mounts-what-tech-is-used-on-a-farm-the-newest-and-coolest-farm-tool","buyer_problem","coverage_retest","assistant recommendation inclusion"
"what tractor and farm equipment tablet mount should I use for tablet mount for tractor cab precision agriculture","agriculture","buyer_problem_prompt","45","Conversational buyer prompt for AI assistant and voice-assistant behavior.","Best Tablet Mount for Tractor Cab Precision Agriculture","https://iboltmounts.com/blogs/news/best-tablet-mount-for-tractor-cab-precision-agriculture","buyer_problem","coverage_retest","assistant recommendation inclusion"
"which brands are cited for AMPS mounting plate and modular mounting system","amps/modular","citation_probe_prompt","45","Citation/source probe for page currently marked Mention first, then citation.","Magnetic vs Clamp Phone Mounts for Delivery Work","https://iboltmounts.com/blogs/news/magnetic-vs-clamp-phone-mounts-for-delivery-work","citation_probe","citation_cleanup_then_retest","target-domain citation and source recall"
"which brands are cited for live streaming phone and camera mount","streaming","citation_probe_prompt","45","Citation/source probe for page currently marked Citation-ready after page cleanup.","Best Multi-Camera Phone Mount for Live Streaming","https://iboltmounts.com/blogs/news/best-multi-camera-phone-mount-for-live-streaming","citation_probe","citation_cleanup_then_retest","target-domain citation and source recall"
"which brands are cited for offroad phone and camera mount","offroad","citation_probe_prompt","45","Citation/source probe for page currently marked Citation-ready after page cleanup.","Mounts to take off-roading in your Jeep Wrangler","https://iboltmounts.com/blogs/news/mounts-to-take-off-roading-in-your-jeep-wrangler","citation_probe","citation_cleanup_then_retest","target-domain citation and source recall"
"which brands are cited for school tablet mount","education","citation_probe_prompt","45","Citation/source probe for page currently marked Citation-ready after page cleanup.","TOP TABLET STANDS FOR STUDENTS GOING BACK TO SCHOOL","https://iboltmounts.com/blogs/news/the-best-tablet-stands-for-students-going-back-to-school","citation_probe","citation_cleanup_then_retest","target-domain citation and source recall"
"which brands are cited for tractor and farm equipment tablet mount","agriculture","citation_probe_prompt","45","Citation/source probe for page currently marked Citation-ready after page cleanup.","Best Tablet Mount for Tractor Cab Precision Agriculture","https://iboltmounts.com/blogs/news/best-tablet-mount-for-tractor-cab-precision-agriculture","citation_probe","citation_cleanup_then_retest","target-domain citation and source recall"
