"blog_link_post_count","title","handle","product_type","price","verticals","topics","linked_posts","has_photos","photo_count"
"15","iBOLT™ LockPro™ Drill Base Locking Tablet Stand- Point of Purchase/POS Mount","ibolttm-lockprotm-drill-base-locking-tablet-stand-point-of-purchase-pos-mount","","139.95","Restaurants & Food Delivery; General Mounting Solutions","restaurant; amps/modular","Best Tablet Mount for Restaurant POS and Delivery Apps; Best Locking Tablet Stand for Food Trucks and Quick-Service Restaurants; iBOLT vs Bouncepad vs Mount-It for Restaurant Tablet Security; iBOLT Tablet Tower System Featured at National Restaurant Association Show 2026; iBOLT Mounts and Toast POS: Powering Modern Restaurant Technology; Restaurant & POS Mounts; Why Restaurants Need Dedicated Tablet Mounts; iBOLT Confirms Universal Mounting Solutions for Apple iPad 10th Generation and iPad Air M2; iBOLT LockPro Series: Industrial-Grade Security for Unattended Tablets in Warehouses and Retail; Best Locking Tablet Mount for Classrooms; Best Tablet Mount for Trade Show Kiosk Booths; Best Restaurant Tablet Mount in 2026: POS Stands, Delivery App Stations, and Multi-Tablet Solutions Compared; Best Restaurant Tablet Mounts and POS Stands (2026 Comparison); iBOLT vs Bouncepad for Restaurant Tablet Security; Best Tablet Mount for Food Trucks and Quick-Service Counters","false","0"
"14","iBOLT Universal Marine & Electronics Mounting Plate","ibolt-universal-marine-electronics-mounting-plate","","12.95","Fishing & Boating; Restaurants & Food Delivery; General Mounting Solutions","fishing; restaurant; amps/modular","Best Fish Finder Mount for Pontoon Boat Rails; Rough Water Phone Mount for Boat: Heavy-Duty Solutions That Handle the Chop; Best Boat Phone Mount for Rough Water: How to Keep Your Phone Secure on the Chop; Pontoon Fish Finder Rail Mount Compatibility: How to Match Your Mount to Your Boat; Restaurant Tablet Mount Setup: Complete Guide for Toast, Square & Delivery Apps; Best Garmin Fish Finder Mount: How to Choose the Right Setup for Your Boat or Kayak; Kayak Fish Finder Mount Setup: A Complete Guide to Secure, Removable Electronics Mounting; Best No-Drill Fish Finder Mounts for Aluminum Boats and Jon Boats; Best Fish Finder Mount for Small Boats: Comparison and Buyer's Guide; Garmin GPS Mount Compatibility: Finding the Right Mount for Your Boat, Truck, or Vehicle; Pontoon Boat Mounts: Complete Guide to Fish Finder, Phone & GPS Mounting Solutions; Best Fish Finder Mounts That Stay Put and Do Not Bounce Loose; RAM vs Scotty vs YakAttack Fish Finder Mounts: How Do They Really Compare (And What They're Missing); Best Marine Electronics AMPS Mounting Plate","false","0"
"12","iBOLT™ xProDock™ Bizmount™ Amps","xprodock-bizmount-amps-smartphone-drill-base-mount-ibbz-33931","","39.95","Forklifts & Warehousing; Trucking & Fleet; Restaurants & Food Delivery; Education & Schools; Content Creation & Streaming; Kitchen & Home; Road Trips & Travel; General Mounting Solutions","warehouse; fleet; restaurant; education; streaming; kitchen; travel; amps/modular","Best Drill Base Phone Mount for Construction Vehicles and Work Trucks; Best Phone Mount for Amazon Flex and Delivery Vans; Commercial-Grade Phone Mounts for Delivery Drivers; iBOLT vs iOttie for Delivery Driving; iBOLT vs RAM for Fleet Phone Mounting; iBOLT vs ProClip vs RAM: Which Phone Mount Actually Survives Delivery Van Life?; Fleet Phone Mount Standardization Checklist: How to Deploy the Right Mounts Across Every Vehicle; Best Phone Mount for Jeep Wrangler Off-Road Trails; Why Delivery Drivers Need a Commercial-Grade Phone Mount; iBOLT vs iOttie for Delivery Drivers; iBOLT vs Arkon for Commercial Vehicle Mounts; Construction and Work Truck Phone Mounts","false","0"
"11","iBOLT Phone Dock’n Lock IncrediBOLT™ AMPS w/ 4.25” Arm Locking Drill Base Mount for Smartphones","ibolt-phone-dock-n-lock-incredibolt-amps-w-4-25-double-socket-arm-locking-drill-base-mount-for-smartphones-great-for-trucks-eld-s-wall-mounting-sprinter-vans-etc","","59.95","Trucking & Fleet; Restaurants & Food Delivery; Education & Schools; Kitchen & Home; Road Trips & Travel; General Mounting Solutions","fleet; restaurant; education; kitchen; travel; amps/modular","Best Drill Base Phone Mount for Construction Vehicles and Work Trucks; Best Drill-Base Phone Mount for Semi Trucks; Best Locking Phone Mount for Shared Delivery Vehicles; Commercial-Grade Phone Mounts for Delivery Drivers; Best Phone Mount for Delivery Drivers; iBOLT vs RAM for Fleet Phone Mounting; Fleet Phone Mount Standardization Checklist: How to Deploy the Right Mounts Across Every Vehicle; iBOLT vs RAM for Fleet Mounts; Why Delivery Drivers Need a Commercial-Grade Phone Mount; Locking Phone Mounts for Shared Delivery Vehicles; Construction and Work Truck Phone Mounts","false","0"
"11","iBOLT Quad Tablet Tower TabDock™ Stand","ibolt-quad-tablet-tower-stand","","149.95","Restaurants & Food Delivery; General Mounting Solutions","restaurant; amps/modular","Best Tablet Mount for Restaurant POS and Delivery Apps; iBOLT Tablet Tower System Featured at National Restaurant Association Show 2026; iBOLT Mounts and Toast POS: Powering Modern Restaurant Technology; Restaurant & POS Mounts; Why Restaurants Need Dedicated Tablet Mounts; iBOLT vs Arkon: Operations Manager's Guide to Business Tablet Mounting Systems; Best Tablet Mount for Trade Show Kiosk Booths; Best Restaurant Tablet Mounts and POS Stands (2026 Comparison); iBOLT vs RAM Mount: Which Is Better for Warehouses, Forklifts, and Commercial Use? (2026); iBOLT vs Bouncepad for Restaurant Tablet Security; Best Tablet Mount for Food Trucks and Quick-Service Counters","false","0"
"11","iBOLT TabDock™ IncrediBOLT™ 360 Suction- Heavy Duty Metal 6 inch Multi-Angle Mount for All 7"" - 10"" Tablets for Commercial Vehicles, Trucks, and ELD Devices","ibolt-tabdocktm-incredibolttm-360-suction-heavy-duty-metal-6-inch-multi-angle-mount-for-all-7-10-tablets-for-commercial-vehicles-trucks-and-eld-devices","","74.95","Trucking & Fleet; Road Trips & Travel; General Mounting Solutions","fleet; travel; amps/modular","Best Tablet and Phone Mounts for Trucks and ELD Compliance (2026); iBOLT Mounts Supports ELD Compliance for America's Commercial Fleets; iBOLT Confirms Universal Mounting Solutions for Samsung Galaxy Tab A9 and S9 Series; Best Rugged Tablet Mount for Field Service Vans; Best Tablet Mount for School Bus and Transportation Fleets; iBOLT vs RAM for Fleet Mounts; iBOLT Confirms Universal Mounting Solutions for Apple iPad 10th Generation and iPad Air M2; iBOLT Mounting Solutions for Delivery Fleets: From DoorDash Drivers to Amazon DSP; Best Tablet Mount for Overlanding Navigation; Truck, Fleet & ELD Mounts; iBOLT vs Arkon for Commercial Vehicle Mounts","false","0"
"11","iBOLT™ xProDock™ NFC BizMount™ Suction Cup","heavy-duty-smartphone-suction-cup-mount-xprodock-bizmount-ibbz-33785","","39.95","Forklifts & Warehousing; Trucking & Fleet; Restaurants & Food Delivery; Education & Schools; Kitchen & Home; Road Trips & Travel; General Mounting Solutions","warehouse; fleet; restaurant; education; kitchen; travel; amps/modular","Best Phone Mount for Instacart and Grocery Delivery Drivers; Best Phone Mount for Amazon Flex and Delivery Vans; Magnetic vs Clamp Phone Mounts for Delivery Work; Commercial-Grade Phone Mounts for Delivery Drivers; Best Phone Mount for Delivery Drivers; iBOLT vs iOttie for Delivery Driving; iBOLT Phone Mounts for DoorDash and Uber Eats Drivers; iBOLT vs ProClip vs RAM: Which Phone Mount Actually Survives Delivery Van Life?; Fleet Phone Mount Standardization Checklist: How to Deploy the Right Mounts Across Every Vehicle; Why Delivery Drivers Need a Commercial-Grade Phone Mount; iBOLT vs iOttie for Delivery Drivers","false","0"
"10","iBOLT Garmin Striker 4 / Fish Finder IncrediBOLT™ 360 Clamp / Handlebar / Rail Mount","ibolt-garmin-striker-4-fish-finder-incredibolt-360-clamp-handlebar-rail-mount","","57.95","Fishing & Boating; Mountain Biking & Cycling; General Mounting Solutions","fishing; cycling; amps/modular","Best Boat Phone Mount for Rough Water: How to Keep Your Phone Secure on the Chop; Pontoon Fish Finder Rail Mount Compatibility: How to Match Your Mount to Your Boat; Best Garmin Fish Finder Mount: How to Choose the Right Setup for Your Boat or Kayak; Best Kayak Fish Finder Mounts for Secure Removable Setups; Kayak Fish Finder Mount Setup: A Complete Guide to Secure, Removable Electronics Mounting; Best No-Drill Fish Finder Mounts for Aluminum Boats and Jon Boats; Best Fish Finder Mount for Small Boats: Comparison and Buyer's Guide; RAM vs Scotty vs YakAttack Fish Finder Mounts: How Do They Really Compare (And What They're Missing); Choosing the Best Kayak Fish Finder Mount for Secure and Convenient Fishing; Best Garmin Striker 4 Mount for Kayak Fishing","false","0"
"10","iBOLT Moto-Vise™ IncrediBOLT™ 360 Heavy Duty Phone Clamp / Handlebar / Rail Mount","ibolt-moto-vise-incredibolt-360-heavy-duty-phone-clamp-handlebar-rail-mount","","72.95","Fishing & Boating; Off-Roading & Jeep; Mountain Biking & Cycling; General Mounting Solutions","fishing; offroad; cycling; amps/modular","Choosing the Best Phone Mount for Delivery Drivers: Durable, Secure, and Easy to Use; Best Boat Phone Mount for Rough Water; Rough Water Phone Mount for Boat: Heavy-Duty Solutions That Handle the Chop; Best Boat Phone Mount for Rough Water: How to Keep Your Phone Secure on the Chop; Kayak Fish Finder Mount Setup: A Complete Guide to Secure, Removable Electronics Mounting; Best No-Drill Fish Finder Mounts for Aluminum Boats and Jon Boats; Best Phone and Action Camera Mounts for UTV Trails, Jeeps, and Overlanding Rigs; Choosing the Best Kayak Fish Finder Mount for Secure and Convenient Fishing; Best Phone Mount for Jeep Wrangler Off-Road Trails; Best Phone Mount for Exercise Bikes and Treadmills","false","0"
"10","iBOLT Universal Marine Fish Finder IncrediBOLT™ Clamp / Handlebar/ Rail Mount","ibolt-universal-marine-fish-finder-incredibolt-clamp-handlebar-rail-mount","","48.95","Fishing & Boating; Mountain Biking & Cycling; General Mounting Solutions","fishing; cycling; amps/modular","Best Fish Finder Mount for Pontoon Boat Rails; Best Boat Phone Mount for Rough Water: How to Keep Your Phone Secure on the Chop; Pontoon Fish Finder Rail Mount Compatibility: How to Match Your Mount to Your Boat; Kayak Fish Finder Mount Setup: A Complete Guide to Secure, Removable Electronics Mounting; Best No-Drill Fish Finder Mounts for Aluminum Boats and Jon Boats; Best Fish Finder Mount for Small Boats: Comparison and Buyer's Guide; Best Fish Finder Mounts That Stay Put and Do Not Bounce Loose; RAM vs Scotty vs YakAttack Fish Finder Mounts: How Do They Really Compare (And What They're Missing); Choosing the Best Kayak Fish Finder Mount for Secure and Convenient Fishing; Best Marine Electronics AMPS Mounting Plate","false","0"
"9","iBOLT Dock’n Lock Bizmount™- Forklift Locking Tablet 38mm Mount","ibolt-dock-n-lock-bizmount™-forklift-locking-tablet-38mm-mount","","110.00","Forklifts & Warehousing; Road Trips & Travel; General Mounting Solutions","warehouse; travel; amps/modular","Best Barcode Scanner Mounts for Forklifts and Warehouses (2026); Forklift & Warehouse Tablet Mounts; Best Forklift Tablet Mounts for Warehouses (2026 Comparison); iBOLT Launches Next-Generation Industrial Forklift Mounting System; Complete Guide to Forklift Tablet Scanner Mounts: Boost Warehouse Productivity with Industrial Mounting Solutions; What Makes Forklift Mounting Different; How the Modular System Works; Why Modular Mounting Systems Beat One-Piece Mounts: The Case for iBOLT's 300+ Part Ecosystem; iBOLT vs RAM Mount: Which Is Better for Warehouses, Forklifts, and Commercial Use? (2026)","false","0"
"9","iBOLT XL Forklift Barcode Scanner Holder 38mm Mount","ibolt-xl-forklift-barcode-scanner-holder-38mm-mount","","79.95","Forklifts & Warehousing; Trucking & Fleet; Restaurants & Food Delivery; General Mounting Solutions","warehouse; fleet; restaurant; amps/modular","Barcode Scanner Mounts; Best Barcode Scanner Mounts for Forklifts and Warehouses (2026); Forklift & Warehouse Tablet Mounts; Best Forklift Tablet Mounts for Warehouses (2026 Comparison); iBOLT Launches Next-Generation Industrial Forklift Mounting System; iBOLT Confirms Barcode Scanner Mounting Solutions Compatible with Honeywell, Zebra, and Symbol Scanners; Complete Guide to Forklift Tablet Scanner Mounts: Boost Warehouse Productivity with Industrial Mounting Solutions; What Makes Forklift Mounting Different; iBOLT vs RAM Mount: Which Is Better for Warehouses, Forklifts, and Commercial Use? (2026)","false","0"
"8","iBOLT Dock’n Lock POS Tablet Stand","ibolt-dock-n-lock-pos-tablet-stand","","99.95","Restaurants & Food Delivery; Kitchen & Home; General Mounting Solutions","restaurant; kitchen; amps/modular","Best Tablet Mounts for Delivery Apps: Complete Setup Guide for Restaurants; Restaurant Tablet Mount Setup: Complete Guide for Toast, Square & Delivery Apps; Best Phone Mount for Delivery Drivers; AMPS VESA Ball Mount Sizes: Complete Guide to Device Mounting Standards; Best Restaurant Tablet Mount in 2026: POS Stands, Delivery App Stations, and Multi-Tablet Solutions Compared; Best Tablet Mount for Food Trucks and Quick-Service Counters; Best Phone Mount for Instacart and Grocery Delivery Drivers; Best Phone Mount for Amazon Flex and Delivery Vans","false","0"
"8","iBOLT Phone Dock’n Lock Dual POS Stand – Secure Dual-Device Mount for Point of Sale Systems","ibolt-phone-dock-n-lock-dual-pos-stand-secure-dual-device-mount-for-point-of-sale-systems","","115.00","Forklifts & Warehousing; Restaurants & Food Delivery; General Mounting Solutions","warehouse; restaurant; amps/modular","Restaurant Tablet Mount Setup: Complete Guide for Toast, Square & Delivery Apps; iBOLT Mounts and Toast POS: Powering Modern Restaurant Technology; Complete Guide to Forklift Tablet Scanner Mounts: Boost Warehouse Productivity with Industrial Mounting Solutions; Restaurant & POS Mounts; Why Restaurants Need Dedicated Tablet Mounts; Best Restaurant Tablet Mounts and POS Stands (2026 Comparison); iBOLT vs RAM Mount: Which Is Better for Warehouses, Forklifts, and Commercial Use? (2026); Best Phone Mount for Instacart and Grocery Delivery Drivers","false","0"
"8","iBOLT Tablet Tower- TabDock™ POS Wall Mount - with 3 Tablet Holders","ibolt-tablet-tower-tabdock-point-of-purchase-pos-wall-mount-with-3-tablet-holders","","119.95","Restaurants & Food Delivery; Kitchen & Home; General Mounting Solutions","restaurant; kitchen; amps/modular","How to Set Up Multiple Tablets for DoorDash, Uber Eats, and Grubhub; Best Tablet Mounts for Delivery Apps: Complete Setup Guide for Restaurants; Restaurant Tablet Mount Setup: Complete Guide for Toast, Square & Delivery Apps; iBOLT Tablet Tower System Featured at National Restaurant Association Show 2026; Restaurant & POS Mounts; Why Restaurants Need Dedicated Tablet Mounts; Best Restaurant Tablet Mounts and POS Stands (2026 Comparison); iBOLT vs RAM Mount: Which Is Better for Warehouses, Forklifts, and Commercial Use? (2026)","false","0"
"7","iBOLT Garmin Striker 4 / Fish Finder Handlebar, Rail Mount","ibolt-garmin-striker-4-fish-finder-handlebar-rail-mount","","27.95","Fishing & Boating; Forklifts & Warehousing; Mountain Biking & Cycling; General Mounting Solutions","fishing; warehouse; cycling; amps/modular","Pontoon Fish Finder Rail Mount Compatibility: How to Match Your Mount to Your Boat; Best Garmin Fish Finder Mount: How to Choose the Right Setup for Your Boat or Kayak; Best Kayak Fish Finder Mounts for Secure Removable Setups; Kayak Fish Finder Mount Setup: A Complete Guide to Secure, Removable Electronics Mounting; RAM vs Scotty vs YakAttack Fish Finder Mounts: How Do They Really Compare (And What They're Missing); Best Garmin Striker 4 Mount for Kayak Fishing; Best Value Fish Finder Mounts Without Cheap Hardware","false","0"
"7","iBOLT LockPro FlexPro Heavy Duty Locking Tablet Seat Rail Mount","ibolt-lockpro-flexpro-heavy-duty-locking-tablet-seat-rail-mount","","159.95","Trucking & Fleet; Restaurants & Food Delivery; Road Trips & Travel; General Mounting Solutions","fleet; restaurant; travel; amps/modular","Forklift & Warehouse Tablet Mounts; Best Forklift Tablet Mounts for Warehouses (2026 Comparison); What Makes Forklift Mounting Different; iBOLT LockPro Series: Industrial-Grade Security for Unattended Tablets in Warehouses and Retail; The Smart ELD Tablet Mount Choice for Truck Fleets; iBOLT vs Tackform: ELD and Trucking Buyer Guide; ELD Tablet Mounting Guide: How to Choose the Right Mount for Fleet Compliance","false","0"
"7","iBOLT Phone Dock'n Lock IncrediBOLT™ 360- Locking Phone Multi-Angle Drill Base Mount","ibolt-phone-dock-n-lock-incredibolt-360-heavy-duty-industrial-composite-locking-multi-angle-drill-base-mount-for-smartphones","","69.95","Forklifts & Warehousing; Restaurants & Food Delivery; Education & Schools; Kitchen & Home; Road Trips & Travel; General Mounting Solutions","warehouse; restaurant; education; kitchen; travel; amps/modular","Best Phone Mount for Construction Vehicles and Work Trucks; Magnetic vs Clamp Phone Mounts for Delivery Work; Best Drill-Base Phone Mount for Semi Trucks; Best Locking Phone Mount for Shared Delivery Vehicles; Best Phone Mount for Delivery Drivers; iBOLT vs iOttie for Delivery Driving; Locking Phone Mounts for Shared Delivery Vehicles","false","0"
"7","iBOLT TabDock MagDock 360 Magnetic Tablet Mount – Heavy-Duty Forklift & Warehouse Holder","ibolt-tabdock-magdock-360-magnetic-tablet-mount-heavy-duty-forklift-warehouse-holder","","76.95","Forklifts & Warehousing; General Mounting Solutions","warehouse; amps/modular","Forklift & Warehouse Tablet Mounts; Best Forklift Tablet Mounts for Warehouses (2026 Comparison); iBOLT Confirms Universal Mounting Solutions for Samsung Galaxy Tab A9 and S9 Series; iBOLT Launches Next-Generation Industrial Forklift Mounting System; Complete Guide to Forklift Tablet Scanner Mounts: Boost Warehouse Productivity with Industrial Mounting Solutions; What Makes Forklift Mounting Different; Why Modular Mounting Systems Beat One-Piece Mounts: The Case for iBOLT's 300+ Part Ecosystem","false","0"
"7","iBOLT Universal Marine Fish Finder Handlebar/ Rail Mount","ibolt-universal-marine-fish-finder-handlebar-rail-mount","","25.95","Fishing & Boating; Forklifts & Warehousing; Mountain Biking & Cycling; General Mounting Solutions","fishing; warehouse; cycling; amps/modular","Best Kayak Fish Finder Mounts for Secure Removable Setups; Best No-Drill Fish Finder Mounts for Aluminum Boats and Jon Boats; Best Fish Finder Mount for Small Boats: Comparison and Buyer's Guide; Best Fish Finder Mounts That Stay Put and Do Not Bounce Loose; RAM vs Scotty vs YakAttack Fish Finder Mounts: How Do They Really Compare (And What They're Missing); Choosing the Best Kayak Fish Finder Mount for Secure and Convenient Fishing; Best Value Fish Finder Mounts Without Cheap Hardware","false","0"
"7","iBOLT™ 25mm / 1 inch Ball Composite Universal Marine Fish Finder Mounting Plate","ibolt-25mm-1-inch-ball-composite-universal-marine-fish-finder-mounting-plate","","14.95","Fishing & Boating; Restaurants & Food Delivery; General Mounting Solutions","fishing; restaurant; amps/modular","Pontoon Fish Finder Rail Mount Compatibility: How to Match Your Mount to Your Boat; Best Garmin Fish Finder Mount: How to Choose the Right Setup for Your Boat or Kayak; Kayak Fish Finder Mount Setup: A Complete Guide to Secure, Removable Electronics Mounting; Best No-Drill Fish Finder Mounts for Aluminum Boats and Jon Boats; Best Fish Finder Mount for Small Boats: Comparison and Buyer's Guide; RAM vs Scotty vs YakAttack Fish Finder Mounts: How Do They Really Compare (And What They're Missing); Choosing the Best Kayak Fish Finder Mount for Secure and Convenient Fishing","false","0"
"7","iBOLT™ TabDock™ Bizmount™ AMPs","tabdock-bizmount-amps-heavy-duty-drill-base-tablet-mount-ibbz-33921","","29.95","Forklifts & Warehousing; Trucking & Fleet; Off-Roading & Jeep; Restaurants & Food Delivery; Education & Schools; Agriculture & Farming; Kitchen & Home; Road Trips & Travel; General Mounting Solutions","warehouse; fleet; offroad; restaurant; education; agriculture; kitchen; travel; amps/modular","Best Tablet Mount for Utility Truck Crews; Best Phone and Action Camera Mounts for UTV Trails, Jeeps, and Overlanding Rigs; Best Rugged Tablet Mount for Field Service Vans; Best Tablet Mount for School Bus and Transportation Fleets; iBOLT vs RAM for Fleet Mounts; Best Tablet Mount for Overlanding Navigation; ELD Tablet Mounting Guide: How to Choose the Right Mount for Fleet Compliance","false","0"
"6","Build Your Own Mount","build-your-own-mount","cpb_product","0.00","General Mounting Solutions","amps/modular","Build Your Own Mount / Modularity; iBOLT Introduces Mount Configurator 2.0: Build Your Perfect Custom Mounting Solution; AMPS VESA Ball Mount Sizes: Complete Guide to Device Mounting Standards; How the Modular System Works; Why Modular Mounting Systems Beat One-Piece Mounts: The Case for iBOLT's 300+ Part Ecosystem; iBOLT vs RAM Mount: Which Is Better for Warehouses, Forklifts, and Commercial Use? (2026)","false","0"
"6","iBOLT 1/4 20 Camera Screw IncrediBOLT Suction Cup Mount – Secure, Adjustable Mount for Cameras & Accessories","ibolt-1-4-20-camera-screw-incredibolt-suction-cup-mount-secure-adjustable-mount-for-cameras-accessories","","24.95","Trucking & Fleet; Education & Schools; Content Creation & Streaming; Kitchen & Home; Road Trips & Travel; General Mounting Solutions","fleet; education; streaming; kitchen; travel; amps/modular","The Complete Guide to Overhead Livestream Setup: Best Phone and Camera Mounts for Content Creators; Best Overhead Camera Mount for Product Videos: The Complete Setup Guide for Sellers; Best Overhead Camera Rig for Product Photography; Overhead Camera Mount for Product Photography: Complete Setup Guide; Phone vs Camera Overhead Rig for Product Photography: Which Setup Actually Works Better?; ELD Tablet Mounting Guide: How to Choose the Right Mount for Fleet Compliance","false","0"
"6","iBOLT Dock’n Lock POS Phone Stand","ibolt-dock-n-lock-pos-phone-stand","","89.95","Restaurants & Food Delivery; Kitchen & Home; General Mounting Solutions","restaurant; kitchen; amps/modular","Best Tablet Mounts for Delivery Apps: Complete Setup Guide for Restaurants; Restaurant Tablet Mount Setup: Complete Guide for Toast, Square & Delivery Apps; Best Phone Mount for Delivery Drivers; AMPS VESA Ball Mount Sizes: Complete Guide to Device Mounting Standards; Best Phone Mount for Instacart and Grocery Delivery Drivers; Best Phone Mount for Amazon Flex and Delivery Vans","false","0"
"6","iBOLT Phone Dock'n Lock 2"" IncrediBOLT™ AMPS Drill Base Mount","ibolt-phone-dock-n-lock-incredibolt-amps-drill-base-mount-for-phones","","45.95","Forklifts & Warehousing; Trucking & Fleet; Restaurants & Food Delivery; General Mounting Solutions","warehouse; fleet; restaurant; amps/modular","Best Drill Base Phone Mount for Construction Vehicles and Work Trucks; Best Locking Phone Mount for Shared Delivery Vehicles; iBOLT Phone Mounts for DoorDash and Uber Eats Drivers; iBOLT vs ProClip vs RAM: Which Phone Mount Actually Survives Delivery Van Life?; Fleet Phone Mount Standardization Checklist: How to Deploy the Right Mounts Across Every Vehicle; Locking Phone Mounts for Shared Delivery Vehicles","false","0"
"6","iBOLT TabDock POS Tablet Stand","ibolt-tabdock-pos-tablet-stand","","79.95","Restaurants & Food Delivery; Kitchen & Home; General Mounting Solutions","restaurant; kitchen; amps/modular","Best Tablet Mounts for Delivery Apps: Complete Setup Guide for Restaurants; Restaurant Tablet Mount Setup: Complete Guide for Toast, Square & Delivery Apps; Best Phone Mount for Delivery Drivers; AMPS VESA Ball Mount Sizes: Complete Guide to Device Mounting Standards; Best Phone Mount for Instacart and Grocery Delivery Drivers; Best Phone Mount for Amazon Flex and Delivery Vans","false","0"
"6","iBOLT™ 25mm / 1 inch Composite Universal Marine Electronic Fish Finder Drill Base Mount","ibolt-25mm-1-inch-composite-universal-marine-electronic-fish-finder-to-composite-rectangular-amps-pattern-drill-base-dual-ball-mount","","21.95","Fishing & Boating; Restaurants & Food Delivery; General Mounting Solutions","fishing; restaurant; amps/modular","Pontoon Fish Finder Rail Mount Compatibility: How to Match Your Mount to Your Boat; Best Garmin Fish Finder Mount: How to Choose the Right Setup for Your Boat or Kayak; Kayak Fish Finder Mount Setup: A Complete Guide to Secure, Removable Electronics Mounting; Best Fish Finder Mounts That Stay Put and Do Not Bounce Loose; RAM vs Scotty vs YakAttack Fish Finder Mounts: How Do They Really Compare (And What They're Missing); Choosing the Best Kayak Fish Finder Mount for Secure and Convenient Fishing","false","0"
"6","iBOLT™ xProDock™ Bizmount™ Console- Phone Cup Holder Mount","xprodock-bizmount-console-heavy-duty-phone-cup-holder-mount","","64.95","Forklifts & Warehousing; Trucking & Fleet; Road Trips & Travel; General Mounting Solutions","warehouse; fleet; travel; amps/modular","Best Phone Mount for Construction Vehicles and Work Trucks; Best Phone Mount for Delivery Drivers; iBOLT vs RAM for Fleet Phone Mounting; iBOLT Phone Mounts for DoorDash and Uber Eats Drivers; iBOLT vs ProClip vs RAM: Which Phone Mount Actually Survives Delivery Van Life?; Fleet Phone Mount Standardization Checklist: How to Deploy the Right Mounts Across Every Vehicle","false","0"
"6","iBOLT™ xProDock™ Bizmount™ Wedge","xprodock-bizmount-wedge-smartphone-seat-wedge-mount-ibbz-33930","","55.95","Forklifts & Warehousing; Trucking & Fleet; Road Trips & Travel; General Mounting Solutions","warehouse; fleet; travel; amps/modular","Best Phone Mount for Amazon Flex and Delivery Vans; Best Phone Mount for Delivery Drivers; Fleet Phone Mount Standardization Checklist: How to Deploy the Right Mounts Across Every Vehicle; iBOLT vs iOttie for Delivery Drivers; Magnetic vs Clamp Phone Mounts for Delivery Work; Best Phone Mount for Instacart and Grocery Delivery Drivers","false","0"
"5","iBOLT 25mm / 1 inch to Dual 17mm Composite Ball Adapter","ibolt-25mm-1-inch-to-dual-17mm-composite-ball-adapter","","29.95","Restaurants & Food Delivery; General Mounting Solutions","restaurant; amps/modular","Build Your Own Mount / Modularity; iBOLT Introduces Mount Configurator 2.0: Build Your Perfect Custom Mounting Solution; How the Modular System Works; Why Modular Mounting Systems Beat One-Piece Mounts: The Case for iBOLT's 300+ Part Ecosystem; iBOLT vs RAM Mount: Which Is Better for Warehouses, Forklifts, and Commercial Use? (2026)","false","0"
"5","iBOLT Garmin Striker 4 / Fish Finder Dual Arm Handlebar, Rail Mount","ibolt-garmin-striker-4-fish-finder-dual-arm-handlebar-rail-mount","","36.95","Fishing & Boating; Forklifts & Warehousing; Mountain Biking & Cycling; General Mounting Solutions","fishing; warehouse; cycling; amps/modular","Pontoon Fish Finder Rail Mount Compatibility: How to Match Your Mount to Your Boat; Best Garmin Fish Finder Mount: How to Choose the Right Setup for Your Boat or Kayak; Kayak Fish Finder Mount Setup: A Complete Guide to Secure, Removable Electronics Mounting; Best No-Drill Fish Finder Mounts for Aluminum Boats and Jon Boats; Best Garmin Striker 4 Mount for Kayak Fishing","false","0"
"5","iBOLT Moto-Vise™ IncrediBOLT™ Heavy Duty Phone Clamp / Handlebar / Rail Mount","ibolt-moto-vise-incredibolt-heavy-duty-phone-clamp-handlebar-rail-mount","","64.95","Fishing & Boating; Off-Roading & Jeep; Mountain Biking & Cycling; General Mounting Solutions","fishing; offroad; cycling; amps/modular","Choosing the Best Phone Mount for Delivery Drivers: Durable, Secure, and Easy to Use; Rough Water Phone Mount for Boat: Heavy-Duty Solutions That Handle the Chop; Best Boat Phone Mount for Rough Water: How to Keep Your Phone Secure on the Chop; Best Phone and Action Camera Mounts for UTV Trails, Jeeps, and Overlanding Rigs; Choosing the Best Kayak Fish Finder Mount for Secure and Convenient Fishing","false","0"
"5","iBOLT Moto-Vise™ XL Holder w/ 25mm / 1-inch Ball","ibolt-moto-vise-xl-smartphone-holder-25mm-1-inch-ball-ibpb-33893","","39.95","Trucking & Fleet; Off-Roading & Jeep; Road Trips & Travel; Mountain Biking & Cycling; General Mounting Solutions","fleet; offroad; travel; cycling; amps/modular","Best Drill Base Phone Mount for Construction Vehicles and Work Trucks; Best Boat Phone Mount for Rough Water; iBOLT vs ProClip vs RAM: Which Phone Mount Actually Survives Delivery Van Life?; Fleet Phone Mount Standardization Checklist: How to Deploy the Right Mounts Across Every Vehicle; Best Phone and Action Camera Mounts for UTV Trails, Jeeps, and Overlanding Rigs","false","0"
"5","iBOLT Stream-Cast Creator Custom mount kit with over 60 variations- great for live streaming tutorial videos and photos","ibolt-stream-cast-creator-custom-mount-kit-with-over-60-variations-live-streaming-tutorial-videos-ibsc-34615","","139.95","Content Creation & Streaming; General Mounting Solutions","streaming; amps/modular","Best Multi-Camera Desk Mount for Live Streaming: How to Build a Pro Setup With Your Phone; The Complete Guide to Overhead Livestream Setup: Best Phone and Camera Mounts for Content Creators; Best Overhead Camera Mount for Product Videos: The Complete Setup Guide for Sellers; Overhead Camera Mount for Product Photography: Complete Setup Guide; Phone vs Camera Overhead Rig for Product Photography: Which Setup Actually Works Better?","false","0"
"5","iBOLT Stream-Cast Overhead Camera Rig Desk Mount for DSLR Cameras for Top Down and Front Facing Photography","ibolt-stream-cast-overhead-camera-rig-desk-mount-for-dslr-cameras-for-top-down-and-front-facing-photography","","179.95","Education & Schools; Content Creation & Streaming; Kitchen & Home; General Mounting Solutions","education; streaming; kitchen; amps/modular","The Complete Guide to Overhead Livestream Setup: Best Phone and Camera Mounts for Content Creators; Best Overhead Camera Mount for Product Videos: The Complete Setup Guide for Sellers; Best Overhead Camera Rig for Product Photography; Overhead Camera Mount for Product Photography: Complete Setup Guide; Phone vs Camera Overhead Rig for Product Photography: Which Setup Actually Works Better?","false","0"
"5","iBOLT Stream-Cast Overhead Ceiling / Wall-Metal Multi-Angle Drill Base Mount for DSLR Cameras, Smartphones, Mini projectors","ibolt-stream-cast-overhead-ceiling-wall-metal-multi-angle-drill-base-mount-for-dslr-cameras-smartphones-mini-projectors","","149.95","Content Creation & Streaming; Kitchen & Home; General Mounting Solutions","streaming; kitchen; amps/modular","The Complete Guide to Overhead Livestream Setup: Best Phone and Camera Mounts for Content Creators; Best Overhead Camera Mount for Product Videos: The Complete Setup Guide for Sellers; Best Overhead Camera Rig for Product Photography; Overhead Camera Mount for Product Photography: Complete Setup Guide; Phone vs Camera Overhead Rig for Product Photography: Which Setup Actually Works Better?","false","0"
"5","iBOLT TabDock IncrediBOLT 360 Heavy Duty Triple Suction Cup Mount","ibolt-tabdock-incredibolt-360-heavy-duty-triple-suction-cup-mount","","89.95","Trucking & Fleet; Road Trips & Travel; General Mounting Solutions","fleet; travel; amps/modular","Best Tablet and Phone Mounts for Trucks and ELD Compliance (2026); iBOLT Mounts Supports ELD Compliance for America's Commercial Fleets; iBOLT Confirms Universal Mounting Solutions for Apple iPad 10th Generation and iPad Air M2; iBOLT Mounting Solutions for Delivery Fleets: From DoorDash Drivers to Amazon DSP; Truck, Fleet & ELD Mounts","false","0"
"5","iBOLT Tablet Tower- Dock’n Lock POS Locking Drill Base Mount - with 3 Tablet Holders","tablet-tower-multi-tablet-locking-stand-three-ipad-holders-point-of-sale-purchase-restaurant-ibrt-34701","","199.95","Restaurants & Food Delivery; Content Creation & Streaming; General Mounting Solutions","restaurant; streaming; amps/modular","Best Tablet Mounts for Delivery Apps: Complete Setup Guide for Restaurants; Restaurant Tablet Mount Setup: Complete Guide for Toast, Square & Delivery Apps; iBOLT vs Bouncepad vs Mount-It for Restaurant Tablet Security; Best Tablet Mount for Trade Show Kiosk Booths; iBOLT vs Bouncepad for Restaurant Tablet Security","false","0"
"5","iBOLT™ 38mm / 1.5 inch Ball Composite Universal Marine Fish Finder Mounting Plate","ibolt-38mm-1-5-inch-ball-composite-universal-marine-fish-finder-mounting-plate","","16.95","Fishing & Boating; Restaurants & Food Delivery; General Mounting Solutions","fishing; restaurant; amps/modular","Pontoon Fish Finder Rail Mount Compatibility: How to Match Your Mount to Your Boat; Best Garmin Fish Finder Mount: How to Choose the Right Setup for Your Boat or Kayak; Kayak Fish Finder Mount Setup: A Complete Guide to Secure, Removable Electronics Mounting; Best No-Drill Fish Finder Mounts for Aluminum Boats and Jon Boats; RAM vs Scotty vs YakAttack Fish Finder Mounts: How Do They Really Compare (And What They're Missing)","false","0"
"5","iBOLT™ 38mm / 1.5 inch Composite Universal Marine Fish Finder to Aluminum AMPS Mount","ibolt-38mm-1-5-inch-composite-universal-marine-fish-finder-to-aluminum-amps-drill-base-mount","","39.95","Fishing & Boating; Restaurants & Food Delivery; General Mounting Solutions","fishing; restaurant; amps/modular","Pontoon Fish Finder Rail Mount Compatibility: How to Match Your Mount to Your Boat; Best Garmin Fish Finder Mount: How to Choose the Right Setup for Your Boat or Kayak; Best Fish Finder Mount for Small Boats: Comparison and Buyer's Guide; Best Fish Finder Mounts That Stay Put and Do Not Bounce Loose; RAM vs Scotty vs YakAttack Fish Finder Mounts: How Do They Really Compare (And What They're Missing)","false","0"
"5","Stream-Cast Clamp Adjustable Overhead Phone Mount","livestream-stream-cast-clamp-adjustable-overhead-camera-phone-mount-ibsc-34605","","79.95","Content Creation & Streaming; General Mounting Solutions","streaming; amps/modular","Best Multi-Camera Desk Mount for Live Streaming: How to Build a Pro Setup With Your Phone; The Complete Guide to Overhead Livestream Setup: Best Phone and Camera Mounts for Content Creators; Best Overhead Camera Mount for Product Videos: The Complete Setup Guide for Sellers; Overhead Camera Mount for Product Photography: Complete Setup Guide; Phone vs Camera Overhead Rig for Product Photography: Which Setup Actually Works Better?","false","0"
"4","3 Camera Phone & Tablet Slide Bar - 10 inch","phone-tablet-slide-bar-camera-screw-tripod-attachment-ibcm-34603","","34.95","Content Creation & Streaming; General Mounting Solutions","streaming; amps/modular","Best Multi-Camera Phone Mount for Live Streaming; Best Multi-Camera Desk Mount for Live Streaming: How to Build a Pro Setup With Your Phone; The Complete Guide to Overhead Livestream Setup: Best Phone and Camera Mounts for Content Creators; Overhead Camera Mount for Product Photography: Complete Setup Guide","false","0"
"4","iBOLT 22mm to 25mm Composite Ball Adapter","ibolt-22mm-to-25mm-composite-ball-adapter","","13.95","Restaurants & Food Delivery; General Mounting Solutions","restaurant; amps/modular","Build Your Own Mount / Modularity; iBOLT Introduces Mount Configurator 2.0: Build Your Perfect Custom Mounting Solution; How the Modular System Works; Why Modular Mounting Systems Beat One-Piece Mounts: The Case for iBOLT's 300+ Part Ecosystem","false","0"
"4","iBOLT Dual Tablet- Tripod Slider Bar","ibolt-dual-tablet-tripod-slider-bar","","59.95","Restaurants & Food Delivery; Content Creation & Streaming; Kitchen & Home; General Mounting Solutions","restaurant; streaming; kitchen; amps/modular","The Complete Guide to Overhead Livestream Setup: Best Phone and Camera Mounts for Content Creators; Best Overhead Camera Mount for Product Videos: The Complete Setup Guide for Sellers; Overhead Camera Mount for Product Photography: Complete Setup Guide; Phone vs Camera Overhead Rig for Product Photography: Which Setup Actually Works Better?","false","0"
"4","iBOLT Moto-Vise™ Heavy Duty Phone Handlebar / Rail Mount","ibolt-moto-vise-heavy-duty-phone-handlebar-rail-mount","","42.95","Fishing & Boating; Forklifts & Warehousing; Off-Roading & Jeep; Mountain Biking & Cycling; General Mounting Solutions","fishing; warehouse; offroad; cycling; amps/modular","Choosing the Best Phone Mount for Delivery Drivers: Durable, Secure, and Easy to Use; Rough Water Phone Mount for Boat: Heavy-Duty Solutions That Handle the Chop; Kayak Fish Finder Mount Setup: A Complete Guide to Secure, Removable Electronics Mounting; Best No-Drill Fish Finder Mounts for Aluminum Boats and Jon Boats","false","0"
"4","iBOLT Stream-Cast sPro2™ Phone Stand- Weighted Base Mount","ibolt-stream-cast-spro2-phone-stand-weighted-base-mount-for-live-streaming-distance-learning-ibsc-34611","","59.95","Restaurants & Food Delivery; Education & Schools; Content Creation & Streaming; Kitchen & Home; General Mounting Solutions","restaurant; education; streaming; kitchen; amps/modular","Best Multi-Camera Desk Mount for Live Streaming: How to Build a Pro Setup With Your Phone; The Complete Guide to Overhead Livestream Setup: Best Phone and Camera Mounts for Content Creators; Best Overhead Camera Mount for Product Videos: The Complete Setup Guide for Sellers; Best Overhead Phone Mount for Cooking Videos","false","0"
"4","iBOLT TabDock™ IncrediBOLT™ 360 Wedge - Heavy Duty Vehicle Console Seat Gap Mount for All 7"" - 10"" Tablets","ibolt-tabdocktm-incredibolttm-360-wedge-heavy-duty-vehicle-console-seat-gap-mount-for-all-7-10-tablets","","56.00","Road Trips & Travel; General Mounting Solutions","travel; amps/modular","Best Tablet Mount for Utility Truck Crews; Best Rugged Tablet Mount for Field Service Vans; Best Tablet Mount for School Bus and Transportation Fleets; Best Tablet Mount for Overlanding Navigation","false","0"
"4","iBOLT Tablet Tower- TabDock™ POS Clamp Mount - with 4 Tablet Holders","multi-tablet-stand-four-ipad-holders-point-of-sale-purchase-restaurant-ibrt-34707","","89.95","Restaurants & Food Delivery; Kitchen & Home; General Mounting Solutions","restaurant; kitchen; amps/modular","How to Set Up Multiple Tablets for DoorDash, Uber Eats, and Grubhub; Best Tablet Mounts for Delivery Apps: Complete Setup Guide for Restaurants; Restaurant Tablet Mount Setup: Complete Guide for Toast, Square & Delivery Apps; Best Restaurant Tablet Mount in 2026: POS Stands, Delivery App Stations, and Multi-Tablet Solutions Compared","false","0"
"4","iBOLT Tablet Tower- TabDock™ POS Wall Mount - with 4 Tablet Holders","ibolt-tabdock-point-of-purchase-pos-wall-mount-with-4-tablet-holders","","134.95","Restaurants & Food Delivery; Kitchen & Home; General Mounting Solutions","restaurant; kitchen; amps/modular","Best Tablet Mounts for Delivery Apps: Complete Setup Guide for Restaurants; Restaurant & POS Mounts; Why Restaurants Need Dedicated Tablet Mounts; Best Restaurant Tablet Mount in 2026: POS Stands, Delivery App Stations, and Multi-Tablet Solutions Compared","false","0"
"4","iBOLT Universal Marine Fish Finder Dual Arm Handlebar/ Rail Mount","ibolt-universal-marine-fish-finder-handlebar-rail-mount-1","","34.95","Fishing & Boating; Forklifts & Warehousing; Mountain Biking & Cycling; General Mounting Solutions","fishing; warehouse; cycling; amps/modular","Best Fish Finder Mount for Pontoon Boat Rails; Best No-Drill Fish Finder Mounts for Aluminum Boats and Jon Boats; Best Fish Finder Mounts That Stay Put and Do Not Bounce Loose; Choosing the Best Kayak Fish Finder Mount for Secure and Convenient Fishing","false","0"
"4","iBOLT™ 25mm / 1 inch Metal AMPS Round Adapter Plate","ibolt-25mm-1-inch-metal-amps-round-adapter-plate-for-industry-standard-dual-ball-socket","","12.95","Fishing & Boating; General Mounting Solutions","fishing; amps/modular","Rough Water Phone Mount for Boat: Heavy-Duty Solutions That Handle the Chop; Best Boat Phone Mount for Rough Water: How to Keep Your Phone Secure on the Chop; Garmin GPS Mount Compatibility: Finding the Right Mount for Your Boat, Truck, or Vehicle; Pontoon Boat Mounts: Complete Guide to Fish Finder, Phone & GPS Mounting Solutions","false","0"
"4","iBOLT™ Dock'n Lock Bizmount™ AMPS- Heavy Duty Industrial Composite Locking drill base Mount for all 7"" - 10"" tablets","ibolt-dock-n-lock-bizmount-heavy-duty-industrial-composite-locking-drill-base-mount","","49.95","Forklifts & Warehousing; Trucking & Fleet; Off-Roading & Jeep; Restaurants & Food Delivery; Education & Schools; Agriculture & Farming; Kitchen & Home; Road Trips & Travel; Mountain Biking & Cycling; General Mounting Solutions","warehouse; fleet; offroad; restaurant; education; agriculture; kitchen; travel; cycling; amps/modular","Restaurant Tablet Mount Setup: Complete Guide for Toast, Square & Delivery Apps; iBOLT Dock'n Lock for Restaurant Counters; iBOLT vs Bouncepad vs Mount-It for Restaurant Tablet Security; iBOLT vs Arkon for Commercial Vehicle Mounts","false","0"
"4","iBOLT™ LockPro™ Metal Locking Tablet Drill Base Mount","ibolt-lockpro-metal-locking-tablet-drill-base-mount-ibbz-33779","","99.95","Forklifts & Warehousing; Trucking & Fleet; Restaurants & Food Delivery; Education & Schools; Kitchen & Home; Road Trips & Travel; General Mounting Solutions","warehouse; fleet; restaurant; education; kitchen; travel; amps/modular","Best Locking Tablet Stand for Food Trucks and Quick-Service Restaurants; Restaurant Tablet Mount Setup: Complete Guide for Toast, Square & Delivery Apps; Best Locking Tablet Mount for Classrooms; ELD Tablet Mounting Guide: How to Choose the Right Mount for Fleet Compliance","false","0"
"4","iBOLT™ Tablet Tower- TabDock™ POS Clamp Mount - with 3 Tablet Holders","tablet-tower-multi-tablet-stand-ipad-point-of-sale-purchase-restaurant-triple-ibrt-34700","","79.95","Restaurants & Food Delivery; Kitchen & Home; General Mounting Solutions","restaurant; kitchen; amps/modular","How to Set Up Multiple Tablets for DoorDash, Uber Eats, and Grubhub; Best Tablet Mounts for Delivery Apps: Complete Setup Guide for Restaurants; Restaurant Tablet Mount Setup: Complete Guide for Toast, Square & Delivery Apps; Best Restaurant Tablet Mount in 2026: POS Stands, Delivery App Stations, and Multi-Tablet Solutions Compared","false","0"
"3","3 Camera Slide Bar with Phone Holder - 10 inch","phone-slide-bar-camera-screw-tripod-attachment-ibcm-34602","","24.95","Content Creation & Streaming; General Mounting Solutions","streaming; amps/modular","Best Multi-Camera Phone Mount for Live Streaming; Best Multi-Camera Desk Mount for Live Streaming: How to Build a Pro Setup With Your Phone; Overhead Camera Mount for Product Photography: Complete Setup Guide","false","0"
"3","iBOLT 20mm Clamp - Secure Mount for ATVs, UTVs & Ag Equipment","ibolt-20mm-clamp-secure-mount-for-atvs-utvs-ag-equipment","","26.96","Off-Roading & Jeep; Restaurants & Food Delivery; Road Trips & Travel; Mountain Biking & Cycling; General Mounting Solutions","offroad; restaurant; travel; cycling; amps/modular","Best Phone and Action Camera Mounts for UTV Trails, Jeeps, and Overlanding Rigs; Best Tablet Mount for Tractor Cab Precision Agriculture; Best GoPro Mount for UTV Roll Bars","false","0"
"3","iBOLT 25mm / 1 inch Ball Flexpro Seatrail Mount w/ 3 inch arm","ibolt-25mm-1-inch-ball-flexpro-seatrail-mount-w-3-inch-arm-heavy-duty-floor-mount-for-industry-standard-25mm-1-inch-dual-ball-mounts-cars-vans-large-trucks-great-for-telematics-and-fleets","","24.95","Trucking & Fleet; Off-Roading & Jeep; Restaurants & Food Delivery; Road Trips & Travel; General Mounting Solutions","fleet; offroad; restaurant; travel; amps/modular","Best Phone Mount for Delivery Drivers; iBOLT vs ProClip vs RAM: Which Phone Mount Actually Survives Delivery Van Life?; Best Phone and Action Camera Mounts for UTV Trails, Jeeps, and Overlanding Rigs","false","0"
"3","iBOLT AMPS to VESA 75/100 Plate","ibolt-amps-to-vesa-75-100-plate","","14.95","Road Trips & Travel; General Mounting Solutions","travel; amps/modular","AMPS VESA Ball Mount Sizes: Complete Guide to Device Mounting Standards; Best Marine Electronics AMPS Mounting Plate; Best VESA Monitor Mount for Forklifts","false","0"
"3","iBOLT Dock’n Lock Drill Base Locking Dual Tablet Stand","ibolt-dock-n-lock-drill-base-locking-dual-tablet-stand","","149.95","Restaurants & Food Delivery; Kitchen & Home; General Mounting Solutions","restaurant; kitchen; amps/modular","Best Tablet Mount for Restaurant POS and Delivery Apps; iBOLT Dock'n Lock for Restaurant Counters; Best Restaurant Tablet Mount in 2026: POS Stands, Delivery App Stations, and Multi-Tablet Solutions Compared","false","0"
"3","iBOLT Dock’n Lock Drill Base Locking Tablet Stand","ibolt-dock-n-lock-drill-base-locking-tablet-stand","","89.95","Content Creation & Streaming; General Mounting Solutions","streaming; amps/modular","Best Locking Tablet Stand for Food Trucks and Quick-Service Restaurants; iBOLT Dock'n Lock for Restaurant Counters; Best Locking Tablet Mount for Classrooms","false","0"
"3","iBOLT Dock'n Lock Incredibolt™ 360 AMPS Locking Tablet Mount","ibolt-dock-n-lock-incredibolt-360-amps","","82.95","Forklifts & Warehousing; Trucking & Fleet; Restaurants & Food Delivery; Road Trips & Travel; General Mounting Solutions","warehouse; fleet; restaurant; travel; amps/modular","iBOLT vs Arkon: Operations Manager's Guide to Business Tablet Mounting Systems; The Smart ELD Tablet Mount Choice for Truck Fleets; iBOLT vs Tackform: ELD and Trucking Buyer Guide","false","0"
"3","iBOLT Moto-Vise™ Heavy Duty Phone Dual Arm Handlebar / Rail Mount","ibolt-moto-vise-heavy-duty-phone-dual-arm-handlebar-rail-mount","","52.95","Fishing & Boating; Forklifts & Warehousing; Off-Roading & Jeep; Mountain Biking & Cycling; General Mounting Solutions","fishing; warehouse; offroad; cycling; amps/modular","Choosing the Best Phone Mount for Delivery Drivers: Durable, Secure, and Easy to Use; Rough Water Phone Mount for Boat: Heavy-Duty Solutions That Handle the Chop; Best Boat Phone Mount for Rough Water: How to Keep Your Phone Secure on the Chop","false","0"
"3","iBOLT Moto-Vise™ XL AMPS Heavy Duty Metal Drill Base AMPS Mount","moto-vise-xl-amps-heavy-duty-metal-vehicle-specific-drill-base-amps-mount-ibu-33521","","45.95","Road Trips & Travel; General Mounting Solutions","travel; amps/modular","Best Phone Mount for Construction Vehicles and Work Trucks; Best Drill-Base Phone Mount for Semi Trucks; Construction and Work Truck Phone Mounts","false","0"
"3","iBOLT Stream-Cast Dual sPro2™ Phone Stand","ibolt-stream-cast-dual-spro2-phone-holder-stand-livestreaming-ibsc-34613","","99.95","Restaurants & Food Delivery; Education & Schools; Content Creation & Streaming; Kitchen & Home; General Mounting Solutions","restaurant; education; streaming; kitchen; amps/modular","Best Multi-Camera Desk Mount for Live Streaming: How to Build a Pro Setup With Your Phone; The Complete Guide to Overhead Livestream Setup: Best Phone and Camera Mounts for Content Creators; Best Overhead Camera Mount for Product Videos: The Complete Setup Guide for Sellers","false","0"
"3","iBOLT TabDock ExtendiBOLT Dual Suction Cup Mount","ibolt-tabdock-extendibolt-dual-suction-cup-mount","","69.95","Trucking & Fleet; Road Trips & Travel; General Mounting Solutions","fleet; travel; amps/modular","iBOLT Introduces Mount Configurator 2.0: Build Your Perfect Custom Mounting Solution; How the Modular System Works; ELD Tablet Mounting Guide: How to Choose the Right Mount for Fleet Compliance","false","0"
"3","iBOLT VESA 100x100 triMag Magnetic Monitor Mount","ibolt-vesa-trimag-magnetic-monitor-mount-heavy-duty-screen-mount-with-38mm-ball-joints-and-vesa-75x75-100x100-plate-for-forklifts-warehouse-vehicles-and-material-handling-equipment","","79.95","Forklifts & Warehousing; Trucking & Fleet; Restaurants & Food Delivery; Road Trips & Travel; General Mounting Solutions","warehouse; fleet; restaurant; travel; amps/modular","Complete Guide to Forklift Tablet Scanner Mounts: Boost Warehouse Productivity with Industrial Mounting Solutions; Best VESA Monitor Mount for Forklifts; ELD Tablet Mounting Guide: How to Choose the Right Mount for Fleet Compliance","false","0"
"3","iBOLT VESA 75x75 / 100x100 Monitor Pillar Mount with 38mm (1.5-inch) Ball Joint","ibolt-vesa-75x75-100x100-monitor-pillar-mount-with-38mm-1-5-inch-ball-joint","","109.95","Forklifts & Warehousing; Road Trips & Travel; General Mounting Solutions","warehouse; travel; amps/modular","AMPS VESA Ball Mount Sizes: Complete Guide to Device Mounting Standards; Complete Guide to Forklift Tablet Scanner Mounts: Boost Warehouse Productivity with Industrial Mounting Solutions; Best VESA Monitor Mount for Forklifts","false","0"
"3","iBOLT XL Barcode Scanner BizMount Magnetic Mount","ibolt-xl-barcode-scanner-bizmount-magnetic-mount-heavy-duty-88mm-magnetic-base-for-warehouse-vehicles-inventory-management-material-handling","","80.00","Forklifts & Warehousing; Restaurants & Food Delivery; Road Trips & Travel; General Mounting Solutions","warehouse; restaurant; travel; amps/modular","Barcode Scanner Mounts; Best Barcode Scanner Mounts for Forklifts and Warehouses (2026); iBOLT Confirms Barcode Scanner Mounting Solutions Compatible with Honeywell, Zebra, and Symbol Scanners","false","0"
"3","iBOLT XL Barcode Scanner IncrediBOLT 360 Magnetic Mount","ibolt-xl-barcode-scanner-incredibolt-360-magnetic-mount-heavy-duty-88mm-magnetic-base-for-warehouse-vehicles-inventory-management-material-handling","","83.95","Forklifts & Warehousing; Restaurants & Food Delivery; Road Trips & Travel; General Mounting Solutions","warehouse; restaurant; travel; amps/modular","Barcode Scanner Mounts; Best Barcode Scanner Mounts for Forklifts and Warehouses (2026); iBOLT Confirms Barcode Scanner Mounting Solutions Compatible with Honeywell, Zebra, and Symbol Scanners","false","0"
"3","iBOLT XL Barcode Scanner triMag Low-Profile Strong Magnetic Mount","ibolt-xl-barcode-scanner-dualmag-low-profile-strong-magnetic-mount","","67.95","Forklifts & Warehousing; Restaurants & Food Delivery; General Mounting Solutions","warehouse; restaurant; amps/modular","Barcode Scanner Mounts; Best Barcode Scanner Mounts for Forklifts and Warehouses (2026); iBOLT Confirms Barcode Scanner Mounting Solutions Compatible with Honeywell, Zebra, and Symbol Scanners","false","0"
"3","iBOLT™ 25mm / 1 inch Ball Flexpro Seatrail Mount","ibolt-25mm-1-inch-ball-flexpro-seatrail-mount-heavy-duty-floor-mount-for-industry-standard-25mm-1-inch-dual-ball-mounts-arms-cars-vans-large-trucks-great-for-telematics-and-fleets","","19.95","Trucking & Fleet; Off-Roading & Jeep; Restaurants & Food Delivery; Road Trips & Travel; General Mounting Solutions","fleet; offroad; restaurant; travel; amps/modular","iBOLT vs ProClip vs RAM: Which Phone Mount Actually Survives Delivery Van Life?; ELD Tablet Mounting Guide: How to Choose the Right Mount for Fleet Compliance; Best Phone Mount for Instacart and Grocery Delivery Drivers","false","0"
"3","iBOLT™ 25mm / 1 inch Ball to “Sticky-Suction” Cup Mount","ibolt-25mm-1-inch-ball-to-sticky-suction-cup-windshield-dashboard-mount-base-adapter","phone mount","9.95","Trucking & Fleet; Restaurants & Food Delivery; Road Trips & Travel; General Mounting Solutions","fleet; restaurant; travel; amps/modular","iBOLT vs ProClip vs RAM: Which Phone Mount Actually Survives Delivery Van Life?; Fleet Phone Mount Standardization Checklist: How to Deploy the Right Mounts Across Every Vehicle; Best Phone Mount for Instacart and Grocery Delivery Drivers","false","0"
"3","iBOLT™ Stream-Cast IncrediBOLT™ Stand Adjustable Overhead Phone Mount","ibolttm-stream-cast-incredibolttm-stand-adjustable-overhead-phone-mount","","84.95","Content Creation & Streaming; General Mounting Solutions","streaming; amps/modular","Best Multi-Camera Desk Mount for Live Streaming: How to Build a Pro Setup With Your Phone; Best Overhead Phone Mount for Cooking Videos; Phone vs Camera Overhead Rig for Product Photography: Which Setup Actually Works Better?","false","0"
"3","iBOLT™ TabDock™ Bizmount™ Clamp","tabdock-bizmount-heavy-duty-tablet-clamp-mount-ibbz-33910","","39.95","Fishing & Boating; Forklifts & Warehousing; Agriculture & Farming; Road Trips & Travel; Mountain Biking & Cycling; General Mounting Solutions","fishing; warehouse; agriculture; travel; cycling; amps/modular","Rough Water Phone Mount for Boat: Heavy-Duty Solutions That Handle the Chop; Garmin GPS Mount Compatibility: Finding the Right Mount for Your Boat, Truck, or Vehicle; Pontoon Boat Mounts: Complete Guide to Fish Finder, Phone & GPS Mounting Solutions","false","0"
"3","iBOLT™ xProDock™ NFC Bizmount™ - Phone Holder/Mount with Heavy Duty Suction Cup Base and 1.5m USB-C Cable","ibolt-xprodock-nfc-bizmount-phone-holder-mount-heavy-duty-suction-cup-base-and-1-5m-usb-c-cable-ibbz-33969","","39.95","Forklifts & Warehousing; Trucking & Fleet; Restaurants & Food Delivery; Education & Schools; Kitchen & Home; Road Trips & Travel; General Mounting Solutions","warehouse; fleet; restaurant; education; kitchen; travel; amps/modular","iBOLT vs ProClip vs RAM: Which Phone Mount Actually Survives Delivery Van Life?; Best Phone Mount for Jeep Wrangler Off-Road Trails; Best Phone Mount for Instacart and Grocery Delivery Drivers","false","0"
"3","Stream-Cast Clamp Bendable Overhead Phone Mount","livestream-stream-cast-clamp-bendable-overhead-phone-camera-mount","","76.95","Content Creation & Streaming; General Mounting Solutions","streaming; amps/modular","The Complete Guide to Overhead Livestream Setup: Best Phone and Camera Mounts for Content Creators; Best Overhead Camera Mount for Product Videos: The Complete Setup Guide for Sellers; Overhead Camera Mount for Product Photography: Complete Setup Guide","false","0"
"3","Stream-Cast Stand Adjustable Overhead Phone Mount","livestream-stream-cast-stand-adjustable-overhead-camera-phone-mount-ibsc-34606","","76.95","Content Creation & Streaming; General Mounting Solutions","streaming; amps/modular","The Complete Guide to Overhead Livestream Setup: Best Phone and Camera Mounts for Content Creators; Best Overhead Camera Mount for Product Videos: The Complete Setup Guide for Sellers; Overhead Camera Mount for Product Photography: Complete Setup Guide","false","0"
"3","TabDock™ Bizmount™ Console- Heavy Duty Cup Holder Mount for Tablets","tabdock-bizmount-console-heavy-duty-cup-holder-mount-ibbz-33784","","55.95","Forklifts & Warehousing; Trucking & Fleet; Restaurants & Food Delivery; Road Trips & Travel; General Mounting Solutions","warehouse; fleet; restaurant; travel; amps/modular","Best Phone Mount for Delivery Drivers; ELD Tablet Mounting Guide: How to Choose the Right Mount for Fleet Compliance; Best Phone Mount for Instacart and Grocery Delivery Drivers","false","0"
"2","iBOLT Action Camera / ¼ inch 20 BizMount Cup Holder Mount","ibolt-action-camera-inch-20-bizmount-cup-holder-mount","","44.95","Fishing & Boating; Forklifts & Warehousing; Content Creation & Streaming; Road Trips & Travel; General Mounting Solutions","fishing; warehouse; streaming; travel; amps/modular","Best Fish Finder Mounts That Stay Put and Do Not Bounce Loose; RAM vs Scotty vs YakAttack Fish Finder Mounts: How Do They Really Compare (And What They're Missing)","false","0"
"2","iBOLT Action Camera / ¼ inch 20 Dual BizMount Cup Holder Mount","ibolt-action-camera-inch-20-dual-bizmount-cup-holder-mount","","49.95","Fishing & Boating; Forklifts & Warehousing; Content Creation & Streaming; Road Trips & Travel; General Mounting Solutions","fishing; warehouse; streaming; travel; amps/modular","Best Fish Finder Mounts That Stay Put and Do Not Bounce Loose; RAM vs Scotty vs YakAttack Fish Finder Mounts: How Do They Really Compare (And What They're Missing)","false","0"
"2","iBOLT Clamp Base for 4-Hole AMPS Mounts","ibolt-clamp-base-for-4-hole-amps-mounts","","24.95","Restaurants & Food Delivery; Education & Schools; Agriculture & Farming; Kitchen & Home; General Mounting Solutions","restaurant; education; agriculture; kitchen; amps/modular","Restaurant Tablet Mount Setup: Complete Guide for Toast, Square & Delivery Apps; iBOLT vs Arkon: Operations Manager's Guide to Business Tablet Mounting Systems","false","0"
"2","iBOLT LockPro™ IncrediBOLT™ 360 Pillar Mount- Heavy Duty Forklift Tablet Mount for Warehouse Vehicles and 7-10 inch Tablets","ibolt-lockprotm-incredibolttm-360-pillar-mount-heavy-duty-forklift-tablet-mount-for-warehouse-vehicles-and-7-10-inch-tablets","","169.95","Forklifts & Warehousing; Road Trips & Travel; General Mounting Solutions","warehouse; travel; amps/modular","The Smart Forklift Tablet Mount Choice for Warehouses; iBOLT vs RAM Mounts: Warehouse and Forklift Guide","false","0"
"2","iBOLT Moto-Vise™ Bizmount™ Clamp- Heavy Duty Smartphone clamp/claw mount","ibolt-moto-vise-bizmount-clamp-heavy-duty-phone-claw-clamp-motorcycle-excercise-equipment-ibmc-34700","","49.95","Forklifts & Warehousing; Off-Roading & Jeep; Mountain Biking & Cycling; General Mounting Solutions","warehouse; offroad; cycling; amps/modular","Best Phone and Action Camera Mounts for UTV Trails, Jeeps, and Overlanding Rigs; Best Phone Mount for Exercise Bikes and Treadmills","false","0"
"2","iBolt Moto-Vise™ Bizmount™ Metal Handlebar Phone mount","ibolt-moto-vise-bizmount-metal-handlebar-phone-motorcycle-pole-post-handlebar-mount-ibmc-34701","","49.95","Forklifts & Warehousing; Off-Roading & Jeep; Restaurants & Food Delivery; Mountain Biking & Cycling; General Mounting Solutions","warehouse; offroad; restaurant; cycling; amps/modular","Best Phone and Action Camera Mounts for UTV Trails, Jeeps, and Overlanding Rigs; Best Phone Mount for Exercise Bikes and Treadmills","false","0"
"2","iBOLT Moto-Vise™ Holder w/ 25mm / 1-inch Ball","heavy-duty-smartphone-motorcycle-moto-vise-holder-25mm-1-inch-ball-ibpb-33892","","25.00","Trucking & Fleet; Off-Roading & Jeep; Road Trips & Travel; Mountain Biking & Cycling; General Mounting Solutions","fleet; offroad; travel; cycling; amps/modular","Best Boat Phone Mount for Rough Water; Best Phone and Action Camera Mounts for UTV Trails, Jeeps, and Overlanding Rigs","false","0"
"2","iBOLT sPro2™ AMPS- drill base phone and tablet mounting solution","ibolt-spro2-amps-drill-base-phone-and-tablet-mounting-solution","","19.95","Fishing & Boating; Kitchen & Home; Road Trips & Travel; General Mounting Solutions","fishing; kitchen; travel; amps/modular","Rough Water Phone Mount for Boat: Heavy-Duty Solutions That Handle the Chop; Best Boat Phone Mount for Rough Water: How to Keep Your Phone Secure on the Chop","false","0"
"2","iBOLT Stream-Cast Dual Phone and Tablet Stand","ibolt-stream-cast-dual-phone-and-tablet-holder-stand-ibsc-34612","","99.95","Restaurants & Food Delivery; Education & Schools; Content Creation & Streaming; Kitchen & Home; General Mounting Solutions","restaurant; education; streaming; kitchen; amps/modular","Best Overhead Phone Mount for Cooking Videos; Phone vs Camera Overhead Rig for Product Photography: Which Setup Actually Works Better?","false","0"
"2","iBOLT TabDock™ IncrediBOLT™ 360 AMPS Tablet Mount","ibolt-tabdock-dynamount-360-amps-tablet-mount","","64.95","Trucking & Fleet; General Mounting Solutions","fleet; amps/modular","Best Tablet Mount for Utility Truck Crews; Best Tablet Mount for Tractor Cab Precision Agriculture","false","0"
"2","iBOLT TabDock™ MagDock- Heavy Duty Magnetic Mount for All 7”-10” Tablets- Great for fridges, Restaurants, Automotive, Workout Equipment","ibolt-tabdock-magdock-heavy-duty-magnetic-mount-for-fridges-restaurants-automotive-workout-equipment","","39.95","Forklifts & Warehousing; Restaurants & Food Delivery; General Mounting Solutions","warehouse; restaurant; amps/modular","Restaurant Tablet Mount Setup: Complete Guide for Toast, Square & Delivery Apps; Best Restaurant Tablet Mount in 2026: POS Stands, Delivery App Stations, and Multi-Tablet Solutions Compared","false","0"
"2","iBOLT VESA 75x75 / 100x100 Monitor Pillar Mount with 38mm (1.5-inch) Ball Joint","ibolt-vesa-75x75-100x100-monitor-pillar-mount-with-38mm-1-5-inch-ball-joint-copy","","104.95","Forklifts & Warehousing; Restaurants & Food Delivery; Road Trips & Travel; General Mounting Solutions","warehouse; restaurant; travel; amps/modular","AMPS VESA Ball Mount Sizes: Complete Guide to Device Mounting Standards; Complete Guide to Forklift Tablet Scanner Mounts: Boost Warehouse Productivity with Industrial Mounting Solutions","false","0"
"2","iBOLT VESA 75x75 / 100x100 Monitor Pillar Mount with 57mm (2.25-inch) Ball Joint","ibolt-vesa-75x75-100x100-monitor-pillar-mount-with-57mm-2-5-inch-ball-joint","","189.95","Forklifts & Warehousing; Trucking & Fleet; Road Trips & Travel; General Mounting Solutions","warehouse; fleet; travel; amps/modular","Complete Guide to Forklift Tablet Scanner Mounts: Boost Warehouse Productivity with Industrial Mounting Solutions; ELD Tablet Mounting Guide: How to Choose the Right Mount for Fleet Compliance","false","0"
"2","iBOLTÖ Tablet Tower- TabDock™ POS Wall Mount - with 5 Tablet Holders","ibolt-tabdock-point-of-purchase-pos-wall-mount-with-5-tablet-holders","","149.95","Restaurants & Food Delivery; Kitchen & Home; General Mounting Solutions","restaurant; kitchen; amps/modular","Best Tablet Mounts for Delivery Apps: Complete Setup Guide for Restaurants; Best Restaurant Tablet Mount in 2026: POS Stands, Delivery App Stations, and Multi-Tablet Solutions Compared","false","0"
"2","iBOLT™ ¼ 20” Camera Screw to GoPro Adapter","ibolt-20-camera-screw-to-gopro-adapter","","7.95","Content Creation & Streaming; General Mounting Solutions","streaming; amps/modular","Best Multi-Camera Desk Mount for Live Streaming: How to Build a Pro Setup With Your Phone; Phone vs Camera Overhead Rig for Product Photography: Which Setup Actually Works Better?","false","0"
"2","iBOLT™ 25mm / 1 inch Universal Marine Electronic Fish Finder to AMPS Mount","ibolt-25mm-1-inch-composite-universal-marine-electronic-fish-finder-to-composite-rectangular-amps-pattern-drill-base-dual-ball-mount-featuring-a-2-75-inch-composite-25mm-1-inch-bizmount-arm","","19.95","Fishing & Boating; Forklifts & Warehousing; Restaurants & Food Delivery; General Mounting Solutions","fishing; warehouse; restaurant; amps/modular","Choosing the Best Kayak Fish Finder Mount for Secure and Convenient Fishing; Best Value Fish Finder Mounts Without Cheap Hardware","false","0"
"2","iBOLT™ 38mm / 1.5 inch Metal Rectangular AMPS to ¼ 20” Metal Camera Screw Mount","ibolt-38mm-1-5-inch-metal-rectangular-amps-pattern-to-20-metal-camera-screw-dual-ball-mount-featuring-a-3-5-inch-composite-38mm-bizmount-arm","","29.95","Forklifts & Warehousing; Restaurants & Food Delivery; Content Creation & Streaming; General Mounting Solutions","warehouse; restaurant; streaming; amps/modular","Best Overhead Camera Mount for Product Videos: The Complete Setup Guide for Sellers; Phone vs Camera Overhead Rig for Product Photography: Which Setup Actually Works Better?","false","0"
"2","IBOLT™ Fixed Install Charger- 30W 2-Port Quick Charge 3.0 and Standard USB-A","fixed-install-hardwire-usb-charge-30w-2-port-quick-charge-3-0-standard-usb-a","","79.95","Trucking & Fleet; Road Trips & Travel; General Mounting Solutions","fleet; travel; amps/modular","Best Drill Base Phone Mount for Construction Vehicles and Work Trucks; Fleet Phone Mount Standardization Checklist: How to Deploy the Right Mounts Across Every Vehicle","false","0"
"2","iBOLT™ iPro2 for iPhone 14 pro","iphone-charging-phone-holder-dock-iba-33450","","39.95","Trucking & Fleet; Education & Schools; Content Creation & Streaming; Kitchen & Home; Road Trips & Travel; General Mounting Solutions","fleet; education; streaming; kitchen; travel; amps/modular","The Complete Guide to Overhead Livestream Setup: Best Phone and Camera Mounts for Content Creators; Overhead Camera Mount for Product Photography: Complete Setup Guide","false","0"
"2","iBOLT™ LockPro™ IncrediBOLT™ Headrest Heavy Duty Security Tablet Mount","ibolttm-lockprotm-incredibolttm-headrest-heavy-duty-security-tablet-mount","","139.95","Road Trips & Travel; General Mounting Solutions","travel; amps/modular","Best Nintendo Switch Headrest Mount for Road Trips; iBOLT LockPro Series: Industrial-Grade Security for Unattended Tablets in Warehouses and Retail","false","0"
"2","iBOLT™ TabDock™ Bizmount™ Suction Cup Mount","tabdock-bizmount-heavy-duty-tablet-suction-cup-mount-ibbz-33754","","29.95","Forklifts & Warehousing; Trucking & Fleet; Restaurants & Food Delivery; Road Trips & Travel; General Mounting Solutions","warehouse; fleet; restaurant; travel; amps/modular","Best Restaurant Tablet Mount in 2026: POS Stands, Delivery App Stations, and Multi-Tablet Solutions Compared; ELD Tablet Mounting Guide: How to Choose the Right Mount for Fleet Compliance","false","0"
"2","iBOLT™ Tablet Tower- TabDock™ POS Clamp Mount - with 5 Tablet Holders","multi-tablet-stand-five-holders-restaurant-point-of-sale-purchase-ipad-ibrt-34706","","99.95","Restaurants & Food Delivery; Kitchen & Home; General Mounting Solutions","restaurant; kitchen; amps/modular","Best Tablet Mounts for Delivery Apps: Complete Setup Guide for Restaurants; Best Restaurant Tablet Mount in 2026: POS Stands, Delivery App Stations, and Multi-Tablet Solutions Compared","false","0"
"2","Metal Forklift Pillar Bracket/Mount","heavy-duty-metal-forklift-pillar-bracket-amps-pattern-ibfl-34500","","39.95","Forklifts & Warehousing; General Mounting Solutions","warehouse; amps/modular","Complete Guide to Forklift Tablet Scanner Mounts: Boost Warehouse Productivity with Industrial Mounting Solutions; The Smart Forklift Tablet Mount Choice for Warehouses","false","0"
"2","Stream-Cast Stand Adjustable Overhead Phone Mount for Live Streaming","livestreaming-overhead-phone-camera-stream-cast-stand-ibsc-34607","","79.95","Content Creation & Streaming; General Mounting Solutions","streaming; amps/modular","The Complete Guide to Overhead Livestream Setup: Best Phone and Camera Mounts for Content Creators; Overhead Camera Mount for Product Photography: Complete Setup Guide","false","0"
"2","TabDock™ FixedPro 360","tabdock-fixedpro-360-heavy-duty-metal-drill-base-tablet-mount-ibbz-33768","","43.25","Trucking & Fleet; Education & Schools; Kitchen & Home; General Mounting Solutions","fleet; education; kitchen; amps/modular","The Smart ELD Tablet Mount Choice for Truck Fleets; iBOLT vs Tackform: ELD and Trucking Buyer Guide","false","0"
"1","3 Camera Slide Bar with Tablet Holder - 10 inch","three-1-4-20-camera-screw-slider-bar-tripod-attachment-ibcm-34601","","29.95","Content Creation & Streaming; General Mounting Solutions","streaming; amps/modular","Best Multi-Camera Phone Mount for Live Streaming","false","0"
"1","Build your own Mount","cpb-order-6d2d60da-0af8-4f5c-88d9-c8ce13b6a2e7","cpb_hybrid_temp","29.50","Forklifts & Warehousing; Restaurants & Food Delivery; General Mounting Solutions","warehouse; restaurant; amps/modular","AMPS VESA Ball Mount Sizes: Complete Guide to Device Mounting Standards","false","0"
"1","Build your own Mount","cpb-order-4067267b-fbbc-4bc5-a403-40ad9a780dad","cpb_hybrid_temp","34.00","Forklifts & Warehousing; General Mounting Solutions","warehouse; amps/modular","AMPS VESA Ball Mount Sizes: Complete Guide to Device Mounting Standards","false","0"
"1","Build your own Mount","build-your-own-mount-1","cpb_hybrid","11.95","Forklifts & Warehousing; General Mounting Solutions","warehouse; amps/modular","AMPS VESA Ball Mount Sizes: Complete Guide to Device Mounting Standards","false","0"
"1","iBOLT ¼ 20” Camera Screw IncrediBOLT™ 360 AMPS w/ 6” Multi-Angle Arm","ibolt-20-camera-screw-incredibolt-360-amps-w-6-multi-angle-arm-drill-drill-base-mount","","49.95","Restaurants & Food Delivery; Content Creation & Streaming; General Mounting Solutions","restaurant; streaming; amps/modular","Best Multi-Camera Desk Mount for Live Streaming: How to Build a Pro Setup With Your Phone","false","0"
"1","iBOLT 17mm Dual Ball to Cup Holder Mount Base compatible w/ Garmin GPS and iBOLT Phone Holders","ibolt-17mm-dual-ball-to-cup-holder-mount-base-compatible-w-garmin-gps-and-ibolt-phone-holders","","42.95","Forklifts & Warehousing; Restaurants & Food Delivery; Road Trips & Travel; General Mounting Solutions","warehouse; restaurant; travel; amps/modular","Best Phone Mount for Instacart and Grocery Delivery Drivers","false","0"
"1","iBOLT 22mm ExtendiBOLT Triple Suction Cup Mount","ibolt-22mm-extendibolt-triple-suction-cup-mount-heavy-duty-triple-suction-cup-mount","","84.95","Trucking & Fleet; Restaurants & Food Delivery; Road Trips & Travel; General Mounting Solutions","fleet; restaurant; travel; amps/modular","Choosing the Best Phone Mount for Delivery Drivers: Durable, Secure, and Easy to Use","false","0"
"1","iBOLT 88mm Diameter Magnetic Mount Base w/ 1 / 4 20 Camera Screw and Compatible with GoPro Adapter","ibolt-88mm-diameter-magnetic-mount-base-w-1-4-20-camera-screw-and-compatible-with-gopro-adapter","","24.95","Off-Roading & Jeep; Content Creation & Streaming; General Mounting Solutions","offroad; streaming; amps/modular","Best Phone and Action Camera Mounts for UTV Trails, Jeeps, and Overlanding Rigs","false","0"
"1","iBOLT AccessiBOLT Dock’n Lock Wheelchair Multi-Angle Mobility Tablet Mount","ibolt-accessibolt-dock-n-lock-wheelchair-multi-angle-mobility-tablet-mount","","165.95","General Mounting Solutions","amps/modular","Best Wheelchair Tablet Mount for Communication Devices","false","0"
"1","iBOLT ChargeDock USB-C AMPS Ultimate Magnetic Vehicle Dock/Mount/Holder w/ 2m USB Certified Type C to USB-A Charging Cable","ibolt-chargedock-usb-c-amps-ultimate-magnetic-vehicle-dock-mount-holder-w-2m-usb-certified-type-c-to-usb-a-charging-cable","","29.95","Kitchen & Home; Road Trips & Travel; General Mounting Solutions","kitchen; travel; amps/modular","Magnetic vs Clamp Phone Mounts for Delivery Work","false","0"
"1","iBOLT Diamond AMPS Plate AccessiBOLT ArmTrack- Great for Wheelchairs, Rehab Chairs, and Mobility Devices with a Track System","ibolt-diamond-amps-plate-accessibolt-armtrack-great-for-wheelchairs-rehab-chairs-and-mobility-devices-with-a-track-system","","79.95","Road Trips & Travel; General Mounting Solutions","travel; amps/modular","Best Wheelchair Tablet Mount for Communication Devices","false","0"
"1","iBOLT Dock’n Lock Bizmount™- Forklift Locking Tablet Mount","ibolt-dock-n-lock-bizmount-forklift-locking-tablet-mount","","93.95","Forklifts & Warehousing; Road Trips & Travel; General Mounting Solutions","warehouse; travel; amps/modular","The Smart Forklift Tablet Mount Choice for Warehouses","false","0"
"1","iBOLT Forklift and Warehouse Vehicle Pillar Bracket/Mount w/Barcode Scanner Holder","forklift-and-warehouse-vehicle-pillar-bracket-mount-barcode-scanner-holder-ibfl-34503","","70.00","Forklifts & Warehousing; Road Trips & Travel; General Mounting Solutions","warehouse; travel; amps/modular","Complete Guide to Forklift Tablet Scanner Mounts: Boost Warehouse Productivity with Industrial Mounting Solutions","false","0"
"1","iBOLT GoPro / Action Camera IncrediBOLT™ 360 Clamp / Handlebar / Rail Mount","ibolt-gopro-action-camera-incredibolt-clamp-handlebar-rail-mount-1","","49.95","Content Creation & Streaming; Mountain Biking & Cycling; General Mounting Solutions","streaming; cycling; amps/modular","Best GoPro Mount for UTV Roll Bars","false","0"
"1","iBOLT GoPro / Action Camera IncrediBOLT™ Clamp / Handlebar / Rail Mount","ibolt-gopro-action-camera-dynamount-clamp-handlebar-rail-mount","","44.95","Content Creation & Streaming; Mountain Biking & Cycling; General Mounting Solutions","streaming; cycling; amps/modular","Best GoPro Mount for UTV Roll Bars","false","0"
"1","iBOLT GoPro/ Action Camera Selfie Pole Clamp, Handlebar, Rail Mount","ibolt-gopro-action-camera-selfie-pole-clamp-handlebar-rail-mount","","54.95","Fishing & Boating; Content Creation & Streaming; Mountain Biking & Cycling; General Mounting Solutions","fishing; streaming; cycling; amps/modular","Best Boat Phone Mount for Rough Water: How to Keep Your Phone Secure on the Chop","false","0"
"1","iBOLT miniProXL FlexiBOLT Phone Cup Holder Mount","ibolt-miniproxl-flexibolt-phone-cup-holder-mount","","24.95","Road Trips & Travel; General Mounting Solutions","travel; amps/modular","Best Phone Mount for Instacart and Grocery Delivery Drivers","false","0"
"1","iBOLT sPro2™ Headrest Viewer","ibolt-spro2-headrest-viewer","","25.00","Restaurants & Food Delivery; Road Trips & Travel; General Mounting Solutions","restaurant; travel; amps/modular","Best Nintendo Switch Headrest Mount for Road Trips","false","0"
"1","iBOLT Stream-Cast TabDock™ Tablet Stand","ibolt-stream-cast-tabdock-tablet-livestreaming-social-media-stand-ibsc-34614","","59.95","Restaurants & Food Delivery; Education & Schools; Content Creation & Streaming; Kitchen & Home; General Mounting Solutions","restaurant; education; streaming; kitchen; amps/modular","The Complete Guide to Overhead Livestream Setup: Best Phone and Camera Mounts for Content Creators","false","0"
"1","iBOLT TabDock AccessiBOLT Universal Wheelchair Multi-Arm Mobility Tablet Mount","ibolt-tabdock-accessibolt-universal-wheelchair-multi-arm-mobility-tablet-mount","","149.95","General Mounting Solutions","amps/modular","Best Wheelchair Tablet Mount for Communication Devices","false","0"
"1","iBOLT TabDock Bizmount Pillar Mount- Heavy Duty Forklift Tablet Mount for Warehouse Vehicles and 7-10 inch Tablets","ibolt-tabdock-bizmount-pillar-mount-heavy-duty-forklift-tablet-mount-for-warehouse-vehicles-and-7-10-inch-tablets","","74.95","Forklifts & Warehousing; Road Trips & Travel; General Mounting Solutions","warehouse; travel; amps/modular","iBOLT vs RAM Mounts: Warehouse and Forklift Guide","false","0"
"1","iBOLT TabDock ExtendiBOLT Triple Suction Cup Mount","ibolt-tabdock-extendibolt-triple-suction-cup-mount","","79.95","Trucking & Fleet; Road Trips & Travel; General Mounting Solutions","fleet; travel; amps/modular","ELD Tablet Mounting Guide: How to Choose the Right Mount for Fleet Compliance","false","0"
"1","iBOLT TabDock IncrediBOLT™ 360 Forklift Tablet Mount","ibolt-tabdock-incredibolt-360-forklift-tablet-mount","","91.95","Forklifts & Warehousing; General Mounting Solutions","warehouse; amps/modular","iBOLT vs RAM Mounts: Warehouse and Forklift Guide","false","0"
"1","iBOLT TabDock™ Grip- Post/Pole Mount","ibolt-tabdock-grip-post-pole-mount-fits-7-10-inch-tablets-and-posts-18mm-35mm-in-diameter","","29.95","Restaurants & Food Delivery; Road Trips & Travel; Mountain Biking & Cycling; General Mounting Solutions","restaurant; travel; cycling; amps/modular","Best Tablet Mount for Tractor Cab Precision Agriculture","false","0"
"1","iBOLT™ 17mm to 17mm Composite Ball Adapter","ibolt-17mm-to-17mm-composite-ball-adapter-for-industry-standard-dual-ball-socket-mounting-arms","","7.95","Restaurants & Food Delivery; General Mounting Solutions","restaurant; amps/modular","AMPS VESA Ball Mount Sizes: Complete Guide to Device Mounting Standards","false","0"
"1","iBOLT™ 20mm Metal AMPS Adapter Plate","ibolt-20mm-metal-amps-adapter-plate-for-industry-standard-20mm-dual-ball-socket-mounting-arms","","14.94","General Mounting Solutions","amps/modular","AMPS VESA Ball Mount Sizes: Complete Guide to Device Mounting Standards","false","0"
"1","iBOLT™ 25mm / 1 inch Ball to Strong VHB Adhesive Mount","ibolt-25mm-1-inch-ball-to-strong-vhb-adhesive-mount-base-adapter","","8.95","Trucking & Fleet; Restaurants & Food Delivery; General Mounting Solutions","fleet; restaurant; amps/modular","iBOLT vs ProClip vs RAM: Which Phone Mount Actually Survives Delivery Van Life?","false","0"
"1","iBOLT™ 25mm / 1 inch Composite Diamond 2-Hole AMPS Adapter Plate","ibolt-25mm-1-inch-composite-diamond-2-hole-amps-adapter-plate-for-industry-standard-dual-ball-socket-mounting-arms","","6.95","Fishing & Boating; Restaurants & Food Delivery; General Mounting Solutions","fishing; restaurant; amps/modular","Kayak Fish Finder Mount Setup: A Complete Guide to Secure, Removable Electronics Mounting","false","0"
"1","iBOLT™ 25mm / 1 inch Composite Extension Ball Adapter","ibolt-25mm-1-inch-composite-extension-ball-adapter-23520","","9.95","Restaurants & Food Delivery; General Mounting Solutions","restaurant; amps/modular","AMPS VESA Ball Mount Sizes: Complete Guide to Device Mounting Standards","false","0"
"1","iBOLT™ 25mm / 1 inch Composite Universal Marine Fish Finder to Metal AMPS 2.75 Dual Ball Mount","ibolt-25mm-1-inch-composite-universal-marine-fish-finder-to-metal-amps2-75-inch-dual-ball-mount","","29.95","Fishing & Boating; Restaurants & Food Delivery; General Mounting Solutions","fishing; restaurant; amps/modular","Best Fish Finder Mount for Small Boats: Comparison and Buyer's Guide","false","0"
"1","iBOLT™ 25mm / 1 inch to 25mm / 1 inch Metal Extension Ball Adapter","ibolt-25mm-1-inch-to-25mm-1-inch-metal-extension-ball-adapter","","12.95","Restaurants & Food Delivery; General Mounting Solutions","restaurant; amps/modular","AMPS VESA Ball Mount Sizes: Complete Guide to Device Mounting Standards","false","0"
"1","iBOLT™ 25mm/ 1 inch Ball to ¼ 20 Camera Screw Mount Adapter","1-inch-25mm-b-size-ball-1-4-20-camera-screw-mount-adapter","","7.95","Content Creation & Streaming; General Mounting Solutions","streaming; amps/modular","The Complete Guide to Overhead Livestream Setup: Best Phone and Camera Mounts for Content Creators","false","0"
"1","iBOLT™ 38mm / 1.5 inch Composite Universal Marine Fish Finder to Composite AMPs Mount","ibolt-38mm-1-5-inch-composite-universal-marine-fish-finder-to-composite-amps-drill-base-mount","","39.95","Fishing & Boating; Restaurants & Food Delivery; General Mounting Solutions","fishing; restaurant; amps/modular","Best Fish Finder Mount for Small Boats: Comparison and Buyer's Guide","false","0"
"1","iBOLT™ 38mm / 1.5 inch Composite Universal Marine Fish Finder to Metal AMPS Mount","ibolt-38mm-1-5-inch-composite-universal-marine-fish-finder-to-metal-amps-drill-base-mount","","65.95","Fishing & Boating; Restaurants & Food Delivery; General Mounting Solutions","fishing; restaurant; amps/modular","Choosing the Best Kayak Fish Finder Mount for Secure and Convenient Fishing","false","0"
"1","iBOLT™ 38mm / 1.5 inch Metal AMPS Pattern to ¼ 20” Metal Camera Screw Mount","ibamps-34241-ibolt-38mm-1-5-inch-metal-rectangular-amps-pattern-to-20-metal-camera-screw-dual-ball-mount","","57.95","Content Creation & Streaming; General Mounting Solutions","streaming; amps/modular","Overhead Camera Mount for Product Photography: Complete Setup Guide","false","0"
"1","iBOLT™ 38mm / 1.5 inch Universal Marine Electronic Fish Finder to Composite AMPS Mount","ibolt-38mm-1-5-inch-composite-universal-marine-electronic-fish-finder-to-composite-rectangular-amps-pattern-drill-base-dual-ball-mount-featuring-a-8-5-inch-aluminum-38mm-bizmount-arm","","59.95","Fishing & Boating; Forklifts & Warehousing; Restaurants & Food Delivery; General Mounting Solutions","fishing; warehouse; restaurant; amps/modular","Best Fish Finder Mount for Small Boats: Comparison and Buyer's Guide","false","0"
"1","iBOLT™ 4 Hole AMPS Pattern Metal Backing Plate","industry-standard-amps-packing-plate","","7.95","Restaurants & Food Delivery; General Mounting Solutions","restaurant; amps/modular","AMPS VESA Ball Mount Sizes: Complete Guide to Device Mounting Standards","false","0"
"1","iBOLT™ Aluminum 2.75 inch Double Socket Arm for 1-inch / 25mm / B Size Ball adapters","aluminum-2-75-inch-double-socket-arm-industry-standard-1-inch-25mm-b-size-ball-adapters-mounts-22202","","14.95","Forklifts & Warehousing; General Mounting Solutions","warehouse; amps/modular","AMPS VESA Ball Mount Sizes: Complete Guide to Device Mounting Standards","false","0"
"1","iBOLT™ Composite 3.75 inch BizMount™ Double Socket Arm for 1-inch / 25mm/ B Size","composite-3-75-inch-double-socket-arm-for-all-industry-standard-1-inch-25mm-b-size-ball-22158","","7.95","Forklifts & Warehousing; Restaurants & Food Delivery; General Mounting Solutions","warehouse; restaurant; amps/modular","AMPS VESA Ball Mount Sizes: Complete Guide to Device Mounting Standards","false","0"
"1","iBOLT™ Dock'n Lock Bizmount™ AMPS 38mm Locking Tablet Mount","heavy-duty-composite-locking-tablet-cradle-dock-n-lock-ibbz-33935","","92.95","Forklifts & Warehousing; Trucking & Fleet; Restaurants & Food Delivery; Road Trips & Travel; General Mounting Solutions","warehouse; fleet; restaurant; travel; amps/modular","ELD Tablet Mounting Guide: How to Choose the Right Mount for Fleet Compliance","false","0"
"1","iBOLT™ Industry Standard 17mm Amps Plate","17mm-garmin-compatible-amps-plate-21145","","9.95","Road Trips & Travel; General Mounting Solutions","travel; amps/modular","AMPS VESA Ball Mount Sizes: Complete Guide to Device Mounting Standards","false","0"
"1","iBOLT™ Metal VESA 75 / VESA 100 to 25mm Ball / 1-inch Adapter","ibolt-metal-vesa-75-vesa-100-to-25mm-ball-1-inch-adapter-mounts-vesa","","15.95","General Mounting Solutions","amps/modular","AMPS VESA Ball Mount Sizes: Complete Guide to Device Mounting Standards","false","0"
"1","iBOLT™ Security Hardware or 1 inch / 25mm Bizmount™ Arms","ibolt-security-hardware-or-1-inch-25mm-bizmount-arms","","4.99","Forklifts & Warehousing; General Mounting Solutions","warehouse; amps/modular","AMPS VESA Ball Mount Sizes: Complete Guide to Device Mounting Standards","false","0"
"1","iBOLT™ TabDock™ Bizmount™ Wedge","tabdock-bizmount-seat-wedge-tablet-mount-ibbz-33795","","59.95","Forklifts & Warehousing; Trucking & Fleet; Road Trips & Travel; General Mounting Solutions","warehouse; fleet; travel; amps/modular","ELD Tablet Mounting Guide: How to Choose the Right Mount for Fleet Compliance","false","0"
"1","iBOLT™ TabDock™ Flexpro - Heavy Duty Floor Mount for All 7"" - 10"" Tablets","ibolt-tabdock-flexpro-heavy-duty-seat-rail-gooseneck-tablet-eld-floor-mount-ibbz-33762","","34.95","Trucking & Fleet; Restaurants & Food Delivery; Road Trips & Travel; General Mounting Solutions","fleet; restaurant; travel; amps/modular","ELD Tablet Mounting Guide: How to Choose the Right Mount for Fleet Compliance","false","0"
"1","iBOLT™ TabDock™ Suction Cup Extender -Holder /Mount for Your Windshield , Dashboard , or Desk","ibolt-tabdock-suction-cup-extender-holder-mount-for-your-windshield-dashboard-or-desk","","29.95","Trucking & Fleet; Education & Schools; Kitchen & Home; Road Trips & Travel; General Mounting Solutions","fleet; education; kitchen; travel; amps/modular","Truck, Fleet & ELD Mounts","false","0"
"1","miniProXL™ Vent Kit for all Smartphones","minipro-xl-phone-holder-ibu-33425","","19.95","General Mounting Solutions","amps/modular","Best Phone Mount for Instacart and Grocery Delivery Drivers","false","0"
"1","Overhead Guard Metal Forklift Bracket","heavy-duty-forklift-overhead-cage-bracket-amps-pattern-metal-plates-ibfl-34501","","59.95","Forklifts & Warehousing; General Mounting Solutions","warehouse; amps/modular","Complete Guide to Forklift Tablet Scanner Mounts: Boost Warehouse Productivity with Industrial Mounting Solutions","false","0"
"1","sPro2™ Windshield Dash and Vent Combo Kit","spro2-phone-holder-ibu-33415","","29.95","Trucking & Fleet; Road Trips & Travel; General Mounting Solutions","fleet; travel; amps/modular","iBOLT Mounting Solutions for Delivery Fleets: From DoorDash Drivers to Amazon DSP","false","0"
"1","Switch Headrest","nintendo-switch-headrest-mount-holder","","59.95","Road Trips & Travel; General Mounting Solutions","travel; amps/modular","Best Nintendo Switch Headrest Mount for Road Trips","false","0"
"1","TabDock™ FlexPro Clamp","tabdock-flexpro-tablet-gooseneck-clamp-ibbz-33763","","39.95","Restaurants & Food Delivery; Education & Schools; Kitchen & Home; Road Trips & Travel; General Mounting Solutions","restaurant; education; kitchen; travel; amps/modular","Restaurant Tablet Mount Setup: Complete Guide for Toast, Square & Delivery Apps","false","0"
"1","xProDock™ NFC Holder Only","xprodock-nfc-phone-holder-ibpb-33804","","14.95","Content Creation & Streaming; General Mounting Solutions","streaming; amps/modular","The Complete Guide to Overhead Livestream Setup: Best Phone and Camera Mounts for Content Creators","false","0"
"0","17mm miniBall mount and Vent mount","17mm-adhesive-mini-ball-vent-mount-holder","","9.95","General Mounting Solutions","amps/modular","","false","0"
"0","2 meter Charge'n Sync Lightning Cable (Apple Approved)","iphone-lightning-cable-iba-41400","","19.95","General Mounting Solutions","amps/modular","","false","0"
"0","Build your own Mount","cpb-order-99736722-c05e-45a6-bcfd-651354f1e991","cpb_hybrid_temp","59.50","","","","false","0"
"0","Build your own Mount","cpb-order-971f329f-ce12-4616-a30b-d8db032aa75d","cpb_hybrid_temp","64.00","","","","false","0"
"0","ChargeDock USB-C","chargedock-usb-c-android","","29.95","Trucking & Fleet; Education & Schools; Kitchen & Home; Road Trips & Travel; General Mounting Solutions","fleet; education; kitchen; travel; amps/modular","","false","0"
"0","cPro Holder with Integrated USB-C Cable","cpro-holder-with-integrated-usb-c-cable","","20.00","Road Trips & Travel; General Mounting Solutions","travel; amps/modular","","false","0"
"0","iBOLT ¼ 20” Camera Screw IncrediBOLT™ AMPS w/ 2” Single Socket Arm Drill Base Mount","ibolt-20-camera-screw-incredibolt-amps-w-2-single-socket-arm-drill-base-mount","","24.95","Restaurants & Food Delivery; Content Creation & Streaming; General Mounting Solutions","restaurant; streaming; amps/modular","","false","0"
"0","iBOLT ¼ 20” Camera Screw IncrediBOLT™ AMPS w/ 4.25” Double Socket Arm- Drill Base Mount","ibolt-20-camera-screw-incredibolt-amps-w-4-25-double-socket-arm-drill-base-mount","","39.95","Restaurants & Food Delivery; Content Creation & Streaming; General Mounting Solutions","restaurant; streaming; amps/modular","","false","0"
"0","iBOLT ¼” 20 Camera Screw Bizmount™ Suction Cup Mount - for Industry Standard ¼” 20 Accessories","ibolt-20-camera-screw-bizmount-suction-cup-mount-for-industry-standard-20-accessories-cameras-dash-cams-camera-flashes-etc","","19.95","Forklifts & Warehousing; Trucking & Fleet; Restaurants & Food Delivery; Content Creation & Streaming; Road Trips & Travel; General Mounting Solutions","warehouse; fleet; restaurant; streaming; travel; amps/modular","","false","0"
"0","iBOLT 17mm Clamp Mount for Handlebars, Poles, Posts- For GoPro Hero Action Cameras, ¼ 20"" Camera Screw","ibolt-17mm-clamp-mount-for-handlebars-poles-posts-for-gopro-hero-action-cameras-20-camera-screw","","15.95","Restaurants & Food Delivery; Content Creation & Streaming; Mountain Biking & Cycling; General Mounting Solutions","restaurant; streaming; cycling; amps/modular","","false","0"
"0","iBOLT 17mm Dual Ball Clamp Mount for Handlebars, Poles, Posts for Garmin GPS and iBOLT Phone Holders","ibolt-17mm-dual-ball-horizontal-clamp-mount-for-handlebars-poles-posts","","24.95","Restaurants & Food Delivery; Mountain Biking & Cycling; General Mounting Solutions","restaurant; cycling; amps/modular","","false","0"
"0","iBOLT 17mm Dual Ball Clamping Mount for Handlebars, Poles, Posts for Garmin GPS Systems and iBOLT Phone Holders","ibolt-17mm-dual-ball-clamping-mount-for-handlebars-poles-posts-compatible-w-garmin-gps-systems-and-ibolt-phone-holders","","29.95","Restaurants & Food Delivery; Mountain Biking & Cycling; General Mounting Solutions","restaurant; cycling; amps/modular","","false","0"
"0","iBOLT 17mm Dual Ball to “Sticky” Suction Cup Mount Base compatible w/ Garmin GPS and iBOLT Phone Holders","ibolt-17mm-dual-ball-to-sticky-suction-cup-mount-base-compatible-w-garmin-gps-and-ibolt-phone-holders","","18.95","Trucking & Fleet; Road Trips & Travel; General Mounting Solutions","fleet; travel; amps/modular","","false","0"
"0","iBOLT 17mm Dual Ball to AMPs Drill Base Mount compatible w/ Garmin GPS and iBOLT Phone Holders","ibolt-17mm-dual-ball-to-amps-drill-base-mount-base-compatible-w-garmin-gps-and-ibolt-phone-holders","","19.95","Restaurants & Food Delivery; Road Trips & Travel; General Mounting Solutions","restaurant; travel; amps/modular","","false","0"
"0","iBOLT 17mm Dual Ball to Round Metal AMPs Drill Base Mount for Garmin GPS and iBOLT Phone Holders","ibolt-17mm-dual-ball-to-round-metal-amps-drill-base-mount-compatible-w-garmin-gps-and-ibolt-phone-holders","","22.95","Restaurants & Food Delivery; Road Trips & Travel; General Mounting Solutions","restaurant; travel; amps/modular","","false","0"
"0","iBOLT 17mm Dual Ball to Strong VHB Adhesive Mount Base compatible w/ Garmin GPS and iBOLT Phone Holders","ibolt-17mm-dual-ball-to-strong-vhb-adhesive-mount-base-compatible-w-garmin-gps-and-ibolt-phone-holders","","17.95","Road Trips & Travel; General Mounting Solutions","travel; amps/modular","","false","0"
"0","iBOLT 17mm Dual Ball Vertical Clamp Mount for Handlebars, Poles, Posts for Garmin GPS Systems and iBOLT Phone Holders","ibolt-17mm-dual-ball-vertical-clamp-mount-for-handlebars-poles-posts-compatible-w-garmin-gps-systems","","24.95","Restaurants & Food Delivery; Mountain Biking & Cycling; General Mounting Solutions","restaurant; cycling; amps/modular","","false","0"
"0","iBOLT 17mm ExtendiBOLT Triple Suction Cup Mount","ibolt-17mm-extendibolt-triple-suction-cup-mount","","84.95","Trucking & Fleet; Restaurants & Food Delivery; Road Trips & Travel; General Mounting Solutions","fleet; restaurant; travel; amps/modular","","false","0"
"0","iBOLT 20mm Metal Ball to ¼ 20 Camera Screw Mount Adapter - for All Industry Standard 20mm mounts","ibolt-20mm-metal-ball-to-20-camera-screw-mount-adapter-for-all-industry-standard-20mm-mounts","","9.95","Restaurants & Food Delivery; Content Creation & Streaming; Agriculture & Farming; General Mounting Solutions","restaurant; streaming; agriculture; amps/modular","","false","0"
"0","iBOLT 20mm Metal Ball to Headrest Mounting Bracket","ibolt-20mm-metal-ball-to-headrest-mounting-bracket","","25.00","Trucking & Fleet; Restaurants & Food Delivery; Road Trips & Travel; General Mounting Solutions","fleet; restaurant; travel; amps/modular","","false","0"
"0","iBolt 20mm to 20mm Metal Extension Ball Adapter","ibolt-20mm-metal-ball-to-20-camera-screw-mount-adapter-for-all-industry-standard-20mm-mounts-1","","16.95","Restaurants & Food Delivery; Content Creation & Streaming; General Mounting Solutions","restaurant; streaming; amps/modular","","false","0"
"0","iBOLT 22mm Ball Socket to 4 Prong adapter with Tightening Ring","ibolt-22mm-ball-socket-to-4-prong-adapter-with-tightening-ring","","4.50","General Mounting Solutions","amps/modular","","false","0"
"0","iBOLT 22mm Ball Socket to 4-Hole AMPs Pattern adapter with Tightening Ring","ibolt-22mm-ball-socket-to-4-hole-amps-pattern-adapter-with-tightening-ring","","3.95","General Mounting Solutions","amps/modular","","false","0"
"0","iBOLT 25mm / 1 inch Composite AMPS Adapter Plate","ibolt-25mm-1-inch-composite-amps-adapter-plate-dual-ball-socket-mounting-arms","","7.95","Restaurants & Food Delivery; Road Trips & Travel; General Mounting Solutions","restaurant; travel; amps/modular","","false","0"
"0","iBOLT 25mm / 1 inch Metal AMPS Adapter Plate","25mm-1-inch-b-size-metal-amps-pattern-adapter-plate-ibpb-33890","","12.95","Road Trips & Travel; General Mounting Solutions","travel; amps/modular","","false","0"
"0","iBOLT 25mm / 1 inch to Dual 17mm Metal Ball Adapter","ibolt-25mm-1-inch-to-dual-metal-17mm-composite-ball-adapter","","34.95","Restaurants & Food Delivery; General Mounting Solutions","restaurant; amps/modular","","false","0"
"0","iBOLT 25mm / 1 inch to Dual 22mm Ball Adapter","ibolt-25mm-1-inch-to-dual-17mm-metal-ball-adapter-copy","","29.95","Restaurants & Food Delivery; General Mounting Solutions","restaurant; amps/modular","","false","0"
"0","iBOLT 25mm/ 1-inch dualMag Industrial Strength Magnetic Base","ibolt-25mm-1-inch-dualmag-industrial-strength-magnetic-base","","76.95","Forklifts & Warehousing; Content Creation & Streaming; General Mounting Solutions","warehouse; streaming; amps/modular","","false","0"
"0","iBOLT 38mm / 1.5-inch DualMag Industrial Strength Magnetic Base","ibolt-38mm-1-5-inch-dualmag-industrial-strength-magnetic-base","","79.95","Forklifts & Warehousing; Content Creation & Streaming; General Mounting Solutions","warehouse; streaming; amps/modular","","false","0"
"0","iBOLT 6ft USB-C to USB-C Charging Cable- iPor 2 Holder Upgrade","ibolt-6ft-usb-c-to-usb-c-charging-cable-ipor-2-holder-upgrade","","13.95","General Mounting Solutions","amps/modular","","false","0"
"0","iBOLT 7.45 inch Composite Dual Ball Bizmount™ with Metal AMPS Drill Base","ibolt-7-45-inch-composite-dual-ball-arm-with-metal-amps-drill-base-mount","","48.95","Forklifts & Warehousing; Restaurants & Food Delivery; General Mounting Solutions","warehouse; restaurant; amps/modular","","false","0"
"0","iBOLT 88mm Diameter Magnetic Mount w/ 1 / 4 20 Camera Screw and GoPro Adapter","ibolt-88mm-diameter-magnetic-mount-base-w-1-4-20-camera-screw-gopro-adapter","","24.95","Forklifts & Warehousing; Off-Roading & Jeep; Content Creation & Streaming; General Mounting Solutions","warehouse; offroad; streaming; amps/modular","","false","0"
"0","iBOLT AccessiBOLT ArmTrack- for Wheelchairs, Rehab Chairs, and Mobility Devices with a Track System","ibolt-armtrack-for-wheelchairs-rehab-chairs-and-mobility-devices-with-a-track-system","","94.95","Restaurants & Food Delivery; Road Trips & Travel; General Mounting Solutions","restaurant; travel; amps/modular","","false","0"
"0","iBOLT AccessiBOLT Dock’n Lock Wheelchair Mobility Tablet Mount","ibolt-accessibolt-dock-n-lock-wheelchair-mobility-tablet-mount","","179.95","Forklifts & Warehousing; General Mounting Solutions","warehouse; amps/modular","","false","0"
"0","iBOLT Action Camera / ¼ inch 20 to 25mm / 1 inch/B Size Ball Adapter","ibolt-action-camera-inch-20-to-25mm-1-inch-b-size-ball-adapter","","8.95","Content Creation & Streaming; Mountain Biking & Cycling; General Mounting Solutions","streaming; cycling; amps/modular","","false","0"
"0","iBOLT Action Camera IncrediBOLT 360 Heavy Duty Dual/Double Suction Cup Mount","ibolt-action-camera-incredibolt-360-heavy-duty-dual-double-suction-cup-mount","","49.95","Trucking & Fleet; Restaurants & Food Delivery; Content Creation & Streaming; Road Trips & Travel; General Mounting Solutions","fleet; restaurant; streaming; travel; amps/modular","","false","0"
"0","iBOLT Action Camera IncrediBOLT 360 Heavy Duty Triple Suction Cup Mount","ibolt-action-camera-incredibolt-360-heavy-duty-triple-suction-cup-mount","","55.95","Trucking & Fleet; Restaurants & Food Delivery; Content Creation & Streaming; Road Trips & Travel; General Mounting Solutions","fleet; restaurant; streaming; travel; amps/modular","","false","0"
"0","iBOLT Action Camera IncrediBOLT Heavy Duty Handlebar/Post/Pole/Rail Mount","ibolt-action-camera-incredibolt-heavy-duty-handlebar-post-pole-rail-mount","","35.95","Restaurants & Food Delivery; Content Creation & Streaming; Mountain Biking & Cycling; General Mounting Solutions","restaurant; streaming; cycling; amps/modular","","false","0"
"0","iBOLT AMPS Forklift Pillar Mount with 57mm (2.25-inch) Ball Joint and 5.25"" Metal Arm","ibolt-amps-monitor-pillar-mount-with-57mm-2-25-inch-ball-joint","","179.95","Forklifts & Warehousing; Road Trips & Travel; General Mounting Solutions","warehouse; travel; amps/modular","","false","0"
"0","iBOLT Barcode Scanner Holder w/Industry Standard 1 inch / 25 mm Ball Connection","ibolt-barcode-scanner-holder-1-inch-25-mm-ball-amps-pattern-ibfl-34502","","27.00","Forklifts & Warehousing; General Mounting Solutions","warehouse; amps/modular","","false","0"
"0","iBOLT Composite 2.5"" Open Socket AMPS Drill Base Mount for 1-inch/ 25mm Ball Joints","ibolt-composite-2-5-open-socket-amps-drill-base-mount-for-1-inch-25mm-ball-joints","","13.95","Restaurants & Food Delivery; General Mounting Solutions","restaurant; amps/modular","","false","0"
"0","iBOLT Composite 2.5"" Open Socket AMPS Drill Base Mount for 1-inch/ 25mm Ball Joints","ibolt-composite-2-5-open-socket-round-amps-drill-base-mount-for-1-inch-25mm-ball-joints","","13.95","Restaurants & Food Delivery; General Mounting Solutions","restaurant; amps/modular","","false","0"
"0","iBOLT Dock'n Lock IncrediBOLT™ 360 AMPS Locking Tablet Mount","ibolt-dock-n-lock-incredibolt-360-amps-locking-tablet-mount","","72.95","Forklifts & Warehousing; Trucking & Fleet; Restaurants & Food Delivery; Road Trips & Travel; General Mounting Solutions","warehouse; fleet; restaurant; travel; amps/modular","","false","0"
"0","iBOLT Dock’n Lock IncrediBOLT™ AMPS w/ 2” Single Socket Arm Locking Tablet Drill Base Mount","ibolt-dock-n-lock-incredibolt-amps-w-2-single-socket-arm-locking-drill-base-mount","","56.95","Restaurants & Food Delivery; Education & Schools; Kitchen & Home; Road Trips & Travel; General Mounting Solutions","restaurant; education; kitchen; travel; amps/modular","","false","0"
"0","iBOLT Dual Suction Cup Base with Universal 4- Hole AMPS Pattern","ibolt-dual-suction-cup-base-with-universal-4-hole-amps-pattern","","24.95","Trucking & Fleet; Road Trips & Travel; General Mounting Solutions","fleet; travel; amps/modular","","false","0"
"0","iBOLT GoPro / Action Camera Dual Arm Handlebar / Rail Mount","ibolt-gopro-action-camera-dual-arm-handlebar-rail-mount","","23.95","Content Creation & Streaming; Mountain Biking & Cycling; General Mounting Solutions","streaming; cycling; amps/modular","","false","0"
"0","iBOLT GoPro / Action Camera Handlebar / Rail Mount","ibolt-gopro-action-camera-handlebar-rail-mount","","21.00","Content Creation & Streaming; Mountain Biking & Cycling; General Mounting Solutions","streaming; cycling; amps/modular","","false","0"
"0","iBOLT IncrediBOLT™ AMPS- 3.2 inch Dual Ball Drill Base Mount","ibolt-incredibolt-amps-3-2-inch-dual-ball-drill-base-mount","","22.95","General Mounting Solutions","amps/modular","","false","0"
"0","iBOLT IncrediBOLT™ AMPS- 5.7 inch Dual Ball Drill Base Mount","ibolt-incredibolt-amps-5-7-inch-dual-ball-drill-base-mount","","37.95","General Mounting Solutions","amps/modular","","false","0"
"0","iBOLT Metal 17mm ExtendiBOLT Triple Suction Cup Mount","ibolt-17mm-metal-extendibolt-triple-suction-cup-mount","","92.95","Trucking & Fleet; Restaurants & Food Delivery; Road Trips & Travel; General Mounting Solutions","fleet; restaurant; travel; amps/modular","","false","0"
"0","iBOLT miniProXL AccessiBOLT ArmTrack- for Wheelchairs, Rehab Chairs, and Mobility Devices with a Track System","ibolt-miniproxl-accessibolt-armtrack-for-wheelchairs-rehab-chairs-and-mobility-devices-with-a-track-system","","94.95","Restaurants & Food Delivery; Road Trips & Travel; General Mounting Solutions","restaurant; travel; amps/modular","","false","0"
"0","iBOLT miniProXL AccessiBOLT Seat Track- for 2.2""-3.7"" screen phones- Great for Wheelchairs, Rehab Chairs, and Mobility Devices with a Track System","ibolt-miniproxl-accessibolt-seat-track-for-2-2-3-7-screen-phones-great-for-wheelchairs-rehab-chairs-and-mobility-devices-with-a-track-system","","115.00","Restaurants & Food Delivery; Road Trips & Travel; General Mounting Solutions","restaurant; travel; amps/modular","","false","0"
"0","iBOLT miniProXL AMPS Car Mount- Low Profile Phone Holder with 4-Hole AMPS Drill or Adhesive Base- Comes with Multiple mounting Options","minipro-amps-drill-base-phone-holder-ibu-33427","","15.95","Road Trips & Travel; General Mounting Solutions","travel; amps/modular","","false","0"
"0","iBOLT Moto-Vise™ Bizmount™ 88mm Diameter Magnetic Mount Bizmount™ w/ 1 / 4 20 Camera Screw","ibolt-moto-vise-bizmount-88mm-diameter-magnetic-mount-bizmount-w-1-4-20-camera-screw","","44.95","Forklifts & Warehousing; Content Creation & Streaming; Kitchen & Home; General Mounting Solutions","warehouse; streaming; kitchen; amps/modular","","false","0"
"0","iBOLT Moto-Vise™ Bizmount™ Heavy Duty 11mm Bolt mount","ibolt-moto-vise-bizmount-heavy-duty-11mm-bolt-mount","","39.95","Forklifts & Warehousing; Mountain Biking & Cycling; General Mounting Solutions","warehouse; cycling; amps/modular","","false","0"
"0","iBOLT Moto-Vise™ Bizmount™ Heavy Duty 9mm Bolt mount for Motorcycles mirror frames","ibolt-moto-vise-phone-mount-9mm-bolt-mount-for-motorcycles-mirror-frames-ibmc-34722","","39.95","Forklifts & Warehousing; Mountain Biking & Cycling; General Mounting Solutions","warehouse; cycling; amps/modular","","false","0"
"0","iBOLT Moto-Vise™ Forklift BizMount™ Pillar Mount","ibolt-motovise-forklift-bizmount-pillar-mount","","79.95","Forklifts & Warehousing; General Mounting Solutions","warehouse; amps/modular","","false","0"
"0","iBOLT SafeMag Suction Cup Mount- Compatible with Qi, MagSafe and Wireless charging pucks","ibolt-safemag-suction-cup-mount-compatible-with-qi-magsafe-and-wireless-charging-pucks","","32.95","Trucking & Fleet; Road Trips & Travel; General Mounting Solutions","fleet; travel; amps/modular","","false","0"
"0","iBOLT sPro2 Grip - Compact Clamp Mount","ibolt-spro2-grip-compact-clamp-mount","","21.95","General Mounting Solutions","amps/modular","","false","0"
"0","iBOLT TabDock AccessiBOLT Universal Wheelchair Mobility Tablet Mount","ibolt-tabdock-accessibolt-universal-wheelchair-mobility-tablet-mount","","160.00","General Mounting Solutions","amps/modular","","false","0"
"0","iBOLT TabDock BizMount dualMag Low-Profile Strong Magnetic Mount for 7 to 10 inch Tablets","ibolt-tabdock-bizmount-dualmag-low-profile-strong-magnetic-mount-for-7-to-10-inch-tablets","","58.95","Forklifts & Warehousing; Restaurants & Food Delivery; General Mounting Solutions","warehouse; restaurant; amps/modular","","false","0"
"0","iBOLT TabDock IncrediBOLT 360 Heavy Duty Dual Suction Cup Mount","ibolt-tabdock-incredibolt-360-heavy-duty-dual-suction-cup-mount","","79.95","Trucking & Fleet; Road Trips & Travel; General Mounting Solutions","fleet; travel; amps/modular","","false","0"
"0","iBOLT TabDock miniBall VHB Adhesive Mount","ibolt-tabdock-miniball-vhb-adhesive-mount","","19.95","General Mounting Solutions","amps/modular","","false","0"
"0","iBOLT TabDock™ Bizmount™ Flexpro - Heavy Duty Seat Rail Mount","tabdock-bizmount-flexpro-heavy-duty-tablet-metal-seat-rail-mount-1-inch-ball-ibbz-33957","","34.95","Forklifts & Warehousing; Restaurants & Food Delivery; General Mounting Solutions","warehouse; restaurant; amps/modular","","false","0"
"0","iBOLT TabDock™ Bizmount™ Metal AMPs","ibolt-tabdock-bizmount-metal-amps","","39.95","Forklifts & Warehousing; Trucking & Fleet; Road Trips & Travel; General Mounting Solutions","warehouse; fleet; travel; amps/modular","","false","0"
"0","iBOLT TabDock™ Bizmount™ VHB- Heavy Duty Strong VHB Adhesive Mount Compatible with 7”-10” Tablets (iPad, Samsung Tab, etc)","ibolt-tabdock-bizmount-vhb-heavy-duty-strong-vhb-adhesive-mount","","29.95","Forklifts & Warehousing; General Mounting Solutions","warehouse; amps/modular","","false","0"
"0","iBOLT TabDock™ Dual XL Barcode Scanner Forklift Pillar Mount","ibolt-tabdock-dual-xl-barcode-scanner-forklift-pillar-mount","","119.95","Forklifts & Warehousing; Road Trips & Travel; General Mounting Solutions","warehouse; travel; amps/modular","","false","0"
"0","iBOLT TabDock™ FixedPro 360 Suction- Heavy Duty Metal 8"" Multi-Angle Suction Cup Mount for All 7"" - 10"" Tablets","ibolt-tabdock-fixedpro-360-suction-heavy-duty-metal-8-multi-angle-suction-cup-mount-for-all-7-10-tablets","","69.95","Trucking & Fleet; Road Trips & Travel; General Mounting Solutions","fleet; travel; amps/modular","","false","0"
"0","iBOLT TabDock™ IncrediBOLT™ AMPS w/ 2” Single Socket Arm Drill Base","ibolt-tabdock-dynamount-amps-w-2-single-socket-arm-drill-base","","37.95","Trucking & Fleet; Road Trips & Travel; General Mounting Solutions","fleet; travel; amps/modular","","false","0"
"0","iBOLT TabDock™ IncrediBOLT™ AMPS w/ 4.25” Dual Socket Arm Drill Base","ibolt-tabdock-dynamount-amps-w-4-25-dual-socket-arm-drill-base","","54.95","Trucking & Fleet; General Mounting Solutions","fleet; amps/modular","","false","0"
"0","iBOLT TabDock™ IncrediBOLT™ VHB- Heavy Duty Strong VHB Adhesive Mount Compatible with 7”-10” Tablets","ibolt-tabdocktm-incredibolttm-vhb-heavy-duty-strong-vhb-adhesive-mount-compatible-with-7-10-tablets","","41.95","Restaurants & Food Delivery; General Mounting Solutions","restaurant; amps/modular","","false","0"
"0","iBOLT Tabdock™ Slim Suction Cup Extender","ibolt-tabdock-slim-suction-cup-extender","","29.95","Trucking & Fleet; Road Trips & Travel; General Mounting Solutions","fleet; travel; amps/modular","","false","0"
"0","iBOLT TabDock™ Tablet Holder","tabdock-universal-tablet-holder-21110","","15.00","General Mounting Solutions","amps/modular","","false","0"
"0","iBOLT TabDock™ Tablet Holder with 4-Hole AMPS pattern Connection","ibolt-tabdock-tablet-holder-with-4-hole-amps-pattern-connection","","18.00","General Mounting Solutions","amps/modular","","false","0"
"0","iBOLT Triple Suction Cup Base with Universal 4- Hole AMPS Pattern","ibolt-triple-suction-cup-base-with-universal-4-hole-amps-pattern","","29.95","Trucking & Fleet; Road Trips & Travel; General Mounting Solutions","fleet; travel; amps/modular","","false","0"
"0","iBOLT Tripod miniPro XL Flexible 3-in-1 :11 inch Tripod for Smartphones, Cameras, and GoPros","minipro-xl-flexilble-smartphone-gopro-camera-tripod-ibcm-3410","","29.95","Content Creation & Streaming; General Mounting Solutions","streaming; amps/modular","","false","0"
"0","iBOLT VESA 75x75 mm/ 100x100 mm Dual XL Barcode Scanner Forklift Pillar Mount","ibolt-vesa-75x75-mm-100x100-mm-dual-xl-barcode-scanner-forklift-pillar-mount","","139.95","Forklifts & Warehousing; Road Trips & Travel; General Mounting Solutions","warehouse; travel; amps/modular","","false","0"
"0","iBOLT VESA 75x75 mm/ 100x100 mm IncrediBOLT™ Forklift Mount","ibolt-vesa-75x75-mm-100x100-mm-incredibolt-forklift-mount","","87.95","Forklifts & Warehousing; Road Trips & Travel; General Mounting Solutions","warehouse; travel; amps/modular","","false","0"
"0","iBOLT VESA 75x75 mm/ 100x100 mm Monitor Pillar Mount","ibolt-vesa-75x75-mm-100x100-mm-monitor-pillar-mount","","69.95","Forklifts & Warehousing; Road Trips & Travel; General Mounting Solutions","warehouse; travel; amps/modular","","false","0"
"0","iBOLT XL Barcode Scanner Forklift Pillar Mount for Warehouse Vehicles, Inventory Management, and Material Handling","ibolt-xl-barcode-scanner-forklift-pillar-mount-for-warehouse-vehicles-inventory-management-and-material-handling","","72.00","Forklifts & Warehousing; Road Trips & Travel; General Mounting Solutions","warehouse; travel; amps/modular","","false","0"
"0","iBOLT XL Barcode Scanner IncrediBOLT™ 360 Forklift Pillar Mount","ibolt-xl-barcode-scanner-incredibolt-360-forklift-pillar-mount","","91.95","Forklifts & Warehousing; General Mounting Solutions","warehouse; amps/modular","","false","0"
"0","iBOLT XL Barcode Scanner Magnetic Forklift Mount","ibolt-xl-barcode-scanner-magnetic-forklift-mount","","139.95","Forklifts & Warehousing; General Mounting Solutions","warehouse; amps/modular","","false","0"
"0","iBOLT XL Barcode Scanner Magnetic Mount – Heavy-Duty 88mm Magnetic Base for Warehouse Vehicles, Inventory Management & Material Handling","ibolt-xl-barcode-scanner-magnetic-mount-heavy-duty-88mm-magnetic-base-for-warehouse-vehicles-inventory-management-material-handling","","67.95","Forklifts & Warehousing; Restaurants & Food Delivery; Road Trips & Travel; General Mounting Solutions","warehouse; restaurant; travel; amps/modular","","false","0"
"0","iBOLT™ (10 inch) 25mm / 1 inch to 25mm / 1 inch Flexible Extension Ball Adapter","ibolt-10-inch-25mm-1-inch-to-25mm-1-inch-flexible-extension-ball-adapter","","14.95","Restaurants & Food Delivery; General Mounting Solutions","restaurant; amps/modular","","false","0"
"0","iBOLT™ (15 inch) 25mm / 1 inch to 25mm / 1 inch Flexible Extension Ball Adapter","ibolt-15-inch-25mm-1-inch-to-25mm-1-inch-flexible-extension-ball-adapter-for-industry-standard-dual-ball-socket","","17.95","Restaurants & Food Delivery; General Mounting Solutions","restaurant; amps/modular","","false","0"
"0","iBOLT™ 1 inch / 25mm Aluminum Motorcycle / Bicycle Handlebar, Pole, Post mount","ibolt-1-inch-25mm-aluminum-motorcycle-bicycle-handlebar-pole-post-mount","","29.95","Restaurants & Food Delivery; Mountain Biking & Cycling; General Mounting Solutions","restaurant; cycling; amps/modular","","false","0"
"0","iBOLT™ 1 inch / 25mm Composite Motorcycle / Bicycle Handlebar, Pole, Post mount","ibolt-1-inch-25mm-composite-motorcycle-bicycle-handlebar-pole-post-mount","","14.00","Restaurants & Food Delivery; Mountain Biking & Cycling; General Mounting Solutions","restaurant; cycling; amps/modular","","false","0"
"0","iBOLT™ 1 inch / 25mm to 11mm Bolt adapter for Motorcycle Mirror frames, Handlebar Pinch Bolts and more","ibolt-1-inch-25mm-to-11mm-bolt-adapter-for-motorcycle-mirror-frames-handlebar-pinch-bolts-and-more","","14.95","Mountain Biking & Cycling; General Mounting Solutions","cycling; amps/modular","","false","0"
"0","iBOLT™ 1 inch / 25mm to 9mm Angled Bolt adapter for Motorcycle Mirror frames, Handlebar Pinch Bolts and more","ibolt-1-inch-25mm-to-9mm-angled-bolt-adapter-for-motorcycle-mirror-frames-handlebar-pinch-bolts-and-more","","14.95","Mountain Biking & Cycling; General Mounting Solutions","cycling; amps/modular","","false","0"
"0","iBOLT™ ¼ 20 Camera Screw to 25mm / 1 inch Ball Mount Adapter","ibolt-20-camera-screw-to-25mm-1-inch-ball-mount-adapter-for-all-industry-standard-1-inch-25-mm-mounts","","8.95","Content Creation & Streaming; General Mounting Solutions","streaming; amps/modular","","false","0"
"0","iBOLT™ ¼ 20 Camera Screw to 38mm / 1.5 inch Ball Mount Adapter","ibolt-20-camera-screw-to-38mm-1-5-inch-ball-mount-adapter-for-all-industry-standard-1-5-inch-38-mm-mounts","","9.95","Content Creation & Streaming; General Mounting Solutions","streaming; amps/modular","","false","0"
"0","iBOLT™ 17mm Clamp Mount for Handlebars, Poles, Posts","ibolt-17mm-clamp-mount-for-handlebars-poles-posts-compatible-with-garmin-gps-systems-and-ibolt-smartphone-holders","","14.95","Restaurants & Food Delivery; Mountain Biking & Cycling; General Mounting Solutions","restaurant; cycling; amps/modular","","false","0"
"0","iBOLT™ 17mm Tightening Ring","17mm-ibolt-tightening-ring-car-docks-phone-mounts-holders","","5.00","Road Trips & Travel; General Mounting Solutions","travel; amps/modular","","false","0"
"0","iBOLT™ 17mm Vent Mount for Phone Holders and Garmin Devices","17mm-vent-mount-for-garmin-smartphone-holders","","5.98","Road Trips & Travel; General Mounting Solutions","travel; amps/modular","","false","0"
"0","iBOLT™ 20mm Adjustable Aluminum Ball Cup Holder Mount","ibolt-20mm-adjustable-aluminum-ball-cup-holder-mount","","39.95","Road Trips & Travel; General Mounting Solutions","travel; amps/modular","","false","0"
"0","iBOLT™ 20mm ball to Metal VESA 75 / 100 adapter","20mm-ball-vesa75-100-metal-vesa-mount-23510","","17.95","General Mounting Solutions","amps/modular","","false","0"
"0","iBOLT™ 20mm Metal Ball Suction Cup Base","ibolt-20mm-metal-ball-suction-cup-base-for-industry-standard-20mm-dual-ball-socket-mounting-arms","","34.95","Trucking & Fleet; Restaurants & Food Delivery; Road Trips & Travel; General Mounting Solutions","fleet; restaurant; travel; amps/modular","","false","0"
"0","iBOLT™ 20mm to 25mm / 1 inch Aluminum Extension Ball Adapter","ibolt-20mm-to-25mm-1-inch-aluminum-extension-ball-adapter-for-industry-standard-dual-ball-socket-mounting-arms","","17.95","General Mounting Solutions","amps/modular","","false","0"
"0","iBOLT™ 20mm to 4 Prong Composite Ball Adapter","ibolt-22mm-to-4-prong-composite-ball-adapter-for-industry-standard-22mm-mounts-and-adapters-works-with-ibolt-tablet-tabdock-holders","","3.95","Restaurants & Food Delivery; General Mounting Solutions","restaurant; amps/modular","","false","0"
"0","iBOLT™ 22mm Clamp Mount for Handlebars, poles, posts","ibolt-22mm-clamp-mount-for-handlebars-poles-posts-and-industry-standard-22mm-ball-mounts","","11.95","Restaurants & Food Delivery; Content Creation & Streaming; Mountain Biking & Cycling; General Mounting Solutions","restaurant; streaming; cycling; amps/modular","","false","0"
"0","iBOLT™ 22mm Composite AMPS Pattern Drill base Plate","ibolt-22mm-composite-amps-pattern-drill-base-plate","","4.99","Restaurants & Food Delivery; General Mounting Solutions","restaurant; amps/modular","","false","0"
"0","iBOLT™ 22mm miniball VHB Adhesive Mount","ibolt-22mm-miniball-vhb-adhesive-mount","","3.95","Road Trips & Travel; General Mounting Solutions","travel; amps/modular","","false","0"
"0","iBOLT™ 25mm / 1 inch / B Size to 38mm / 1.5 inch / C Size Composite Extension Ball Adapter","ibolt-25mm-1-inch-b-size-to-38mm-1-5-inch-c-size-composite-extension-ball-adapter","","12.95","Restaurants & Food Delivery; General Mounting Solutions","restaurant; amps/modular","","false","0"
"0","iBOLT™ 25mm / 1 inch Ball to Clamp Post / Pole / Handlebar Mount","ibolt-25mm-1-inch-ball-to-clamp-post-pole-handlebar-mount-base-adapter","","19.95","Restaurants & Food Delivery; Road Trips & Travel; Mountain Biking & Cycling; General Mounting Solutions","restaurant; travel; cycling; amps/modular","","false","0"
"0","iBOLT™ 25mm / 1 inch Composite AMPS Round Adapter Plate","25mm-1-inch-round-composite-amps-plate-23528","","7.95","Restaurants & Food Delivery; Road Trips & Travel; General Mounting Solutions","restaurant; travel; amps/modular","","false","0"
"0","iBOLT™ 25mm / 1 inch Heavy Duty Metal Ball Suction Cup Base","ibolt-25mm-1-inch-heavy-duty-metal-ball-suction-cup-base","","29.95","Forklifts & Warehousing; Trucking & Fleet; Restaurants & Food Delivery; Road Trips & Travel; General Mounting Solutions","warehouse; fleet; restaurant; travel; amps/modular","","false","0"
"0","iBOLT™ 25mm / 1 inch to 17mm Composite Ball Adapter","ibolt-25mm-1-inch-to-17mm-composite-ball-adapter-for-industry-standard-dual-ball-socket","","6.99","Restaurants & Food Delivery; General Mounting Solutions","restaurant; amps/modular","","false","0"
"0","iBOLT™ 25mm / 1 inch/B Size to 4 Prong Composite Ball Adapter","ibolt-25mm-1-inch-b-size-to-4-prong-composite-ball-adapter-21226","","6.95","Restaurants & Food Delivery; General Mounting Solutions","restaurant; amps/modular","","false","0"
"0","iBOLT™ 25mm/ 1 inch/ B Size Adjustable Cupholder Mount","25mm-1-inch-ball-b-size-adjustable-cupholder-mount-22159","","37.00","Forklifts & Warehousing; Road Trips & Travel; General Mounting Solutions","warehouse; travel; amps/modular","","false","0"
"0","iBOLT™ 25MM/ 1 INCH/ B SIZE Car Wedge Mount","25mm-1-inch-ball-b-size-adjustable-seat-wedge-mount-22173","","25.00","Road Trips & Travel; General Mounting Solutions","travel; amps/modular","","false","0"
"0","iBOLT™ 25MM/ 1 INCH/ B SIZE Metal C-Clamp Mount","25mm-1-inch-ball-b-size-adjustable-clamp-mount-22174","","15.95","Forklifts & Warehousing; Education & Schools; Kitchen & Home; Road Trips & Travel; General Mounting Solutions","warehouse; education; kitchen; travel; amps/modular","","false","0"
"0","iBOLT™ 3 Camera Slide Bar - for 1/4 "" 20 Accessories","camera-screw-three-slider-bar-tripod-attachment-23522","","19.95","Content Creation & Streaming; General Mounting Solutions","streaming; amps/modular","","false","0"
"0","iBOLT™ 38mm / 1.5 inch Ball Metal AMPS Adapter Plate","ibolt-38mm-1-5-inch-ball-metal-amps-adapter-plate","","13.95","Road Trips & Travel; General Mounting Solutions","travel; amps/modular","","false","0"
"0","iBOLT™ 38mm / 1.5 inch Ball to Clamp Post / Pole / Handlebar Mount","ibolt™-38mm-1-5-inch-ball-to-clamp-post-pole-handlebar-mount","","32.95","Restaurants & Food Delivery; Road Trips & Travel; Mountain Biking & Cycling; General Mounting Solutions","restaurant; travel; cycling; amps/modular","","false","0"
"0","iBOLT™ 38mm / 1.5 inch Composite AMPS Adapter Plate","ibolt-38mm-1-5-inch-composite-amps-adapter-plate-for-industry-standard-dual-ball-socket-mounting-arms","","7.95","Restaurants & Food Delivery; General Mounting Solutions","restaurant; amps/modular","","false","0"
"0","iBOLT™ 38mm / 1.5 inch Composite AMPS Pattern to ¼ 20” Metal Camera Screw Mount","ibamps-34214-ibolt-38mm-1-5-inch-composite-rectangular-amps-pattern-to-20-metal-camera-screw-dual-ball-mount","","34.95","Restaurants & Food Delivery; Content Creation & Streaming; General Mounting Solutions","restaurant; streaming; amps/modular","","false","0"
"0","iBOLT™ 38mm / 1.5 inch Composite AMPS Round Adapter Plate","ibolt-38mm-1-5-inch-composite-amps-round-adapter-plate","","7.95","Restaurants & Food Delivery; Road Trips & Travel; General Mounting Solutions","restaurant; travel; amps/modular","","false","0"
"0","iBOLT™ 38mm / 1.5 inch Composite AMPS to ¼ 20” Camera Screw Mount","ibolt-38mm-1-5-inch-composite-amps-to-20-composite-camera-screw-5-inch-dual-ball-mount","","37.95","Restaurants & Food Delivery; Content Creation & Streaming; General Mounting Solutions","restaurant; streaming; amps/modular","","false","0"
"0","iBOLT™ 38mm / 1.5 inch Composite AMPS to ¼ 20” Composite Camera Screw Dual Ball Mount","ibolt-38mm-1-5-inch-composite-amps-to-20-composite-camera-screw-dual-ball-mount","","49.95","Restaurants & Food Delivery; Content Creation & Streaming; General Mounting Solutions","restaurant; streaming; amps/modular","","false","0"
"0","iBOLT™ 38mm / 1.5 inch Composite AMPS to ¼ 20” Metal Camera Screw Mount","ibolt-38mm-1-5-inch-composite-rectangular-amps-pattern-to-20-metal-camera-screw-dual-ball-mount","","49.95","Restaurants & Food Delivery; Content Creation & Streaming; General Mounting Solutions","restaurant; streaming; amps/modular","","false","0"
"0","iBOLT™ 38mm / 1.5 inch Composite AMPS to ¼ 20” Metal Camera Screw Mount","ibolt-38mm-1-5-inch-composite-rectangular-amps-pattern-to-20-metal-camera-screw-dual-ball-mount-featuring-a-8-5-inch-aluminum-38mm-bizmount-arm","","62.95","Forklifts & Warehousing; Restaurants & Food Delivery; Content Creation & Streaming; General Mounting Solutions","warehouse; restaurant; streaming; amps/modular","","false","0"
"0","iBOLT™ 38mm / 1.5 inch Composite Diamond AMPS to ¼ 20” Camera Screw Mount","ibolt-38mm-1-5-inch-composite-diamond-amps-pattern-to-20-composite-camera-screw-dual-ball-mount-featuring-a-5-75-inch-composite-38mm-bizmount-arm","","32.95","Forklifts & Warehousing; Restaurants & Food Delivery; Content Creation & Streaming; General Mounting Solutions","warehouse; restaurant; streaming; amps/modular","","false","0"
"0","iBOLT™ 38mm / 1.5 inch Composite Diamond AMPS to ¼ 20” Composite Camera Screw Mount","ibolt-38mm-1-5-inch-composite-diamond-amps-pattern-to-20-composite-camera-screw-dual-ball-mount-featuring-a-3-5-inch-composite-38mm-bizmount-arm","","24.95","Forklifts & Warehousing; Restaurants & Food Delivery; Content Creation & Streaming; General Mounting Solutions","warehouse; restaurant; streaming; amps/modular","","false","0"
"0","iBOLT™ 38mm / 1.5 inch Composite Rectangular AMPS Pattern Drill Base Mount","ibolt-38mm-1-5-inch-composite-rectangular-amps-pattern-to-amps-pattern-drill-base-dual-ball-mount","","36.95","Restaurants & Food Delivery; General Mounting Solutions","restaurant; amps/modular","","false","0"
"0","iBOLT™ 38mm / 1.5 inch Composite Rectangular AMPS to ¼ 20” Composite Camera Screw Mount","ibolt-38mm-1-5-inch-composite-rectangular-amps-pattern-to-20-composite-camera-screw-dual-ball-mount-featuring-a-3-5-inch-composite-38mm-bizmount-arm","","23.95","Forklifts & Warehousing; Restaurants & Food Delivery; Content Creation & Streaming; General Mounting Solutions","warehouse; restaurant; streaming; amps/modular","","false","0"
"0","iBOLT™ 38mm / 1.5 inch Composite Rectangular AMPS to AMPS Drill Base Mount","ibamps-34212-ibolt-38mm-1-5-inch-composite-rectangular-amps-pattern-to-amps-pattern-drill-base-dual-ball-mount","","21.95","Restaurants & Food Delivery; General Mounting Solutions","restaurant; amps/modular","","false","0"
"0","iBOLT™ 38mm / 1.5 inch Composite Rectangular AMPS to AMPS Mount","ibolt-38mm-1-5-inch-composite-rectangular-amps-pattern-to-amps-pattern-drill-base-dual-ball-mount-featuring-a-5-75-inch-composite-38mm-bizmount-arm","","29.95","Forklifts & Warehousing; Restaurants & Food Delivery; General Mounting Solutions","warehouse; restaurant; amps/modular","","false","0"
"0","iBOLT™ 38mm / 1.5 inch Metal AMPS Pattern to VESA 75 x 75 Mount for Monitors, displays, or tv’s","ibamps-34211-ibolt-38mm-1-5-inch-metal-rectangular-amps-pattern-to-vesa-75-x-75-dual-ball-mount-for-monitors-displays-or-tv-s","","52.95","General Mounting Solutions","amps/modular","","false","0"
"0","iBOLT™ 38mm / 1.5 inch Metal AMPS Round Adapter Plate","ibolt-38mm-1-5-inch-metal-amps-round-adapter-plate-for-industry-standard-dual-ball-socket-mounting-arms","","13.95","Fishing & Boating; General Mounting Solutions","fishing; amps/modular","","false","0"
"0","iBOLT™ 38mm / 1.5 inch Metal AMPS to ¼ 20” Camera Screw Mount","ibolt-38mm-1-5-inch-metal-rectangular-amps-pattern-to-20-composite-camera-screw-dual-ball-mount-featuring-a-3-5-inch-composite-38mm-bizmount-arm","","29.95","Forklifts & Warehousing; Restaurants & Food Delivery; Content Creation & Streaming; General Mounting Solutions","warehouse; restaurant; streaming; amps/modular","","false","0"
"0","iBOLT™ 38mm / 1.5 inch Metal AMPS to ¼ 20” Composite Camera Screw Mount","ibolt-38mm-1-5-inch-metal-rectangular-amps-pattern-to-20-composite-camera-screw-dual-ball-mount-featuring-a-8-5-inch-aluminum-38mm-bizmount-arm","","57.95","Forklifts & Warehousing; Restaurants & Food Delivery; Content Creation & Streaming; General Mounting Solutions","warehouse; restaurant; streaming; amps/modular","","false","0"
"0","iBOLT™ 38mm / 1.5 inch Metal AMPS to ¼ 20” Composite Camera Screw Mount","ibolt-38mm-1-5-inch-metal-amps-to-20-composite-camera-screw-dual-ball-mount","","39.95","Restaurants & Food Delivery; Content Creation & Streaming; General Mounting Solutions","restaurant; streaming; amps/modular","","false","0"
"0","iBOLT™ 38mm / 1.5 inch Metal AMPS to Composite Diamond AMPS Drill Base Mount","ibolt-38mm-1-5-inch-metal-rectangular-amps-pattern-to-composite-diamond-amps-pattern-drill-base-dual-ball-mount","","45.95","Restaurants & Food Delivery; General Mounting Solutions","restaurant; amps/modular","","false","0"
"0","iBOLT™ 38mm / 1.5 inch Metal AMPS to VESA 75 x 75 / VESA 100 x 100 Mount","ibolt-38mm-1-5-inch-metal-rectangular-amps-to-vesa-75-x-75-vesa-100-x-100-8-5-inch-dual-ball-mount","","88.95","General Mounting Solutions","amps/modular","","false","0"
"0","iBOLT™ 38mm / 1.5 inch Metal AMPS to VESA 75 x 75 / VESA 100 x 100 Mount","ibolt-38mm-1-5-inch-metal-amps-to-vesa-75-x-75-vesa-100-x-100-5-inch-dual-ball-mount","","76.95","General Mounting Solutions","amps/modular","","false","0"
"0","iBOLT™ 38mm / 1.5 inch Metal AMPS to VESA 75 x 75 / VESA 100 x 100 Mount for Monitors, displays, or tv’s","ibamps-34269-ibolt-38mm-1-5-inch-metal-circular-amps-pattern-to-vesa-75-x-75-vesa-100-x-100-dual-ball-mount-for-monitors-displays-or-tv-s","","89.95","General Mounting Solutions","amps/modular","","false","0"
"0","iBOLT™ 38mm / 1.5 inch Metal AMPS to VESA 75 x 75 / VESA 100 x 100 Mount for Monitors, displays, or tv’s","ibolt-38mm-1-5-inch-metal-circular-amps-pattern-to-vesa-75-x-75-vesa-100-x-100-dual-ball-mount-for-monitors-displays-or-tv-s","","70.00","Restaurants & Food Delivery; General Mounting Solutions","restaurant; amps/modular","","false","0"
"0","iBOLT™ 38mm / 1.5 inch Metal AMPS to VESA 75 x 75 Dual Ball Mount for Monitors, displays, or tv’s","ibolt-38mm-1-5-inch-metal-rectangular-amps-pattern-to-vesa-75-x-75-dual-ball-mount-for-monitors-displays-or-tv-s","","67.95","General Mounting Solutions","amps/modular","","false","0"
"0","iBOLT™ 38mm / 1.5 inch Metal AMPS to VESA 75 x 75 Mount for Monitors, displays, or tv’s","ibamps-34233-ibolt-38mm-1-5-inch-metal-rectangular-amps-pattern-to-vesa-75-x-75-dual-ball-mount-for-monitors-displays-or-tv-s","","61.95","Restaurants & Food Delivery; General Mounting Solutions","restaurant; amps/modular","","false","0"
"0","iBOLT™ 38mm / 1.5 inch Metal Circular AMPS Pattern to ¼ 20” Camera Screw Mount","ibolt-38mm-1-5-inch-metal-circular-amps-pattern-to-20-composite-camera-screw-dual-ball-mount-featuring-a-5-inch-metal-38mm-bizmount-arm","","46.95","Forklifts & Warehousing; Restaurants & Food Delivery; Content Creation & Streaming; General Mounting Solutions","warehouse; restaurant; streaming; amps/modular","","false","0"
"0","iBOLT™ 38mm / 1.5 inch Metal Circular AMPS Pattern to AMPS Pattern Drill Base","ibolt-38mm-1-5-inch-metal-circular-amps-pattern-to-amps-pattern-drill-base","","79.95","General Mounting Solutions","amps/modular","","false","0"
"0","iBOLT™ 38mm / 1.5 inch Metal Circular AMPS to ¼ 20” Composite Camera Screw Mount","ibolt-38mm-1-5-inch-metal-circular-amps-pattern-to-20-composite-camera-screw-dual-ball-mount-featuring-a-5-75-inch-composite-38mm-bizmount-arm","","31.95","Forklifts & Warehousing; Restaurants & Food Delivery; Content Creation & Streaming; General Mounting Solutions","warehouse; restaurant; streaming; amps/modular","","false","0"
"0","iBOLT™ 38mm / 1.5 inch Metal Circular AMPS to ¼ 20” Metal Camera Screw Mount","ibamps-34232-ibolt-38mm-1-5-inch-metal-circular-amps-pattern-to-20-metal-camera-screw-dual-ball-mount","","52.00","Restaurants & Food Delivery; Content Creation & Streaming; General Mounting Solutions","restaurant; streaming; amps/modular","","false","0"
"0","iBOLT™ 38mm / 1.5 inch Metal Circular AMPS to AMPS Drill Base Mount","ibolt-38mm-1-5-inch-metal-circular-amps-pattern-to-amps-pattern-drill-base-dual-ball-mount","","47.95","General Mounting Solutions","amps/modular","","false","0"
"0","iBOLT™ 38mm / 1.5 inch Metal Circular AMPS to Metal Circular AMPS Drill Base Mount","ibolt-38mm-1-5-inch-metal-circular-amps-pattern-to-metal-circular-amps-pattern-drill-base-dual-ball-mount","","54.95","General Mounting Solutions","amps/modular","","false","0"
"0","iBOLT™ 38mm / 1.5 inch Metal Circular AMPS to VESA 75 x 75 / VESA 100 x 100 Mount","ibolt-38mm-1-5-inch-metal-circular-amps-pattern-to-vesa-75-x-75-vesa-100-x-100-dual-ball-mount","","77.95","General Mounting Solutions","amps/modular","","false","0"
"0","iBOLT™ 38mm / 1.5 inch Metal Rectangular AMPS Pattern to AMPS Pattern Drill Base","ibolt-38mm-1-5-inch-metal-rectangular-amps-pattern-to-amps-pattern-drill-base","","64.95","General Mounting Solutions","amps/modular","","false","0"
"0","iBOLT™ 38mm / 1.5 inch Metal Rectangular AMPS to AMPS Drill Base Mount","ibolt-38mm-1-5-inch-metal-rectangular-amps-pattern-to-amps-pattern-3-5-inch-drill-base","","37.95","General Mounting Solutions","amps/modular","","false","0"
"0","iBOLT™ 38mm / 1.5 inch Metal Rectangular AMPS to AMPS Drill Base Mount","ibolt-38mm-1-5-inch-metal-rectangular-amps-pattern-to-amps-pattern-drill-base-dual-ball-mount","","47.95","General Mounting Solutions","amps/modular","","false","0"
"0","iBOLT™ 38mm / 1.5 inch Metal Rectangular AMPS to AMPS Mount","ibolt-38mm-1-5-inch-metal-rectangular-amps-to-amps-drill-base-dual-ball-mount","","45.95","General Mounting Solutions","amps/modular","","false","0"
"0","iBOLT™ 38mm / 1.5 inch Metal Rectangular AMPS to VESA 75 x 75 / VESA 100 x 100 Mount","ibolt-38mm-1-5-inch-metal-rectangular-amps-pattern-to-vesa-75-x-75-vesa-100-x-100-5-75-inch-dual-ball-mount","","69.95","Restaurants & Food Delivery; General Mounting Solutions","restaurant; amps/modular","","false","0"
"0","iBOLT™ 38mm / 1.5 inch to VESA 75 x 75 Ball Adapter for monitors, displays, or tv’s","ibolt-38mm-1-5-inch-to-vesa-75-x-75-ball-adapter-for-monitors-displays-or-tv-s","","34.95","Fishing & Boating; General Mounting Solutions","fishing; amps/modular","","false","0"
"0","iBOLT™ 5 inch Metal Dual Ball Socket Arm for 38 mm / 1.5 inch Ball Joint","5-inch-metal-dual-ball-socket-arm-for-38-mm-1-5-inch-c-size-ball-mount-22184","","24.95","Forklifts & Warehousing; General Mounting Solutions","warehouse; amps/modular","","false","0"
"0","iBOLT™ 6ft(2m) Micro USB to USB Charging Cable","6ft-2m-micro-usb-to-usb-charging-cable-car-docks-phone-mounts-holder","","7.95","Road Trips & Travel; General Mounting Solutions","travel; amps/modular","","false","0"
"0","iBOLT™ 80mm Suction Cup Adhesive Dash Discs","adhesive-dash-discs-suction-cup-phone-mounts-holder","","7.99","Trucking & Fleet; Road Trips & Travel; General Mounting Solutions","fleet; travel; amps/modular","","false","0"
"0","iBOLT™ Aluminum 17mm AMPs Adapter Plate","aluminum-17mm-amps-adapter-plate-for-garmin-gps-devices-smartphone-holders-and-other-industry-standard-17mm-adapters-22153","","12.95","Road Trips & Travel; General Mounting Solutions","travel; amps/modular","","false","0"
"0","iBOLT™ Aluminum 3.75 inch Double Socket Arm for 1-inch / 25mm / B Size Ball","aluminum-3-75-inch-double-socket-arm-industry-standard-1-inch-25mm-b-size-ball-mount-22193","","12.95","Forklifts & Warehousing; General Mounting Solutions","warehouse; amps/modular","","false","0"
"0","iBOLT™ Aluminum 6 inch Arm for 1-inch / 25mm / B Size Ball adapters","ibolt-aluminum-6-inch-double-socket-arm-industry-standard-1-inch-25mm-b-size-ball-adapters-mounts-22112","","19.95","Forklifts & Warehousing; General Mounting Solutions","warehouse; amps/modular","","false","0"
"0","iBOLT™ Barcode Scanner Holder w/ Industry Standard AMPS Connection","forklift-barcode-scanner-holder-amps-pattern-21290","","24.00","Forklifts & Warehousing; General Mounting Solutions","warehouse; amps/modular","","false","0"
"0","iBOLT™ Composite 2.75 inch Bizmount™ Double Socket Arm for 1-inch / 25mm / B Size Ball","composite-2-75-inch-double-socket-arm-for-all-industry-standard-1-inch-25mm-b-size-ball-22156","","7.95","Forklifts & Warehousing; Restaurants & Food Delivery; General Mounting Solutions","warehouse; restaurant; amps/modular","","false","0"
"0","iBOLT™ Composite 4.25 inch Arm for 1-inch / 25mm / B Size Ball adapters","ibolt-composite-4-25-inch-double-socket-arm-for-all-industry-standard-1-inch-25mm-b-size-ball-adapters","","18.95","Restaurants & Food Delivery; General Mounting Solutions","restaurant; amps/modular","","false","0"
"0","iBOLT™ Composite 6 inch Arm for 1-inch / 25mm / B Size Ball adapters","ibolt-composite-6-inch-double-socket-arm-for-all-industry-standard-1-inch-25mm-b-size-ball-adapters","","26.00","Restaurants & Food Delivery; General Mounting Solutions","restaurant; amps/modular","","false","0"
"0","iBOLT™ Dock'n Lock - Composite Locking Tablet Holder- AMPS Pattern Connection","ibolt-dock-n-lock-composite-locking-tablet-holder-fits-7-to-10-inch-tablets-and-all-industry-standard-4-hole-amps-pattern-mounts-and-adapters","","34.95","Forklifts & Warehousing; Restaurants & Food Delivery; General Mounting Solutions","warehouse; restaurant; amps/modular","","false","0"
"0","iBOLT™ FixedPro 360 20mm ball 4.5 inch Aluminum Extension arm","ibolt-fixedpro-360-4-5-inch-aluminum-extension-arm-for-all-industry-standard-20mm-ball-joints-adapters-and-mounts","","21.95","General Mounting Solutions","amps/modular","","false","0"
"0","iBOLT™ FixedPro 360 20mm ball 6.5 inch Aluminum Extension arm","ibolt-fixedpro-360-6-5-inch-aluminum-extension-arm-for-all-industry-standard-20mm-ball-joints-adapters-and-mounts","","32.95","General Mounting Solutions","amps/modular","","false","0"
"0","iBOLT™ FixedPro 360 Multi-Angle 7 inch Aluminum arm","ibolt-fixedpro-360-multi-angle-7-inch-aluminum-arm-for-industry-standard-20mm-ball-joints","","34.95","General Mounting Solutions","amps/modular","","false","0"
"0","iBOLT™ Heavy Duty Strength 88mm Diameter Magnetic Mount 4.25 inch IncrediBOLT™ w/ ¼ inch 20 Camera Screw","ibolttm-heavy-duty-strength-88mm-diameter-magnetic-mount-4-25-inch-incredibolttm-w-inch-20-camera-screw","","32.95","Restaurants & Food Delivery; Content Creation & Streaming; General Mounting Solutions","restaurant; streaming; amps/modular","","false","0"
"0","iBOLT™ IncrediBOLT™ Flexpro Heavy Duty Seat Rail Mount w/ 4.25 inch arm & AMPS Plate Adapter","ibolttm-incredibolttm-flexpro-heavy-duty-seat-rail-mount-w-4-25-inch-arm-amps-plate-adapter","","49.95","Restaurants & Food Delivery; General Mounting Solutions","restaurant; amps/modular","","false","0"
"0","iBOLT™ LockPro™ 38mm Amps- Metal Locking Tablet Mount","ibolt-lockpro-38mm-amps-metal-locking-tablet-mount","","119.95","Forklifts & Warehousing; Trucking & Fleet; Restaurants & Food Delivery; Road Trips & Travel; General Mounting Solutions","warehouse; fleet; restaurant; travel; amps/modular","","false","0"
"0","iBOLT™ miniProXL™ Phone Holder w/ 17mm Ball Joint","ibolt-miniproxl-holder-w-17mm-ball-joint-works-with-phones-2-25-in-58mm-to-3-8-in-97mm-wide-and-all-industry-standard-17mm-mounts","","9.95","Road Trips & Travel; General Mounting Solutions","travel; amps/modular","","false","0"
"0","iBOLT™ Mounts- 3.5 inch Composite Arm for 38 mm / 1.5 inch Ball Joint","ibolt-mounts-3-5-inch-composite-dual-ball-socket-arm-for-38-mm-1-5-inch-ball-joint-adapters-and-bases","","12.95","Forklifts & Warehousing; Restaurants & Food Delivery; General Mounting Solutions","warehouse; restaurant; amps/modular","","false","0"
"0","iBOLT™ Mounts- 6 inch Composite Arm for 38 mm / 1.5 inch Ball Joint","ibolt-mounts-6-inch-composite-dual-ball-socket-arm-for-38-mm-1-5-inch-ball-joint-adapters-and-bases","","17.95","Restaurants & Food Delivery; Content Creation & Streaming; General Mounting Solutions","restaurant; streaming; amps/modular","","false","0"
"0","iBOLT™ Mounts- 8.5 inch Metal Arm for 38 mm / 1.5 inch Ball Joint","ibolt-mounts-8-5-inch-metal-dual-ball-socket-arm-for-38-mm-1-5-inch-ball-joint-adapters-and-bases","","39.95","Forklifts & Warehousing; General Mounting Solutions","warehouse; amps/modular","","false","0"
"0","iBOLT™ ROK 3 Suction Mount","17mm-rok-3-suction-mount-car-docks-phone-mounts-holder-22112","","14.99","Trucking & Fleet; Road Trips & Travel; General Mounting Solutions","fleet; travel; amps/modular","","false","0"
"0","iBOLT™ sPro2™ Accessibility Clamp Mount for Wheelchairs / Exercise Equipment","ibolt-spro2-phone-tablet-accessibility-post-pole-rail-handlebar-clamp-mount-for-wheelchairs-exercise-equipment-ibac-34702","","49.95","Restaurants & Food Delivery; Mountain Biking & Cycling; General Mounting Solutions","restaurant; cycling; amps/modular","","false","0"
"0","iBOLT™ sPro2™ AccessiBOLT™ Post/Pole/Rail/Handlebar Mount for Wheelchairs/Exercise Equipment","ibolt-spro2-accessibility-post-pole-rail-handlebar-mount-for-wheelchairs-exercise-equipment","","79.95","Restaurants & Food Delivery; Mountain Biking & Cycling; General Mounting Solutions","restaurant; cycling; amps/modular","","false","0"
"0","iBOLT™ TabDock™ AccessiBOLT™Mount for Wheelchairs/Exercise Equipment","ibolt-tabdock-accessibility-post-pole-rail-handlebar-mount-for-wheelchairs-exercise-equipment","","79.95","Restaurants & Food Delivery; Content Creation & Streaming; Agriculture & Farming; Mountain Biking & Cycling; General Mounting Solutions","restaurant; streaming; agriculture; cycling; amps/modular","","false","0"
"0","iBOLT™ TabDock™ AMPs","tabdock-amps-heavy-duty-drill-base-tablet-mount-ibbz-33791","","29.95","Kitchen & Home; Road Trips & Travel; General Mounting Solutions","kitchen; travel; amps/modular","","false","0"
"0","iBOLT™ TabDock™ Bizmount™ Clamp Heavy Duty Post/Pole Mount","ibolt-tabdock-bizmount-clamp-heavy-duty-post-pole-mount","","52.95","Forklifts & Warehousing; Trucking & Fleet; Restaurants & Food Delivery; Road Trips & Travel; General Mounting Solutions","warehouse; fleet; restaurant; travel; amps/modular","","false","0"
"0","iBOLT™ Tabdock™ Clamp","tabdock-tablet-clamp-mount-ibbz-33764","","29.95","Restaurants & Food Delivery; Education & Schools; Kitchen & Home; General Mounting Solutions","restaurant; education; kitchen; amps/modular","","false","0"
"0","iBOLT™ TabStand Pro","tabstand-pro-weighted-base-tablet-stand-ibbz-33769","","59.95","Restaurants & Food Delivery; Education & Schools; Kitchen & Home; General Mounting Solutions","restaurant; education; kitchen; amps/modular","","false","0"
"0","iBOLT™ Triple 25mm / 1 inch - Three Metal Ball Joint Extension Adapter","ibolt-triple-25mm-1-inch-to-25mm-1-inch-three-metal-ball-joint-extension-adapter","","15.95","General Mounting Solutions","amps/modular","","false","0"
"0","iBOLT™25mm / 1 inch Ball to Clamp Post / Pole / Handlebar Mount","ibolt™25mm-1-inch-ball-to-clamp-post-pole-handlebar-mount","","17.95","Restaurants & Food Delivery; Road Trips & Travel; Mountain Biking & Cycling; General Mounting Solutions","restaurant; travel; cycling; amps/modular","","false","0"
"0","Security Hardware for 25mm Bizmount Set of 3 Bolts, 1 Hex Key","security-hardware-for-25mm-bizmount-set-of-3-bolts-1-hex-key","","5.95","Forklifts & Warehousing; General Mounting Solutions","warehouse; amps/modular","","false","0"
"0","sPro2™ Holder Only","spro2-holder-car-docks-phone-mounts-holder","","15.00","Road Trips & Travel; General Mounting Solutions","travel; amps/modular","","false","0"
"0","TabDock™ 2 Drive","tabdock-2-drive-suction-cup-drill-base-tablet-mount-ibt-33501","","39.95","Trucking & Fleet; Road Trips & Travel; General Mounting Solutions","fleet; travel; amps/modular","","false","0"
"0","Tablet Configurator","tablet-configurator-1","cpb_hybrid","105.00","General Mounting Solutions","amps/modular","","false","0"
