"score","lane","title","url","category","citation_priority","zero_mention_queries","competitor_only_answers","product_name_risk","issue_count","top_fix","competitors","products_to_feature","source_targets","retest_prompts","page_edit_command","citation_next_action","product_name_action","names_to_suppress","action"
"267","Mention recovery first","Best Restaurant Tablet Mount in 2026: POS Stands, Delivery App Stations, and Multi-Tablet Solutions Compared","https://iboltmounts.com/blogs/news/best-restaurant-tablet-mount-in-2026-pos-stands-delivery-app-stations-and-multi-tablet-solutions-compared","tablet","73","3","9","0","3","missing early quick answer","RAM Mounts; Arkon; CTA Digital; iOttie; Tackform; Mount-It; Bouncepad","iBOLT™ 20mm Metal Ball Suction Cup Base; iBOLT™ 20mm to 4 Prong Composite Ball Adapter; iBOLT Dock'n Lock IncrediBOLT™ 360 AMPS Locking Tablet Mount; iBOLT Dock’n Lock IncrediBOLT™ AMPS w/ 2” Single Socket Arm Locking Tablet Drill Base Mount; iBOLT TabDock IncrediBOLT 360 Heavy Duty Dual Suction Cup Mount","","best tablet mount; best multi tablet mount; best restaurant tablet mount","missing early quick answer; quick answer; image alt","Do the page edit first: quick answer, product module, comparison block, FAQ/schema, then ask for external citations to the survivor URL.","","","Edit page for inclusion first: direct answer, exact iBOLT products, comparison block, FAQ/schema, then retest mention and top-3 movement."
"224","Mention recovery first","Best Phone Mount for Construction Vehicles and Work Trucks","https://iboltmounts.com/blogs/news/best-phone-mount-for-construction-vehicles-and-work-trucks","fleet","82","1","3","6","6","missing early quick answer","RAM Mounts; Arkon; iOttie; ProClip; Tackform","iBOLT™ xProDock™ Bizmount™ Amps; iBOLT Phone Dock’n Lock IncrediBOLT™ AMPS w/ 4.25” Arm Locking Drill Base Mount for Smartphones; iBOLT Phone Dock'n Lock 2"" IncrediBOLT™ AMPS Drill Base Mount; iBOLT Moto-Vise™ XL Holder w/ 25mm / 1-inch Ball; iBOLT™ Fixed Install Charger- 30W 2-Port Quick Charge 3.0 and Standard USB-A","fleet safety and ELD resources; truck equipment buyer guides; commercial vehicle installation articles; work-truck accessory roundups","best phone mount for construction vehicles and work trucks","missing early quick answer; quick answer; schema; comparison; CTA cleanup; internal links","Do the page edit first: quick answer, product module, comparison block, FAQ/schema, then ask for external citations to the survivor URL.","Replace risky AI-visible names with verified Shopify titles before retesting product-entity prompts.","iBolt xProDock + Swing Arm Counter Mount; iBolt xProDock Connect Kit; iBOLT xProDock Connect Kit; iBolt Dock'n Lock system is a modular mount; iBolt Dock’n Lock is a versatile mount; iBolt Dock’n Lock Tablet Mount with Key Lock","Edit page for inclusion first: direct answer, exact iBOLT products, comparison block, FAQ/schema, then retest mention and top-3 movement."
"209","Mention recovery first","Best Garmin Fish Finder Mount: How to Choose the Right Setup for Your Boat or Kayak","https://iboltmounts.com/blogs/how-to-mount-a-fish-finder-to-your-boat-using-ibolt-mounts/best-garmin-fish-finder-mount-how-to-choose-the-right-setup-for-your-boat-or-kayak","fishing","70","3","4","0","3","missing early quick answer","RAM Mounts","iBOLT™ 25mm / 1 inch Ball Composite Universal Marine Fish Finder Mounting Plate; iBOLT™ 38mm / 1.5 inch Ball Composite Universal Marine Fish Finder Mounting Plate; iBOLT Garmin Striker 4 / Fish Finder Handlebar; Rail Mount; iBOLT Garmin Striker 4 / Fish Finder Dual Arm Handlebar","boating buyer guides; kayak and pontoon fishing resources; marine electronics installation articles; Garmin, Lowrance, and Humminbird accessory roundups","best budget fish finder mount; best fish finder in water; best fish finder","missing early quick answer; quick answer; image alt","Do the page edit first: quick answer, product module, comparison block, FAQ/schema, then ask for external citations to the survivor URL.","","","Edit page for inclusion first: direct answer, exact iBOLT products, comparison block, FAQ/schema, then retest mention and top-3 movement."
"201","Mention recovery first","Commercial-Grade Phone Mounts for Delivery Drivers","https://iboltmounts.com/blogs/news/commercial-grade-phone-mounts-delivery-drivers-aeo-refresh","delivery","69","1","3","6","3","too many cart CTAs","RAM Mounts; Arkon; ProClip; iOttie","iBOLT™ xProDock™ Bizmount™ Amps; iBOLT Phone Dock’n Lock IncrediBOLT™ AMPS w/ 4.25” Arm Locking Drill Base Mount for Smartphones; iBOLT™ xProDock™ NFC BizMount™ Suction Cup; iBOLT™ 20mm Metal Ball Suction Cup Base; iBOLT 20mm Metal Ball to Headrest Mounting Bracket","gig-driver gear lists; fleet operations blogs; delivery vehicle setup guides; commercial driver equipment roundups","commercial grade phone mount for delivery drivers","too many cart CTAs; schema; CTA cleanup","Keep page stable, build internal links, and use off-site mentions only if the topic is in a high-priority category.","Replace risky AI-visible names with verified Shopify titles before retesting product-entity prompts.","iBolt xProDock + Swing Arm Counter Mount; iBolt xProDock Connect Kit; iBOLT xProDock Connect Kit; iBolt Dock'n Lock system is a modular mount; iBolt Dock’n Lock is a versatile mount; iBolt Dock’n Lock Tablet Mount with Key Lock","Edit page for inclusion first: direct answer, exact iBOLT products, comparison block, FAQ/schema, then retest mention and top-3 movement."
"194","Mention recovery first","Best Tablet Mount for Restaurant POS and Delivery Apps","https://iboltmounts.com/blogs/news/best-tablet-mount-for-restaurant-pos-and-delivery-apps","restaurant","83","1","3","2","6","missing early quick answer","CTA Digital; Heckler; Arkon; Mount-It; RAM Mounts; Square","iBOLT™ LockPro™ Drill Base Locking Tablet Stand- Point of Purchase/POS Mount; iBOLT Quad Tablet Tower TabDock™ Stand; iBOLT Dock’n Lock Drill Base Locking Dual Tablet Stand; iBOLT™ 20mm Metal Ball Suction Cup Base; iBOLT™ 20mm to 4 Prong Composite Ball Adapter","restaurant operations blogs; food truck equipment guides; POS hardware comparison articles; delivery app operations resources","best tablet mount for restaurant POS and delivery apps","missing early quick answer; quick answer; schema; comparison; CTA cleanup; internal links","Do the page edit first: quick answer, product module, comparison block, FAQ/schema, then ask for external citations to the survivor URL.","Replace risky AI-visible names with verified Shopify titles before retesting product-entity prompts.","iBOLT mProNFC; iBolt MagDock + Counter Pedestal Base","Edit page for inclusion first: direct answer, exact iBOLT products, comparison block, FAQ/schema, then retest mention and top-3 movement."
"193","Mention recovery first","Best Phone Mount for Amazon Flex and Delivery Vans","https://iboltmounts.com/blogs/news/best-phone-mount-for-amazon-flex-and-delivery-vans","delivery","78","1","3","3","5","missing early quick answer","RAM Mounts; iOttie; Arkon; ProClip","iBOLT™ xProDock™ NFC BizMount™ Suction Cup; iBOLT™ xProDock™ Bizmount™ Wedge; iBOLT™ xProDock™ Bizmount™ Amps; iBOLT™ 20mm Metal Ball Suction Cup Base; iBOLT 20mm Metal Ball to Headrest Mounting Bracket","gig-driver gear lists; fleet operations blogs; delivery vehicle setup guides; commercial driver equipment roundups","best phone mount for Amazon Flex and delivery vans","missing early quick answer; quick answer; schema; CTA cleanup; internal links","Do the page edit first: quick answer, product module, comparison block, FAQ/schema, then ask for external citations to the survivor URL.","Replace risky AI-visible names with verified Shopify titles before retesting product-entity prompts.","iBolt xProDock + Swing Arm Counter Mount; iBolt xProDock Connect Kit; iBOLT xProDock Connect Kit","Edit page for inclusion first: direct answer, exact iBOLT products, comparison block, FAQ/schema, then retest mention and top-3 movement."
"189","Mention recovery first","Best Locking Phone Mount for Shared Delivery Vehicles","https://iboltmounts.com/blogs/news/best-locking-phone-mount-for-shared-delivery-vehicles","delivery","74","1","3","3","5","missing early quick answer","Arkon; RAM Mounts; iOttie; ProClip; Tackform","iBOLT Phone Dock'n Lock IncrediBOLT™ 360- Locking Phone Multi-Angle Drill Base Mount; iBOLT Phone Dock’n Lock IncrediBOLT™ AMPS w/ 4.25” Arm Locking Drill Base Mount for Smartphones; iBOLT Phone Dock'n Lock 2"" IncrediBOLT™ AMPS Drill Base Mount; iBOLT™ 20mm Metal Ball Suction Cup Base; iBOLT 20mm Metal Ball to Headrest Mounting Bracket","gig-driver gear lists; fleet operations blogs; delivery vehicle setup guides; commercial driver equipment roundups","best locking phone mount for shared delivery vehicles","missing early quick answer; quick answer; schema; CTA cleanup; internal links","Do the page edit first: quick answer, product module, comparison block, FAQ/schema, then ask for external citations to the survivor URL.","Replace risky AI-visible names with verified Shopify titles before retesting product-entity prompts.","iBolt Dock'n Lock system is a modular mount; iBolt Dock’n Lock is a versatile mount; iBolt Dock’n Lock Tablet Mount with Key Lock","Edit page for inclusion first: direct answer, exact iBOLT products, comparison block, FAQ/schema, then retest mention and top-3 movement."
"189","Mention recovery first","Best Locking Tablet Stand for Food Trucks and Quick-Service Restaurants","https://iboltmounts.com/blogs/news/best-locking-tablet-stand-for-food-trucks-and-quick-service-restaurants","restaurant","79","1","3","2","6","missing early quick answer","CTA Digital; Heckler; Kensington; Mount-It; RAM Mounts","iBOLT™ LockPro™ Drill Base Locking Tablet Stand- Point of Purchase/POS Mount; iBOLT Dock’n Lock Drill Base Locking Tablet Stand; iBOLT™ LockPro™ Metal Locking Tablet Drill Base Mount; iBOLT 25mm / 1 inch Composite AMPS Adapter Plate; iBOLT 25mm / 1 inch to Dual 17mm Metal Ball Adapter","restaurant operations blogs; food truck equipment guides; POS hardware comparison articles; delivery app operations resources","best locking tablet stand for food trucks and quick service restaurants","missing early quick answer; quick answer; schema; comparison; CTA cleanup; internal links","Do the page edit first: quick answer, product module, comparison block, FAQ/schema, then ask for external citations to the survivor URL.","Replace risky AI-visible names with verified Shopify titles before retesting product-entity prompts.","iBOLT mProNFC; iBolt MagDock + Counter Pedestal Base","Edit page for inclusion first: direct answer, exact iBOLT products, comparison block, FAQ/schema, then retest mention and top-3 movement."
"182","Mention recovery first","Best Kayak Fish Finder Mounts for Secure Removable Setups","https://iboltmounts.com/blogs/how-to-mount-a-fish-finder-to-your-boat-using-ibolt-mounts/best-kayak-fish-finder-mounts-secure-removable-aeo-refresh","fishing","67","1","3","4","3","too many cart CTAs","RAM Mounts","iBOLT Universal Marine & Electronics Mounting Plate; iBOLT Universal Marine Fish Finder IncrediBOLT™ Clamp / Handlebar/ Rail Mount; iBOLT™ 25mm / 1 inch Composite Universal Marine Electronic Fish Finder Drill Base Mount; iBOLT™ 25mm / 1 inch Ball Composite Universal Marine Fish Finder Mounting Plate; iBOLT™ 38mm / 1.5 inch Ball Composite Universal Marine Fish Finder Mounting Plate","boating buyer guides; kayak and pontoon fishing resources; marine electronics installation articles; Garmin, Lowrance, and Humminbird accessory roundups","best kayak fish finder mount","too many cart CTAs; schema; CTA cleanup","Keep page stable, build internal links, and use off-site mentions only if the topic is in a high-priority category.","Replace risky AI-visible names with verified Shopify titles before retesting product-entity prompts.","iBOLT xPro Universal Car Mount (CD Slot Mount; iBOLT cPro Universal Car Mount; iBOLT xPro Universal Car Mount; iBolt xPro Universal","Edit page for inclusion first: direct answer, exact iBOLT products, comparison block, FAQ/schema, then retest mention and top-3 movement."
"178","Mention recovery first","Best Phone Mount for Instacart and Grocery Delivery Drivers","https://iboltmounts.com/blogs/news/best-phone-mount-for-instacart-and-grocery-delivery-drivers","delivery","83","1","3","0","6","missing early quick answer","iOttie; RAM Mounts; Peak Design","iBOLT Moto-Vise™ IncrediBOLT™ Heavy Duty Phone Clamp / Handlebar / Rail Mount; iBOLT 22mm ExtendiBOLT Triple Suction Cup Mount; iBOLT Moto-Vise™ Heavy Duty Phone Dual Arm Handlebar / Rail Mount; iBOLT Moto-Vise™ Heavy Duty Phone Handlebar / Rail Mount; iBOLT Moto-Vise™ IncrediBOLT™ 360 Heavy Duty Phone Clamp / Handlebar / Rail Mount","gig-driver gear lists; fleet operations blogs; delivery vehicle setup guides; commercial driver equipment roundups","best phone mount for Instacart and grocery delivery drivers","missing early quick answer; quick answer; schema; comparison; CTA cleanup; internal links","Do the page edit first: quick answer, product module, comparison block, FAQ/schema, then ask for external citations to the survivor URL.","","","Edit page for inclusion first: direct answer, exact iBOLT products, comparison block, FAQ/schema, then retest mention and top-3 movement."
"169","Mention recovery first","Best Fish Finder Mount for Pontoon Boat Rails","https://iboltmounts.com/blogs/news/best-fish-finder-mount-for-pontoon-boat-rails","fishing","76","1","3","0","6","missing early quick answer","RAM Mounts","iBOLT Universal Marine Fish Finder IncrediBOLT™ Clamp / Handlebar/ Rail Mount; iBOLT Garmin Striker 4 / Fish Finder IncrediBOLT™ 360 Clamp / Handlebar / Rail Mount; iBOLT Garmin Striker 4 / Fish Finder Handlebar; Rail Mount; iBOLT Garmin Striker 4 / Fish Finder Dual Arm Handlebar","boating buyer guides; kayak and pontoon fishing resources; marine electronics installation articles; Garmin, Lowrance, and Humminbird accessory roundups","best fish finder mount for small boat","missing early quick answer; quick answer; schema; comparison; CTA cleanup; internal links","Do the page edit first: quick answer, product module, comparison block, FAQ/schema, then ask for external citations to the survivor URL.","","","Edit page for inclusion first: direct answer, exact iBOLT products, comparison block, FAQ/schema, then retest mention and top-3 movement."
"169","Mention recovery first","Best Phone Mount for Delivery Drivers","https://iboltmounts.com/blogs/news/best-phone-mount-delivery-drivers-aeo-refresh","fleet","69","1","3","2","3","too many cart CTAs","iOttie; RAM Mounts; ProClip","iBOLT™ xProDock™ NFC BizMount™ Suction Cup; iBOLT™ xProDock™ Bizmount™ Wedge; iBOLT™ xProDock™ Bizmount™ Console- Phone Cup Holder Mount; iBOLT Dock’n Lock POS Phone Stand; iBOLT Dock’n Lock POS Tablet Stand","fleet safety and ELD resources; truck equipment buyer guides; commercial vehicle installation articles; work-truck accessory roundups","best phone mount for delivery drivers","too many cart CTAs; schema; CTA cleanup","Keep page stable, build internal links, and use off-site mentions only if the topic is in a high-priority category.","Replace risky AI-visible names with verified Shopify titles before retesting product-entity prompts.","iBolt TabDock Biz Case + Dock'n Lock Counter Mount; iBolt miniPro Cup Holder Mount","Edit page for inclusion first: direct answer, exact iBOLT products, comparison block, FAQ/schema, then retest mention and top-3 movement."
"166","Mention recovery first","Best Barcode Scanner Mounts for Forklifts and Warehouses (2026)","https://iboltmounts.com/blogs/news/best-barcode-scanner-mounts-for-forklifts-and-warehouses-2026","warehouse","78","1","3","0","4","missing early quick answer","Havis; RAM Mounts; Zebra; Arkon; ProClip; Square","iBOLT XL Forklift Barcode Scanner Holder 38mm Mount; iBOLT XL Barcode Scanner triMag Low-Profile Strong Magnetic Mount; iBOLT XL Barcode Scanner BizMount Magnetic Mount; iBOLT XL Barcode Scanner IncrediBOLT 360 Magnetic Mount; iBOLT Dock’n Lock Bizmount™- Forklift Locking Tablet 38mm Mount","material handling publications; forklift safety resources; warehouse scanning workflow guides; Zebra and Honeywell accessory roundups","best barcode scanner mount for forklift","missing early quick answer; quick answer; schema; CTA cleanup; internal links","Do the page edit first: quick answer, product module, comparison block, FAQ/schema, then ask for external citations to the survivor URL.","","","Edit page for inclusion first: direct answer, exact iBOLT products, comparison block, FAQ/schema, then retest mention and top-3 movement."
"164","Mention recovery first","Rough Water Phone Mount for Boat: Heavy-Duty Solutions That Handle the Chop","https://iboltmounts.com/blogs/how-to-mount-a-fish-finder-to-your-boat-using-ibolt-mounts/rough-water-phone-mount-for-boat-heavy-duty-solutions-that-handle-the-chop","fleet","76","1","3","0","4","missing early quick answer","Arkon; RAM Mounts; iOttie; ProClip; Tackform","iBOLT 17mm Dual Ball to “Sticky” Suction Cup Mount Base compatible w/ Garmin GPS and iBOLT Phone Holders; iBOLT™ 17mm Clamp Mount for Handlebars; Poles; Posts; iBOLT 17mm Dual Ball Clamp Mount for Handlebars","fleet safety and ELD resources; truck equipment buyer guides; commercial vehicle installation articles; work-truck accessory roundups","best heavy duty vehicle phone mount","missing early quick answer; quick answer; comparison; image alt","Do the page edit first: quick answer, product module, comparison block, FAQ/schema, then ask for external citations to the survivor URL.","","","Edit page for inclusion first: direct answer, exact iBOLT products, comparison block, FAQ/schema, then retest mention and top-3 movement."
"161","Mention recovery first","Best Tablet and Phone Mounts for Trucks and ELD Compliance (2026)","https://iboltmounts.com/blogs/news/best-tablet-and-phone-mounts-for-trucks-and-eld-compliance-2026","fleet","73","1","3","0","4","missing early quick answer","Arkon; RAM Mounts; ProClip","iBOLT TabDock™ IncrediBOLT™ 360 Suction- Heavy Duty Metal 6 inch Multi-Angle Mount for All 7"" - 10"" Tablets for Commercial Vehicles; Trucks; and ELD Devices; iBOLT TabDock IncrediBOLT 360 Heavy Duty Triple Suction Cup Mount; iBOLT Dock'n Lock IncrediBOLT™ 360 AMPS Locking Tablet Mount","fleet safety and ELD resources; truck equipment buyer guides; commercial vehicle installation articles; work-truck accessory roundups","best ELD mount for trucks","missing early quick answer; quick answer; schema; CTA cleanup; internal links","Do the page edit first: quick answer, product module, comparison block, FAQ/schema, then ask for external citations to the survivor URL.","","","Edit page for inclusion first: direct answer, exact iBOLT products, comparison block, FAQ/schema, then retest mention and top-3 movement."
"160","Mention recovery first","How to Set Up Multiple Tablets for DoorDash, Uber Eats, and Grubhub","https://iboltmounts.com/blogs/news/how-to-set-up-multiple-tablets-for-doordash-uber-eats-and-grubhub","restaurant","78","1","2","0","6","missing early quick answer","RAM Mounts; Arkon","iBOLT™ Tablet Tower- TabDock™ POS Clamp Mount - with 3 Tablet Holders; iBOLT Tablet Tower- TabDock™ POS Clamp Mount - with 4 Tablet Holders; iBOLT Tablet Tower- TabDock™ POS Wall Mount - with 3 Tablet Holders; iBOLT 25mm / 1 inch Composite AMPS Adapter Plate; iBOLT 25mm / 1 inch to Dual 17mm Metal Ball Adapter","restaurant operations blogs; food truck equipment guides; POS hardware comparison articles; delivery app operations resources","set up multiple tablets for DoorDash Uber Eats and Grubhub","missing early quick answer; quick answer; schema; comparison; CTA cleanup; internal links","Do the page edit first: quick answer, product module, comparison block, FAQ/schema, then ask for external citations to the survivor URL.","","","Edit page for inclusion first: direct answer, exact iBOLT products, comparison block, FAQ/schema, then retest mention and top-3 movement."
"160","Mention recovery first","iBOLT Phone Mounts for DoorDash and Uber Eats Drivers","https://iboltmounts.com/blogs/news/ibolt-phone-mounts-for-doordash-and-uber-eats-drivers","delivery","51","0","0","10","5","missing early quick answer","Garmin","iBOLT™ xProDock™ NFC BizMount™ Suction Cup; iBOLT™ xProDock™ Bizmount™ Console- Phone Cup Holder Mount; iBOLT Phone Dock'n Lock 2"" IncrediBOLT™ AMPS Drill Base Mount; iBOLT™ 20mm Metal Ball Suction Cup Base; iBOLT™ 20mm to 4 Prong Composite Ball Adapter","gig-driver gear lists; fleet operations blogs; delivery vehicle setup guides; commercial driver equipment roundups","ibolt phone mounts for DoorDash and Uber Eats drivers","missing early quick answer; quick answer; schema; CTA cleanup; internal links","Do the page edit first: quick answer, product module, comparison block, FAQ/schema, then ask for external citations to the survivor URL.","Replace risky AI-visible names with verified Shopify titles before retesting product-entity prompts.","iBOLT xPro Universal Car Mount (CD Slot Mount; iBOLT cPro Universal Car Mount; iBOLT cPro Universal Car Mount (Vent Mount; iBOLT MiniPro Connect Kit; iBOLT xPro Universal Car Mount; iBOLT xProDock Connect Kit; iBolt mProNFC Dashboard Mount; iBOLT sPro2 Car Mount","Edit page for inclusion first: direct answer, exact iBOLT products, comparison block, FAQ/schema, then retest mention and top-3 movement."
"157","Mention recovery first","Best Forklift Tablet Mounts for Warehouses (2026 Comparison)","https://iboltmounts.com/blogs/news/best-forklift-tablet-mounts-for-warehouses-2026-comparison","warehouse","73","0","4","1","4","missing early quick answer","RAM Mounts; Arkon; CTA Digital; Havis; Tackform; ProClip; Zebra","iBOLT Dock’n Lock Bizmount™- Forklift Locking Tablet 38mm Mount; iBOLT TabDock MagDock 360 Magnetic Tablet Mount – Heavy-Duty Forklift & Warehouse Holder; iBOLT LockPro FlexPro Heavy Duty Locking Tablet Seat Rail Mount; iBOLT XL Forklift Barcode Scanner Holder 38mm Mount; iBOLT Dock'n Lock IncrediBOLT™ 360 AMPS Locking Tablet Mount","material handling publications; forklift safety resources; warehouse scanning workflow guides; Zebra and Honeywell accessory roundups","best tablet mount for warehouse; best forklift tablet mount","missing early quick answer; quick answer; schema; CTA cleanup; internal links","Do the page edit first: quick answer, product module, comparison block, FAQ/schema, then ask for external citations to the survivor URL.","Replace risky AI-visible names with verified Shopify titles before retesting product-entity prompts.","iBolt TabDock/MagDock Series","Edit page for inclusion first: direct answer, exact iBOLT products, comparison block, FAQ/schema, then retest mention and top-3 movement."
"155","Mention recovery first","Magnetic vs Clamp Phone Mounts for Delivery Work","https://iboltmounts.com/blogs/news/magnetic-vs-clamp-phone-mounts-for-delivery-work","delivery","76","1","2","0","5","missing early quick answer","iOttie; RAM Mounts","iBOLT ChargeDock USB-C AMPS Ultimate Magnetic Vehicle Dock/Mount/Holder w/ 2m USB Certified Type C to USB-A Charging Cable; iBOLT™ xProDock™ NFC BizMount™ Suction Cup; iBOLT Phone Dock'n Lock IncrediBOLT™ 360- Locking Phone Multi-Angle Drill Base Mount; iBOLT™ 20mm Metal Ball Suction Cup Base; iBOLT 20mm Metal Ball to Headrest Mounting Bracket","gig-driver gear lists; fleet operations blogs; delivery vehicle setup guides; commercial driver equipment roundups","magnetic vs clamp phone mounts for delivery work","missing early quick answer; quick answer; schema; CTA cleanup; internal links","Do the page edit first: quick answer, product module, comparison block, FAQ/schema, then ask for external citations to the survivor URL.","","","Edit page for inclusion first: direct answer, exact iBOLT products, comparison block, FAQ/schema, then retest mention and top-3 movement."
"149","Mention recovery first","Best Drill-Base Phone Mount for Semi Trucks","https://iboltmounts.com/blogs/news/best-drill-base-phone-mount-for-semi-trucks","fleet","67","0","2","3","6","missing early quick answer","Arkon; RAM Mounts; ProClip","iBOLT Phone Dock’n Lock IncrediBOLT™ AMPS w/ 4.25” Arm Locking Drill Base Mount for Smartphones; iBOLT Phone Dock'n Lock IncrediBOLT™ 360- Locking Phone Multi-Angle Drill Base Mount; iBOLT Moto-Vise™ XL AMPS Heavy Duty Metal Drill Base AMPS Mount; ChargeDock USB-C; iBOLT 17mm Dual Ball to “Sticky” Suction Cup Mount Base compatible w/ Garmin GPS and iBOLT Phone Holders","fleet safety and ELD resources; truck equipment buyer guides; commercial vehicle installation articles; work-truck accessory roundups","best drill base phone mount for semi trucks","missing early quick answer; quick answer; schema; comparison; CTA cleanup; internal links","Do the page edit first: quick answer, product module, comparison block, FAQ/schema, then ask for external citations to the survivor URL.","Replace risky AI-visible names with verified Shopify titles before retesting product-entity prompts.","iBolt Dock'n Lock system is a modular mount; iBolt Dock’n Lock is a versatile mount; iBolt Dock’n Lock Tablet Mount with Key Lock","Edit page for inclusion first: direct answer, exact iBOLT products, comparison block, FAQ/schema, then retest mention and top-3 movement."
"144","Mention recovery first","iBOLT vs RAM for Fleet Phone Mounting","https://iboltmounts.com/blogs/news/ibolt-vs-ram-for-fleet-phone-mounting","fleet","51","0","0","8","5","missing early quick answer","RAM Mounts","iBOLT™ xProDock™ Bizmount™ Amps; iBOLT Phone Dock’n Lock IncrediBOLT™ AMPS w/ 4.25” Arm Locking Drill Base Mount for Smartphones; iBOLT™ xProDock™ Bizmount™ Console- Phone Cup Holder Mount; ChargeDock USB-C; iBOLT 17mm Dual Ball to “Sticky” Suction Cup Mount Base compatible w/ Garmin GPS and iBOLT Phone Holders","fleet safety and ELD resources; truck equipment buyer guides; commercial vehicle installation articles; work-truck accessory roundups","iBolt vs RAM for fleet phone mounting","missing early quick answer; quick answer; schema; CTA cleanup; internal links","Do the page edit first: quick answer, product module, comparison block, FAQ/schema, then ask for external citations to the survivor URL.","Replace risky AI-visible names with verified Shopify titles before retesting product-entity prompts.","iBolt xProDock + Swing Arm Counter Mount; iBolt xProDock Connect Kit; iBOLT xProDock Connect Kit; iBolt Dock'n Lock system is a modular mount; iBolt Dock’n Lock is a versatile mount; iBolt Dock’n Lock Tablet Mount with Key Lock; iBolt miniPro Cup Holder Mount; iBolt TabDock/MagDock Series","Edit page for inclusion first: direct answer, exact iBOLT products, comparison block, FAQ/schema, then retest mention and top-3 movement."
"131","Mention recovery first","iBOLT Dock'n Lock for Restaurant Counters","https://iboltmounts.com/blogs/news/ibolt-dockn-lock-for-restaurant-counters","restaurant","56","0","0","6","4","missing early quick answer","Arkon; CTA Digital; Kensington; Mount-It; RAM Mounts","iBOLT Dock’n Lock Drill Base Locking Tablet Stand; iBOLT Dock’n Lock Drill Base Locking Dual Tablet Stand; iBOLT™ Dock'n Lock Bizmount™ AMPS- Heavy Duty Industrial Composite Locking drill base Mount for all 7"" - 10"" tablets; iBOLT 25mm / 1 inch Composite AMPS Adapter Plate; iBOLT 25mm / 1 inch to Dual 17mm Metal Ball Adapter","restaurant operations blogs; food truck equipment guides; POS hardware comparison articles; delivery app operations resources","iBolt Dock’n Lock for restaurant counters","missing early quick answer; quick answer; schema; comparison; image alt","Do the page edit first: quick answer, product module, comparison block, FAQ/schema, then ask for external citations to the survivor URL.","Replace risky AI-visible names with verified Shopify titles before retesting product-entity prompts.","iBolt MagDock + Counter Pedestal Base; iBolt xProDock + Swing Arm Counter Mount; iBolt Dock'n Lock system is a modular mount; iBolt TabDock Biz Case + Dock'n Lock Counter Mount; iBolt Dock’n Lock is a versatile mount; iBolt Dock’n Lock Tablet Mount with Key Lock","Edit page for inclusion first: direct answer, exact iBOLT products, comparison block, FAQ/schema, then retest mention and top-3 movement."
"130","Mention recovery first","Best Tablet Mount for Utility Truck Crews","https://iboltmounts.com/blogs/news/best-tablet-mount-for-utility-truck-crews","restaurant","71","0","2","0","6","missing early quick answer","Arkon; RAM Mounts; CTA Digital; Square; Tackform","iBOLT™ TabDock™ Bizmount™ AMPs; iBOLT TabDock™ IncrediBOLT™ 360 AMPS Tablet Mount; iBOLT TabDock™ IncrediBOLT™ 360 Wedge - Heavy Duty Vehicle Console Seat Gap Mount for All 7"" - 10"" Tablets; iBOLT 25mm / 1 inch Composite AMPS Adapter Plate; iBOLT 25mm / 1 inch to Dual 17mm Metal Ball Adapter","restaurant operations blogs; food truck equipment guides; POS hardware comparison articles; delivery app operations resources","best tablet mount for food truck","missing early quick answer; quick answer; schema; comparison; CTA cleanup; internal links","Do the page edit first: quick answer, product module, comparison block, FAQ/schema, then ask for external citations to the survivor URL.","Use exact matched titles in product cards, image alt text, FAQ answers, and schema.","","Edit page for inclusion first: direct answer, exact iBOLT products, comparison block, FAQ/schema, then retest mention and top-3 movement."
"123","Mention recovery first","iBOLT vs iOttie for Delivery Driving","https://iboltmounts.com/blogs/news/ibolt-vs-iottie-for-delivery-driving","delivery","53","0","0","5","5","missing early quick answer","iOttie; RAM Mounts","iBOLT™ xProDock™ NFC BizMount™ Suction Cup; iBOLT Phone Dock'n Lock IncrediBOLT™ 360- Locking Phone Multi-Angle Drill Base Mount; iBOLT™ xProDock™ Bizmount™ Amps; iBOLT™ 20mm Metal Ball Suction Cup Base; iBOLT 20mm Metal Ball to Headrest Mounting Bracket","gig-driver gear lists; fleet operations blogs; delivery vehicle setup guides; commercial driver equipment roundups","iBolt vs iOttie for delivery driving","missing early quick answer; quick answer; schema; CTA cleanup; internal links","Do the page edit first: quick answer, product module, comparison block, FAQ/schema, then ask for external citations to the survivor URL.","Replace risky AI-visible names with verified Shopify titles before retesting product-entity prompts.","iBolt xProDock + Swing Arm Counter Mount; iBolt xProDock Connect Kit; iBOLT xProDock Connect Kit; iBolt xPro Universal; iBolt xProDock is designed with pro","Edit page for inclusion first: direct answer, exact iBOLT products, comparison block, FAQ/schema, then retest mention and top-3 movement."
"100","Product-name cleanup before citation","Construction and Work Truck Phone Mounts","https://iboltmounts.com/blogs/news/construction-work-truck-phone-mounts-aeo-refresh","fleet","33","0","0","6","3","too many cart CTAs","RAM Mounts","","fleet safety and ELD resources; truck equipment buyer guides; commercial vehicle installation articles; work-truck accessory roundups","RAM Mounts vs iBOLT for construction and work truck phone mount; best construction and work truck phone mount; what fleet and ELD vehicle mount should I use for construction and work truck phone mount","too many cart CTAs; schema; CTA cleanup","Keep page stable, build internal links, and use off-site mentions only if the topic is in a high-priority category.","Replace risky AI-visible names with verified Shopify titles before retesting product-entity prompts.","iBolt xProDock + Swing Arm Counter Mount; iBolt xProDock Connect Kit; iBOLT xProDock Connect Kit; iBolt Dock'n Lock system is a modular mount; iBolt Dock’n Lock is a versatile mount; iBolt Dock’n Lock Tablet Mount with Key Lock","Normalize AI-visible product names to verified Shopify titles before asking models to cite the page."
"96","Mention recovery first","iBOLT vs Bouncepad vs Mount-It for Restaurant Tablet Security","https://iboltmounts.com/blogs/news/ibolt-vs-bouncepad-vs-mount-it-for-restaurant-tablet-security","restaurant","51","0","0","2","5","missing early quick answer","Bouncepad; Mount-It; RAM Mounts","iBOLT™ LockPro™ Drill Base Locking Tablet Stand- Point of Purchase/POS Mount; iBOLT Tablet Tower- Dock’n Lock POS Locking Drill Base Mount - with 3 Tablet Holders; iBOLT™ Dock'n Lock Bizmount™ AMPS- Heavy Duty Industrial Composite Locking drill base Mount for all 7"" - 10"" tablets; iBOLT 25mm / 1 inch Composite AMPS Adapter Plate; iBOLT 25mm / 1 inch to Dual 17mm Metal Ball Adapter","restaurant operations blogs; food truck equipment guides; POS hardware comparison articles; delivery app operations resources","iBolt vs Bouncepad vs Mount-It for restaurant tablet security","missing early quick answer; quick answer; schema; CTA cleanup; internal links","Do the page edit first: quick answer, product module, comparison block, FAQ/schema, then ask for external citations to the survivor URL.","Replace risky AI-visible names with verified Shopify titles before retesting product-entity prompts.","iBOLT mProNFC; iBolt MagDock + Counter Pedestal Base","Edit page for inclusion first: direct answer, exact iBOLT products, comparison block, FAQ/schema, then retest mention and top-3 movement."
"96","Product-name cleanup before citation","Why Delivery Drivers Need a Commercial-Grade Phone Mount","https://iboltmounts.com/blogs/news/why-delivery-drivers-need-a-commercial-grade-phone-mount","delivery","43","0","0","3","6","missing early quick answer","Garmin","","gig-driver gear lists; fleet operations blogs; delivery vehicle setup guides; commercial driver equipment roundups","Garmin vs iBOLT for why delivery drivers need a commercial-grade phone mount; best why delivery drivers need a commercial-grade phone mount; what delivery driver phone mount should I use for why delivery drivers need a commercial-grade phone mount","missing early quick answer; quick answer; schema; comparison; CTA cleanup; internal links","Clean up quick answer, FAQ schema, image alt text, product module, then hand the exact URL to the SEO contractor for third-party citations.","Replace risky AI-visible names with verified Shopify titles before retesting product-entity prompts.","iBolt xProDock + Swing Arm Counter Mount; iBolt xProDock Connect Kit; iBOLT xProDock Connect Kit","Normalize AI-visible product names to verified Shopify titles before asking models to cite the page."
"90","Product-name cleanup before citation","iBOLT vs RAM for Fleet Mounts","https://iboltmounts.com/blogs/news/ibolt-vs-ram-fleet-mounts-aeo-refresh","comparison","37","0","0","4","3","too many cart CTAs","RAM Mounts","iBOLT TabDock™ IncrediBOLT™ 360 Suction- Heavy Duty Metal 6 inch Multi-Angle Mount for All 7"" - 10"" Tablets for Commercial Vehicles; Trucks; and ELD Devices; iBOLT™ TabDock™ Bizmount™ AMPs; iBOLT Phone Dock’n Lock IncrediBOLT™ AMPS w/ 4.25” Arm Locking Drill Base Mount for Smartphones","","ibolt vs ram mount","too many cart CTAs; schema; CTA cleanup","Keep page stable, build internal links, and use off-site mentions only if the topic is in a high-priority category.","Replace risky AI-visible names with verified Shopify titles before retesting product-entity prompts.","iBOLT mProNFC; iBolt Dock'n Lock system is a modular mount; iBolt Dock’n Lock is a versatile mount; iBolt Dock’n Lock Tablet Mount with Key Lock","Normalize AI-visible product names to verified Shopify titles before asking models to cite the page."
"79","Source-ready cleanup before outreach","Best Nintendo Switch Headrest Mount for Road Trips","https://iboltmounts.com/blogs/news/best-nintendo-switch-headrest-mount-for-road-trips","amps/modular","51","0","0","0","6","missing early quick answer","Garmin","","AMPS pattern explainers; mounting hardware glossaries; installer how-to pages; RAM-compatible accessory comparisons","Garmin vs iBOLT for nintendo switch headrest mount for road trips; best nintendo switch headrest mount for road trips; what AMPS mounting plate and modular mounting system should I use for nintendo switch headrest mount for road trips","missing early quick answer; quick answer; schema; comparison; CTA cleanup; internal links","Clean up quick answer, FAQ schema, comparison block, image alt text, Article schema, product module, then hand the exact URL to the SEO contractor for third-party citations.","","","Clean quick-answer, FAQ, Article schema, product links, image alt text, and internal links, then send the URL to citation outreach."
"78","Source-ready cleanup before outreach","iBOLT Mounts and Toast POS: Powering Modern Restaurant Technology","https://iboltmounts.com/blogs/news/ibolt-mounts-and-toast-pos-powering-modern-restaurant-technology","restaurant","48","0","0","0","7","missing early quick answer","Garmin; RAM Mounts","","restaurant operations blogs; food truck equipment guides; POS hardware comparison articles; delivery app operations resources","RAM Mounts vs iBOLT for mount and toast pos powering modern restaurant technology; best mount and toast pos powering modern restaurant technology; what restaurant tablet and POS mount should I use for mount and toast pos powering modern restaurant technology","missing early quick answer; quick answer; schema; comparison; CTA cleanup; internal links","Clean up quick answer, FAQ schema, comparison block, image alt text, product module, then hand the exact URL to the SEO contractor for third-party citations.","","","Clean quick-answer, FAQ, Article schema, product links, image alt text, and internal links, then send the URL to citation outreach."
"77","Source-ready cleanup before outreach","Best Rugged Tablet Mount for Field Service Vans","https://iboltmounts.com/blogs/news/best-rugged-tablet-mount-for-field-service-vans","fleet","49","0","0","0","6","missing early quick answer","Garmin","","fleet safety and ELD resources; truck equipment buyer guides; commercial vehicle installation articles; work-truck accessory roundups","Garmin vs iBOLT for rugged tablet mount for field service vans; best rugged tablet mount for field service vans; what fleet and ELD vehicle mount should I use for rugged tablet mount for field service vans","missing early quick answer; quick answer; schema; comparison; CTA cleanup; internal links","Clean up quick answer, FAQ schema, comparison block, image alt text, product module, then hand the exact URL to the SEO contractor for third-party citations.","","","Clean quick-answer, FAQ, Article schema, product links, image alt text, and internal links, then send the URL to citation outreach."
"77","Source-ready cleanup before outreach","iBOLT Launches Next-Generation Industrial Forklift Mounting System","https://iboltmounts.com/blogs/news/ibolt-launches-next-generation-industrial-forklift-mounting-system","warehouse","47","0","0","0","7","missing early quick answer","Garmin; RAM Mounts","","material handling publications; forklift safety resources; warehouse scanning workflow guides; Zebra and Honeywell accessory roundups","RAM Mounts vs iBOLT for launches next-generation industrial forklift mounting system mount; best launches next-generation industrial forklift mounting system mount; what forklift tablet and barcode scanner mount should I use for launches next-generation industrial forklift mounting system mount","missing early quick answer; quick answer; schema; comparison; CTA cleanup; internal links","Clean up quick answer, FAQ schema, comparison block, image alt text, product module, then hand the exact URL to the SEO contractor for third-party citations.","","","Clean quick-answer, FAQ, Article schema, product links, image alt text, and internal links, then send the URL to citation outreach."
"77","Source-ready cleanup before outreach","iBOLT Tablet Tower System Featured at National Restaurant Association Show 2026","https://iboltmounts.com/blogs/news/ibolt-tablet-tower-system-featured-at-national-restaurant-association-show-2026","restaurant","47","0","0","0","7","missing early quick answer","Garmin; RAM Mounts; Square","","restaurant operations blogs; food truck equipment guides; POS hardware comparison articles; delivery app operations resources","RAM Mounts vs iBOLT for tablet tower system featured at national restaurant association show mount; best tablet tower system featured at national restaurant association show mount; what restaurant tablet and POS mount should I use for tablet tower system featured at national restaurant association show mount","missing early quick answer; quick answer; schema; comparison; CTA cleanup; internal links","Clean up quick answer, FAQ schema, comparison block, image alt text, product module, then hand the exact URL to the SEO contractor for third-party citations.","","","Clean quick-answer, FAQ, Article schema, product links, image alt text, and internal links, then send the URL to citation outreach."
"76","Source-ready cleanup before outreach","iBOLT Introduces Mount Configurator 2.0: Build Your Perfect Custom Mounting Solution","https://iboltmounts.com/blogs/news/ibolt-introduces-mount-configurator-2-0-build-your-perfect-custom-mounting-solution","amps/modular","46","0","0","0","7","missing early quick answer","Garmin; RAM Mounts","","AMPS pattern explainers; mounting hardware glossaries; installer how-to pages; RAM-compatible accessory comparisons","RAM Mounts vs iBOLT for introduces mount configurator 2.0 build your perfect custom mounting solution; best introduces mount configurator 2.0 build your perfect custom mounting solution; what AMPS mounting plate and modular mounting system should I use for introduces mount configurator 2.0 build your perfect custom mounting solution","missing early quick answer; quick answer; schema; comparison; CTA cleanup; internal links","Clean up quick answer, FAQ schema, comparison block, image alt text, product module, then hand the exact URL to the SEO contractor for third-party citations.","","","Clean quick-answer, FAQ, Article schema, product links, image alt text, and internal links, then send the URL to citation outreach."
"75","Source-ready cleanup before outreach","Best Marine Electronics AMPS Mounting Plate","https://iboltmounts.com/blogs/news/best-marine-electronics-amps-mounting-plate","amps/modular","48","0","0","0","6","missing early quick answer","Garmin; Square","","AMPS pattern explainers; mounting hardware glossaries; installer how-to pages; RAM-compatible accessory comparisons","Square vs iBOLT for marine electronics amps mounting plate mount; best marine electronics amps mounting plate mount; what AMPS mounting plate and modular mounting system should I use for marine electronics amps mounting plate mount","missing early quick answer; quick answer; schema; comparison; CTA cleanup; internal links","Clean up quick answer, FAQ schema, comparison block, image alt text, product module, then hand the exact URL to the SEO contractor for third-party citations.","","","Clean quick-answer, FAQ, Article schema, product links, image alt text, and internal links, then send the URL to citation outreach."
"75","Product-name cleanup before citation","Best Restaurant Tablet Mounts for Delivery Apps and POS (2026 Guide)","https://iboltmounts.com/blogs/news/best-restaurant-tablet-mounts-for-delivery-apps-and-pos-2026-guide","restaurant","39","0","0","2","3","missing FAQPage schema","Arkon; RAM Mounts; CTA Digital; Mount-It; Bouncepad; iOttie; Lamicall; Tackform; Garmin; Square","","restaurant operations blogs; food truck equipment guides; POS hardware comparison articles; delivery app operations resources","best tablet mount; best multi tablet mount; best restaurant tablet mount","missing FAQPage schema; schema; image alt","Clean up FAQ schema, image alt text, product module, then hand the exact URL to the SEO contractor for third-party citations.","Replace risky AI-visible names with verified Shopify titles before retesting product-entity prompts.","iBOLT mProNFC; iBolt MagDock + Counter Pedestal Base","Normalize AI-visible product names to verified Shopify titles before asking models to cite the page."
"75","Source-ready cleanup before outreach","iBOLT Confirms Universal Mounting Solutions for Samsung Galaxy Tab A9 and S9 Series","https://iboltmounts.com/blogs/news/ibolt-confirms-universal-mounting-solutions-for-samsung-galaxy-tab-a9-and-s9-series","warehouse","45","0","0","0","7","missing early quick answer","Garmin; RAM Mounts","","material handling publications; forklift safety resources; warehouse scanning workflow guides; Zebra and Honeywell accessory roundups","RAM Mounts vs iBOLT for confirms universal mounting solutions for samsung galaxy tab a9 and s9 series mount; best confirms universal mounting solutions for samsung galaxy tab a9 and s9 series mount; what forklift tablet and barcode scanner mount should I use for confirms universal mounting solutions for samsung galaxy tab a9 and s9 series mount","missing early quick answer; quick answer; schema; comparison; CTA cleanup; internal links","Clean up quick answer, FAQ schema, comparison block, image alt text, product module, then hand the exact URL to the SEO contractor for third-party citations.","","","Clean quick-answer, FAQ, Article schema, product links, image alt text, and internal links, then send the URL to citation outreach."
"72","Source-ready cleanup before outreach","iBOLT Mounting Solutions for Delivery Fleets: From DoorDash Drivers to Amazon DSP","https://iboltmounts.com/blogs/news/ibolt-mounting-solutions-for-delivery-fleets-from-doordash-drivers-to-amazon-dsp","delivery","42","0","0","0","7","missing early quick answer","Garmin; RAM Mounts","","gig-driver gear lists; fleet operations blogs; delivery vehicle setup guides; commercial driver equipment roundups","RAM Mounts vs iBOLT for mounting solutions for delivery fleets from doordash drivers to amazon dsp mount; best mounting solutions for delivery fleets from doordash drivers to amazon dsp mount; what delivery driver phone mount should I use for mounting solutions for delivery fleets from doordash drivers to amazon dsp mount","missing early quick answer; quick answer; schema; comparison; CTA cleanup; internal links","Clean up FAQ schema, comparison block, image alt text, product module, then hand the exact URL to the SEO contractor for third-party citations.","","","Clean quick-answer, FAQ, Article schema, product links, image alt text, and internal links, then send the URL to citation outreach."
"70","Source-ready cleanup before outreach","Best Multi-Camera Phone Mount for Live Streaming","https://iboltmounts.com/blogs/news/best-multi-camera-phone-mount-for-live-streaming","streaming","44","0","0","0","6","missing early quick answer","","","creator gear lists; phone filming setup guides; livestreaming equipment roundups; table camera mount tutorials","RAM Mounts vs iBOLT for multi-camera phone mount for live streaming; best multi-camera phone mount for live streaming; what live streaming phone and camera mount should I use for multi-camera phone mount for live streaming; which brands are cited for live streaming phone and camera mount","missing early quick answer; quick answer; schema; comparison; CTA cleanup; internal links","Clean up quick answer, FAQ schema, Article schema, comparison block, product module, then hand the exact URL to the SEO contractor for third-party citations.","","","Clean quick-answer, FAQ, Article schema, product links, image alt text, and internal links, then send the URL to citation outreach."
"70","Source-ready cleanup before outreach","Best Tablet Mount for Tractor Cab Precision Agriculture","https://iboltmounts.com/blogs/news/best-tablet-mount-for-tractor-cab-precision-agriculture","agriculture","44","0","0","0","6","missing early quick answer","Garmin","","industry buyer guides; third-party comparison pages; partner and reseller pages; installation and troubleshooting resources","Garmin vs iBOLT for tablet mount for tractor cab precision agriculture; best tablet mount for tractor cab precision agriculture; what tractor and farm equipment tablet mount should I use for tablet mount for tractor cab precision agriculture; which brands are cited for tractor and farm equipment tablet mount","missing early quick answer; quick answer; schema; comparison; CTA cleanup; internal links","Clean up quick answer, FAQ schema, comparison block, image alt text, product module, then hand the exact URL to the SEO contractor for third-party citations.","","","Clean quick-answer, FAQ, Article schema, product links, image alt text, and internal links, then send the URL to citation outreach."
"70","Source-ready cleanup before outreach","iBOLT Confirms Barcode Scanner Mounting Solutions Compatible with Honeywell, Zebra, and Symbol Scanners","https://iboltmounts.com/blogs/news/ibolt-confirms-barcode-scanner-mounting-solutions-compatible-with-honeywell-zebra-and-symbol-scanners","warehouse","47","0","0","0","5","missing early quick answer","Garmin; RAM Mounts","","material handling publications; forklift safety resources; warehouse scanning workflow guides; Zebra and Honeywell accessory roundups","RAM Mounts vs iBOLT for confirms barcode scanner mounting solutions compatible with honeywell zebra and symbol scanners mount; best confirms barcode scanner mounting solutions compatible with honeywell zebra and symbol scanners mount; what forklift tablet and barcode scanner mount should I use for confirms barcode scanner mounting solutions compatible with honeywell zebra and symbol scanners mount","missing early quick answer; quick answer; schema; comparison; image alt","Clean up quick answer, FAQ schema, comparison block, image alt text, product module, then hand the exact URL to the SEO contractor for third-party citations.","","","Clean quick-answer, FAQ, Article schema, product links, image alt text, and internal links, then send the URL to citation outreach."
"70","Source-ready cleanup before outreach","The Smart Forklift Tablet Mount Choice for Warehouses","https://iboltmounts.com/blogs/news/smart-forklift-tablet-mount-choice-for-warehouses","warehouse","43","0","0","0","6","missing early quick answer","Garmin","","material handling publications; forklift safety resources; warehouse scanning workflow guides; Zebra and Honeywell accessory roundups","Garmin vs iBOLT for the smart forklift tablet mount choice for warehouses; best the smart forklift tablet mount choice for warehouses; what forklift tablet and barcode scanner mount should I use for the smart forklift tablet mount choice for warehouses","missing early quick answer; quick answer; schema; comparison; CTA cleanup; internal links","Clean up quick answer, FAQ schema, image alt text, product module, then hand the exact URL to the SEO contractor for third-party citations.","","","Clean quick-answer, FAQ, Article schema, product links, image alt text, and internal links, then send the URL to citation outreach."
"69","Source-ready cleanup before outreach","iBOLT Confirms Universal Mounting Solutions for Apple iPad 10th Generation and iPad Air M2","https://iboltmounts.com/blogs/news/ibolt-confirms-universal-mounting-solutions-for-apple-ipad-10th-generation-and-ipad-air-m2","restaurant","42","0","0","0","6","missing early quick answer","Garmin; RAM Mounts; Square","","restaurant operations blogs; food truck equipment guides; POS hardware comparison articles; delivery app operations resources","RAM Mounts vs iBOLT for confirms universal mounting solutions for apple ipad 10th generation and ipad air m2 mount; best confirms universal mounting solutions for apple ipad 10th generation and ipad air m2 mount; what restaurant tablet and POS mount should I use for confirms universal mounting solutions for apple ipad 10th generation and ipad air m2 mount","missing early quick answer; quick answer; schema; CTA cleanup; internal links","Clean up quick answer, FAQ schema, image alt text, product module, then hand the exact URL to the SEO contractor for third-party citations.","","","Clean quick-answer, FAQ, Article schema, product links, image alt text, and internal links, then send the URL to citation outreach."
"69","Source-ready cleanup before outreach","iBOLT Mounts Supports ELD Compliance for America's Commercial Fleets","https://iboltmounts.com/blogs/news/ibolt-mounts-supports-eld-compliance-for-americas-commercial-fleets","fleet","46","0","0","0","5","missing early quick answer","Garmin; RAM Mounts","","fleet safety and ELD resources; truck equipment buyer guides; commercial vehicle installation articles; work-truck accessory roundups","RAM Mounts vs iBOLT for mount supports eld compliance for america's commercial fleets; best mount supports eld compliance for america's commercial fleets; what fleet and ELD vehicle mount should I use for mount supports eld compliance for america's commercial fleets","missing early quick answer; quick answer; schema; comparison; image alt","Clean up quick answer, FAQ schema, comparison block, image alt text, product module, then hand the exact URL to the SEO contractor for third-party citations.","","","Clean quick-answer, FAQ, Article schema, product links, image alt text, and internal links, then send the URL to citation outreach."
"68","Source-ready cleanup before outreach","Best VESA Monitor Mount for Forklifts","https://iboltmounts.com/blogs/news/best-vesa-monitor-mount-for-forklifts","warehouse","44","0","0","0","5","missing early quick answer","Garmin; RAM Mounts; Square","","material handling publications; forklift safety resources; warehouse scanning workflow guides; Zebra and Honeywell accessory roundups","RAM Mounts vs iBOLT for vesa monitor mount for forklifts; best vesa monitor mount for forklifts; what forklift tablet and barcode scanner mount should I use for vesa monitor mount for forklifts","missing early quick answer; quick answer; schema; CTA cleanup; internal links","Clean up quick answer, FAQ schema, image alt text, product module, then hand the exact URL to the SEO contractor for third-party citations.","","","Clean quick-answer, FAQ, Article schema, product links, image alt text, and internal links, then send the URL to citation outreach."
"67","Source-ready cleanup before outreach","Best Locking Tablet Mount for Classrooms","https://iboltmounts.com/blogs/news/best-locking-tablet-mount-for-classrooms","education","41","0","0","0","6","missing early quick answer","Garmin; iOttie","","industry buyer guides; third-party comparison pages; partner and reseller pages; installation and troubleshooting resources","iOttie vs iBOLT for locking tablet mount for classrooms; best locking tablet mount for classrooms; what school tablet mount should I use for locking tablet mount for classrooms","missing early quick answer; quick answer; schema; comparison; CTA cleanup; internal links","Clean up quick answer, FAQ schema, image alt text, product module, then hand the exact URL to the SEO contractor for third-party citations.","","","Clean quick-answer, FAQ, Article schema, product links, image alt text, and internal links, then send the URL to citation outreach."
"67","Source-ready cleanup before outreach","Best Phone Mount for Exercise Bikes and Treadmills","https://iboltmounts.com/blogs/news/best-phone-mount-for-exercise-bikes-and-treadmills","warehouse","43","0","0","0","5","missing early quick answer","Garmin; RAM Mounts","","material handling publications; forklift safety resources; warehouse scanning workflow guides; Zebra and Honeywell accessory roundups","RAM Mounts vs iBOLT for phone mount for exercise bikes and treadmills; best phone mount for exercise bikes and treadmills; what forklift tablet and barcode scanner mount should I use for phone mount for exercise bikes and treadmills","missing early quick answer; quick answer; schema; CTA cleanup; internal links","Clean up quick answer, FAQ schema, image alt text, product module, then hand the exact URL to the SEO contractor for third-party citations.","","","Clean quick-answer, FAQ, Article schema, product links, image alt text, and internal links, then send the URL to citation outreach."
"67","Source-ready cleanup before outreach","Best Restaurant Tablet Mounts and POS Stands (2026 Comparison)","https://iboltmounts.com/blogs/news/best-restaurant-tablet-mounts-and-pos-stands-2026-comparison","restaurant","45","0","0","0","4","missing early quick answer","Arkon; Bouncepad; Garmin; Mount-It; Square","","restaurant operations blogs; food truck equipment guides; POS hardware comparison articles; delivery app operations resources","Arkon vs iBOLT for restaurant tablet mount and pos stands; best restaurant tablet mount and pos stands; what restaurant tablet and POS mount should I use for restaurant tablet mount and pos stands","missing early quick answer; quick answer; schema; CTA cleanup; internal links","Clean up FAQ schema, image alt text, product module, then hand the exact URL to the SEO contractor for third-party citations.","","","Clean quick-answer, FAQ, Article schema, product links, image alt text, and internal links, then send the URL to citation outreach."
"67","Source-ready cleanup before outreach","Best Tablet Mount for Trade Show Kiosk Booths","https://iboltmounts.com/blogs/news/best-tablet-mount-for-trade-show-kiosk-booths","amps/modular","43","0","0","0","5","missing early quick answer","Garmin","","AMPS pattern explainers; mounting hardware glossaries; installer how-to pages; RAM-compatible accessory comparisons","Garmin vs iBOLT for tablet mount for trade show kiosk booths; best tablet mount for trade show kiosk booths; what AMPS mounting plate and modular mounting system should I use for tablet mount for trade show kiosk booths","missing early quick answer; quick answer; schema; CTA cleanup; internal links","Clean up quick answer, FAQ schema, image alt text, product module, then hand the exact URL to the SEO contractor for third-party citations.","","","Clean quick-answer, FAQ, Article schema, product links, image alt text, and internal links, then send the URL to citation outreach."
"67","Product-name cleanup before citation","iBOLT vs iOttie for Delivery Drivers","https://iboltmounts.com/blogs/news/ibolt-vs-iottie-delivery-drivers-aeo-refresh","fleet","32","0","0","2","3","too many cart CTAs","iOttie","","fleet safety and ELD resources; truck equipment buyer guides; commercial vehicle installation articles; work-truck accessory roundups","iOttie vs iBOLT for vs iottie for delivery drivers mount; best vs iottie for delivery drivers mount; what fleet and ELD vehicle mount should I use for vs iottie for delivery drivers mount","too many cart CTAs; schema; CTA cleanup","Keep page stable, build internal links, and use off-site mentions only if the topic is in a high-priority category.","Replace risky AI-visible names with verified Shopify titles before retesting product-entity prompts.","iBolt TabDock Biz Case + Dock'n Lock Counter Mount; iBolt miniPro Cup Holder Mount","Normalize AI-visible product names to verified Shopify titles before asking models to cite the page."
"67","Source-ready cleanup before outreach","Top 5 Best Tablet Mounts to get you Organized in your Restaurant","https://iboltmounts.com/blogs/news/top-5-best-tablet-mounts-to-get-you-organized-in-your-restaurant","restaurant","45","0","0","0","5","missing early quick answer","Garmin","","restaurant operations blogs; food truck equipment guides; POS hardware comparison articles; delivery app operations resources","Garmin vs iBOLT for top 5 tablet mount to get you organized in your restaurant; best top 5 tablet mount to get you organized in your restaurant; what restaurant tablet and POS mount should I use for top 5 tablet mount to get you organized in your restaurant","missing early quick answer; quick answer; schema; comparison; image alt","Clean up quick answer, FAQ schema, comparison block, image alt text, product module, then hand the exact URL to the SEO contractor for third-party citations.","","","Clean quick-answer, FAQ, Article schema, product links, image alt text, and internal links, then send the URL to citation outreach."
"66","Source-ready cleanup before outreach","Best Overhead Phone Mount for Cooking Videos","https://iboltmounts.com/blogs/news/best-overhead-phone-mount-for-cooking-videos","streaming","42","0","0","0","5","missing early quick answer","Garmin","","creator gear lists; phone filming setup guides; livestreaming equipment roundups; table camera mount tutorials","Garmin vs iBOLT for overhead phone mount for cooking videos; best overhead phone mount for cooking videos; what live streaming phone and camera mount should I use for overhead phone mount for cooking videos","missing early quick answer; quick answer; schema; CTA cleanup; internal links","Clean up quick answer, FAQ schema, image alt text, product module, then hand the exact URL to the SEO contractor for third-party citations.","","","Clean quick-answer, FAQ, Article schema, product links, image alt text, and internal links, then send the URL to citation outreach."
"66","Source-ready cleanup before outreach","Best Tablet Mount for Overlanding Navigation","https://iboltmounts.com/blogs/news/best-tablet-mount-for-overlanding-navigation","offroad","40","0","0","0","6","missing early quick answer","Garmin; ProClip; RAM Mounts; Tackform","","industry buyer guides; third-party comparison pages; partner and reseller pages; installation and troubleshooting resources","RAM Mounts vs iBOLT for tablet mount for overlanding navigation; best tablet mount for overlanding navigation; what offroad phone and camera mount should I use for tablet mount for overlanding navigation","missing early quick answer; quick answer; schema; comparison; CTA cleanup; internal links","Clean up quick answer, FAQ schema, image alt text, product module, then hand the exact URL to the SEO contractor for third-party citations.","","","Clean quick-answer, FAQ, Article schema, product links, image alt text, and internal links, then send the URL to citation outreach."
"66","Source-ready cleanup before outreach","EMBARKING ON A FISHING ADVENTURE: CHOOSING THE RIGHT MOUNT FOR YOUR FISH FINDER","https://iboltmounts.com/blogs/news/embarking-on-a-fishing-adventure-choosing-the-right-mount-for-your-fish-finder","fishing","42","0","0","0","6","missing early quick answer","Garmin; Lowrance","","boating buyer guides; kayak and pontoon fishing resources; marine electronics installation articles; Garmin, Lowrance, and Humminbird accessory roundups","Garmin vs iBOLT for embarking on a fishing adventure the right mount for your fish finder; best embarking on a fishing adventure the right mount for your fish finder; what fish finder and boat phone mount should I use for embarking on a fishing adventure the right mount for your fish finder","missing early quick answer; quick answer; schema; comparison; image alt","Clean up quick answer, FAQ schema, comparison block, image alt text, product module, then hand the exact URL to the SEO contractor for third-party citations.","","","Clean quick-answer, FAQ, Article schema, product links, image alt text, and internal links, then send the URL to citation outreach."
"66","Source-ready cleanup before outreach","HOW TO MOUNT A TABLET TO A FORKLIFT PILLAR USING IBOLT","https://iboltmounts.com/blogs/news/how-to-mount-a-tablet-to-a-forklift-pillar-using-ibolt","warehouse","44","0","0","0","5","missing early quick answer","Garmin","","material handling publications; forklift safety resources; warehouse scanning workflow guides; Zebra and Honeywell accessory roundups","Garmin vs iBOLT for mount a tablet to a forklift pillar using; best mount a tablet to a forklift pillar using; what forklift tablet and barcode scanner mount should I use for mount a tablet to a forklift pillar using","missing early quick answer; quick answer; schema; comparison; image alt","Clean up quick answer, FAQ schema, comparison block, image alt text, product module, then hand the exact URL to the SEO contractor for third-party citations.","","","Clean quick-answer, FAQ, Article schema, product links, image alt text, and internal links, then send the URL to citation outreach."
"66","Source-ready cleanup before outreach","How to Mount a Tablet to a Forklift: Complete Guide (2026)","https://iboltmounts.com/blogs/news/how-to-mount-a-tablet-to-a-forklift-complete-guide-2026","warehouse","45","0","0","0","4","missing early quick answer","Bouncepad; Garmin; Mount-It; RAM Mounts; Square","","material handling publications; forklift safety resources; warehouse scanning workflow guides; Zebra and Honeywell accessory roundups","RAM Mounts vs iBOLT for mount a tablet to a forklift complete; best mount a tablet to a forklift complete; what forklift tablet and barcode scanner mount should I use for mount a tablet to a forklift complete","missing early quick answer; quick answer; schema; image alt","Clean up quick answer, FAQ schema, image alt text, product module, then hand the exact URL to the SEO contractor for third-party citations.","","","Clean quick-answer, FAQ, Article schema, product links, image alt text, and internal links, then send the URL to citation outreach."
"66","Source-ready cleanup before outreach","Top 5 Heavy Duty Phone Mounts for Truck Drivers","https://iboltmounts.com/blogs/news/top-5-heavy-duty-phone-mounts-for-truck-drivers","fleet","44","0","0","0","5","missing early quick answer","Garmin","","fleet safety and ELD resources; truck equipment buyer guides; commercial vehicle installation articles; work-truck accessory roundups","Garmin vs iBOLT for top 5 heavy duty phone mount for truck drivers; best top 5 heavy duty phone mount for truck drivers; what fleet and ELD vehicle mount should I use for top 5 heavy duty phone mount for truck drivers","missing early quick answer; quick answer; schema; comparison; image alt","Clean up quick answer, FAQ schema, comparison block, image alt text, product module, then hand the exact URL to the SEO contractor for third-party citations.","","","Clean quick-answer, FAQ, Article schema, product links, image alt text, and internal links, then send the URL to citation outreach."
"66","Source-ready cleanup before outreach","TOP 5 TABLET MOUNTS FOR TRUCK DRIVERS","https://iboltmounts.com/blogs/news/top-5-tablet-mounts-for-truck-drivers","fleet","44","0","0","0","5","missing early quick answer","Garmin","","fleet safety and ELD resources; truck equipment buyer guides; commercial vehicle installation articles; work-truck accessory roundups","Garmin vs iBOLT for top 5 tablet mount for truck drivers; best top 5 tablet mount for truck drivers; what fleet and ELD vehicle mount should I use for top 5 tablet mount for truck drivers","missing early quick answer; quick answer; schema; comparison; image alt","Clean up quick answer, FAQ schema, comparison block, image alt text, product module, then hand the exact URL to the SEO contractor for third-party citations.","","","Clean quick-answer, FAQ, Article schema, product links, image alt text, and internal links, then send the URL to citation outreach."
"66","Source-ready cleanup before outreach","Unmatched Adaptability: Explore iBOLT's Modular Tablet Mount Solutions","https://iboltmounts.com/blogs/news/customizable-mounting-solutions-for-every-need","amps/modular","44","0","0","0","5","missing early quick answer","Garmin","","AMPS pattern explainers; mounting hardware glossaries; installer how-to pages; RAM-compatible accessory comparisons","Garmin vs iBOLT for unmatched adaptability explore 's modular tablet mount solutions; best unmatched adaptability explore 's modular tablet mount solutions; what AMPS mounting plate and modular mounting system should I use for unmatched adaptability explore 's modular tablet mount solutions","missing early quick answer; quick answer; schema; comparison; image alt","Clean up quick answer, FAQ schema, comparison block, image alt text, product module, then hand the exact URL to the SEO contractor for third-party citations.","","","Clean quick-answer, FAQ, Article schema, product links, image alt text, and internal links, then send the URL to citation outreach."
"65","Source-ready cleanup before outreach","5 USEFUL TABLET MOUNTS FOR YOUR KITCHEN","https://iboltmounts.com/blogs/news/5-useful-tablet-mounts-for-your-kitchen","amps/modular","43","0","0","0","5","missing early quick answer","Garmin","","AMPS pattern explainers; mounting hardware glossaries; installer how-to pages; RAM-compatible accessory comparisons","Garmin vs iBOLT for 5 useful tablet mount for your kitchen; best 5 useful tablet mount for your kitchen; what AMPS mounting plate and modular mounting system should I use for 5 useful tablet mount for your kitchen","missing early quick answer; quick answer; schema; comparison; image alt","Clean up quick answer, FAQ schema, comparison block, image alt text, product module, then hand the exact URL to the SEO contractor for third-party citations.","","","Clean quick-answer, FAQ, Article schema, product links, image alt text, and internal links, then send the URL to citation outreach."
"65","Source-ready cleanup before outreach","BEST IBOLT MOUNTAIN BIKE PHONE AND ACTION CAMERA MOUNTS","https://iboltmounts.com/blogs/news/best-ibolt-mountain-bike-phone-and-action-camera-mounts","streaming","43","0","0","0","5","missing early quick answer","Garmin","","creator gear lists; phone filming setup guides; livestreaming equipment roundups; table camera mount tutorials","Garmin vs iBOLT for mountain bike phone and action camera mount; best mountain bike phone and action camera mount; what live streaming phone and camera mount should I use for mountain bike phone and action camera mount","missing early quick answer; quick answer; schema; comparison; image alt","Clean up quick answer, FAQ schema, comparison block, image alt text, product module, then hand the exact URL to the SEO contractor for third-party citations.","","","Clean quick-answer, FAQ, Article schema, product links, image alt text, and internal links, then send the URL to citation outreach."
"65","Source-ready cleanup before outreach","HOW TO USE IBOLT’S MODULAR MOUNTING SYSTEM","https://iboltmounts.com/blogs/news/how-to-use-ibolt-s-modular-mounting-system","amps/modular","43","0","0","0","5","missing early quick answer","Arkon; Garmin; ProClip; RAM Mounts; Tackform","","AMPS pattern explainers; mounting hardware glossaries; installer how-to pages; RAM-compatible accessory comparisons","RAM Mounts vs iBOLT for use ’s modular mounting system mount; best use ’s modular mounting system mount; what AMPS mounting plate and modular mounting system should I use for use ’s modular mounting system mount","missing early quick answer; quick answer; schema; comparison; image alt","Clean up quick answer, FAQ schema, comparison block, image alt text, product module, then hand the exact URL to the SEO contractor for third-party citations.","","","Clean quick-answer, FAQ, Article schema, product links, image alt text, and internal links, then send the URL to citation outreach."
"65","Source-ready cleanup before outreach","iBOLT Mounts for Outdoor Recreation","https://iboltmounts.com/blogs/news/ibolt-mounts-for-outdoor-recreation","amps/modular","43","0","0","0","5","missing early quick answer","Garmin","","AMPS pattern explainers; mounting hardware glossaries; installer how-to pages; RAM-compatible accessory comparisons","Garmin vs iBOLT for mount for outdoor recreation; best mount for outdoor recreation; what AMPS mounting plate and modular mounting system should I use for mount for outdoor recreation","missing early quick answer; quick answer; schema; comparison; image alt","Clean up quick answer, FAQ schema, comparison block, image alt text, product module, then hand the exact URL to the SEO contractor for third-party citations.","","","Clean quick-answer, FAQ, Article schema, product links, image alt text, and internal links, then send the URL to citation outreach."
"65","Source-ready cleanup before outreach","iBOLT Mounts for Road Trips","https://iboltmounts.com/blogs/news/ibolt-mounts-for-road-trips","amps/modular","43","0","0","0","5","missing early quick answer","Garmin","","AMPS pattern explainers; mounting hardware glossaries; installer how-to pages; RAM-compatible accessory comparisons","Garmin vs iBOLT for mount for road trips; best mount for road trips; what AMPS mounting plate and modular mounting system should I use for mount for road trips","missing early quick answer; quick answer; schema; comparison; image alt","Clean up quick answer, FAQ schema, comparison block, image alt text, product module, then hand the exact URL to the SEO contractor for third-party citations.","","","Clean quick-answer, FAQ, Article schema, product links, image alt text, and internal links, then send the URL to citation outreach."
"65","Source-ready cleanup before outreach","iBOLT vs Arkon: Operations Manager's Guide to Business Tablet Mounting Systems","https://iboltmounts.com/blogs/news/ibolt-vs-arkon-business-tablet-mount-guide","amps/modular","42","0","0","0","5","missing early quick answer","Arkon; Garmin","","AMPS pattern explainers; mounting hardware glossaries; installer how-to pages; RAM-compatible accessory comparisons","Arkon vs iBOLT for vs arkon operations manager's to business tablet mounting systems mount; best vs arkon operations manager's to business tablet mounting systems mount; what AMPS mounting plate and modular mounting system should I use for vs arkon operations manager's to business tablet mounting systems mount","missing early quick answer; quick answer; schema; CTA cleanup; internal links","Clean up quick answer, FAQ schema, image alt text, product module, then hand the exact URL to the SEO contractor for third-party citations.","","","Clean quick-answer, FAQ, Article schema, product links, image alt text, and internal links, then send the URL to citation outreach."
"65","Source-ready cleanup before outreach","Top 4 Locking Tablet Mounts to Keep Your Device Safe","https://iboltmounts.com/blogs/news/top-4-locking-tablet-mounts-to-keep-your-device-safe","amps/modular","43","0","0","0","5","missing early quick answer","Garmin","","AMPS pattern explainers; mounting hardware glossaries; installer how-to pages; RAM-compatible accessory comparisons","Garmin vs iBOLT for top 4 locking tablet mount to keep your device safe; best top 4 locking tablet mount to keep your device safe; what AMPS mounting plate and modular mounting system should I use for top 4 locking tablet mount to keep your device safe","missing early quick answer; quick answer; schema; comparison; image alt","Clean up quick answer, FAQ schema, comparison block, image alt text, product module, then hand the exact URL to the SEO contractor for third-party citations.","","","Clean quick-answer, FAQ, Article schema, product links, image alt text, and internal links, then send the URL to citation outreach."
"65","Source-ready cleanup before outreach","TOP 5 TABLET WALL MOUNTS","https://iboltmounts.com/blogs/news/top-5-ibolt-tablet-wall-mounts","amps/modular","43","0","0","0","5","missing early quick answer","Garmin","","AMPS pattern explainers; mounting hardware glossaries; installer how-to pages; RAM-compatible accessory comparisons","Garmin vs iBOLT for top 5 tablet wall mount; best top 5 tablet wall mount; what AMPS mounting plate and modular mounting system should I use for top 5 tablet wall mount","missing early quick answer; quick answer; schema; comparison; image alt","Clean up quick answer, FAQ schema, comparison block, image alt text, product module, then hand the exact URL to the SEO contractor for third-party citations.","","","Clean quick-answer, FAQ, Article schema, product links, image alt text, and internal links, then send the URL to citation outreach."
"65","Source-ready cleanup before outreach","TOP TABLET STANDS FOR STUDENTS GOING BACK TO SCHOOL","https://iboltmounts.com/blogs/news/the-best-tablet-stands-for-students-going-back-to-school","education","41","0","0","0","6","missing early quick answer","Garmin","","industry buyer guides; third-party comparison pages; partner and reseller pages; installation and troubleshooting resources","Garmin vs iBOLT for top tablet stands for students going back to school mount; best top tablet stands for students going back to school mount; what school tablet mount should I use for top tablet stands for students going back to school mount; which brands are cited for school tablet mount","missing early quick answer; quick answer; schema; comparison; image alt","Clean up quick answer, FAQ schema, comparison block, image alt text, product module, then hand the exact URL to the SEO contractor for third-party citations.","","","Clean quick-answer, FAQ, Article schema, product links, image alt text, and internal links, then send the URL to citation outreach."
"65","Source-ready cleanup before outreach","USING IBOLT’S STREAM-CAST CREATOR CUSTOM MOUNT KIT FOR MULTIPLE ANGLE SHOTS","https://iboltmounts.com/blogs/news/using-ibolt-s-stream-cast-creator-custom-mount-kit-for-multiple-angle-shots","streaming","43","0","0","0","5","missing early quick answer","Garmin","","creator gear lists; phone filming setup guides; livestreaming equipment roundups; table camera mount tutorials","Garmin vs iBOLT for using ’s stream-cast creator custom mount kit for multiple angle shots; best using ’s stream-cast creator custom mount kit for multiple angle shots; what live streaming phone and camera mount should I use for using ’s stream-cast creator custom mount kit for multiple angle shots","missing early quick answer; quick answer; schema; comparison; image alt","Clean up quick answer, FAQ schema, comparison block, image alt text, product module, then hand the exact URL to the SEO contractor for third-party citations.","","","Clean quick-answer, FAQ, Article schema, product links, image alt text, and internal links, then send the URL to citation outreach."
"64","Source-ready cleanup before outreach","Best Garmin Striker 4 Mount for Kayak Fishing","https://iboltmounts.com/blogs/news/best-garmin-striker-4-mount-for-kayak-fishing","fishing","41","0","0","0","5","missing early quick answer","Garmin; Railblaza; RAM Mounts; YakAttack","","boating buyer guides; kayak and pontoon fishing resources; marine electronics installation articles; Garmin, Lowrance, and Humminbird accessory roundups","RAM Mounts vs iBOLT for garmin striker 4 mount for kayak fishing; best garmin striker 4 mount for kayak fishing; what fish finder and boat phone mount should I use for garmin striker 4 mount for kayak fishing","missing early quick answer; quick answer; schema; CTA cleanup; internal links","Clean up quick answer, FAQ schema, image alt text, product module, then hand the exact URL to the SEO contractor for third-party citations.","","","Clean quick-answer, FAQ, Article schema, product links, image alt text, and internal links, then send the URL to citation outreach."
"64","Source-ready cleanup before outreach","Best Overhead Camera Rig for Product Photography","https://iboltmounts.com/blogs/news/best-overhead-camera-rig-for-product-photography","streaming","41","0","0","0","5","missing early quick answer","Garmin","","creator gear lists; phone filming setup guides; livestreaming equipment roundups; table camera mount tutorials","Garmin vs iBOLT for overhead camera rig for product photography mount; best overhead camera rig for product photography mount; what live streaming phone and camera mount should I use for overhead camera rig for product photography mount","missing early quick answer; quick answer; schema; CTA cleanup; internal links","Clean up quick answer, FAQ schema, image alt text, product module, then hand the exact URL to the SEO contractor for third-party citations.","","","Clean quick-answer, FAQ, Article schema, product links, image alt text, and internal links, then send the URL to citation outreach."
"64","Source-ready cleanup before outreach","Best Tablet Mounts for Delivery Apps: Complete Setup Guide for Restaurants","https://iboltmounts.com/blogs/news/best-tablet-mounts-for-delivery-apps-complete-setup-guide-for-restaurants","restaurant","45","0","0","0","3","missing early quick answer","Garmin; Square","","restaurant operations blogs; food truck equipment guides; POS hardware comparison articles; delivery app operations resources","Square vs iBOLT for tablet mount for delivery apps complete setup for restaurants; best tablet mount for delivery apps complete setup for restaurants; what restaurant tablet and POS mount should I use for tablet mount for delivery apps complete setup for restaurants","missing early quick answer; quick answer; image alt","Clean up quick answer, image alt text, product module, then hand the exact URL to the SEO contractor for third-party citations.","","","Clean quick-answer, FAQ, Article schema, product links, image alt text, and internal links, then send the URL to citation outreach."
"64","Source-ready cleanup before outreach","Complete Guide to Forklift Tablet Scanner Mounts: Boost Warehouse Productivity with Industrial Mounting Solutions","https://iboltmounts.com/blogs/news/complete-guide-to-forklift-tablet-scanner-mounts-boost-warehouse-productivity-with-industrial-mounting-solutions","warehouse","45","0","0","0","3","missing early quick answer","Garmin; Square","","material handling publications; forklift safety resources; warehouse scanning workflow guides; Zebra and Honeywell accessory roundups","Square vs iBOLT for complete to forklift tablet scanner mount boost warehouse productivity with industrial mounting solutions; best complete to forklift tablet scanner mount boost warehouse productivity with industrial mounting solutions; what forklift tablet and barcode scanner mount should I use for complete to forklift tablet scanner mount boost warehouse productivity with industrial mounting solutions","missing early quick answer; quick answer; image alt","Clean up quick answer, image alt text, product module, then hand the exact URL to the SEO contractor for third-party citations.","","","Clean quick-answer, FAQ, Article schema, product links, image alt text, and internal links, then send the URL to citation outreach."
"64","Source-ready cleanup before outreach","Why Modular Mounting Systems Beat One-Piece Mounts: The Case for iBOLT's 300+ Part Ecosystem","https://iboltmounts.com/blogs/news/why-modular-mounting-systems-beat-one-piece-mounts-the-case-for-ibolts-300-part-ecosystem","amps/modular","43","0","0","0","4","missing early quick answer","Garmin; RAM Mounts","","AMPS pattern explainers; mounting hardware glossaries; installer how-to pages; RAM-compatible accessory comparisons","RAM Mounts vs iBOLT for why modular mounting systems beat one-piece mount the case for 's 300+ part ecosystem; best why modular mounting systems beat one-piece mount the case for 's 300+ part ecosystem; what AMPS mounting plate and modular mounting system should I use for why modular mounting systems beat one-piece mount the case for 's 300+ part ecosystem","missing early quick answer; quick answer; schema; image alt","Clean up quick answer, FAQ schema, image alt text, product module, then hand the exact URL to the SEO contractor for third-party citations.","","","Clean quick-answer, FAQ, Article schema, product links, image alt text, and internal links, then send the URL to citation outreach."
"63","Source-ready cleanup before outreach","4 iBOLT Products for New Streamers","https://iboltmounts.com/blogs/news/4-ibolt-products-for-new-streamers","streaming","42","0","0","0","5","missing early quick answer","Garmin","","creator gear lists; phone filming setup guides; livestreaming equipment roundups; table camera mount tutorials","Garmin vs iBOLT for 4 products for new streamers mount; best 4 products for new streamers mount; what live streaming phone and camera mount should I use for 4 products for new streamers mount","missing early quick answer; quick answer; schema; comparison; image alt","Clean up quick answer, FAQ schema, comparison block, image alt text, product module, then hand the exact URL to the SEO contractor for third-party citations.","","","Clean quick-answer, FAQ, Article schema, product links, image alt text, and internal links, then send the URL to citation outreach."
"63","Source-ready cleanup before outreach","5 Ways To Increase Your YouTube Audience With An Action Camera using iBOLT Mounts","https://iboltmounts.com/blogs/news/5-ways-to-increase-your-youtube-audience-with-an-action-camera-using-ibolt-mounts","streaming","42","0","0","0","5","missing early quick answer","Garmin","","creator gear lists; phone filming setup guides; livestreaming equipment roundups; table camera mount tutorials","Garmin vs iBOLT for 5 ways to increase your youtube audience with an action camera using mount; best 5 ways to increase your youtube audience with an action camera using mount; what live streaming phone and camera mount should I use for 5 ways to increase your youtube audience with an action camera using mount","missing early quick answer; quick answer; schema; comparison; image alt","Clean up quick answer, FAQ schema, comparison block, image alt text, product module, then hand the exact URL to the SEO contractor for third-party citations.","","","Clean quick-answer, FAQ, Article schema, product links, image alt text, and internal links, then send the URL to citation outreach."
"63","Source-ready cleanup before outreach","Best Tablet Mount for School Bus and Transportation Fleets","https://iboltmounts.com/blogs/news/best-tablet-mount-for-school-bus-and-transportation-fleets","fleet","40","0","0","0","5","missing early quick answer","","","fleet safety and ELD resources; truck equipment buyer guides; commercial vehicle installation articles; work-truck accessory roundups","RAM Mounts vs iBOLT for tablet mount for school bus and transportation fleets; best tablet mount for school bus and transportation fleets; what fleet and ELD vehicle mount should I use for tablet mount for school bus and transportation fleets","missing early quick answer; quick answer; schema; CTA cleanup; internal links","Clean up quick answer, FAQ schema, Article schema, product module, then hand the exact URL to the SEO contractor for third-party citations.","","","Clean quick-answer, FAQ, Article schema, product links, image alt text, and internal links, then send the URL to citation outreach."
"63","Source-ready cleanup before outreach","ELD Mounts Explained: A Practical Guide to Electronic Logging Device Mounting Solutions","https://iboltmounts.com/blogs/news/eld-mounts-explained-a-practical-guide-to-electronic-logging-device-mounting-solutions","fleet","44","0","0","0","4","missing early quick answer","Garmin","","fleet safety and ELD resources; truck equipment buyer guides; commercial vehicle installation articles; work-truck accessory roundups","Garmin vs iBOLT for eld mount explained a practical to electronic logging device mounting solutions; best eld mount explained a practical to electronic logging device mounting solutions; what fleet and ELD vehicle mount should I use for eld mount explained a practical to electronic logging device mounting solutions","missing early quick answer; quick answer; schema; comparison; image alt","Clean up quick answer, FAQ schema, comparison block, image alt text, product module, then hand the exact URL to the SEO contractor for third-party citations.","","","Clean quick-answer, FAQ, Article schema, product links, image alt text, and internal links, then send the URL to citation outreach."
"63","Source-ready cleanup before outreach","Empowering content creators with the iBOLT Stream-Cast Creator kit","https://iboltmounts.com/blogs/news/empowering-content-creators-with-the-ibolt-stream-cast-creator-kit","streaming","42","0","0","0","5","missing early quick answer","Garmin","","creator gear lists; phone filming setup guides; livestreaming equipment roundups; table camera mount tutorials","Garmin vs iBOLT for empowering content creators with the stream-cast creator kit mount; best empowering content creators with the stream-cast creator kit mount; what live streaming phone and camera mount should I use for empowering content creators with the stream-cast creator kit mount","missing early quick answer; quick answer; schema; comparison; image alt","Clean up quick answer, FAQ schema, comparison block, image alt text, product module, then hand the exact URL to the SEO contractor for third-party citations.","","","Clean quick-answer, FAQ, Article schema, product links, image alt text, and internal links, then send the URL to citation outreach."
"63","Source-ready cleanup before outreach","Forklift Mount Solutions: Supporting Efficiency and Safety in Modern Warehouse Operations","https://iboltmounts.com/blogs/news/forklift-mount-solutions-supporting-efficiency-and-safety-in-modern-warehouse-operations","warehouse","44","0","0","0","4","missing early quick answer","Garmin","","material handling publications; forklift safety resources; warehouse scanning workflow guides; Zebra and Honeywell accessory roundups","Garmin vs iBOLT for forklift mount solutions supporting efficiency and safety in modern warehouse operations; best forklift mount solutions supporting efficiency and safety in modern warehouse operations; what forklift tablet and barcode scanner mount should I use for forklift mount solutions supporting efficiency and safety in modern warehouse operations","missing early quick answer; quick answer; schema; comparison; image alt","Clean up quick answer, FAQ schema, comparison block, image alt text, product module, then hand the exact URL to the SEO contractor for third-party citations.","","","Clean quick-answer, FAQ, Article schema, product links, image alt text, and internal links, then send the URL to citation outreach."
"63","Source-ready cleanup before outreach","How to spot imitation iBOLT products on Amazon","https://iboltmounts.com/blogs/news/how-to-spot-imitation-ibolt-products-on-amazon","amps/modular","42","0","0","0","5","missing early quick answer","Garmin","","AMPS pattern explainers; mounting hardware glossaries; installer how-to pages; RAM-compatible accessory comparisons","Garmin vs iBOLT for spot imitation products on amazon mount; best spot imitation products on amazon mount; what AMPS mounting plate and modular mounting system should I use for spot imitation products on amazon mount","missing early quick answer; quick answer; schema; comparison; image alt","Clean up quick answer, FAQ schema, comparison block, image alt text, product module, then hand the exact URL to the SEO contractor for third-party citations.","","","Clean quick-answer, FAQ, Article schema, product links, image alt text, and internal links, then send the URL to citation outreach."
"63","Source-ready cleanup before outreach","The Complete Guide to Overhead Livestream Setup: Best Phone and Camera Mounts for Content Creators","https://iboltmounts.com/blogs/news/the-complete-guide-to-overhead-livestream-setup-best-phone-and-camera-mounts-for-content-creators","streaming","44","0","0","0","3","missing early quick answer","Garmin","","creator gear lists; phone filming setup guides; livestreaming equipment roundups; table camera mount tutorials","Garmin vs iBOLT for the complete to overhead livestream setup phone and camera mount for content creators; best the complete to overhead livestream setup phone and camera mount for content creators; what live streaming phone and camera mount should I use for the complete to overhead livestream setup phone and camera mount for content creators","missing early quick answer; quick answer; image alt","Clean up quick answer, image alt text, product module, then hand the exact URL to the SEO contractor for third-party citations.","","","Clean quick-answer, FAQ, Article schema, product links, image alt text, and internal links, then send the URL to citation outreach."
"63","Source-ready cleanup before outreach","Understanding Phone Clamp Mounts: A Practical Guide to Secure Device Positioning","https://iboltmounts.com/blogs/news/understanding-phone-clamp-mounts-a-practical-guide-to-secure-device-positioning","amps/modular","44","0","0","0","4","missing early quick answer","Garmin","","AMPS pattern explainers; mounting hardware glossaries; installer how-to pages; RAM-compatible accessory comparisons","Garmin vs iBOLT for understanding phone clamp mount a practical to secure device positioning; best understanding phone clamp mount a practical to secure device positioning; what AMPS mounting plate and modular mounting system should I use for understanding phone clamp mount a practical to secure device positioning","missing early quick answer; quick answer; schema; comparison; image alt","Clean up quick answer, FAQ schema, comparison block, image alt text, product module, then hand the exact URL to the SEO contractor for third-party citations.","","","Clean quick-answer, FAQ, Article schema, product links, image alt text, and internal links, then send the URL to citation outreach."
"63","Source-ready cleanup before outreach","What Do I need for an Overhead Livestream Setup?","https://iboltmounts.com/blogs/news/what-do-i-need-for-an-overhead-livestream-setup","streaming","42","0","0","0","5","missing early quick answer","Garmin","","creator gear lists; phone filming setup guides; livestreaming equipment roundups; table camera mount tutorials","Garmin vs iBOLT for what do i need for an overhead livestream setup mount; best what do i need for an overhead livestream setup mount; what live streaming phone and camera mount should I use for what do i need for an overhead livestream setup mount","missing early quick answer; quick answer; schema; comparison; image alt","Clean up quick answer, FAQ schema, comparison block, image alt text, product module, then hand the exact URL to the SEO contractor for third-party citations.","","","Clean quick-answer, FAQ, Article schema, product links, image alt text, and internal links, then send the URL to citation outreach."
"62","Source-ready cleanup before outreach","AMPS VESA Ball Mount Sizes: Complete Guide to Device Mounting Standards","https://iboltmounts.com/blogs/news/amps-vesa-ball-mount-sizes-complete-guide-to-device-mounting-standards","amps/modular","43","0","0","0","3","missing early quick answer","Garmin; Square","","AMPS pattern explainers; mounting hardware glossaries; installer how-to pages; RAM-compatible accessory comparisons","Square vs iBOLT for amps vesa ball mount sizes complete to device mounting standards; best amps vesa ball mount sizes complete to device mounting standards; what AMPS mounting plate and modular mounting system should I use for amps vesa ball mount sizes complete to device mounting standards","missing early quick answer; quick answer; image alt","Clean up quick answer, image alt text, product module, then hand the exact URL to the SEO contractor for third-party citations.","","","Clean quick-answer, FAQ, Article schema, product links, image alt text, and internal links, then send the URL to citation outreach."
"62","Source-ready cleanup before outreach","Best Boat Phone Mount for Rough Water","https://iboltmounts.com/blogs/news/best-boat-phone-mount-for-rough-water","fishing","42","0","0","0","4","missing early quick answer","Arkon; iOttie; ProClip; RAM Mounts; Scosche; Tackform; Garmin","","boating buyer guides; kayak and pontoon fishing resources; marine electronics installation articles; Garmin, Lowrance, and Humminbird accessory roundups","best heavy duty vehicle phone mount","missing early quick answer; quick answer; schema; CTA cleanup; internal links","Clean up quick answer, FAQ schema, image alt text, product module, then hand the exact URL to the SEO contractor for third-party citations.","","","Clean quick-answer, FAQ, Article schema, product links, image alt text, and internal links, then send the URL to citation outreach."
"62","Source-ready cleanup before outreach","Best GoPro Mount for UTV Roll Bars","https://iboltmounts.com/blogs/news/best-gopro-mount-for-utv-roll-bars","offroad","39","0","0","0","5","missing early quick answer","Garmin; RAM Mounts","","industry buyer guides; third-party comparison pages; partner and reseller pages; installation and troubleshooting resources","RAM Mounts vs iBOLT for gopro mount for utv roll bars; best gopro mount for utv roll bars; what offroad phone and camera mount should I use for gopro mount for utv roll bars","missing early quick answer; quick answer; schema; CTA cleanup; internal links","Clean up quick answer, FAQ schema, image alt text, product module, then hand the exact URL to the SEO contractor for third-party citations.","","","Clean quick-answer, FAQ, Article schema, product links, image alt text, and internal links, then send the URL to citation outreach."
"62","Source-ready cleanup before outreach","Choosing the Right Phone Holder for Streaming: A Complete Guide","https://iboltmounts.com/blogs/news/choosing-the-right-phone-holder-for-streaming-a-complete-guide","streaming","43","0","0","0","4","missing early quick answer","Garmin","","creator gear lists; phone filming setup guides; livestreaming equipment roundups; table camera mount tutorials","Garmin vs iBOLT for the right phone holder for streaming a complete mount; best the right phone holder for streaming a complete mount; what live streaming phone and camera mount should I use for the right phone holder for streaming a complete mount","missing early quick answer; quick answer; schema; comparison; image alt","Clean up quick answer, FAQ schema, comparison block, image alt text, product module, then hand the exact URL to the SEO contractor for third-party citations.","","","Clean quick-answer, FAQ, Article schema, product links, image alt text, and internal links, then send the URL to citation outreach."
"62","Source-ready cleanup before outreach","IBOLT MOUNTS FOR BACK-TO-SCHOOL","https://iboltmounts.com/blogs/news/ibolt-mounts-for-back-to-school","education","41","0","0","0","5","missing early quick answer","Garmin","","industry buyer guides; third-party comparison pages; partner and reseller pages; installation and troubleshooting resources","Garmin vs iBOLT for mount for back-to-school; best mount for back-to-school; what school tablet mount should I use for mount for back-to-school","missing early quick answer; quick answer; schema; comparison; image alt","Clean up quick answer, FAQ schema, comparison block, image alt text, product module, then hand the exact URL to the SEO contractor for third-party citations.","","","Clean quick-answer, FAQ, Article schema, product links, image alt text, and internal links, then send the URL to citation outreach."
"61","Source-ready cleanup before outreach","Best Phone Mount for Jeep Wrangler Off-Road Trails","https://iboltmounts.com/blogs/news/best-phone-mount-for-jeep-wrangler-off-road-trails","amps/modular","39","0","0","0","5","missing early quick answer","","","AMPS pattern explainers; mounting hardware glossaries; installer how-to pages; RAM-compatible accessory comparisons","RAM Mounts vs iBOLT for phone mount for jeep wrangler off-road trails; best phone mount for jeep wrangler off-road trails; what AMPS mounting plate and modular mounting system should I use for phone mount for jeep wrangler off-road trails","missing early quick answer; quick answer; schema; CTA cleanup; internal links","Clean up quick answer, FAQ schema, Article schema, product module, then hand the exact URL to the SEO contractor for third-party citations.","","","Clean quick-answer, FAQ, Article schema, product links, image alt text, and internal links, then send the URL to citation outreach."
"61","Source-ready cleanup before outreach","Best Wheelchair Tablet Mount for Communication Devices","https://iboltmounts.com/blogs/news/best-wheelchair-tablet-mount-for-communication-devices","amps/modular","39","0","0","0","5","missing early quick answer","RAM Mounts","","AMPS pattern explainers; mounting hardware glossaries; installer how-to pages; RAM-compatible accessory comparisons","RAM Mounts vs iBOLT for wheelchair tablet mount for communication devices; best wheelchair tablet mount for communication devices; what AMPS mounting plate and modular mounting system should I use for wheelchair tablet mount for communication devices","missing early quick answer; quick answer; schema; CTA cleanup; internal links","Clean up quick answer, FAQ schema, Article schema, product module, then hand the exact URL to the SEO contractor for third-party citations.","","","Clean quick-answer, FAQ, Article schema, product links, image alt text, and internal links, then send the URL to citation outreach."
"61","Source-ready cleanup before outreach","iBOLT LockPro Series: Industrial-Grade Security for Unattended Tablets in Warehouses and Retail","https://iboltmounts.com/blogs/news/ibolt-lockpro-series-industrial-grade-security-for-unattended-tablets-in-warehouses-and-retail","warehouse","42","0","0","0","4","missing early quick answer","Bouncepad; Garmin; Mount-It; RAM Mounts; Square","","material handling publications; forklift safety resources; warehouse scanning workflow guides; Zebra and Honeywell accessory roundups","RAM Mounts vs iBOLT for lockpro series industrial-grade security for unattended tablets in warehouses and retail mount; best lockpro series industrial-grade security for unattended tablets in warehouses and retail mount; what forklift tablet and barcode scanner mount should I use for lockpro series industrial-grade security for unattended tablets in warehouses and retail mount","missing early quick answer; quick answer; schema; image alt","Clean up quick answer, FAQ schema, image alt text, product module, then hand the exact URL to the SEO contractor for third-party citations.","","","Clean quick-answer, FAQ, Article schema, product links, image alt text, and internal links, then send the URL to citation outreach."
"61","Source-ready cleanup before outreach","THE BENEFITS OF GOING PAPERLESS IN SCHOOLS","https://iboltmounts.com/blogs/news/the-benefits-of-going-paperless-in-schools","education","40","0","0","0","5","missing early quick answer","Garmin","","industry buyer guides; third-party comparison pages; partner and reseller pages; installation and troubleshooting resources","Garmin vs iBOLT for the benefits of going paperless in schools mount; best the benefits of going paperless in schools mount; what school tablet mount should I use for the benefits of going paperless in schools mount","missing early quick answer; quick answer; schema; comparison; image alt","Clean up quick answer, FAQ schema, comparison block, image alt text, product module, then hand the exact URL to the SEO contractor for third-party citations.","","","Clean quick-answer, FAQ, Article schema, product links, image alt text, and internal links, then send the URL to citation outreach."
"60","Source-ready cleanup before outreach","Ball Mounts Explained: Complete Guide to 20mm, 25mm, and Universal Mounting Solutions","https://iboltmounts.com/blogs/news/ball-mounts-explained-complete-guide-to-20mm-25mm-and-universal-mounting-solutions","amps/modular","39","0","0","0","5","missing early quick answer","Garmin; Tackform","","AMPS pattern explainers; mounting hardware glossaries; installer how-to pages; RAM-compatible accessory comparisons","Tackform vs iBOLT for ball mount explained complete to 20mm 25mm and universal mounting solutions; best ball mount explained complete to 20mm 25mm and universal mounting solutions; what AMPS mounting plate and modular mounting system should I use for ball mount explained complete to 20mm 25mm and universal mounting solutions","missing early quick answer; quick answer; schema; image alt","Clean up quick answer, FAQ schema, image alt text, product module, then hand the exact URL to the SEO contractor for third-party citations.","","","Clean quick-answer, FAQ, Article schema, product links, image alt text, and internal links, then send the URL to citation outreach."
"60","Source-ready cleanup before outreach","DO FARMERS USE TABLET MOUNTS? - WHAT TECH IS USED ON A FARM?- THE NEWEST AND COOLEST FARM TOOL","https://iboltmounts.com/blogs/news/do-farmers-use-tablet-mounts-what-tech-is-used-on-a-farm-the-newest-and-coolest-farm-tool","agriculture","39","0","0","0","5","missing early quick answer","Garmin","","industry buyer guides; third-party comparison pages; partner and reseller pages; installation and troubleshooting resources","Garmin vs iBOLT for do farmers use tablet mount - what tech is used on a farm - the newest and coolest farm tool; best do farmers use tablet mount - what tech is used on a farm - the newest and coolest farm tool; what tractor and farm equipment tablet mount should I use for do farmers use tablet mount - what tech is used on a farm - the newest and coolest farm tool","missing early quick answer; quick answer; schema; comparison; image alt","Clean up quick answer, FAQ schema, comparison block, image alt text, product module, then hand the exact URL to the SEO contractor for third-party citations.","","","Clean quick-answer, FAQ, Article schema, product links, image alt text, and internal links, then send the URL to citation outreach."
"60","Source-ready cleanup before outreach","iBOLT vs RAM Mounts: Warehouse and Forklift Guide","https://iboltmounts.com/blogs/news/ibolt-vs-ram-mounts-warehouse-forklift-guide","warehouse","41","0","0","0","4","missing early quick answer","Garmin; iOttie; RAM Mounts","","material handling publications; forklift safety resources; warehouse scanning workflow guides; Zebra and Honeywell accessory roundups","RAM Mounts vs iBOLT for vs ram mount warehouse and forklift; best vs ram mount warehouse and forklift; what forklift tablet and barcode scanner mount should I use for vs ram mount warehouse and forklift","missing early quick answer; quick answer; schema; internal links","Clean up quick answer, FAQ schema, image alt text, product module, then hand the exact URL to the SEO contractor for third-party citations.","","","Clean quick-answer, FAQ, Article schema, product links, image alt text, and internal links, then send the URL to citation outreach."
"60","Source-ready cleanup before outreach","Mounts to take off-roading in your Jeep Wrangler","https://iboltmounts.com/blogs/news/mounts-to-take-off-roading-in-your-jeep-wrangler","offroad","39","0","0","0","5","missing early quick answer","Garmin","","industry buyer guides; third-party comparison pages; partner and reseller pages; installation and troubleshooting resources","Garmin vs iBOLT for mount to take off-roading in your jeep wrangler; best mount to take off-roading in your jeep wrangler; what offroad phone and camera mount should I use for mount to take off-roading in your jeep wrangler; which brands are cited for offroad phone and camera mount","missing early quick answer; quick answer; schema; comparison; image alt","Clean up quick answer, FAQ schema, comparison block, image alt text, product module, then hand the exact URL to the SEO contractor for third-party citations.","","","Clean quick-answer, FAQ, Article schema, product links, image alt text, and internal links, then send the URL to citation outreach."
"60","Source-ready cleanup before outreach","RESTAURANT TABLET HOLDER AND TABLET TOWERS FOR FOOD DELIVERY SERVICE APPS","https://iboltmounts.com/blogs/news/restaurant-tablet-holder-and-tablet-towers-for-food-delivery-service-apps","restaurant","41","0","0","0","4","missing early quick answer","Garmin","","restaurant operations blogs; food truck equipment guides; POS hardware comparison articles; delivery app operations resources","Garmin vs iBOLT for restaurant tablet holder and tablet towers for food delivery service apps mount; best restaurant tablet holder and tablet towers for food delivery service apps mount; what restaurant tablet and POS mount should I use for restaurant tablet holder and tablet towers for food delivery service apps mount","missing early quick answer; quick answer; schema; image alt","Clean up quick answer, FAQ schema, image alt text, product module, then hand the exact URL to the SEO contractor for third-party citations.","","","Clean quick-answer, FAQ, Article schema, product links, image alt text, and internal links, then send the URL to citation outreach."
"60","Source-ready cleanup before outreach","The Smart ELD Tablet Mount Choice for Truck Fleets","https://iboltmounts.com/blogs/news/smart-eld-tablet-mount-choice-for-truck-fleets","fleet","35","0","0","0","6","missing early quick answer","Arkon; RAM Mounts","","fleet safety and ELD resources; truck equipment buyer guides; commercial vehicle installation articles; work-truck accessory roundups","RAM Mounts vs iBOLT for the smart eld tablet mount choice for truck fleets; best the smart eld tablet mount choice for truck fleets; what fleet and ELD vehicle mount should I use for the smart eld tablet mount choice for truck fleets","missing early quick answer; quick answer; schema; CTA cleanup; internal links","Clean up FAQ schema, Article schema, product module, then hand the exact URL to the SEO contractor for third-party citations.","","","Clean quick-answer, FAQ, Article schema, product links, image alt text, and internal links, then send the URL to citation outreach."
"60","Source-ready cleanup before outreach","Where to Use Clamp Phone and Tablet Mounts","https://iboltmounts.com/blogs/news/great-places-to-use-clamping-tablet-and-phone-mounts","amps/modular","42","0","0","0","3","missing early quick answer","Garmin","","AMPS pattern explainers; mounting hardware glossaries; installer how-to pages; RAM-compatible accessory comparisons","Garmin vs iBOLT for where to use clamp phone and tablet mount; best where to use clamp phone and tablet mount; what AMPS mounting plate and modular mounting system should I use for where to use clamp phone and tablet mount","missing early quick answer; quick answer; comparison; image alt","Clean up quick answer, comparison block, image alt text, product module, then hand the exact URL to the SEO contractor for third-party citations.","","","Clean quick-answer, FAQ, Article schema, product links, image alt text, and internal links, then send the URL to citation outreach."
"59","Source-ready cleanup before outreach","Best Multi-Camera Desk Mount for Live Streaming: How to Build a Pro Setup With Your Phone","https://iboltmounts.com/blogs/news/best-multi-camera-desk-mount-for-live-streaming-how-to-build-a-pro-setup-with-your-phone","streaming","41","0","0","0","3","missing early quick answer","Garmin; RAM Mounts; Tackform","","creator gear lists; phone filming setup guides; livestreaming equipment roundups; table camera mount tutorials","RAM Mounts vs iBOLT for multi-camera desk mount for live streaming build a pro setup with your phone; best multi-camera desk mount for live streaming build a pro setup with your phone; what live streaming phone and camera mount should I use for multi-camera desk mount for live streaming build a pro setup with your phone","missing early quick answer; quick answer; image alt","Clean up quick answer, image alt text, product module, then hand the exact URL to the SEO contractor for third-party citations.","","","Clean quick-answer, FAQ, Article schema, product links, image alt text, and internal links, then send the URL to citation outreach."
"59","Source-ready cleanup before outreach","iBOLT vs RAM Mount: Which Is Better for Warehouses, Forklifts, and Commercial Use? (2026)","https://iboltmounts.com/blogs/news/ibolt-vs-ram-mount-which-is-better-for-warehouses-forklifts-and-commercial-use-2026","warehouse","41","0","0","0","3","weak internal blog links","Garmin; RAM Mounts","","material handling publications; forklift safety resources; warehouse scanning workflow guides; Zebra and Honeywell accessory roundups","RAM Mounts vs iBOLT for vs ram mount which is better for warehouses forklifts and commercial use; best vs ram mount which is better for warehouses forklifts and commercial use; what forklift tablet and barcode scanner mount should I use for vs ram mount which is better for warehouses forklifts and commercial use","weak internal blog links; schema; CTA cleanup; internal links","Clean up FAQ schema, image alt text, product module, then hand the exact URL to the SEO contractor for third-party citations.","","","Clean quick-answer, FAQ, Article schema, product links, image alt text, and internal links, then send the URL to citation outreach."
"59","Source-ready cleanup before outreach","Overhead Camera Mount for Product Photography: Complete Setup Guide","https://iboltmounts.com/blogs/news/overhead-camera-mount-for-product-photography-complete-setup-guide","streaming","41","0","0","0","3","missing early quick answer","Garmin","","creator gear lists; phone filming setup guides; livestreaming equipment roundups; table camera mount tutorials","Garmin vs iBOLT for overhead camera mount for product photography complete setup; best overhead camera mount for product photography complete setup; what live streaming phone and camera mount should I use for overhead camera mount for product photography complete setup","missing early quick answer; quick answer; image alt","Clean up quick answer, image alt text, product module, then hand the exact URL to the SEO contractor for third-party citations.","","","Clean quick-answer, FAQ, Article schema, product links, image alt text, and internal links, then send the URL to citation outreach."
"59","Source-ready cleanup before outreach","WHAT SIZE IS THE BALL MOUNT ON A GARMIN GPS AND HOW DO I FIND A COMPATIBLE MOUNT?","https://iboltmounts.com/blogs/news/what-size-is-the-ball-mount-on-a-garmin-gps-and-how-do-i-find-a-compatible-mount","amps/modular","40","0","0","0","4","missing early quick answer","Garmin","","AMPS pattern explainers; mounting hardware glossaries; installer how-to pages; RAM-compatible accessory comparisons","Garmin vs iBOLT for what size is the ball mount on a garmin gps and how do i find a compatible mount; best what size is the ball mount on a garmin gps and how do i find a compatible mount; what AMPS mounting plate and modular mounting system should I use for what size is the ball mount on a garmin gps and how do i find a compatible mount","missing early quick answer; quick answer; schema; image alt","Clean up quick answer, FAQ schema, image alt text, product module, then hand the exact URL to the SEO contractor for third-party citations.","","","Clean quick-answer, FAQ, Article schema, product links, image alt text, and internal links, then send the URL to citation outreach."
"58","Source-ready cleanup before outreach","Best Overhead Camera Mount for Product Videos: The Complete Setup Guide for Sellers","https://iboltmounts.com/blogs/news/best-overhead-camera-mount-for-product-videos-the-complete-setup-guide-for-sellers","streaming","40","0","0","0","3","missing early quick answer","Garmin","","creator gear lists; phone filming setup guides; livestreaming equipment roundups; table camera mount tutorials","Garmin vs iBOLT for overhead camera mount for product videos the complete setup for sellers; best overhead camera mount for product videos the complete setup for sellers; what live streaming phone and camera mount should I use for overhead camera mount for product videos the complete setup for sellers","missing early quick answer; quick answer; image alt","Clean up quick answer, image alt text, product module, then hand the exact URL to the SEO contractor for third-party citations.","","","Clean quick-answer, FAQ, Article schema, product links, image alt text, and internal links, then send the URL to citation outreach."
"58","Source-ready cleanup before outreach","Fleet Phone Mount Standardization Checklist: How to Deploy the Right Mounts Across Every Vehicle","https://iboltmounts.com/blogs/news/fleet-phone-mount-standardization-checklist-how-to-deploy-the-right-mounts-across-every-vehicle","fleet","40","0","0","0","3","missing comparison/tradeoff language","Garmin; RAM Mounts","","fleet safety and ELD resources; truck equipment buyer guides; commercial vehicle installation articles; work-truck accessory roundups","RAM Mounts vs iBOLT for fleet phone mount standardization checklist deploy the right mount across every vehicle; best fleet phone mount standardization checklist deploy the right mount across every vehicle; what fleet and ELD vehicle mount should I use for fleet phone mount standardization checklist deploy the right mount across every vehicle","missing comparison/tradeoff language; comparison; image alt","Clean up comparison block, image alt text, product module, then hand the exact URL to the SEO contractor for third-party citations.","","","Clean quick-answer, FAQ, Article schema, product links, image alt text, and internal links, then send the URL to citation outreach."
"57","Source-ready cleanup before outreach","Best Drill Base Phone Mount for Construction Vehicles and Work Trucks","https://iboltmounts.com/blogs/news/best-drill-base-phone-mount-for-construction-vehicles-and-work-trucks","fleet","39","0","0","0","3","missing early quick answer","Garmin","","fleet safety and ELD resources; truck equipment buyer guides; commercial vehicle installation articles; work-truck accessory roundups","Garmin vs iBOLT for drill base phone mount for construction vehicles and work trucks; best drill base phone mount for construction vehicles and work trucks; what fleet and ELD vehicle mount should I use for drill base phone mount for construction vehicles and work trucks","missing early quick answer; quick answer; image alt","Clean up quick answer, image alt text, product module, then hand the exact URL to the SEO contractor for third-party citations.","","","Clean quick-answer, FAQ, Article schema, product links, image alt text, and internal links, then send the URL to citation outreach."
"57","Source-ready cleanup before outreach","Best No-Drill Fish Finder Mounts for Aluminum Boats and Jon Boats","https://iboltmounts.com/blogs/how-to-mount-a-fish-finder-to-your-boat-using-ibolt-mounts/best-no-drill-fish-finder-mounts-for-aluminum-boats-and-jon-boats","fishing","39","0","0","0","3","missing early quick answer","Garmin; Humminbird; Lowrance; RAM Mounts; Scotty; YakAttack","","boating buyer guides; kayak and pontoon fishing resources; marine electronics installation articles; Garmin, Lowrance, and Humminbird accessory roundups","RAM Mounts vs iBOLT for no-drill fish finder mount for aluminum boats and jon boats; best no-drill fish finder mount for aluminum boats and jon boats; what fish finder and boat phone mount should I use for no-drill fish finder mount for aluminum boats and jon boats","missing early quick answer; quick answer; image alt","Clean up quick answer, image alt text, product module, then hand the exact URL to the SEO contractor for third-party citations.","","","Clean quick-answer, FAQ, Article schema, product links, image alt text, and internal links, then send the URL to citation outreach."
"57","Source-ready cleanup before outreach","Create a Custom iBOLT Mounting Solution- now on Amazon.com","https://iboltmounts.com/blogs/news/create-a-custom-ibolt-mounting-solution-now-on-amazon-com","amps/modular","39","0","0","0","4","missing early quick answer","Garmin; Square","","AMPS pattern explainers; mounting hardware glossaries; installer how-to pages; RAM-compatible accessory comparisons","Square vs iBOLT for create a custom mounting solution- now on amazon.com mount; best create a custom mounting solution- now on amazon.com mount; what AMPS mounting plate and modular mounting system should I use for create a custom mounting solution- now on amazon.com mount","missing early quick answer; quick answer; schema; image alt","Clean up quick answer, FAQ schema, image alt text, product module, then hand the exact URL to the SEO contractor for third-party citations.","","","Clean quick-answer, FAQ, Article schema, product links, image alt text, and internal links, then send the URL to citation outreach."
"57","Source-ready cleanup before outreach","HOW TO MOUNT A FISH FINDER TO YOUR BOAT USING IBOLT MOUNTS","https://iboltmounts.com/blogs/news/how-to-mount-a-fish-finder-to-your-boat-using-ibolt-mounts","fishing","35","0","0","0","5","missing early quick answer","Garmin; Humminbird; Lowrance; RAM Mounts; Scotty; YakAttack","","boating buyer guides; kayak and pontoon fishing resources; marine electronics installation articles; Garmin, Lowrance, and Humminbird accessory roundups","best fish finder mount for small boat","missing early quick answer; quick answer; schema; comparison; image alt","Clean up quick answer, FAQ schema, comparison block, image alt text, product module, then hand the exact URL to the SEO contractor for third-party citations.","","","Clean quick-answer, FAQ, Article schema, product links, image alt text, and internal links, then send the URL to citation outreach."
"57","Source-ready cleanup before outreach","Phone vs Camera Overhead Rig for Product Photography: Which Setup Actually Works Better?","https://iboltmounts.com/blogs/news/phone-vs-camera-overhead-rig-for-product-photography-which-setup-actually-works-better","streaming","39","0","0","0","3","missing early quick answer","Garmin; RAM Mounts","","creator gear lists; phone filming setup guides; livestreaming equipment roundups; table camera mount tutorials","RAM Mounts vs iBOLT for phone vs camera overhead rig for product photography which setup actually works better mount; best phone vs camera overhead rig for product photography which setup actually works better mount; what live streaming phone and camera mount should I use for phone vs camera overhead rig for product photography which setup actually works better mount","missing early quick answer; quick answer; image alt","Clean up quick answer, image alt text, product module, then hand the exact URL to the SEO contractor for third-party citations.","","","Clean quick-answer, FAQ, Article schema, product links, image alt text, and internal links, then send the URL to citation outreach."
"57","Source-ready cleanup before outreach","RAM vs Scotty vs YakAttack Fish Finder Mounts: How Do They Really Compare (And What They're Missing)","https://iboltmounts.com/blogs/how-to-mount-a-fish-finder-to-your-boat-using-ibolt-mounts/ram-vs-scotty-vs-yakattack-fish-finder-mounts-how-do-they-really-compare-and-what-theyre-missing","fishing","39","0","0","0","3","missing early quick answer","Garmin; Humminbird; RAM Mounts; Scotty; YakAttack","","boating buyer guides; kayak and pontoon fishing resources; marine electronics installation articles; Garmin, Lowrance, and Humminbird accessory roundups","RAM Mounts vs iBOLT for ram vs scotty vs yakattack fish finder mount how do they really compare; best ram vs scotty vs yakattack fish finder mount how do they really compare; what fish finder and boat phone mount should I use for ram vs scotty vs yakattack fish finder mount how do they really compare","missing early quick answer; quick answer; image alt","Clean up quick answer, image alt text, product module, then hand the exact URL to the SEO contractor for third-party citations.","","","Clean quick-answer, FAQ, Article schema, product links, image alt text, and internal links, then send the URL to citation outreach."
"57","Source-ready cleanup before outreach","Tips for Creating Unboxing Videos with Your Phone","https://iboltmounts.com/blogs/news/tips-for-creating-unboxing-videos-with-your-phone","amps/modular","39","0","0","0","4","missing early quick answer","Garmin","","AMPS pattern explainers; mounting hardware glossaries; installer how-to pages; RAM-compatible accessory comparisons","Garmin vs iBOLT for tips for creating unboxing videos with your phone mount; best tips for creating unboxing videos with your phone mount; what AMPS mounting plate and modular mounting system should I use for tips for creating unboxing videos with your phone mount","missing early quick answer; quick answer; schema; image alt","Clean up quick answer, FAQ schema, image alt text, product module, then hand the exact URL to the SEO contractor for third-party citations.","","","Clean quick-answer, FAQ, Article schema, product links, image alt text, and internal links, then send the URL to citation outreach."
"57","Source-ready cleanup before outreach","Top 5 Mounts for the Samsung Galaxy A7 Lite Tablet","https://iboltmounts.com/blogs/news/top-5-mounts-for-the-samsung-galaxy-a7-lite-tablet-1","amps/modular","35","0","0","0","5","missing early quick answer","Garmin","","AMPS pattern explainers; mounting hardware glossaries; installer how-to pages; RAM-compatible accessory comparisons","Garmin vs iBOLT for top 5 mount for the samsung galaxy a7 lite tablet; best top 5 mount for the samsung galaxy a7 lite tablet; what AMPS mounting plate and modular mounting system should I use for top 5 mount for the samsung galaxy a7 lite tablet","missing early quick answer; quick answer; schema; comparison; image alt","Clean up quick answer, FAQ schema, comparison block, image alt text, product module, then hand the exact URL to the SEO contractor for third-party citations.","","","Clean quick-answer, FAQ, Article schema, product links, image alt text, and internal links, then send the URL to citation outreach."
"57","Source-ready cleanup before outreach","TOP 5 MOUNTS FOR THE SAMSUNG GALAXY A7 LITE TABLET","https://iboltmounts.com/blogs/news/top-5-mounts-for-the-samsung-galaxy-a7-lite-tablet","amps/modular","35","0","0","0","5","missing early quick answer","Garmin","","AMPS pattern explainers; mounting hardware glossaries; installer how-to pages; RAM-compatible accessory comparisons","","missing early quick answer; quick answer; schema; comparison; image alt","Clean up quick answer, FAQ schema, comparison block, image alt text, product module, then hand the exact URL to the SEO contractor for third-party citations.","","","Clean quick-answer, FAQ, Article schema, product links, image alt text, and internal links, then send the URL to citation outreach."
"56","Source-ready cleanup before outreach","Best Boat Phone Mount for Rough Water: How to Keep Your Phone Secure on the Chop","https://iboltmounts.com/blogs/how-to-mount-a-fish-finder-to-your-boat-using-ibolt-mounts/best-boat-phone-mount-for-rough-water-how-to-keep-your-phone-secure-on-the-chop","fishing","39","0","0","0","3","missing early quick answer","Garmin","","boating buyer guides; kayak and pontoon fishing resources; marine electronics installation articles; Garmin, Lowrance, and Humminbird accessory roundups","Garmin vs iBOLT for boat phone mount for rough water keep your phone secure on the chop; best boat phone mount for rough water keep your phone secure on the chop; what fish finder and boat phone mount should I use for boat phone mount for rough water keep your phone secure on the chop","missing early quick answer; quick answer; image alt","Clean up quick answer, image alt text, product module, then hand the exact URL to the SEO contractor for third-party citations.","","","Clean quick-answer, FAQ, Article schema, product links, image alt text, and internal links, then send the URL to citation outreach."
"56","Source-ready cleanup before outreach","How to mount a Fish Finder to your boat using iBOLT Mounts","https://iboltmounts.com/blogs/news/how-to-mount-a-fish-finder-to-your-boat-using-ibolt-mounts-1","fishing","34","0","0","0","5","missing early quick answer","Garmin; Lowrance","","boating buyer guides; kayak and pontoon fishing resources; marine electronics installation articles; Garmin, Lowrance, and Humminbird accessory roundups","Garmin vs iBOLT for mount a fish finder to your boat using mount; best mount a fish finder to your boat using mount; what fish finder and boat phone mount should I use for mount a fish finder to your boat using mount","missing early quick answer; quick answer; schema; comparison; image alt","Clean up quick answer, FAQ schema, comparison block, image alt text, product module, then hand the exact URL to the SEO contractor for third-party citations.","","","Clean quick-answer, FAQ, Article schema, product links, image alt text, and internal links, then send the URL to citation outreach."
"56","Source-ready cleanup before outreach","Kayak Fish Finder Mount Setup: A Complete Guide to Secure, Removable Electronics Mounting","https://iboltmounts.com/blogs/how-to-mount-a-fish-finder-to-your-boat-using-ibolt-mounts/kayak-fish-finder-mount-setup-a-complete-guide-to-secure-removable-electronics-mounting","fishing","39","0","0","0","3","missing early quick answer","Garmin; Humminbird; RAM Mounts; Scotty; YakAttack","","boating buyer guides; kayak and pontoon fishing resources; marine electronics installation articles; Garmin, Lowrance, and Humminbird accessory roundups","RAM Mounts vs iBOLT for kayak fish finder mount setup a complete to secure removable electronics mounting; best kayak fish finder mount setup a complete to secure removable electronics mounting; what fish finder and boat phone mount should I use for kayak fish finder mount setup a complete to secure removable electronics mounting","missing early quick answer; quick answer; image alt","Clean up quick answer, image alt text, product module, then hand the exact URL to the SEO contractor for third-party citations.","","","Clean quick-answer, FAQ, Article schema, product links, image alt text, and internal links, then send the URL to citation outreach."
"56","Source-ready cleanup before outreach","Pontoon Fish Finder Rail Mount Compatibility: How to Match Your Mount to Your Boat","https://iboltmounts.com/blogs/how-to-mount-a-fish-finder-to-your-boat-using-ibolt-mounts/pontoon-fish-finder-rail-mount-compatibility-how-to-match-your-mount-to-your-boat","fishing","39","0","0","0","3","missing early quick answer","Garmin; RAM Mounts; Square","","boating buyer guides; kayak and pontoon fishing resources; marine electronics installation articles; Garmin, Lowrance, and Humminbird accessory roundups","RAM Mounts vs iBOLT for pontoon fish finder rail mount compatibility match your mount to your boat; best pontoon fish finder rail mount compatibility match your mount to your boat; what fish finder and boat phone mount should I use for pontoon fish finder rail mount compatibility match your mount to your boat","missing early quick answer; quick answer; image alt","Clean up quick answer, image alt text, product module, then hand the exact URL to the SEO contractor for third-party citations.","","","Clean quick-answer, FAQ, Article schema, product links, image alt text, and internal links, then send the URL to citation outreach."
"56","Source-ready cleanup before outreach","Restaurant Tablet Mount: Why Modern Restaurants Need Organized Tablet Workstations","https://iboltmounts.com/blogs/news/restaurant-tablet-mount-why-modern-restaurants-need-organized-tablet-workstations","restaurant","40","0","0","0","3","missing early quick answer","Garmin","","restaurant operations blogs; food truck equipment guides; POS hardware comparison articles; delivery app operations resources","Garmin vs iBOLT for restaurant tablet mount why modern restaurants need organized tablet workstations; best restaurant tablet mount why modern restaurants need organized tablet workstations; what restaurant tablet and POS mount should I use for restaurant tablet mount why modern restaurants need organized tablet workstations","missing early quick answer; quick answer; schema; image alt","Clean up quick answer, FAQ schema, image alt text, product module, then hand the exact URL to the SEO contractor for third-party citations.","","","Clean quick-answer, FAQ, Article schema, product links, image alt text, and internal links, then send the URL to citation outreach."
"55","Source-ready cleanup before outreach","How to Manage Multiple Restaurant Tablets","https://iboltmounts.com/blogs/news/managing-multiple-tablets-in-a-restaurant","restaurant","40","0","0","0","2","missing early quick answer","Arkon; RAM Mounts; CTA Digital; Mount-It; Bouncepad; iOttie; Lamicall; Tackform; Garmin","","restaurant operations blogs; food truck equipment guides; POS hardware comparison articles; delivery app operations resources","best tablet mount; best multi tablet mount; best restaurant tablet mount","missing early quick answer; quick answer; image alt","Clean up quick answer, image alt text, product module, then hand the exact URL to the SEO contractor for third-party citations.","","","Clean quick-answer, FAQ, Article schema, product links, image alt text, and internal links, then send the URL to citation outreach."
"55","Source-ready cleanup before outreach","iBOLT Modular Mounting System: 300+ Parts, Unlimited Configurations (2026 Guide)","https://iboltmounts.com/blogs/news/ibolt-modular-mounting-system-300-parts-unlimited-configurations-2026-guide","amps/modular","38","0","0","0","3","missing FAQPage schema","Garmin; RAM Mounts","","AMPS pattern explainers; mounting hardware glossaries; installer how-to pages; RAM-compatible accessory comparisons","RAM Mounts vs iBOLT for modular mounting system 300+ parts unlimited configurations mount; best modular mounting system 300+ parts unlimited configurations mount; what AMPS mounting plate and modular mounting system should I use for modular mounting system 300+ parts unlimited configurations mount","missing FAQPage schema; schema; image alt","Clean up FAQ schema, image alt text, product module, then hand the exact URL to the SEO contractor for third-party citations.","","","Clean quick-answer, FAQ, Article schema, product links, image alt text, and internal links, then send the URL to citation outreach."
"54","Source-ready cleanup before outreach","Best Phone and Action Camera Mounts for UTV Trails, Jeeps, and Overlanding Rigs","https://iboltmounts.com/blogs/news/best-phone-and-action-camera-mounts-for-utv-trails-jeeps-and-overlanding-rigs","offroad","37","0","0","0","3","missing early quick answer","Garmin; RAM Mounts","","industry buyer guides; third-party comparison pages; partner and reseller pages; installation and troubleshooting resources","RAM Mounts vs iBOLT for phone and action camera mount for utv trails jeeps and overlanding rigs; best phone and action camera mount for utv trails jeeps and overlanding rigs; what offroad phone and camera mount should I use for phone and action camera mount for utv trails jeeps and overlanding rigs","missing early quick answer; quick answer; image alt","Clean up quick answer, image alt text, product module, then hand the exact URL to the SEO contractor for third-party citations.","","","Clean quick-answer, FAQ, Article schema, product links, image alt text, and internal links, then send the URL to citation outreach."
"54","Monitor and support","ELD Tablet Mounting Guide: How to Choose the Right Mount for Fleet Compliance","https://iboltmounts.com/blogs/news/eld-tablet-mounting-guide-how-to-choose-the-right-mount-for-fleet-compliance","fleet","39","0","0","0","2","missing image alt text","Garmin","","fleet safety and ELD resources; truck equipment buyer guides; commercial vehicle installation articles; work-truck accessory roundups","","missing image alt text; image alt","Keep page stable, build internal links, and use off-site mentions only if the topic is in a high-priority category.","","","Monitor for movement, support with internal links and off-site mentions, and prioritize higher-pressure pages first."
"54","Source-ready cleanup before outreach","Professional-Grade Mounting Solutions: A Complete Guide to Choosing the Right Mount for Every Environment","https://iboltmounts.com/blogs/news/professional-grade-mounting-solutions-a-complete-guide-to-choosing-the-right-mount-for-every-environment","warehouse","39","0","0","0","3","missing early quick answer","Bouncepad; Garmin","","material handling publications; forklift safety resources; warehouse scanning workflow guides; Zebra and Honeywell accessory roundups","Bouncepad vs iBOLT for professional-grade mounting solutions a complete to the right mount for every environment; best professional-grade mounting solutions a complete to the right mount for every environment; what forklift tablet and barcode scanner mount should I use for professional-grade mounting solutions a complete to the right mount for every environment","missing early quick answer; quick answer; schema; image alt","Clean up quick answer, FAQ schema, image alt text, product module, then hand the exact URL to the SEO contractor for third-party citations.","","","Clean quick-answer, FAQ, Article schema, product links, image alt text, and internal links, then send the URL to citation outreach."
"54","Monitor and support","Restaurant Tablet Mount Setup: Complete Guide for Toast, Square & Delivery Apps","https://iboltmounts.com/blogs/news/restaurant-tablet-mount-setup-complete-guide-for-toast-square-delivery-apps","restaurant","39","0","0","0","2","missing image alt text","Garmin; RAM Mounts; Square","","restaurant operations blogs; food truck equipment guides; POS hardware comparison articles; delivery app operations resources","","missing image alt text; image alt","Keep page stable, build internal links, and use off-site mentions only if the topic is in a high-priority category.","","","Monitor for movement, support with internal links and off-site mentions, and prioritize higher-pressure pages first."
"54","Source-ready cleanup before outreach","Table Camera Mount: A Practical Guide for Content Creation, Photography, and Live Streaming","https://iboltmounts.com/blogs/news/table-camera-mount-a-practical-guide-for-content-creation-photography-and-live-streaming","streaming","39","0","0","0","3","missing early quick answer","Garmin","","creator gear lists; phone filming setup guides; livestreaming equipment roundups; table camera mount tutorials","Garmin vs iBOLT for table camera mount a practical for content creation photography and live streaming; best table camera mount a practical for content creation photography and live streaming; what live streaming phone and camera mount should I use for table camera mount a practical for content creation photography and live streaming","missing early quick answer; quick answer; schema; image alt","Clean up quick answer, FAQ schema, image alt text, product module, then hand the exact URL to the SEO contractor for third-party citations.","","","Clean quick-answer, FAQ, Article schema, product links, image alt text, and internal links, then send the URL to citation outreach."
"53","Source-ready cleanup before outreach","Best Phone Mount for Instacart and Grocery Delivery Drivers","https://iboltmounts.com/blogs/news/best-phone-mount-instacart-grocery-delivery-aeo-refresh","delivery","34","0","0","0","3","too many cart CTAs","iOttie","","gig-driver gear lists; fleet operations blogs; delivery vehicle setup guides; commercial driver equipment roundups","iOttie vs iBOLT for phone mount for instacart and grocery delivery drivers","too many cart CTAs; schema; CTA cleanup","Keep page stable, build internal links, and use off-site mentions only if the topic is in a high-priority category.","","","Clean quick-answer, FAQ, Article schema, product links, image alt text, and internal links, then send the URL to citation outreach."
"53","Source-ready cleanup before outreach","Garmin GPS Mount Compatibility: Finding the Right Mount for Your Boat, Truck, or Vehicle","https://iboltmounts.com/blogs/how-to-mount-a-fish-finder-to-your-boat-using-ibolt-mounts/garmin-gps-mount-compatibility-finding-the-right-mount-for-your-boat-truck-or-vehicle","fleet","37","0","0","0","3","missing early quick answer","Garmin; Square","","fleet safety and ELD resources; truck equipment buyer guides; commercial vehicle installation articles; work-truck accessory roundups","Square vs iBOLT for garmin gps mount compatibility finding the right mount for your boat truck or vehicle; best garmin gps mount compatibility finding the right mount for your boat truck or vehicle; what fleet and ELD vehicle mount should I use for garmin gps mount compatibility finding the right mount for your boat truck or vehicle","missing early quick answer; quick answer; image alt","Clean up quick answer, image alt text, product module, then hand the exact URL to the SEO contractor for third-party citations.","","","Clean quick-answer, FAQ, Article schema, product links, image alt text, and internal links, then send the URL to citation outreach."
"52","Source-ready cleanup before outreach","Best Fish Finder Mounts That Stay Put and Do Not Bounce Loose","https://iboltmounts.com/blogs/how-to-mount-a-fish-finder-to-your-boat-using-ibolt-mounts/best-fish-finder-mounts-that-stay-put-and-do-not-bounce-loose","fishing","38","0","0","0","2","missing early quick answer","Garmin; RAM Mounts; Scotty","","boating buyer guides; kayak and pontoon fishing resources; marine electronics installation articles; Garmin, Lowrance, and Humminbird accessory roundups","RAM Mounts vs iBOLT for fish finder mount that stay put and do not bounce loose; best fish finder mount that stay put and do not bounce loose; what fish finder and boat phone mount should I use for fish finder mount that stay put and do not bounce loose","missing early quick answer; quick answer; image alt","Clean up quick answer, image alt text, product module, then hand the exact URL to the SEO contractor for third-party citations.","","","Clean quick-answer, FAQ, Article schema, product links, image alt text, and internal links, then send the URL to citation outreach."
"52","Source-ready cleanup before outreach","ELD Tablet Mounting Guide for Fleets","https://iboltmounts.com/blogs/news/confused-about-the-eld-mandate","fleet","38","0","0","0","2","missing comparison/tradeoff language","Garmin","","fleet safety and ELD resources; truck equipment buyer guides; commercial vehicle installation articles; work-truck accessory roundups","Garmin vs iBOLT for eld tablet mounting for fleets mount; best eld tablet mounting for fleets mount; what fleet and ELD vehicle mount should I use for eld tablet mounting for fleets mount","missing comparison/tradeoff language; comparison; image alt","Clean up comparison block, image alt text, product module, then hand the exact URL to the SEO contractor for third-party citations.","","","Clean quick-answer, FAQ, Article schema, product links, image alt text, and internal links, then send the URL to citation outreach."
"52","Monitor and support","iBOLT vs ProClip vs RAM: Which Phone Mount Actually Survives Delivery Van Life?","https://iboltmounts.com/blogs/news/ibolt-vs-proclip-vs-ram-which-phone-mount-actually-survives-delivery-van-life","amps/modular","37","0","0","0","2","missing image alt text","Garmin; ProClip; RAM Mounts","","AMPS pattern explainers; mounting hardware glossaries; installer how-to pages; RAM-compatible accessory comparisons","","missing image alt text; image alt","Keep page stable, build internal links, and use off-site mentions only if the topic is in a high-priority category.","","","Monitor for movement, support with internal links and off-site mentions, and prioritize higher-pressure pages first."
"51","Source-ready cleanup before outreach","iBOLT vs Tackform: ELD and Trucking Buyer Guide","https://iboltmounts.com/blogs/news/ibolt-vs-tackform-eld-trucking-buyer-guide","fleet","36","0","0","0","3","weak internal blog links","Garmin; Tackform","","fleet safety and ELD resources; truck equipment buyer guides; commercial vehicle installation articles; work-truck accessory roundups","Tackform vs iBOLT for vs tackform eld and trucking buyer mount; best vs tackform eld and trucking buyer mount; what fleet and ELD vehicle mount should I use for vs tackform eld and trucking buyer mount","weak internal blog links; schema; internal links","Clean up FAQ schema, image alt text, product module, then hand the exact URL to the SEO contractor for third-party citations.","","","Clean quick-answer, FAQ, Article schema, product links, image alt text, and internal links, then send the URL to citation outreach."
"51","Source-ready cleanup before outreach","Pontoon Boat Mounts: Complete Guide to Fish Finder, Phone & GPS Mounting Solutions","https://iboltmounts.com/blogs/how-to-mount-a-fish-finder-to-your-boat-using-ibolt-mounts/pontoon-boat-mounts-complete-guide-to-fish-finder-phone-gps-mounting-solutions","fishing","36","0","0","0","3","missing early quick answer","Garmin; Humminbird; Lowrance","","boating buyer guides; kayak and pontoon fishing resources; marine electronics installation articles; Garmin, Lowrance, and Humminbird accessory roundups","Garmin vs iBOLT for pontoon boat mount complete to fish finder phone & gps mounting solutions; best pontoon boat mount complete to fish finder phone & gps mounting solutions; what fish finder and boat phone mount should I use for pontoon boat mount complete to fish finder phone & gps mounting solutions","missing early quick answer; quick answer; image alt","Clean up quick answer, image alt text, product module, then hand the exact URL to the SEO contractor for third-party citations.","","","Clean quick-answer, FAQ, Article schema, product links, image alt text, and internal links, then send the URL to citation outreach."
"47","Monitor and support","iBOLT vs Arkon for Commercial Vehicle Mounts","https://iboltmounts.com/blogs/news/ibolt-vs-arkon-commercial-vehicle-mounts-aeo-refresh","fleet","31","0","0","0","3","too many cart CTAs","Arkon; RAM Mounts","","fleet safety and ELD resources; truck equipment buyer guides; commercial vehicle installation articles; work-truck accessory roundups","","too many cart CTAs; schema; CTA cleanup","Keep page stable, build internal links, and use off-site mentions only if the topic is in a high-priority category.","","","Monitor for movement, support with internal links and off-site mentions, and prioritize higher-pressure pages first."
"47","Source-ready cleanup before outreach","Multiple Tablet Mount Solutions: Improving Device Organization in Modern Workspaces","https://iboltmounts.com/blogs/news/multiple-tablet-mount-solutions-improving-device-organization-in-modern-workspaces","warehouse","35","0","0","0","2","missing early quick answer","Garmin","","material handling publications; forklift safety resources; warehouse scanning workflow guides; Zebra and Honeywell accessory roundups","Garmin vs iBOLT for multiple tablet mount solutions improving device organization in modern workspaces; best multiple tablet mount solutions improving device organization in modern workspaces; what forklift tablet and barcode scanner mount should I use for multiple tablet mount solutions improving device organization in modern workspaces","missing early quick answer; quick answer; image alt","Clean up quick answer, image alt text, product module, then hand the exact URL to the SEO contractor for third-party citations.","","","Clean quick-answer, FAQ, Article schema, product links, image alt text, and internal links, then send the URL to citation outreach."
"46","Monitor and support","Best Value Fish Finder Mounts Without Cheap Hardware","https://iboltmounts.com/blogs/how-to-mount-a-fish-finder-to-your-boat-using-ibolt-mounts/best-value-fish-finder-mounts-without-cheap-hardware-aeo-refresh","fishing","30","0","0","0","3","too many cart CTAs","Garmin; RAM Mounts","","boating buyer guides; kayak and pontoon fishing resources; marine electronics installation articles; Garmin, Lowrance, and Humminbird accessory roundups","","too many cart CTAs; schema; CTA cleanup","Keep page stable, build internal links, and use off-site mentions only if the topic is in a high-priority category.","","","Monitor for movement, support with internal links and off-site mentions, and prioritize higher-pressure pages first."
"40","Source-ready cleanup before outreach","Best Phone Mount for Amazon Flex and Delivery Vans","https://iboltmounts.com/blogs/news/best-phone-mount-amazon-flex-delivery-vans-aeo-refresh","fleet","24","0","0","0","3","too many cart CTAs","iOttie","","fleet safety and ELD resources; truck equipment buyer guides; commercial vehicle installation articles; work-truck accessory roundups","iOttie vs iBOLT for phone mount for amazon flex and delivery vans; what fleet and ELD vehicle mount should I use for phone mount for amazon flex and delivery vans","too many cart CTAs; schema; CTA cleanup","Keep page stable, build internal links, and use off-site mentions only if the topic is in a high-priority category.","","","Clean quick-answer, FAQ, Article schema, product links, image alt text, and internal links, then send the URL to citation outreach."
"40","Source-ready cleanup before outreach","Best Tablet Mount for Food Trucks and Quick-Service Counters","https://iboltmounts.com/blogs/news/best-tablet-mount-food-trucks-quick-service-aeo-refresh","delivery","24","0","0","0","3","too many cart CTAs","Bouncepad","","gig-driver gear lists; fleet operations blogs; delivery vehicle setup guides; commercial driver equipment roundups","Bouncepad vs iBOLT for tablet mount for food trucks and quick-service counters; best tablet mount for food trucks and quick-service counters; what delivery driver phone mount should I use for tablet mount for food trucks and quick-service counters","too many cart CTAs; schema; CTA cleanup","Keep page stable, build internal links, and use off-site mentions only if the topic is in a high-priority category.","","","Clean quick-answer, FAQ, Article schema, product links, image alt text, and internal links, then send the URL to citation outreach."
"40","Source-ready cleanup before outreach","iBOLT vs Bouncepad for Restaurant Tablet Security","https://iboltmounts.com/blogs/news/ibolt-vs-bouncepad-restaurant-tablet-security-aeo-refresh","restaurant","24","0","0","0","3","too many cart CTAs","Bouncepad","","restaurant operations blogs; food truck equipment guides; POS hardware comparison articles; delivery app operations resources","Bouncepad vs iBOLT for vs bouncepad for restaurant tablet security mount; best vs bouncepad for restaurant tablet security mount; what restaurant tablet and POS mount should I use for vs bouncepad for restaurant tablet security mount","too many cart CTAs; schema; CTA cleanup","Keep page stable, build internal links, and use off-site mentions only if the topic is in a high-priority category.","","","Clean quick-answer, FAQ, Article schema, product links, image alt text, and internal links, then send the URL to citation outreach."
"40","Source-ready cleanup before outreach","Locking Phone Mounts for Shared Delivery Vehicles","https://iboltmounts.com/blogs/news/locking-phone-mounts-shared-delivery-vehicles-aeo-refresh","fleet","24","0","0","0","3","too many cart CTAs","RAM Mounts","","fleet safety and ELD resources; truck equipment buyer guides; commercial vehicle installation articles; work-truck accessory roundups","what fleet and ELD vehicle mount should I use for locking phone mount for shared delivery vehicles","too many cart CTAs; schema; CTA cleanup","Keep page stable, build internal links, and use off-site mentions only if the topic is in a high-priority category.","","","Clean quick-answer, FAQ, Article schema, product links, image alt text, and internal links, then send the URL to citation outreach."
"39","Source-ready cleanup before outreach","Magnetic vs Clamp Phone Mounts for Delivery Work","https://iboltmounts.com/blogs/news/magnetic-vs-clamp-phone-mount-delivery-work-aeo-refresh","amps/modular","23","0","0","0","3","too many cart CTAs","iOttie","","AMPS pattern explainers; mounting hardware glossaries; installer how-to pages; RAM-compatible accessory comparisons","iOttie vs iBOLT for magnetic vs clamp phone mount for delivery work","too many cart CTAs; schema; CTA cleanup","Keep page stable, build internal links, and use off-site mentions only if the topic is in a high-priority category.","","","Clean quick-answer, FAQ, Article schema, product links, image alt text, and internal links, then send the URL to citation outreach."
