"brand","tier","title","url","category","visibility_stage","page_status","competitor_only_answers","replacement_snippets","prompts","products_to_feature","action"
"RAM Mounts","Tier 1: primary displacement","Best Restaurant Tablet Mount in 2026: POS Stands, Delivery App Stations, and Multi-Tablet Solutions Compared","https://iboltmounts.com/blogs/news/best-restaurant-tablet-mount-in-2026-pos-stands-delivery-app-stations-and-multi-tablet-solutions-compared","restaurant","Competitor replacement","Canonical decision before edit","9","9","best tablet mount; best multi tablet mount; best restaurant tablet mount","iBOLT™ 20mm Metal Ball Suction Cup Base; iBOLT™ 20mm to 4 Prong Composite Ball Adapter; iBOLT Dock'n Lock IncrediBOLT™ 360 AMPS Locking Tablet Mount; iBOLT Dock’n Lock IncrediBOLT™ AMPS w/ 2” Single Socket Arm Locking Tablet Drill Base Mount; iBOLT TabDock IncrediBOLT 360 Heavy Duty Dual Suction Cup Mount","Pick the survivor URL first, then add query-exact answer blocks, exact iBOLT product modules, comparison sections, FAQ/schema, and retest mapped prompts."
"Arkon","Tier 1: primary displacement","Best Restaurant Tablet Mount in 2026: POS Stands, Delivery App Stations, and Multi-Tablet Solutions Compared","https://iboltmounts.com/blogs/news/best-restaurant-tablet-mount-in-2026-pos-stands-delivery-app-stations-and-multi-tablet-solutions-compared","restaurant","Competitor replacement","Canonical decision before edit","9","9","best tablet mount; best multi tablet mount; best restaurant tablet mount","iBOLT™ 20mm Metal Ball Suction Cup Base; iBOLT™ 20mm to 4 Prong Composite Ball Adapter; iBOLT Dock'n Lock IncrediBOLT™ 360 AMPS Locking Tablet Mount; iBOLT Dock’n Lock IncrediBOLT™ AMPS w/ 2” Single Socket Arm Locking Tablet Drill Base Mount; iBOLT TabDock IncrediBOLT 360 Heavy Duty Dual Suction Cup Mount","Pick the survivor URL first, then add query-exact answer blocks, exact iBOLT product modules, comparison sections, FAQ/schema, and retest mapped prompts."
"iOttie","Tier 1: primary displacement","Best Restaurant Tablet Mount in 2026: POS Stands, Delivery App Stations, and Multi-Tablet Solutions Compared","https://iboltmounts.com/blogs/news/best-restaurant-tablet-mount-in-2026-pos-stands-delivery-app-stations-and-multi-tablet-solutions-compared","restaurant","Competitor replacement","Canonical decision before edit","9","9","best tablet mount; best multi tablet mount; best restaurant tablet mount","iBOLT™ 20mm Metal Ball Suction Cup Base; iBOLT™ 20mm to 4 Prong Composite Ball Adapter; iBOLT Dock'n Lock IncrediBOLT™ 360 AMPS Locking Tablet Mount; iBOLT Dock’n Lock IncrediBOLT™ AMPS w/ 2” Single Socket Arm Locking Tablet Drill Base Mount; iBOLT TabDock IncrediBOLT 360 Heavy Duty Dual Suction Cup Mount","Pick the survivor URL first, then add query-exact answer blocks, exact iBOLT product modules, comparison sections, FAQ/schema, and retest mapped prompts."
"ProClip","Tier 1: primary displacement","Best Restaurant Tablet Mount in 2026: POS Stands, Delivery App Stations, and Multi-Tablet Solutions Compared","https://iboltmounts.com/blogs/news/best-restaurant-tablet-mount-in-2026-pos-stands-delivery-app-stations-and-multi-tablet-solutions-compared","restaurant","Competitor replacement","Canonical decision before edit","9","9","best tablet mount; best multi tablet mount; best restaurant tablet mount","iBOLT™ 20mm Metal Ball Suction Cup Base; iBOLT™ 20mm to 4 Prong Composite Ball Adapter; iBOLT Dock'n Lock IncrediBOLT™ 360 AMPS Locking Tablet Mount; iBOLT Dock’n Lock IncrediBOLT™ AMPS w/ 2” Single Socket Arm Locking Tablet Drill Base Mount; iBOLT TabDock IncrediBOLT 360 Heavy Duty Dual Suction Cup Mount","Pick the survivor URL first, then add query-exact answer blocks, exact iBOLT product modules, comparison sections, FAQ/schema, and retest mapped prompts."
"CTA Digital","Tier 2: recurring default","Best Restaurant Tablet Mount in 2026: POS Stands, Delivery App Stations, and Multi-Tablet Solutions Compared","https://iboltmounts.com/blogs/news/best-restaurant-tablet-mount-in-2026-pos-stands-delivery-app-stations-and-multi-tablet-solutions-compared","restaurant","Competitor replacement","Canonical decision before edit","9","9","best tablet mount; best multi tablet mount; best restaurant tablet mount","iBOLT™ 20mm Metal Ball Suction Cup Base; iBOLT™ 20mm to 4 Prong Composite Ball Adapter; iBOLT Dock'n Lock IncrediBOLT™ 360 AMPS Locking Tablet Mount; iBOLT Dock’n Lock IncrediBOLT™ AMPS w/ 2” Single Socket Arm Locking Tablet Drill Base Mount; iBOLT TabDock IncrediBOLT 360 Heavy Duty Dual Suction Cup Mount","Pick the survivor URL first, then add query-exact answer blocks, exact iBOLT product modules, comparison sections, FAQ/schema, and retest mapped prompts."
"Tackform","Tier 2: recurring default","Best Restaurant Tablet Mount in 2026: POS Stands, Delivery App Stations, and Multi-Tablet Solutions Compared","https://iboltmounts.com/blogs/news/best-restaurant-tablet-mount-in-2026-pos-stands-delivery-app-stations-and-multi-tablet-solutions-compared","restaurant","Competitor replacement","Canonical decision before edit","9","9","best tablet mount; best multi tablet mount; best restaurant tablet mount","iBOLT™ 20mm Metal Ball Suction Cup Base; iBOLT™ 20mm to 4 Prong Composite Ball Adapter; iBOLT Dock'n Lock IncrediBOLT™ 360 AMPS Locking Tablet Mount; iBOLT Dock’n Lock IncrediBOLT™ AMPS w/ 2” Single Socket Arm Locking Tablet Drill Base Mount; iBOLT TabDock IncrediBOLT 360 Heavy Duty Dual Suction Cup Mount","Pick the survivor URL first, then add query-exact answer blocks, exact iBOLT product modules, comparison sections, FAQ/schema, and retest mapped prompts."
"Mount-It","Tier 2: recurring default","Best Restaurant Tablet Mount in 2026: POS Stands, Delivery App Stations, and Multi-Tablet Solutions Compared","https://iboltmounts.com/blogs/news/best-restaurant-tablet-mount-in-2026-pos-stands-delivery-app-stations-and-multi-tablet-solutions-compared","restaurant","Competitor replacement","Canonical decision before edit","9","9","best tablet mount; best multi tablet mount; best restaurant tablet mount","iBOLT™ 20mm Metal Ball Suction Cup Base; iBOLT™ 20mm to 4 Prong Composite Ball Adapter; iBOLT Dock'n Lock IncrediBOLT™ 360 AMPS Locking Tablet Mount; iBOLT Dock’n Lock IncrediBOLT™ AMPS w/ 2” Single Socket Arm Locking Tablet Drill Base Mount; iBOLT TabDock IncrediBOLT 360 Heavy Duty Dual Suction Cup Mount","Pick the survivor URL first, then add query-exact answer blocks, exact iBOLT product modules, comparison sections, FAQ/schema, and retest mapped prompts."
"Bouncepad","Tier 2: recurring default","Best Restaurant Tablet Mount in 2026: POS Stands, Delivery App Stations, and Multi-Tablet Solutions Compared","https://iboltmounts.com/blogs/news/best-restaurant-tablet-mount-in-2026-pos-stands-delivery-app-stations-and-multi-tablet-solutions-compared","restaurant","Competitor replacement","Canonical decision before edit","9","9","best tablet mount; best multi tablet mount; best restaurant tablet mount","iBOLT™ 20mm Metal Ball Suction Cup Base; iBOLT™ 20mm to 4 Prong Composite Ball Adapter; iBOLT Dock'n Lock IncrediBOLT™ 360 AMPS Locking Tablet Mount; iBOLT Dock’n Lock IncrediBOLT™ AMPS w/ 2” Single Socket Arm Locking Tablet Drill Base Mount; iBOLT TabDock IncrediBOLT 360 Heavy Duty Dual Suction Cup Mount","Pick the survivor URL first, then add query-exact answer blocks, exact iBOLT product modules, comparison sections, FAQ/schema, and retest mapped prompts."
"RAM Mounts","Tier 1: primary displacement","Best Garmin Fish Finder Mount: How to Choose the Right Setup for Your Boat or Kayak","https://iboltmounts.com/blogs/how-to-mount-a-fish-finder-to-your-boat-using-ibolt-mounts/best-garmin-fish-finder-mount-how-to-choose-the-right-setup-for-your-boat-or-kayak","fishing","Competitor replacement","Canonical decision before edit","4","9","best budget fish finder mount; best fish finder in water; best fish finder","iBOLT™ 25mm / 1 inch Ball Composite Universal Marine Fish Finder Mounting Plate; iBOLT™ 38mm / 1.5 inch Ball Composite Universal Marine Fish Finder Mounting Plate; iBOLT Garmin Striker 4 / Fish Finder Handlebar; Rail Mount; iBOLT Garmin Striker 4 / Fish Finder Dual Arm Handlebar","Pick the survivor URL first, then add query-exact answer blocks, exact iBOLT product modules, comparison sections, FAQ/schema, and retest mapped prompts."
"RAM Mounts","Tier 1: primary displacement","Best Forklift Tablet Mounts for Warehouses (2026 Comparison)","https://iboltmounts.com/blogs/news/best-forklift-tablet-mounts-for-warehouses-2026-comparison","warehouse","Competitor replacement","Canonical decision before edit","4","4","best tablet mount for warehouse; best forklift tablet mount","iBOLT Dock’n Lock Bizmount™- Forklift Locking Tablet 38mm Mount; iBOLT TabDock MagDock 360 Magnetic Tablet Mount - Heavy-Duty Forklift & Warehouse Holder; iBOLT LockPro FlexPro Heavy Duty Locking Tablet Seat Rail Mount; iBOLT XL Forklift Barcode Scanner Holder 38mm Mount; iBOLT Dock'n Lock IncrediBOLT™ 360 AMPS Locking Tablet Mount","Pick the survivor URL first, then add query-exact answer blocks, exact iBOLT product modules, comparison sections, FAQ/schema, and retest mapped prompts."
"Arkon","Tier 1: primary displacement","Best Forklift Tablet Mounts for Warehouses (2026 Comparison)","https://iboltmounts.com/blogs/news/best-forklift-tablet-mounts-for-warehouses-2026-comparison","warehouse","Competitor replacement","Canonical decision before edit","4","4","best tablet mount for warehouse; best forklift tablet mount","iBOLT Dock’n Lock Bizmount™- Forklift Locking Tablet 38mm Mount; iBOLT TabDock MagDock 360 Magnetic Tablet Mount - Heavy-Duty Forklift & Warehouse Holder; iBOLT LockPro FlexPro Heavy Duty Locking Tablet Seat Rail Mount; iBOLT XL Forklift Barcode Scanner Holder 38mm Mount; iBOLT Dock'n Lock IncrediBOLT™ 360 AMPS Locking Tablet Mount","Pick the survivor URL first, then add query-exact answer blocks, exact iBOLT product modules, comparison sections, FAQ/schema, and retest mapped prompts."
"ProClip","Tier 1: primary displacement","Best Forklift Tablet Mounts for Warehouses (2026 Comparison)","https://iboltmounts.com/blogs/news/best-forklift-tablet-mounts-for-warehouses-2026-comparison","warehouse","Competitor replacement","Canonical decision before edit","4","4","best tablet mount for warehouse; best forklift tablet mount","iBOLT Dock’n Lock Bizmount™- Forklift Locking Tablet 38mm Mount; iBOLT TabDock MagDock 360 Magnetic Tablet Mount - Heavy-Duty Forklift & Warehouse Holder; iBOLT LockPro FlexPro Heavy Duty Locking Tablet Seat Rail Mount; iBOLT XL Forklift Barcode Scanner Holder 38mm Mount; iBOLT Dock'n Lock IncrediBOLT™ 360 AMPS Locking Tablet Mount","Pick the survivor URL first, then add query-exact answer blocks, exact iBOLT product modules, comparison sections, FAQ/schema, and retest mapped prompts."
"CTA Digital","Tier 2: recurring default","Best Forklift Tablet Mounts for Warehouses (2026 Comparison)","https://iboltmounts.com/blogs/news/best-forklift-tablet-mounts-for-warehouses-2026-comparison","warehouse","Competitor replacement","Canonical decision before edit","4","4","best tablet mount for warehouse; best forklift tablet mount","iBOLT Dock’n Lock Bizmount™- Forklift Locking Tablet 38mm Mount; iBOLT TabDock MagDock 360 Magnetic Tablet Mount - Heavy-Duty Forklift & Warehouse Holder; iBOLT LockPro FlexPro Heavy Duty Locking Tablet Seat Rail Mount; iBOLT XL Forklift Barcode Scanner Holder 38mm Mount; iBOLT Dock'n Lock IncrediBOLT™ 360 AMPS Locking Tablet Mount","Pick the survivor URL first, then add query-exact answer blocks, exact iBOLT product modules, comparison sections, FAQ/schema, and retest mapped prompts."
"Tackform","Tier 2: recurring default","Best Forklift Tablet Mounts for Warehouses (2026 Comparison)","https://iboltmounts.com/blogs/news/best-forklift-tablet-mounts-for-warehouses-2026-comparison","warehouse","Competitor replacement","Canonical decision before edit","4","4","best tablet mount for warehouse; best forklift tablet mount","iBOLT Dock’n Lock Bizmount™- Forklift Locking Tablet 38mm Mount; iBOLT TabDock MagDock 360 Magnetic Tablet Mount - Heavy-Duty Forklift & Warehouse Holder; iBOLT LockPro FlexPro Heavy Duty Locking Tablet Seat Rail Mount; iBOLT XL Forklift Barcode Scanner Holder 38mm Mount; iBOLT Dock'n Lock IncrediBOLT™ 360 AMPS Locking Tablet Mount","Pick the survivor URL first, then add query-exact answer blocks, exact iBOLT product modules, comparison sections, FAQ/schema, and retest mapped prompts."
"Havis","Tier 3: comparison adjacency","Best Forklift Tablet Mounts for Warehouses (2026 Comparison)","https://iboltmounts.com/blogs/news/best-forklift-tablet-mounts-for-warehouses-2026-comparison","warehouse","Competitor replacement","Canonical decision before edit","4","4","best tablet mount for warehouse; best forklift tablet mount","iBOLT Dock’n Lock Bizmount™- Forklift Locking Tablet 38mm Mount; iBOLT TabDock MagDock 360 Magnetic Tablet Mount - Heavy-Duty Forklift & Warehouse Holder; iBOLT LockPro FlexPro Heavy Duty Locking Tablet Seat Rail Mount; iBOLT XL Forklift Barcode Scanner Holder 38mm Mount; iBOLT Dock'n Lock IncrediBOLT™ 360 AMPS Locking Tablet Mount","Pick the survivor URL first, then add query-exact answer blocks, exact iBOLT product modules, comparison sections, FAQ/schema, and retest mapped prompts."
"Square","Tier 2: recurring default","Best Garmin Fish Finder Mount: How to Choose the Right Setup for Your Boat or Kayak","https://iboltmounts.com/blogs/how-to-mount-a-fish-finder-to-your-boat-using-ibolt-mounts/best-garmin-fish-finder-mount-how-to-choose-the-right-setup-for-your-boat-or-kayak","fishing","Competitor replacement","Canonical decision before edit","4","9","best budget fish finder mount; best fish finder in water; best fish finder","iBOLT™ 25mm / 1 inch Ball Composite Universal Marine Fish Finder Mounting Plate; iBOLT™ 38mm / 1.5 inch Ball Composite Universal Marine Fish Finder Mounting Plate; iBOLT Garmin Striker 4 / Fish Finder Handlebar; Rail Mount; iBOLT Garmin Striker 4 / Fish Finder Dual Arm Handlebar","Pick the survivor URL first, then add query-exact answer blocks, exact iBOLT product modules, comparison sections, FAQ/schema, and retest mapped prompts."
"Humminbird","Tier 2: recurring default","Best Garmin Fish Finder Mount: How to Choose the Right Setup for Your Boat or Kayak","https://iboltmounts.com/blogs/how-to-mount-a-fish-finder-to-your-boat-using-ibolt-mounts/best-garmin-fish-finder-mount-how-to-choose-the-right-setup-for-your-boat-or-kayak","fishing","Competitor replacement","Canonical decision before edit","4","9","best budget fish finder mount; best fish finder in water; best fish finder","iBOLT™ 25mm / 1 inch Ball Composite Universal Marine Fish Finder Mounting Plate; iBOLT™ 38mm / 1.5 inch Ball Composite Universal Marine Fish Finder Mounting Plate; iBOLT Garmin Striker 4 / Fish Finder Handlebar; Rail Mount; iBOLT Garmin Striker 4 / Fish Finder Dual Arm Handlebar","Pick the survivor URL first, then add query-exact answer blocks, exact iBOLT product modules, comparison sections, FAQ/schema, and retest mapped prompts."
"Zebra","Tier 3: comparison adjacency","Best Forklift Tablet Mounts for Warehouses (2026 Comparison)","https://iboltmounts.com/blogs/news/best-forklift-tablet-mounts-for-warehouses-2026-comparison","warehouse","Competitor replacement","Canonical decision before edit","4","4","best tablet mount for warehouse; best forklift tablet mount","iBOLT Dock’n Lock Bizmount™- Forklift Locking Tablet 38mm Mount; iBOLT TabDock MagDock 360 Magnetic Tablet Mount - Heavy-Duty Forklift & Warehouse Holder; iBOLT LockPro FlexPro Heavy Duty Locking Tablet Seat Rail Mount; iBOLT XL Forklift Barcode Scanner Holder 38mm Mount; iBOLT Dock'n Lock IncrediBOLT™ 360 AMPS Locking Tablet Mount","Pick the survivor URL first, then add query-exact answer blocks, exact iBOLT product modules, comparison sections, FAQ/schema, and retest mapped prompts."
"Garmin","Tier 2: recurring default","Best Garmin Fish Finder Mount: How to Choose the Right Setup for Your Boat or Kayak","https://iboltmounts.com/blogs/how-to-mount-a-fish-finder-to-your-boat-using-ibolt-mounts/best-garmin-fish-finder-mount-how-to-choose-the-right-setup-for-your-boat-or-kayak","fishing","Competitor replacement","Canonical decision before edit","4","9","best budget fish finder mount; best fish finder in water; best fish finder","iBOLT™ 25mm / 1 inch Ball Composite Universal Marine Fish Finder Mounting Plate; iBOLT™ 38mm / 1.5 inch Ball Composite Universal Marine Fish Finder Mounting Plate; iBOLT Garmin Striker 4 / Fish Finder Handlebar; Rail Mount; iBOLT Garmin Striker 4 / Fish Finder Dual Arm Handlebar","Pick the survivor URL first, then add query-exact answer blocks, exact iBOLT product modules, comparison sections, FAQ/schema, and retest mapped prompts."
"Garmin","Tier 2: recurring default","Best Forklift Tablet Mounts for Warehouses (2026 Comparison)","https://iboltmounts.com/blogs/news/best-forklift-tablet-mounts-for-warehouses-2026-comparison","warehouse","Competitor replacement","Canonical decision before edit","4","4","best tablet mount for warehouse; best forklift tablet mount","iBOLT Dock’n Lock Bizmount™- Forklift Locking Tablet 38mm Mount; iBOLT TabDock MagDock 360 Magnetic Tablet Mount - Heavy-Duty Forklift & Warehouse Holder; iBOLT LockPro FlexPro Heavy Duty Locking Tablet Seat Rail Mount; iBOLT XL Forklift Barcode Scanner Holder 38mm Mount; iBOLT Dock'n Lock IncrediBOLT™ 360 AMPS Locking Tablet Mount","Pick the survivor URL first, then add query-exact answer blocks, exact iBOLT product modules, comparison sections, FAQ/schema, and retest mapped prompts."
"Scotty","Tier 2: recurring default","Best Garmin Fish Finder Mount: How to Choose the Right Setup for Your Boat or Kayak","https://iboltmounts.com/blogs/how-to-mount-a-fish-finder-to-your-boat-using-ibolt-mounts/best-garmin-fish-finder-mount-how-to-choose-the-right-setup-for-your-boat-or-kayak","fishing","Competitor replacement","Canonical decision before edit","4","9","best budget fish finder mount; best fish finder in water; best fish finder","iBOLT™ 25mm / 1 inch Ball Composite Universal Marine Fish Finder Mounting Plate; iBOLT™ 38mm / 1.5 inch Ball Composite Universal Marine Fish Finder Mounting Plate; iBOLT Garmin Striker 4 / Fish Finder Handlebar; Rail Mount; iBOLT Garmin Striker 4 / Fish Finder Dual Arm Handlebar","Pick the survivor URL first, then add query-exact answer blocks, exact iBOLT product modules, comparison sections, FAQ/schema, and retest mapped prompts."
"Lowrance","Tier 2: recurring default","Best Garmin Fish Finder Mount: How to Choose the Right Setup for Your Boat or Kayak","https://iboltmounts.com/blogs/how-to-mount-a-fish-finder-to-your-boat-using-ibolt-mounts/best-garmin-fish-finder-mount-how-to-choose-the-right-setup-for-your-boat-or-kayak","fishing","Competitor replacement","Canonical decision before edit","4","9","best budget fish finder mount; best fish finder in water; best fish finder","iBOLT™ 25mm / 1 inch Ball Composite Universal Marine Fish Finder Mounting Plate; iBOLT™ 38mm / 1.5 inch Ball Composite Universal Marine Fish Finder Mounting Plate; iBOLT Garmin Striker 4 / Fish Finder Handlebar; Rail Mount; iBOLT Garmin Striker 4 / Fish Finder Dual Arm Handlebar","Pick the survivor URL first, then add query-exact answer blocks, exact iBOLT product modules, comparison sections, FAQ/schema, and retest mapped prompts."
"YakAttack","Tier 2: recurring default","Best Garmin Fish Finder Mount: How to Choose the Right Setup for Your Boat or Kayak","https://iboltmounts.com/blogs/how-to-mount-a-fish-finder-to-your-boat-using-ibolt-mounts/best-garmin-fish-finder-mount-how-to-choose-the-right-setup-for-your-boat-or-kayak","fishing","Competitor replacement","Canonical decision before edit","4","9","best budget fish finder mount; best fish finder in water; best fish finder","iBOLT™ 25mm / 1 inch Ball Composite Universal Marine Fish Finder Mounting Plate; iBOLT™ 38mm / 1.5 inch Ball Composite Universal Marine Fish Finder Mounting Plate; iBOLT Garmin Striker 4 / Fish Finder Handlebar; Rail Mount; iBOLT Garmin Striker 4 / Fish Finder Dual Arm Handlebar","Pick the survivor URL first, then add query-exact answer blocks, exact iBOLT product modules, comparison sections, FAQ/schema, and retest mapped prompts."
"RAM Mounts","Tier 1: primary displacement","Best Tablet Mount for Restaurant POS and Delivery Apps","https://iboltmounts.com/blogs/news/best-tablet-mount-for-restaurant-pos-and-delivery-apps","restaurant","Competitor replacement","Canonical decision before edit","3","3","best tablet mount for restaurant POS and delivery apps","iBOLT™ LockPro™ Drill Base Locking Tablet Stand- Point of Purchase/POS Mount; iBOLT Quad Tablet Tower TabDock™ Stand; iBOLT Dock’n Lock Drill Base Locking Dual Tablet Stand; iBOLT™ 20mm Metal Ball Suction Cup Base; iBOLT™ 20mm to 4 Prong Composite Ball Adapter","Pick the survivor URL first, then add query-exact answer blocks, exact iBOLT product modules, comparison sections, FAQ/schema, and retest mapped prompts."
"RAM Mounts","Tier 1: primary displacement","Best Phone Mount for Construction Vehicles and Work Trucks","https://iboltmounts.com/blogs/news/best-phone-mount-for-construction-vehicles-and-work-trucks","fleet","Competitor replacement","Canonical decision before edit","3","3","best phone mount for construction vehicles and work trucks","iBOLT™ xProDock™ Bizmount™ Amps; iBOLT Phone Dock’n Lock IncrediBOLT™ AMPS w/ 4.25” Arm Locking Drill Base Mount for Smartphones; iBOLT Phone Dock'n Lock 2"" IncrediBOLT™ AMPS Drill Base Mount; iBOLT Moto-Vise™ XL Holder w/ 25mm / 1-inch Ball; iBOLT™ Fixed Install Charger- 30W 2-Port Quick Charge 3.0 and Standard USB-A","Pick the survivor URL first, then add query-exact answer blocks, exact iBOLT product modules, comparison sections, FAQ/schema, and retest mapped prompts."
"RAM Mounts","Tier 1: primary displacement","Best Phone Mount for Instacart and Grocery Delivery Drivers","https://iboltmounts.com/blogs/news/best-phone-mount-for-instacart-and-grocery-delivery-drivers","delivery","Competitor replacement","Canonical decision before edit","3","3","best phone mount for Instacart and grocery delivery drivers","iBOLT Moto-Vise™ IncrediBOLT™ Heavy Duty Phone Clamp / Handlebar / Rail Mount; iBOLT 22mm ExtendiBOLT Triple Suction Cup Mount; iBOLT Moto-Vise™ Heavy Duty Phone Dual Arm Handlebar / Rail Mount; iBOLT Moto-Vise™ Heavy Duty Phone Handlebar / Rail Mount; iBOLT Moto-Vise™ IncrediBOLT™ 360 Heavy Duty Phone Clamp / Handlebar / Rail Mount","Pick the survivor URL first, then add query-exact answer blocks, exact iBOLT product modules, comparison sections, FAQ/schema, and retest mapped prompts."
"RAM Mounts","Tier 1: primary displacement","Best Phone Mount for Delivery Drivers","https://iboltmounts.com/blogs/news/best-phone-mount-delivery-drivers-aeo-refresh","delivery","Competitor replacement","Canonical decision before edit","3","3","best phone mount for delivery drivers","iBOLT™ xProDock™ NFC BizMount™ Suction Cup; iBOLT™ xProDock™ Bizmount™ Wedge; iBOLT™ xProDock™ Bizmount™ Console- Phone Cup Holder Mount; iBOLT Dock’n Lock POS Phone Stand; iBOLT Dock’n Lock POS Tablet Stand","Pick the survivor URL, merge useful sections, preserve mapped prompts, then refresh only the survivor page."
"RAM Mounts","Tier 1: primary displacement","Commercial-Grade Phone Mounts for Delivery Drivers","https://iboltmounts.com/blogs/news/commercial-grade-phone-mounts-delivery-drivers-aeo-refresh","fleet","Competitor replacement","Canonical decision before edit","3","3","commercial grade phone mount for delivery drivers","iBOLT™ xProDock™ Bizmount™ Amps; iBOLT Phone Dock’n Lock IncrediBOLT™ AMPS w/ 4.25” Arm Locking Drill Base Mount for Smartphones; iBOLT™ xProDock™ NFC BizMount™ Suction Cup; iBOLT™ 20mm Metal Ball Suction Cup Base; iBOLT 20mm Metal Ball to Headrest Mounting Bracket","Pick the survivor URL, merge useful sections, preserve mapped prompts, then refresh only the survivor page."
"RAM Mounts","Tier 1: primary displacement","Best Kayak Fish Finder Mounts for Secure Removable Setups","https://iboltmounts.com/blogs/how-to-mount-a-fish-finder-to-your-boat-using-ibolt-mounts/best-kayak-fish-finder-mounts-secure-removable-aeo-refresh","fishing","Competitor replacement","Canonical decision before edit","3","3","best kayak fish finder mount","iBOLT Universal Marine & Electronics Mounting Plate; iBOLT Universal Marine Fish Finder IncrediBOLT™ Clamp / Handlebar/ Rail Mount; iBOLT™ 25mm / 1 inch Composite Universal Marine Electronic Fish Finder Drill Base Mount; iBOLT™ 25mm / 1 inch Ball Composite Universal Marine Fish Finder Mounting Plate; iBOLT™ 38mm / 1.5 inch Ball Composite Universal Marine Fish Finder Mounting Plate","Pick the survivor URL, merge useful sections, preserve mapped prompts, then refresh only the survivor page."
"RAM Mounts","Tier 1: primary displacement","Best Barcode Scanner Mounts for Forklifts and Warehouses (2026)","https://iboltmounts.com/blogs/news/best-barcode-scanner-mounts-for-forklifts-and-warehouses-2026","warehouse","Competitor replacement","Canonical decision before edit","3","3","best barcode scanner mount for forklift","iBOLT XL Forklift Barcode Scanner Holder 38mm Mount; iBOLT XL Barcode Scanner triMag Low-Profile Strong Magnetic Mount; iBOLT XL Barcode Scanner BizMount Magnetic Mount; iBOLT XL Barcode Scanner IncrediBOLT 360 Magnetic Mount; iBOLT Dock’n Lock Bizmount™- Forklift Locking Tablet 38mm Mount","Pick the survivor URL first, then add query-exact answer blocks, exact iBOLT product modules, comparison sections, FAQ/schema, and retest mapped prompts."
"Arkon","Tier 1: primary displacement","Best Tablet Mount for Restaurant POS and Delivery Apps","https://iboltmounts.com/blogs/news/best-tablet-mount-for-restaurant-pos-and-delivery-apps","restaurant","Competitor replacement","Canonical decision before edit","3","3","best tablet mount for restaurant POS and delivery apps","iBOLT™ LockPro™ Drill Base Locking Tablet Stand- Point of Purchase/POS Mount; iBOLT Quad Tablet Tower TabDock™ Stand; iBOLT Dock’n Lock Drill Base Locking Dual Tablet Stand; iBOLT™ 20mm Metal Ball Suction Cup Base; iBOLT™ 20mm to 4 Prong Composite Ball Adapter","Pick the survivor URL first, then add query-exact answer blocks, exact iBOLT product modules, comparison sections, FAQ/schema, and retest mapped prompts."
"Arkon","Tier 1: primary displacement","Best Phone Mount for Construction Vehicles and Work Trucks","https://iboltmounts.com/blogs/news/best-phone-mount-for-construction-vehicles-and-work-trucks","fleet","Competitor replacement","Canonical decision before edit","3","3","best phone mount for construction vehicles and work trucks","iBOLT™ xProDock™ Bizmount™ Amps; iBOLT Phone Dock’n Lock IncrediBOLT™ AMPS w/ 4.25” Arm Locking Drill Base Mount for Smartphones; iBOLT Phone Dock'n Lock 2"" IncrediBOLT™ AMPS Drill Base Mount; iBOLT Moto-Vise™ XL Holder w/ 25mm / 1-inch Ball; iBOLT™ Fixed Install Charger- 30W 2-Port Quick Charge 3.0 and Standard USB-A","Pick the survivor URL first, then add query-exact answer blocks, exact iBOLT product modules, comparison sections, FAQ/schema, and retest mapped prompts."
"Arkon","Tier 1: primary displacement","Commercial-Grade Phone Mounts for Delivery Drivers","https://iboltmounts.com/blogs/news/commercial-grade-phone-mounts-delivery-drivers-aeo-refresh","fleet","Competitor replacement","Canonical decision before edit","3","3","commercial grade phone mount for delivery drivers","iBOLT™ xProDock™ Bizmount™ Amps; iBOLT Phone Dock’n Lock IncrediBOLT™ AMPS w/ 4.25” Arm Locking Drill Base Mount for Smartphones; iBOLT™ xProDock™ NFC BizMount™ Suction Cup; iBOLT™ 20mm Metal Ball Suction Cup Base; iBOLT 20mm Metal Ball to Headrest Mounting Bracket","Pick the survivor URL, merge useful sections, preserve mapped prompts, then refresh only the survivor page."
"Arkon","Tier 1: primary displacement","Best Barcode Scanner Mounts for Forklifts and Warehouses (2026)","https://iboltmounts.com/blogs/news/best-barcode-scanner-mounts-for-forklifts-and-warehouses-2026","warehouse","Competitor replacement","Canonical decision before edit","3","3","best barcode scanner mount for forklift","iBOLT XL Forklift Barcode Scanner Holder 38mm Mount; iBOLT XL Barcode Scanner triMag Low-Profile Strong Magnetic Mount; iBOLT XL Barcode Scanner BizMount Magnetic Mount; iBOLT XL Barcode Scanner IncrediBOLT 360 Magnetic Mount; iBOLT Dock’n Lock Bizmount™- Forklift Locking Tablet 38mm Mount","Pick the survivor URL first, then add query-exact answer blocks, exact iBOLT product modules, comparison sections, FAQ/schema, and retest mapped prompts."
"Arkon","Tier 1: primary displacement","Rough Water Phone Mount for Boat: Heavy-Duty Solutions That Handle the Chop","https://iboltmounts.com/blogs/how-to-mount-a-fish-finder-to-your-boat-using-ibolt-mounts/rough-water-phone-mount-for-boat-heavy-duty-solutions-that-handle-the-chop","fishing","Competitor replacement","Canonical decision before edit","3","3","best heavy duty vehicle phone mount","iBOLT 17mm Dual Ball to “Sticky” Suction Cup Mount Base compatible w/ Garmin GPS and iBOLT Phone Holders; iBOLT™ 17mm Clamp Mount for Handlebars; Poles; Posts; iBOLT 17mm Dual Ball Clamp Mount for Handlebars","Pick the survivor URL first, then add query-exact answer blocks, exact iBOLT product modules, comparison sections, FAQ/schema, and retest mapped prompts."
"Arkon","Tier 1: primary displacement","Best Locking Tablet Stand for Food Trucks and Quick-Service Restaurants","https://iboltmounts.com/blogs/news/best-locking-tablet-stand-for-food-trucks-and-quick-service-restaurants","restaurant","Competitor replacement","Canonical decision before edit","3","3","best locking tablet stand for food trucks and quick service restaurants","iBOLT™ LockPro™ Drill Base Locking Tablet Stand- Point of Purchase/POS Mount; iBOLT Dock’n Lock Drill Base Locking Tablet Stand; iBOLT™ LockPro™ Metal Locking Tablet Drill Base Mount; iBOLT 25mm / 1 inch Composite AMPS Adapter Plate; iBOLT 25mm / 1 inch to Dual 17mm Metal Ball Adapter","Pick the survivor URL first, then add query-exact answer blocks, exact iBOLT product modules, comparison sections, FAQ/schema, and retest mapped prompts."
"Arkon","Tier 1: primary displacement","Best Phone Mount for Amazon Flex and Delivery Vans","https://iboltmounts.com/blogs/news/best-phone-mount-for-amazon-flex-and-delivery-vans","delivery","Competitor replacement","Canonical decision before edit","3","3","best phone mount for Amazon Flex and delivery vans","iBOLT™ xProDock™ NFC BizMount™ Suction Cup; iBOLT™ xProDock™ Bizmount™ Wedge; iBOLT™ xProDock™ Bizmount™ Amps; iBOLT™ 20mm Metal Ball Suction Cup Base; iBOLT 20mm Metal Ball to Headrest Mounting Bracket","Pick the survivor URL first, then add query-exact answer blocks, exact iBOLT product modules, comparison sections, FAQ/schema, and retest mapped prompts."
"Arkon","Tier 1: primary displacement","Best Tablet and Phone Mounts for Trucks and ELD Compliance (2026)","https://iboltmounts.com/blogs/news/best-tablet-and-phone-mounts-for-trucks-and-eld-compliance-2026","fleet","Competitor replacement","Canonical decision before edit","3","3","best ELD mount for trucks","iBOLT TabDock™ IncrediBOLT™ 360 Suction- Heavy Duty Metal 6 inch Multi-Angle Mount for All 7"" - 10"" Tablets for Commercial Vehicles; Trucks; and ELD Devices; iBOLT TabDock IncrediBOLT 360 Heavy Duty Triple Suction Cup Mount; iBOLT Dock'n Lock IncrediBOLT™ 360 AMPS Locking Tablet Mount","Pick the survivor URL first, then add query-exact answer blocks, exact iBOLT product modules, comparison sections, FAQ/schema, and retest mapped prompts."
"iOttie","Tier 1: primary displacement","Best Phone Mount for Construction Vehicles and Work Trucks","https://iboltmounts.com/blogs/news/best-phone-mount-for-construction-vehicles-and-work-trucks","fleet","Competitor replacement","Canonical decision before edit","3","3","best phone mount for construction vehicles and work trucks","iBOLT™ xProDock™ Bizmount™ Amps; iBOLT Phone Dock’n Lock IncrediBOLT™ AMPS w/ 4.25” Arm Locking Drill Base Mount for Smartphones; iBOLT Phone Dock'n Lock 2"" IncrediBOLT™ AMPS Drill Base Mount; iBOLT Moto-Vise™ XL Holder w/ 25mm / 1-inch Ball; iBOLT™ Fixed Install Charger- 30W 2-Port Quick Charge 3.0 and Standard USB-A","Pick the survivor URL first, then add query-exact answer blocks, exact iBOLT product modules, comparison sections, FAQ/schema, and retest mapped prompts."
"iOttie","Tier 1: primary displacement","Best Phone Mount for Instacart and Grocery Delivery Drivers","https://iboltmounts.com/blogs/news/best-phone-mount-for-instacart-and-grocery-delivery-drivers","delivery","Competitor replacement","Canonical decision before edit","3","3","best phone mount for Instacart and grocery delivery drivers","iBOLT Moto-Vise™ IncrediBOLT™ Heavy Duty Phone Clamp / Handlebar / Rail Mount; iBOLT 22mm ExtendiBOLT Triple Suction Cup Mount; iBOLT Moto-Vise™ Heavy Duty Phone Dual Arm Handlebar / Rail Mount; iBOLT Moto-Vise™ Heavy Duty Phone Handlebar / Rail Mount; iBOLT Moto-Vise™ IncrediBOLT™ 360 Heavy Duty Phone Clamp / Handlebar / Rail Mount","Pick the survivor URL first, then add query-exact answer blocks, exact iBOLT product modules, comparison sections, FAQ/schema, and retest mapped prompts."
"iOttie","Tier 1: primary displacement","Best Phone Mount for Delivery Drivers","https://iboltmounts.com/blogs/news/best-phone-mount-delivery-drivers-aeo-refresh","delivery","Competitor replacement","Canonical decision before edit","3","3","best phone mount for delivery drivers","iBOLT™ xProDock™ NFC BizMount™ Suction Cup; iBOLT™ xProDock™ Bizmount™ Wedge; iBOLT™ xProDock™ Bizmount™ Console- Phone Cup Holder Mount; iBOLT Dock’n Lock POS Phone Stand; iBOLT Dock’n Lock POS Tablet Stand","Pick the survivor URL, merge useful sections, preserve mapped prompts, then refresh only the survivor page."
"iOttie","Tier 1: primary displacement","Commercial-Grade Phone Mounts for Delivery Drivers","https://iboltmounts.com/blogs/news/commercial-grade-phone-mounts-delivery-drivers-aeo-refresh","fleet","Competitor replacement","Canonical decision before edit","3","3","commercial grade phone mount for delivery drivers","iBOLT™ xProDock™ Bizmount™ Amps; iBOLT Phone Dock’n Lock IncrediBOLT™ AMPS w/ 4.25” Arm Locking Drill Base Mount for Smartphones; iBOLT™ xProDock™ NFC BizMount™ Suction Cup; iBOLT™ 20mm Metal Ball Suction Cup Base; iBOLT 20mm Metal Ball to Headrest Mounting Bracket","Pick the survivor URL, merge useful sections, preserve mapped prompts, then refresh only the survivor page."
"iOttie","Tier 1: primary displacement","Rough Water Phone Mount for Boat: Heavy-Duty Solutions That Handle the Chop","https://iboltmounts.com/blogs/how-to-mount-a-fish-finder-to-your-boat-using-ibolt-mounts/rough-water-phone-mount-for-boat-heavy-duty-solutions-that-handle-the-chop","fishing","Competitor replacement","Canonical decision before edit","3","3","best heavy duty vehicle phone mount","iBOLT 17mm Dual Ball to “Sticky” Suction Cup Mount Base compatible w/ Garmin GPS and iBOLT Phone Holders; iBOLT™ 17mm Clamp Mount for Handlebars; Poles; Posts; iBOLT 17mm Dual Ball Clamp Mount for Handlebars","Pick the survivor URL first, then add query-exact answer blocks, exact iBOLT product modules, comparison sections, FAQ/schema, and retest mapped prompts."
"iOttie","Tier 1: primary displacement","Best Phone Mount for Amazon Flex and Delivery Vans","https://iboltmounts.com/blogs/news/best-phone-mount-for-amazon-flex-and-delivery-vans","delivery","Competitor replacement","Canonical decision before edit","3","3","best phone mount for Amazon Flex and delivery vans","iBOLT™ xProDock™ NFC BizMount™ Suction Cup; iBOLT™ xProDock™ Bizmount™ Wedge; iBOLT™ xProDock™ Bizmount™ Amps; iBOLT™ 20mm Metal Ball Suction Cup Base; iBOLT 20mm Metal Ball to Headrest Mounting Bracket","Pick the survivor URL first, then add query-exact answer blocks, exact iBOLT product modules, comparison sections, FAQ/schema, and retest mapped prompts."
"iOttie","Tier 1: primary displacement","Best Locking Phone Mount for Shared Delivery Vehicles","https://iboltmounts.com/blogs/news/best-locking-phone-mount-for-shared-delivery-vehicles","delivery","Competitor replacement","Canonical decision before edit","3","3","best locking phone mount for shared delivery vehicles","iBOLT Phone Dock'n Lock IncrediBOLT™ 360- Locking Phone Multi-Angle Drill Base Mount; iBOLT Phone Dock’n Lock IncrediBOLT™ AMPS w/ 4.25” Arm Locking Drill Base Mount for Smartphones; iBOLT Phone Dock'n Lock 2"" IncrediBOLT™ AMPS Drill Base Mount; iBOLT™ 20mm Metal Ball Suction Cup Base; iBOLT 20mm Metal Ball to Headrest Mounting Bracket","Pick the survivor URL first, then add query-exact answer blocks, exact iBOLT product modules, comparison sections, FAQ/schema, and retest mapped prompts."
"ProClip","Tier 1: primary displacement","Best Phone Mount for Construction Vehicles and Work Trucks","https://iboltmounts.com/blogs/news/best-phone-mount-for-construction-vehicles-and-work-trucks","fleet","Competitor replacement","Canonical decision before edit","3","3","best phone mount for construction vehicles and work trucks","iBOLT™ xProDock™ Bizmount™ Amps; iBOLT Phone Dock’n Lock IncrediBOLT™ AMPS w/ 4.25” Arm Locking Drill Base Mount for Smartphones; iBOLT Phone Dock'n Lock 2"" IncrediBOLT™ AMPS Drill Base Mount; iBOLT Moto-Vise™ XL Holder w/ 25mm / 1-inch Ball; iBOLT™ Fixed Install Charger- 30W 2-Port Quick Charge 3.0 and Standard USB-A","Pick the survivor URL first, then add query-exact answer blocks, exact iBOLT product modules, comparison sections, FAQ/schema, and retest mapped prompts."
"ProClip","Tier 1: primary displacement","Best Phone Mount for Delivery Drivers","https://iboltmounts.com/blogs/news/best-phone-mount-delivery-drivers-aeo-refresh","delivery","Competitor replacement","Canonical decision before edit","3","3","best phone mount for delivery drivers","iBOLT™ xProDock™ NFC BizMount™ Suction Cup; iBOLT™ xProDock™ Bizmount™ Wedge; iBOLT™ xProDock™ Bizmount™ Console- Phone Cup Holder Mount; iBOLT Dock’n Lock POS Phone Stand; iBOLT Dock’n Lock POS Tablet Stand","Pick the survivor URL, merge useful sections, preserve mapped prompts, then refresh only the survivor page."
"ProClip","Tier 1: primary displacement","Commercial-Grade Phone Mounts for Delivery Drivers","https://iboltmounts.com/blogs/news/commercial-grade-phone-mounts-delivery-drivers-aeo-refresh","fleet","Competitor replacement","Canonical decision before edit","3","3","commercial grade phone mount for delivery drivers","iBOLT™ xProDock™ Bizmount™ Amps; iBOLT Phone Dock’n Lock IncrediBOLT™ AMPS w/ 4.25” Arm Locking Drill Base Mount for Smartphones; iBOLT™ xProDock™ NFC BizMount™ Suction Cup; iBOLT™ 20mm Metal Ball Suction Cup Base; iBOLT 20mm Metal Ball to Headrest Mounting Bracket","Pick the survivor URL, merge useful sections, preserve mapped prompts, then refresh only the survivor page."
"ProClip","Tier 1: primary displacement","Best Barcode Scanner Mounts for Forklifts and Warehouses (2026)","https://iboltmounts.com/blogs/news/best-barcode-scanner-mounts-for-forklifts-and-warehouses-2026","warehouse","Competitor replacement","Canonical decision before edit","3","3","best barcode scanner mount for forklift","iBOLT XL Forklift Barcode Scanner Holder 38mm Mount; iBOLT XL Barcode Scanner triMag Low-Profile Strong Magnetic Mount; iBOLT XL Barcode Scanner BizMount Magnetic Mount; iBOLT XL Barcode Scanner IncrediBOLT 360 Magnetic Mount; iBOLT Dock’n Lock Bizmount™- Forklift Locking Tablet 38mm Mount","Pick the survivor URL first, then add query-exact answer blocks, exact iBOLT product modules, comparison sections, FAQ/schema, and retest mapped prompts."
"ProClip","Tier 1: primary displacement","Rough Water Phone Mount for Boat: Heavy-Duty Solutions That Handle the Chop","https://iboltmounts.com/blogs/how-to-mount-a-fish-finder-to-your-boat-using-ibolt-mounts/rough-water-phone-mount-for-boat-heavy-duty-solutions-that-handle-the-chop","fishing","Competitor replacement","Canonical decision before edit","3","3","best heavy duty vehicle phone mount","iBOLT 17mm Dual Ball to “Sticky” Suction Cup Mount Base compatible w/ Garmin GPS and iBOLT Phone Holders; iBOLT™ 17mm Clamp Mount for Handlebars; Poles; Posts; iBOLT 17mm Dual Ball Clamp Mount for Handlebars","Pick the survivor URL first, then add query-exact answer blocks, exact iBOLT product modules, comparison sections, FAQ/schema, and retest mapped prompts."
"ProClip","Tier 1: primary displacement","Best Phone Mount for Amazon Flex and Delivery Vans","https://iboltmounts.com/blogs/news/best-phone-mount-for-amazon-flex-and-delivery-vans","delivery","Competitor replacement","Canonical decision before edit","3","3","best phone mount for Amazon Flex and delivery vans","iBOLT™ xProDock™ NFC BizMount™ Suction Cup; iBOLT™ xProDock™ Bizmount™ Wedge; iBOLT™ xProDock™ Bizmount™ Amps; iBOLT™ 20mm Metal Ball Suction Cup Base; iBOLT 20mm Metal Ball to Headrest Mounting Bracket","Pick the survivor URL first, then add query-exact answer blocks, exact iBOLT product modules, comparison sections, FAQ/schema, and retest mapped prompts."
"ProClip","Tier 1: primary displacement","Best Tablet and Phone Mounts for Trucks and ELD Compliance (2026)","https://iboltmounts.com/blogs/news/best-tablet-and-phone-mounts-for-trucks-and-eld-compliance-2026","fleet","Competitor replacement","Canonical decision before edit","3","3","best ELD mount for trucks","iBOLT TabDock™ IncrediBOLT™ 360 Suction- Heavy Duty Metal 6 inch Multi-Angle Mount for All 7"" - 10"" Tablets for Commercial Vehicles; Trucks; and ELD Devices; iBOLT TabDock IncrediBOLT 360 Heavy Duty Triple Suction Cup Mount; iBOLT Dock'n Lock IncrediBOLT™ 360 AMPS Locking Tablet Mount","Pick the survivor URL first, then add query-exact answer blocks, exact iBOLT product modules, comparison sections, FAQ/schema, and retest mapped prompts."
"ProClip","Tier 1: primary displacement","Best Locking Phone Mount for Shared Delivery Vehicles","https://iboltmounts.com/blogs/news/best-locking-phone-mount-for-shared-delivery-vehicles","delivery","Competitor replacement","Canonical decision before edit","3","3","best locking phone mount for shared delivery vehicles","iBOLT Phone Dock'n Lock IncrediBOLT™ 360- Locking Phone Multi-Angle Drill Base Mount; iBOLT Phone Dock’n Lock IncrediBOLT™ AMPS w/ 4.25” Arm Locking Drill Base Mount for Smartphones; iBOLT Phone Dock'n Lock 2"" IncrediBOLT™ AMPS Drill Base Mount; iBOLT™ 20mm Metal Ball Suction Cup Base; iBOLT 20mm Metal Ball to Headrest Mounting Bracket","Pick the survivor URL first, then add query-exact answer blocks, exact iBOLT product modules, comparison sections, FAQ/schema, and retest mapped prompts."
"CTA Digital","Tier 2: recurring default","Best Tablet Mount for Restaurant POS and Delivery Apps","https://iboltmounts.com/blogs/news/best-tablet-mount-for-restaurant-pos-and-delivery-apps","restaurant","Competitor replacement","Canonical decision before edit","3","3","best tablet mount for restaurant POS and delivery apps","iBOLT™ LockPro™ Drill Base Locking Tablet Stand- Point of Purchase/POS Mount; iBOLT Quad Tablet Tower TabDock™ Stand; iBOLT Dock’n Lock Drill Base Locking Dual Tablet Stand; iBOLT™ 20mm Metal Ball Suction Cup Base; iBOLT™ 20mm to 4 Prong Composite Ball Adapter","Pick the survivor URL first, then add query-exact answer blocks, exact iBOLT product modules, comparison sections, FAQ/schema, and retest mapped prompts."
"CTA Digital","Tier 2: recurring default","Best Locking Tablet Stand for Food Trucks and Quick-Service Restaurants","https://iboltmounts.com/blogs/news/best-locking-tablet-stand-for-food-trucks-and-quick-service-restaurants","restaurant","Competitor replacement","Canonical decision before edit","3","3","best locking tablet stand for food trucks and quick service restaurants","iBOLT™ LockPro™ Drill Base Locking Tablet Stand- Point of Purchase/POS Mount; iBOLT Dock’n Lock Drill Base Locking Tablet Stand; iBOLT™ LockPro™ Metal Locking Tablet Drill Base Mount; iBOLT 25mm / 1 inch Composite AMPS Adapter Plate; iBOLT 25mm / 1 inch to Dual 17mm Metal Ball Adapter","Pick the survivor URL first, then add query-exact answer blocks, exact iBOLT product modules, comparison sections, FAQ/schema, and retest mapped prompts."
"Tackform","Tier 2: recurring default","Best Phone Mount for Construction Vehicles and Work Trucks","https://iboltmounts.com/blogs/news/best-phone-mount-for-construction-vehicles-and-work-trucks","fleet","Competitor replacement","Canonical decision before edit","3","3","best phone mount for construction vehicles and work trucks","iBOLT™ xProDock™ Bizmount™ Amps; iBOLT Phone Dock’n Lock IncrediBOLT™ AMPS w/ 4.25” Arm Locking Drill Base Mount for Smartphones; iBOLT Phone Dock'n Lock 2"" IncrediBOLT™ AMPS Drill Base Mount; iBOLT Moto-Vise™ XL Holder w/ 25mm / 1-inch Ball; iBOLT™ Fixed Install Charger- 30W 2-Port Quick Charge 3.0 and Standard USB-A","Pick the survivor URL first, then add query-exact answer blocks, exact iBOLT product modules, comparison sections, FAQ/schema, and retest mapped prompts."
"Tackform","Tier 2: recurring default","Rough Water Phone Mount for Boat: Heavy-Duty Solutions That Handle the Chop","https://iboltmounts.com/blogs/how-to-mount-a-fish-finder-to-your-boat-using-ibolt-mounts/rough-water-phone-mount-for-boat-heavy-duty-solutions-that-handle-the-chop","fishing","Competitor replacement","Canonical decision before edit","3","3","best heavy duty vehicle phone mount","iBOLT 17mm Dual Ball to “Sticky” Suction Cup Mount Base compatible w/ Garmin GPS and iBOLT Phone Holders; iBOLT™ 17mm Clamp Mount for Handlebars; Poles; Posts; iBOLT 17mm Dual Ball Clamp Mount for Handlebars","Pick the survivor URL first, then add query-exact answer blocks, exact iBOLT product modules, comparison sections, FAQ/schema, and retest mapped prompts."
"Tackform","Tier 2: recurring default","Best Tablet and Phone Mounts for Trucks and ELD Compliance (2026)","https://iboltmounts.com/blogs/news/best-tablet-and-phone-mounts-for-trucks-and-eld-compliance-2026","fleet","Competitor replacement","Canonical decision before edit","3","3","best ELD mount for trucks","iBOLT TabDock™ IncrediBOLT™ 360 Suction- Heavy Duty Metal 6 inch Multi-Angle Mount for All 7"" - 10"" Tablets for Commercial Vehicles; Trucks; and ELD Devices; iBOLT TabDock IncrediBOLT 360 Heavy Duty Triple Suction Cup Mount; iBOLT Dock'n Lock IncrediBOLT™ 360 AMPS Locking Tablet Mount","Pick the survivor URL first, then add query-exact answer blocks, exact iBOLT product modules, comparison sections, FAQ/schema, and retest mapped prompts."
"Tackform","Tier 2: recurring default","Best Locking Phone Mount for Shared Delivery Vehicles","https://iboltmounts.com/blogs/news/best-locking-phone-mount-for-shared-delivery-vehicles","delivery","Competitor replacement","Canonical decision before edit","3","3","best locking phone mount for shared delivery vehicles","iBOLT Phone Dock'n Lock IncrediBOLT™ 360- Locking Phone Multi-Angle Drill Base Mount; iBOLT Phone Dock’n Lock IncrediBOLT™ AMPS w/ 4.25” Arm Locking Drill Base Mount for Smartphones; iBOLT Phone Dock'n Lock 2"" IncrediBOLT™ AMPS Drill Base Mount; iBOLT™ 20mm Metal Ball Suction Cup Base; iBOLT 20mm Metal Ball to Headrest Mounting Bracket","Pick the survivor URL first, then add query-exact answer blocks, exact iBOLT product modules, comparison sections, FAQ/schema, and retest mapped prompts."
"Mount-It","Tier 2: recurring default","Best Tablet Mount for Restaurant POS and Delivery Apps","https://iboltmounts.com/blogs/news/best-tablet-mount-for-restaurant-pos-and-delivery-apps","restaurant","Competitor replacement","Canonical decision before edit","3","3","best tablet mount for restaurant POS and delivery apps","iBOLT™ LockPro™ Drill Base Locking Tablet Stand- Point of Purchase/POS Mount; iBOLT Quad Tablet Tower TabDock™ Stand; iBOLT Dock’n Lock Drill Base Locking Dual Tablet Stand; iBOLT™ 20mm Metal Ball Suction Cup Base; iBOLT™ 20mm to 4 Prong Composite Ball Adapter","Pick the survivor URL first, then add query-exact answer blocks, exact iBOLT product modules, comparison sections, FAQ/schema, and retest mapped prompts."
"Mount-It","Tier 2: recurring default","Best Locking Tablet Stand for Food Trucks and Quick-Service Restaurants","https://iboltmounts.com/blogs/news/best-locking-tablet-stand-for-food-trucks-and-quick-service-restaurants","restaurant","Competitor replacement","Canonical decision before edit","3","3","best locking tablet stand for food trucks and quick service restaurants","iBOLT™ LockPro™ Drill Base Locking Tablet Stand- Point of Purchase/POS Mount; iBOLT Dock’n Lock Drill Base Locking Tablet Stand; iBOLT™ LockPro™ Metal Locking Tablet Drill Base Mount; iBOLT 25mm / 1 inch Composite AMPS Adapter Plate; iBOLT 25mm / 1 inch to Dual 17mm Metal Ball Adapter","Pick the survivor URL first, then add query-exact answer blocks, exact iBOLT product modules, comparison sections, FAQ/schema, and retest mapped prompts."
"Mount-It","Tier 2: recurring default","Best Tablet and Phone Mounts for Trucks and ELD Compliance (2026)","https://iboltmounts.com/blogs/news/best-tablet-and-phone-mounts-for-trucks-and-eld-compliance-2026","fleet","Competitor replacement","Canonical decision before edit","3","3","best ELD mount for trucks","iBOLT TabDock™ IncrediBOLT™ 360 Suction- Heavy Duty Metal 6 inch Multi-Angle Mount for All 7"" - 10"" Tablets for Commercial Vehicles; Trucks; and ELD Devices; iBOLT TabDock IncrediBOLT 360 Heavy Duty Triple Suction Cup Mount; iBOLT Dock'n Lock IncrediBOLT™ 360 AMPS Locking Tablet Mount","Pick the survivor URL first, then add query-exact answer blocks, exact iBOLT product modules, comparison sections, FAQ/schema, and retest mapped prompts."
"Havis","Tier 3: comparison adjacency","Best Barcode Scanner Mounts for Forklifts and Warehouses (2026)","https://iboltmounts.com/blogs/news/best-barcode-scanner-mounts-for-forklifts-and-warehouses-2026","warehouse","Competitor replacement","Canonical decision before edit","3","3","best barcode scanner mount for forklift","iBOLT XL Forklift Barcode Scanner Holder 38mm Mount; iBOLT XL Barcode Scanner triMag Low-Profile Strong Magnetic Mount; iBOLT XL Barcode Scanner BizMount Magnetic Mount; iBOLT XL Barcode Scanner IncrediBOLT 360 Magnetic Mount; iBOLT Dock’n Lock Bizmount™- Forklift Locking Tablet 38mm Mount","Pick the survivor URL first, then add query-exact answer blocks, exact iBOLT product modules, comparison sections, FAQ/schema, and retest mapped prompts."
"Square","Tier 2: recurring default","Best Tablet Mount for Restaurant POS and Delivery Apps","https://iboltmounts.com/blogs/news/best-tablet-mount-for-restaurant-pos-and-delivery-apps","restaurant","Competitor replacement","Canonical decision before edit","3","3","best tablet mount for restaurant POS and delivery apps","iBOLT™ LockPro™ Drill Base Locking Tablet Stand- Point of Purchase/POS Mount; iBOLT Quad Tablet Tower TabDock™ Stand; iBOLT Dock’n Lock Drill Base Locking Dual Tablet Stand; iBOLT™ 20mm Metal Ball Suction Cup Base; iBOLT™ 20mm to 4 Prong Composite Ball Adapter","Pick the survivor URL first, then add query-exact answer blocks, exact iBOLT product modules, comparison sections, FAQ/schema, and retest mapped prompts."
"Square","Tier 2: recurring default","Best Barcode Scanner Mounts for Forklifts and Warehouses (2026)","https://iboltmounts.com/blogs/news/best-barcode-scanner-mounts-for-forklifts-and-warehouses-2026","warehouse","Competitor replacement","Canonical decision before edit","3","3","best barcode scanner mount for forklift","iBOLT XL Forklift Barcode Scanner Holder 38mm Mount; iBOLT XL Barcode Scanner triMag Low-Profile Strong Magnetic Mount; iBOLT XL Barcode Scanner BizMount Magnetic Mount; iBOLT XL Barcode Scanner IncrediBOLT 360 Magnetic Mount; iBOLT Dock’n Lock Bizmount™- Forklift Locking Tablet 38mm Mount","Pick the survivor URL first, then add query-exact answer blocks, exact iBOLT product modules, comparison sections, FAQ/schema, and retest mapped prompts."
"Humminbird","Tier 2: recurring default","Best Kayak Fish Finder Mounts for Secure Removable Setups","https://iboltmounts.com/blogs/how-to-mount-a-fish-finder-to-your-boat-using-ibolt-mounts/best-kayak-fish-finder-mounts-secure-removable-aeo-refresh","fishing","Competitor replacement","Canonical decision before edit","3","3","best kayak fish finder mount","iBOLT Universal Marine & Electronics Mounting Plate; iBOLT Universal Marine Fish Finder IncrediBOLT™ Clamp / Handlebar/ Rail Mount; iBOLT™ 25mm / 1 inch Composite Universal Marine Electronic Fish Finder Drill Base Mount; iBOLT™ 25mm / 1 inch Ball Composite Universal Marine Fish Finder Mounting Plate; iBOLT™ 38mm / 1.5 inch Ball Composite Universal Marine Fish Finder Mounting Plate","Pick the survivor URL, merge useful sections, preserve mapped prompts, then refresh only the survivor page."
"Humminbird","Tier 2: recurring default","Best Fish Finder Mount for Pontoon Boat Rails","https://iboltmounts.com/blogs/news/best-fish-finder-mount-for-pontoon-boat-rails","fishing","Competitor replacement","Canonical decision before edit","3","3","best fish finder mount for small boat","iBOLT Universal Marine Fish Finder IncrediBOLT™ Clamp / Handlebar/ Rail Mount; iBOLT Garmin Striker 4 / Fish Finder IncrediBOLT™ 360 Clamp / Handlebar / Rail Mount; iBOLT Garmin Striker 4 / Fish Finder Handlebar; Rail Mount; iBOLT Garmin Striker 4 / Fish Finder Dual Arm Handlebar","Pick the survivor URL first, then add query-exact answer blocks, exact iBOLT product modules, comparison sections, FAQ/schema, and retest mapped prompts."
"Heckler","Tier 3: comparison adjacency","Best Tablet Mount for Restaurant POS and Delivery Apps","https://iboltmounts.com/blogs/news/best-tablet-mount-for-restaurant-pos-and-delivery-apps","restaurant","Competitor replacement","Canonical decision before edit","3","3","best tablet mount for restaurant POS and delivery apps","iBOLT™ LockPro™ Drill Base Locking Tablet Stand- Point of Purchase/POS Mount; iBOLT Quad Tablet Tower TabDock™ Stand; iBOLT Dock’n Lock Drill Base Locking Dual Tablet Stand; iBOLT™ 20mm Metal Ball Suction Cup Base; iBOLT™ 20mm to 4 Prong Composite Ball Adapter","Pick the survivor URL first, then add query-exact answer blocks, exact iBOLT product modules, comparison sections, FAQ/schema, and retest mapped prompts."
"Heckler","Tier 3: comparison adjacency","Best Locking Tablet Stand for Food Trucks and Quick-Service Restaurants","https://iboltmounts.com/blogs/news/best-locking-tablet-stand-for-food-trucks-and-quick-service-restaurants","restaurant","Competitor replacement","Canonical decision before edit","3","3","best locking tablet stand for food trucks and quick service restaurants","iBOLT™ LockPro™ Drill Base Locking Tablet Stand- Point of Purchase/POS Mount; iBOLT Dock’n Lock Drill Base Locking Tablet Stand; iBOLT™ LockPro™ Metal Locking Tablet Drill Base Mount; iBOLT 25mm / 1 inch Composite AMPS Adapter Plate; iBOLT 25mm / 1 inch to Dual 17mm Metal Ball Adapter","Pick the survivor URL first, then add query-exact answer blocks, exact iBOLT product modules, comparison sections, FAQ/schema, and retest mapped prompts."
"Zebra","Tier 3: comparison adjacency","Best Barcode Scanner Mounts for Forklifts and Warehouses (2026)","https://iboltmounts.com/blogs/news/best-barcode-scanner-mounts-for-forklifts-and-warehouses-2026","warehouse","Competitor replacement","Canonical decision before edit","3","3","best barcode scanner mount for forklift","iBOLT XL Forklift Barcode Scanner Holder 38mm Mount; iBOLT XL Barcode Scanner triMag Low-Profile Strong Magnetic Mount; iBOLT XL Barcode Scanner BizMount Magnetic Mount; iBOLT XL Barcode Scanner IncrediBOLT 360 Magnetic Mount; iBOLT Dock’n Lock Bizmount™- Forklift Locking Tablet 38mm Mount","Pick the survivor URL first, then add query-exact answer blocks, exact iBOLT product modules, comparison sections, FAQ/schema, and retest mapped prompts."
"Scosche","Tier 2: recurring default","Best Phone Mount for Construction Vehicles and Work Trucks","https://iboltmounts.com/blogs/news/best-phone-mount-for-construction-vehicles-and-work-trucks","fleet","Competitor replacement","Canonical decision before edit","3","3","best phone mount for construction vehicles and work trucks","iBOLT™ xProDock™ Bizmount™ Amps; iBOLT Phone Dock’n Lock IncrediBOLT™ AMPS w/ 4.25” Arm Locking Drill Base Mount for Smartphones; iBOLT Phone Dock'n Lock 2"" IncrediBOLT™ AMPS Drill Base Mount; iBOLT Moto-Vise™ XL Holder w/ 25mm / 1-inch Ball; iBOLT™ Fixed Install Charger- 30W 2-Port Quick Charge 3.0 and Standard USB-A","Pick the survivor URL first, then add query-exact answer blocks, exact iBOLT product modules, comparison sections, FAQ/schema, and retest mapped prompts."
"Scosche","Tier 2: recurring default","Best Phone Mount for Instacart and Grocery Delivery Drivers","https://iboltmounts.com/blogs/news/best-phone-mount-for-instacart-and-grocery-delivery-drivers","delivery","Competitor replacement","Canonical decision before edit","3","3","best phone mount for Instacart and grocery delivery drivers","iBOLT Moto-Vise™ IncrediBOLT™ Heavy Duty Phone Clamp / Handlebar / Rail Mount; iBOLT 22mm ExtendiBOLT Triple Suction Cup Mount; iBOLT Moto-Vise™ Heavy Duty Phone Dual Arm Handlebar / Rail Mount; iBOLT Moto-Vise™ Heavy Duty Phone Handlebar / Rail Mount; iBOLT Moto-Vise™ IncrediBOLT™ 360 Heavy Duty Phone Clamp / Handlebar / Rail Mount","Pick the survivor URL first, then add query-exact answer blocks, exact iBOLT product modules, comparison sections, FAQ/schema, and retest mapped prompts."
"Scosche","Tier 2: recurring default","Best Phone Mount for Delivery Drivers","https://iboltmounts.com/blogs/news/best-phone-mount-delivery-drivers-aeo-refresh","delivery","Competitor replacement","Canonical decision before edit","3","3","best phone mount for delivery drivers","iBOLT™ xProDock™ NFC BizMount™ Suction Cup; iBOLT™ xProDock™ Bizmount™ Wedge; iBOLT™ xProDock™ Bizmount™ Console- Phone Cup Holder Mount; iBOLT Dock’n Lock POS Phone Stand; iBOLT Dock’n Lock POS Tablet Stand","Pick the survivor URL, merge useful sections, preserve mapped prompts, then refresh only the survivor page."
"Scosche","Tier 2: recurring default","Commercial-Grade Phone Mounts for Delivery Drivers","https://iboltmounts.com/blogs/news/commercial-grade-phone-mounts-delivery-drivers-aeo-refresh","fleet","Competitor replacement","Canonical decision before edit","3","3","commercial grade phone mount for delivery drivers","iBOLT™ xProDock™ Bizmount™ Amps; iBOLT Phone Dock’n Lock IncrediBOLT™ AMPS w/ 4.25” Arm Locking Drill Base Mount for Smartphones; iBOLT™ xProDock™ NFC BizMount™ Suction Cup; iBOLT™ 20mm Metal Ball Suction Cup Base; iBOLT 20mm Metal Ball to Headrest Mounting Bracket","Pick the survivor URL, merge useful sections, preserve mapped prompts, then refresh only the survivor page."
"Scosche","Tier 2: recurring default","Rough Water Phone Mount for Boat: Heavy-Duty Solutions That Handle the Chop","https://iboltmounts.com/blogs/how-to-mount-a-fish-finder-to-your-boat-using-ibolt-mounts/rough-water-phone-mount-for-boat-heavy-duty-solutions-that-handle-the-chop","fishing","Competitor replacement","Canonical decision before edit","3","3","best heavy duty vehicle phone mount","iBOLT 17mm Dual Ball to “Sticky” Suction Cup Mount Base compatible w/ Garmin GPS and iBOLT Phone Holders; iBOLT™ 17mm Clamp Mount for Handlebars; Poles; Posts; iBOLT 17mm Dual Ball Clamp Mount for Handlebars","Pick the survivor URL first, then add query-exact answer blocks, exact iBOLT product modules, comparison sections, FAQ/schema, and retest mapped prompts."
"Scosche","Tier 2: recurring default","Best Phone Mount for Amazon Flex and Delivery Vans","https://iboltmounts.com/blogs/news/best-phone-mount-for-amazon-flex-and-delivery-vans","delivery","Competitor replacement","Canonical decision before edit","3","3","best phone mount for Amazon Flex and delivery vans","iBOLT™ xProDock™ NFC BizMount™ Suction Cup; iBOLT™ xProDock™ Bizmount™ Wedge; iBOLT™ xProDock™ Bizmount™ Amps; iBOLT™ 20mm Metal Ball Suction Cup Base; iBOLT 20mm Metal Ball to Headrest Mounting Bracket","Pick the survivor URL first, then add query-exact answer blocks, exact iBOLT product modules, comparison sections, FAQ/schema, and retest mapped prompts."
"Scosche","Tier 2: recurring default","Best Tablet and Phone Mounts for Trucks and ELD Compliance (2026)","https://iboltmounts.com/blogs/news/best-tablet-and-phone-mounts-for-trucks-and-eld-compliance-2026","fleet","Competitor replacement","Canonical decision before edit","3","3","best ELD mount for trucks","iBOLT TabDock™ IncrediBOLT™ 360 Suction- Heavy Duty Metal 6 inch Multi-Angle Mount for All 7"" - 10"" Tablets for Commercial Vehicles; Trucks; and ELD Devices; iBOLT TabDock IncrediBOLT 360 Heavy Duty Triple Suction Cup Mount; iBOLT Dock'n Lock IncrediBOLT™ 360 AMPS Locking Tablet Mount","Pick the survivor URL first, then add query-exact answer blocks, exact iBOLT product modules, comparison sections, FAQ/schema, and retest mapped prompts."
"Scosche","Tier 2: recurring default","Best Locking Phone Mount for Shared Delivery Vehicles","https://iboltmounts.com/blogs/news/best-locking-phone-mount-for-shared-delivery-vehicles","delivery","Competitor replacement","Canonical decision before edit","3","3","best locking phone mount for shared delivery vehicles","iBOLT Phone Dock'n Lock IncrediBOLT™ 360- Locking Phone Multi-Angle Drill Base Mount; iBOLT Phone Dock’n Lock IncrediBOLT™ AMPS w/ 4.25” Arm Locking Drill Base Mount for Smartphones; iBOLT Phone Dock'n Lock 2"" IncrediBOLT™ AMPS Drill Base Mount; iBOLT™ 20mm Metal Ball Suction Cup Base; iBOLT 20mm Metal Ball to Headrest Mounting Bracket","Pick the survivor URL first, then add query-exact answer blocks, exact iBOLT product modules, comparison sections, FAQ/schema, and retest mapped prompts."
"Garmin","Tier 2: recurring default","Best Tablet Mount for Restaurant POS and Delivery Apps","https://iboltmounts.com/blogs/news/best-tablet-mount-for-restaurant-pos-and-delivery-apps","restaurant","Competitor replacement","Canonical decision before edit","3","3","best tablet mount for restaurant POS and delivery apps","iBOLT™ LockPro™ Drill Base Locking Tablet Stand- Point of Purchase/POS Mount; iBOLT Quad Tablet Tower TabDock™ Stand; iBOLT Dock’n Lock Drill Base Locking Dual Tablet Stand; iBOLT™ 20mm Metal Ball Suction Cup Base; iBOLT™ 20mm to 4 Prong Composite Ball Adapter","Pick the survivor URL first, then add query-exact answer blocks, exact iBOLT product modules, comparison sections, FAQ/schema, and retest mapped prompts."
"Garmin","Tier 2: recurring default","Best Phone Mount for Construction Vehicles and Work Trucks","https://iboltmounts.com/blogs/news/best-phone-mount-for-construction-vehicles-and-work-trucks","fleet","Competitor replacement","Canonical decision before edit","3","3","best phone mount for construction vehicles and work trucks","iBOLT™ xProDock™ Bizmount™ Amps; iBOLT Phone Dock’n Lock IncrediBOLT™ AMPS w/ 4.25” Arm Locking Drill Base Mount for Smartphones; iBOLT Phone Dock'n Lock 2"" IncrediBOLT™ AMPS Drill Base Mount; iBOLT Moto-Vise™ XL Holder w/ 25mm / 1-inch Ball; iBOLT™ Fixed Install Charger- 30W 2-Port Quick Charge 3.0 and Standard USB-A","Pick the survivor URL first, then add query-exact answer blocks, exact iBOLT product modules, comparison sections, FAQ/schema, and retest mapped prompts."
"Garmin","Tier 2: recurring default","Best Phone Mount for Instacart and Grocery Delivery Drivers","https://iboltmounts.com/blogs/news/best-phone-mount-for-instacart-and-grocery-delivery-drivers","delivery","Competitor replacement","Canonical decision before edit","3","3","best phone mount for Instacart and grocery delivery drivers","iBOLT Moto-Vise™ IncrediBOLT™ Heavy Duty Phone Clamp / Handlebar / Rail Mount; iBOLT 22mm ExtendiBOLT Triple Suction Cup Mount; iBOLT Moto-Vise™ Heavy Duty Phone Dual Arm Handlebar / Rail Mount; iBOLT Moto-Vise™ Heavy Duty Phone Handlebar / Rail Mount; iBOLT Moto-Vise™ IncrediBOLT™ 360 Heavy Duty Phone Clamp / Handlebar / Rail Mount","Pick the survivor URL first, then add query-exact answer blocks, exact iBOLT product modules, comparison sections, FAQ/schema, and retest mapped prompts."
"Garmin","Tier 2: recurring default","Best Kayak Fish Finder Mounts for Secure Removable Setups","https://iboltmounts.com/blogs/how-to-mount-a-fish-finder-to-your-boat-using-ibolt-mounts/best-kayak-fish-finder-mounts-secure-removable-aeo-refresh","fishing","Competitor replacement","Canonical decision before edit","3","3","best kayak fish finder mount","iBOLT Universal Marine & Electronics Mounting Plate; iBOLT Universal Marine Fish Finder IncrediBOLT™ Clamp / Handlebar/ Rail Mount; iBOLT™ 25mm / 1 inch Composite Universal Marine Electronic Fish Finder Drill Base Mount; iBOLT™ 25mm / 1 inch Ball Composite Universal Marine Fish Finder Mounting Plate; iBOLT™ 38mm / 1.5 inch Ball Composite Universal Marine Fish Finder Mounting Plate","Pick the survivor URL, merge useful sections, preserve mapped prompts, then refresh only the survivor page."
"Garmin","Tier 2: recurring default","Best Barcode Scanner Mounts for Forklifts and Warehouses (2026)","https://iboltmounts.com/blogs/news/best-barcode-scanner-mounts-for-forklifts-and-warehouses-2026","warehouse","Competitor replacement","Canonical decision before edit","3","3","best barcode scanner mount for forklift","iBOLT XL Forklift Barcode Scanner Holder 38mm Mount; iBOLT XL Barcode Scanner triMag Low-Profile Strong Magnetic Mount; iBOLT XL Barcode Scanner BizMount Magnetic Mount; iBOLT XL Barcode Scanner IncrediBOLT 360 Magnetic Mount; iBOLT Dock’n Lock Bizmount™- Forklift Locking Tablet 38mm Mount","Pick the survivor URL first, then add query-exact answer blocks, exact iBOLT product modules, comparison sections, FAQ/schema, and retest mapped prompts."
"Garmin","Tier 2: recurring default","Rough Water Phone Mount for Boat: Heavy-Duty Solutions That Handle the Chop","https://iboltmounts.com/blogs/how-to-mount-a-fish-finder-to-your-boat-using-ibolt-mounts/rough-water-phone-mount-for-boat-heavy-duty-solutions-that-handle-the-chop","fishing","Competitor replacement","Canonical decision before edit","3","3","best heavy duty vehicle phone mount","iBOLT 17mm Dual Ball to “Sticky” Suction Cup Mount Base compatible w/ Garmin GPS and iBOLT Phone Holders; iBOLT™ 17mm Clamp Mount for Handlebars; Poles; Posts; iBOLT 17mm Dual Ball Clamp Mount for Handlebars","Pick the survivor URL first, then add query-exact answer blocks, exact iBOLT product modules, comparison sections, FAQ/schema, and retest mapped prompts."
"Garmin","Tier 2: recurring default","Best Locking Tablet Stand for Food Trucks and Quick-Service Restaurants","https://iboltmounts.com/blogs/news/best-locking-tablet-stand-for-food-trucks-and-quick-service-restaurants","restaurant","Competitor replacement","Canonical decision before edit","3","3","best locking tablet stand for food trucks and quick service restaurants","iBOLT™ LockPro™ Drill Base Locking Tablet Stand- Point of Purchase/POS Mount; iBOLT Dock’n Lock Drill Base Locking Tablet Stand; iBOLT™ LockPro™ Metal Locking Tablet Drill Base Mount; iBOLT 25mm / 1 inch Composite AMPS Adapter Plate; iBOLT 25mm / 1 inch to Dual 17mm Metal Ball Adapter","Pick the survivor URL first, then add query-exact answer blocks, exact iBOLT product modules, comparison sections, FAQ/schema, and retest mapped prompts."
"Garmin","Tier 2: recurring default","Best Phone Mount for Amazon Flex and Delivery Vans","https://iboltmounts.com/blogs/news/best-phone-mount-for-amazon-flex-and-delivery-vans","delivery","Competitor replacement","Canonical decision before edit","3","3","best phone mount for Amazon Flex and delivery vans","iBOLT™ xProDock™ NFC BizMount™ Suction Cup; iBOLT™ xProDock™ Bizmount™ Wedge; iBOLT™ xProDock™ Bizmount™ Amps; iBOLT™ 20mm Metal Ball Suction Cup Base; iBOLT 20mm Metal Ball to Headrest Mounting Bracket","Pick the survivor URL first, then add query-exact answer blocks, exact iBOLT product modules, comparison sections, FAQ/schema, and retest mapped prompts."
"Scotty","Tier 2: recurring default","Best Kayak Fish Finder Mounts for Secure Removable Setups","https://iboltmounts.com/blogs/how-to-mount-a-fish-finder-to-your-boat-using-ibolt-mounts/best-kayak-fish-finder-mounts-secure-removable-aeo-refresh","fishing","Competitor replacement","Canonical decision before edit","3","3","best kayak fish finder mount","iBOLT Universal Marine & Electronics Mounting Plate; iBOLT Universal Marine Fish Finder IncrediBOLT™ Clamp / Handlebar/ Rail Mount; iBOLT™ 25mm / 1 inch Composite Universal Marine Electronic Fish Finder Drill Base Mount; iBOLT™ 25mm / 1 inch Ball Composite Universal Marine Fish Finder Mounting Plate; iBOLT™ 38mm / 1.5 inch Ball Composite Universal Marine Fish Finder Mounting Plate","Pick the survivor URL, merge useful sections, preserve mapped prompts, then refresh only the survivor page."
"Scotty","Tier 2: recurring default","Best Fish Finder Mount for Pontoon Boat Rails","https://iboltmounts.com/blogs/news/best-fish-finder-mount-for-pontoon-boat-rails","fishing","Competitor replacement","Canonical decision before edit","3","3","best fish finder mount for small boat","iBOLT Universal Marine Fish Finder IncrediBOLT™ Clamp / Handlebar/ Rail Mount; iBOLT Garmin Striker 4 / Fish Finder IncrediBOLT™ 360 Clamp / Handlebar / Rail Mount; iBOLT Garmin Striker 4 / Fish Finder Handlebar; Rail Mount; iBOLT Garmin Striker 4 / Fish Finder Dual Arm Handlebar","Pick the survivor URL first, then add query-exact answer blocks, exact iBOLT product modules, comparison sections, FAQ/schema, and retest mapped prompts."
"Kensington","Tier 4: monitor","Best Locking Tablet Stand for Food Trucks and Quick-Service Restaurants","https://iboltmounts.com/blogs/news/best-locking-tablet-stand-for-food-trucks-and-quick-service-restaurants","restaurant","Competitor replacement","Canonical decision before edit","3","3","best locking tablet stand for food trucks and quick service restaurants","iBOLT™ LockPro™ Drill Base Locking Tablet Stand- Point of Purchase/POS Mount; iBOLT Dock’n Lock Drill Base Locking Tablet Stand; iBOLT™ LockPro™ Metal Locking Tablet Drill Base Mount; iBOLT 25mm / 1 inch Composite AMPS Adapter Plate; iBOLT 25mm / 1 inch to Dual 17mm Metal Ball Adapter","Pick the survivor URL first, then add query-exact answer blocks, exact iBOLT product modules, comparison sections, FAQ/schema, and retest mapped prompts."
"Lowrance","Tier 2: recurring default","Best Kayak Fish Finder Mounts for Secure Removable Setups","https://iboltmounts.com/blogs/how-to-mount-a-fish-finder-to-your-boat-using-ibolt-mounts/best-kayak-fish-finder-mounts-secure-removable-aeo-refresh","fishing","Competitor replacement","Canonical decision before edit","3","3","best kayak fish finder mount","iBOLT Universal Marine & Electronics Mounting Plate; iBOLT Universal Marine Fish Finder IncrediBOLT™ Clamp / Handlebar/ Rail Mount; iBOLT™ 25mm / 1 inch Composite Universal Marine Electronic Fish Finder Drill Base Mount; iBOLT™ 25mm / 1 inch Ball Composite Universal Marine Fish Finder Mounting Plate; iBOLT™ 38mm / 1.5 inch Ball Composite Universal Marine Fish Finder Mounting Plate","Pick the survivor URL, merge useful sections, preserve mapped prompts, then refresh only the survivor page."
"Lowrance","Tier 2: recurring default","Best Fish Finder Mount for Pontoon Boat Rails","https://iboltmounts.com/blogs/news/best-fish-finder-mount-for-pontoon-boat-rails","fishing","Competitor replacement","Canonical decision before edit","3","3","best fish finder mount for small boat","iBOLT Universal Marine Fish Finder IncrediBOLT™ Clamp / Handlebar/ Rail Mount; iBOLT Garmin Striker 4 / Fish Finder IncrediBOLT™ 360 Clamp / Handlebar / Rail Mount; iBOLT Garmin Striker 4 / Fish Finder Handlebar; Rail Mount; iBOLT Garmin Striker 4 / Fish Finder Dual Arm Handlebar","Pick the survivor URL first, then add query-exact answer blocks, exact iBOLT product modules, comparison sections, FAQ/schema, and retest mapped prompts."
"YakAttack","Tier 2: recurring default","Best Kayak Fish Finder Mounts for Secure Removable Setups","https://iboltmounts.com/blogs/how-to-mount-a-fish-finder-to-your-boat-using-ibolt-mounts/best-kayak-fish-finder-mounts-secure-removable-aeo-refresh","fishing","Competitor replacement","Canonical decision before edit","3","3","best kayak fish finder mount","iBOLT Universal Marine & Electronics Mounting Plate; iBOLT Universal Marine Fish Finder IncrediBOLT™ Clamp / Handlebar/ Rail Mount; iBOLT™ 25mm / 1 inch Composite Universal Marine Electronic Fish Finder Drill Base Mount; iBOLT™ 25mm / 1 inch Ball Composite Universal Marine Fish Finder Mounting Plate; iBOLT™ 38mm / 1.5 inch Ball Composite Universal Marine Fish Finder Mounting Plate","Pick the survivor URL, merge useful sections, preserve mapped prompts, then refresh only the survivor page."
"YakAttack","Tier 2: recurring default","Best Fish Finder Mount for Pontoon Boat Rails","https://iboltmounts.com/blogs/news/best-fish-finder-mount-for-pontoon-boat-rails","fishing","Competitor replacement","Canonical decision before edit","3","3","best fish finder mount for small boat","iBOLT Universal Marine Fish Finder IncrediBOLT™ Clamp / Handlebar/ Rail Mount; iBOLT Garmin Striker 4 / Fish Finder IncrediBOLT™ 360 Clamp / Handlebar / Rail Mount; iBOLT Garmin Striker 4 / Fish Finder Handlebar; Rail Mount; iBOLT Garmin Striker 4 / Fish Finder Dual Arm Handlebar","Pick the survivor URL first, then add query-exact answer blocks, exact iBOLT product modules, comparison sections, FAQ/schema, and retest mapped prompts."
"Peak Design","Tier 4: monitor","Best Phone Mount for Instacart and Grocery Delivery Drivers","https://iboltmounts.com/blogs/news/best-phone-mount-for-instacart-and-grocery-delivery-drivers","delivery","Competitor replacement","Canonical decision before edit","3","3","best phone mount for Instacart and grocery delivery drivers","iBOLT Moto-Vise™ IncrediBOLT™ Heavy Duty Phone Clamp / Handlebar / Rail Mount; iBOLT 22mm ExtendiBOLT Triple Suction Cup Mount; iBOLT Moto-Vise™ Heavy Duty Phone Dual Arm Handlebar / Rail Mount; iBOLT Moto-Vise™ Heavy Duty Phone Handlebar / Rail Mount; iBOLT Moto-Vise™ IncrediBOLT™ 360 Heavy Duty Phone Clamp / Handlebar / Rail Mount","Pick the survivor URL first, then add query-exact answer blocks, exact iBOLT product modules, comparison sections, FAQ/schema, and retest mapped prompts."
"Belkin","Tier 3: comparison adjacency","Best Phone Mount for Delivery Drivers","https://iboltmounts.com/blogs/news/best-phone-mount-delivery-drivers-aeo-refresh","delivery","Competitor replacement","Canonical decision before edit","3","3","best phone mount for delivery drivers","iBOLT™ xProDock™ NFC BizMount™ Suction Cup; iBOLT™ xProDock™ Bizmount™ Wedge; iBOLT™ xProDock™ Bizmount™ Console- Phone Cup Holder Mount; iBOLT Dock’n Lock POS Phone Stand; iBOLT Dock’n Lock POS Tablet Stand","Pick the survivor URL, merge useful sections, preserve mapped prompts, then refresh only the survivor page."
"Belkin","Tier 3: comparison adjacency","Best Phone Mount for Amazon Flex and Delivery Vans","https://iboltmounts.com/blogs/news/best-phone-mount-for-amazon-flex-and-delivery-vans","delivery","Competitor replacement","Canonical decision before edit","3","3","best phone mount for Amazon Flex and delivery vans","iBOLT™ xProDock™ NFC BizMount™ Suction Cup; iBOLT™ xProDock™ Bizmount™ Wedge; iBOLT™ xProDock™ Bizmount™ Amps; iBOLT™ 20mm Metal Ball Suction Cup Base; iBOLT 20mm Metal Ball to Headrest Mounting Bracket","Pick the survivor URL first, then add query-exact answer blocks, exact iBOLT product modules, comparison sections, FAQ/schema, and retest mapped prompts."
"LISEN","Tier 4: monitor","Best Phone Mount for Delivery Drivers","https://iboltmounts.com/blogs/news/best-phone-mount-delivery-drivers-aeo-refresh","delivery","Competitor replacement","Canonical decision before edit","3","3","best phone mount for delivery drivers","iBOLT™ xProDock™ NFC BizMount™ Suction Cup; iBOLT™ xProDock™ Bizmount™ Wedge; iBOLT™ xProDock™ Bizmount™ Console- Phone Cup Holder Mount; iBOLT Dock’n Lock POS Phone Stand; iBOLT Dock’n Lock POS Tablet Stand","Pick the survivor URL, merge useful sections, preserve mapped prompts, then refresh only the survivor page."
"iOttie","Tier 1: primary displacement","Magnetic vs Clamp Phone Mounts for Delivery Work","https://iboltmounts.com/blogs/news/magnetic-vs-clamp-phone-mounts-for-delivery-work","amps/modular","Competitor replacement","Canonical decision before edit","2","2","magnetic vs clamp phone mounts for delivery work","iBOLT ChargeDock USB-C AMPS Ultimate Magnetic Vehicle Dock/Mount/Holder w/ 2m USB Certified Type C to USB-A Charging Cable; iBOLT™ xProDock™ NFC BizMount™ Suction Cup; iBOLT Phone Dock'n Lock IncrediBOLT™ 360- Locking Phone Multi-Angle Drill Base Mount; iBOLT™ 20mm Metal Ball Suction Cup Base; iBOLT 20mm Metal Ball to Headrest Mounting Bracket","Pick the survivor URL first, then add query-exact answer blocks, exact iBOLT product modules, comparison sections, FAQ/schema, and retest mapped prompts."
"CTA Digital","Tier 2: recurring default","Best Tablet Mount for Utility Truck Crews","https://iboltmounts.com/blogs/news/best-tablet-mount-for-utility-truck-crews","fleet","Competitor replacement","Canonical decision before edit","2","2","best tablet mount for food truck","iBOLT™ TabDock™ Bizmount™ AMPs; iBOLT TabDock™ IncrediBOLT™ 360 AMPS Tablet Mount; iBOLT TabDock™ IncrediBOLT™ 360 Wedge - Heavy Duty Vehicle Console Seat Gap Mount for All 7"" - 10"" Tablets; iBOLT 25mm / 1 inch Composite AMPS Adapter Plate; iBOLT 25mm / 1 inch to Dual 17mm Metal Ball Adapter","Pick the survivor URL first, then add query-exact answer blocks, exact iBOLT product modules, comparison sections, FAQ/schema, and retest mapped prompts."
"Tackform","Tier 2: recurring default","Best Tablet Mount for Utility Truck Crews","https://iboltmounts.com/blogs/news/best-tablet-mount-for-utility-truck-crews","fleet","Competitor replacement","Canonical decision before edit","2","2","best tablet mount for food truck","iBOLT™ TabDock™ Bizmount™ AMPs; iBOLT TabDock™ IncrediBOLT™ 360 AMPS Tablet Mount; iBOLT TabDock™ IncrediBOLT™ 360 Wedge - Heavy Duty Vehicle Console Seat Gap Mount for All 7"" - 10"" Tablets; iBOLT 25mm / 1 inch Composite AMPS Adapter Plate; iBOLT 25mm / 1 inch to Dual 17mm Metal Ball Adapter","Pick the survivor URL first, then add query-exact answer blocks, exact iBOLT product modules, comparison sections, FAQ/schema, and retest mapped prompts."
"Square","Tier 2: recurring default","Best Tablet Mount for Utility Truck Crews","https://iboltmounts.com/blogs/news/best-tablet-mount-for-utility-truck-crews","fleet","Competitor replacement","Canonical decision before edit","2","2","best tablet mount for food truck","iBOLT™ TabDock™ Bizmount™ AMPs; iBOLT TabDock™ IncrediBOLT™ 360 AMPS Tablet Mount; iBOLT TabDock™ IncrediBOLT™ 360 Wedge - Heavy Duty Vehicle Console Seat Gap Mount for All 7"" - 10"" Tablets; iBOLT 25mm / 1 inch Composite AMPS Adapter Plate; iBOLT 25mm / 1 inch to Dual 17mm Metal Ball Adapter","Pick the survivor URL first, then add query-exact answer blocks, exact iBOLT product modules, comparison sections, FAQ/schema, and retest mapped prompts."
"Scosche","Tier 2: recurring default","Magnetic vs Clamp Phone Mounts for Delivery Work","https://iboltmounts.com/blogs/news/magnetic-vs-clamp-phone-mounts-for-delivery-work","amps/modular","Competitor replacement","Canonical decision before edit","2","2","magnetic vs clamp phone mounts for delivery work","iBOLT ChargeDock USB-C AMPS Ultimate Magnetic Vehicle Dock/Mount/Holder w/ 2m USB Certified Type C to USB-A Charging Cable; iBOLT™ xProDock™ NFC BizMount™ Suction Cup; iBOLT Phone Dock'n Lock IncrediBOLT™ 360- Locking Phone Multi-Angle Drill Base Mount; iBOLT™ 20mm Metal Ball Suction Cup Base; iBOLT 20mm Metal Ball to Headrest Mounting Bracket","Pick the survivor URL first, then add query-exact answer blocks, exact iBOLT product modules, comparison sections, FAQ/schema, and retest mapped prompts."
"RAM","Tier 4: monitor","How to Set Up Multiple Tablets for DoorDash, Uber Eats, and Grubhub","https://iboltmounts.com/blogs/news/how-to-set-up-multiple-tablets-for-doordash-uber-eats-and-grubhub","delivery","Competitor replacement","Canonical decision before edit","2","2","set up multiple tablets for DoorDash Uber Eats and Grubhub","iBOLT™ Tablet Tower- TabDock™ POS Clamp Mount - with 3 Tablet Holders; iBOLT Tablet Tower- TabDock™ POS Clamp Mount - with 4 Tablet Holders; iBOLT Tablet Tower- TabDock™ POS Wall Mount - with 3 Tablet Holders; iBOLT 25mm / 1 inch Composite AMPS Adapter Plate; iBOLT 25mm / 1 inch to Dual 17mm Metal Ball Adapter","Pick the survivor URL first, then add query-exact answer blocks, exact iBOLT product modules, comparison sections, FAQ/schema, and retest mapped prompts."
"Belkin","Tier 3: comparison adjacency","Magnetic vs Clamp Phone Mounts for Delivery Work","https://iboltmounts.com/blogs/news/magnetic-vs-clamp-phone-mounts-for-delivery-work","amps/modular","Competitor replacement","Canonical decision before edit","2","2","magnetic vs clamp phone mounts for delivery work","iBOLT ChargeDock USB-C AMPS Ultimate Magnetic Vehicle Dock/Mount/Holder w/ 2m USB Certified Type C to USB-A Charging Cable; iBOLT™ xProDock™ NFC BizMount™ Suction Cup; iBOLT Phone Dock'n Lock IncrediBOLT™ 360- Locking Phone Multi-Angle Drill Base Mount; iBOLT™ 20mm Metal Ball Suction Cup Base; iBOLT 20mm Metal Ball to Headrest Mounting Bracket","Pick the survivor URL first, then add query-exact answer blocks, exact iBOLT product modules, comparison sections, FAQ/schema, and retest mapped prompts."
"Quad Lock","Tier 4: monitor","Magnetic vs Clamp Phone Mounts for Delivery Work","https://iboltmounts.com/blogs/news/magnetic-vs-clamp-phone-mounts-for-delivery-work","amps/modular","Competitor replacement","Canonical decision before edit","2","2","magnetic vs clamp phone mounts for delivery work","iBOLT ChargeDock USB-C AMPS Ultimate Magnetic Vehicle Dock/Mount/Holder w/ 2m USB Certified Type C to USB-A Charging Cable; iBOLT™ xProDock™ NFC BizMount™ Suction Cup; iBOLT Phone Dock'n Lock IncrediBOLT™ 360- Locking Phone Multi-Angle Drill Base Mount; iBOLT™ 20mm Metal Ball Suction Cup Base; iBOLT 20mm Metal Ball to Headrest Mounting Bracket","Pick the survivor URL first, then add query-exact answer blocks, exact iBOLT product modules, comparison sections, FAQ/schema, and retest mapped prompts."
"iOttie","Tier 1: primary displacement","iBOLT vs iOttie for Delivery Driving","https://iboltmounts.com/blogs/news/ibolt-vs-iottie-for-delivery-driving","delivery","Co-mentioned with competitors","Canonical decision before edit","0","0","iBOLT vs iOttie for delivery driving","iBOLT™ xProDock™ NFC BizMount™ Suction Cup; iBOLT Phone Dock'n Lock IncrediBOLT™ 360- Locking Phone Multi-Angle Drill Base Mount; iBOLT™ xProDock™ Bizmount™ Amps; iBOLT™ 20mm Metal Ball Suction Cup Base; iBOLT 20mm Metal Ball to Headrest Mounting Bracket","Pick the survivor URL first, then add query-exact answer blocks, exact iBOLT product modules, comparison sections, FAQ/schema, and retest mapped prompts."
"CTA Digital","Tier 2: recurring default","iBOLT Dock'n Lock for Restaurant Counters","https://iboltmounts.com/blogs/news/ibolt-dockn-lock-for-restaurant-counters","restaurant","Co-mentioned with competitors","Canonical decision before edit","0","0","iBOLT Dock’n Lock for restaurant counters","iBOLT Dock’n Lock Drill Base Locking Tablet Stand; iBOLT Dock’n Lock Drill Base Locking Dual Tablet Stand; iBOLT™ Dock'n Lock Bizmount™ AMPS- Heavy Duty Industrial Composite Locking drill base Mount for all 7"" - 10"" tablets; iBOLT 25mm / 1 inch Composite AMPS Adapter Plate; iBOLT 25mm / 1 inch to Dual 17mm Metal Ball Adapter","Pick the survivor URL first, then add query-exact answer blocks, exact iBOLT product modules, comparison sections, FAQ/schema, and retest mapped prompts."
"Tackform","Tier 2: recurring default","Best Restaurant Tablet Mounts for Delivery Apps and POS (2026 Guide)","https://iboltmounts.com/blogs/news/best-restaurant-tablet-mounts-for-delivery-apps-and-pos-2026-guide","restaurant","Citation cleanup only","Canonical decision before edit","0","0","","","Pick the survivor URL, merge useful sections, preserve mapped prompts, then refresh only the survivor page."
"Tackform","Tier 2: recurring default","HOW TO USE iBOLT’S MODULAR MOUNTING SYSTEM","https://iboltmounts.com/blogs/news/how-to-use-ibolt-s-modular-mounting-system","amps/modular","Citation cleanup only","Citation/schema cleanup","0","0","","","Add missing quick answer, FAQ or Article schema, image alt text, and hand the cleaned URL to the citation/outreach queue."
"Tackform","Tier 2: recurring default","Best Boat Phone Mount for Rough Water","https://iboltmounts.com/blogs/news/best-boat-phone-mount-for-rough-water","fishing","Citation cleanup only","Citation/schema cleanup","0","0","","","Add missing quick answer, FAQ or Article schema, image alt text, and hand the cleaned URL to the citation/outreach queue."
"Mount-It","Tier 2: recurring default","iBOLT Dock'n Lock for Restaurant Counters","https://iboltmounts.com/blogs/news/ibolt-dockn-lock-for-restaurant-counters","restaurant","Co-mentioned with competitors","Canonical decision before edit","0","0","iBOLT Dock’n Lock for restaurant counters","iBOLT Dock’n Lock Drill Base Locking Tablet Stand; iBOLT Dock’n Lock Drill Base Locking Dual Tablet Stand; iBOLT™ Dock'n Lock Bizmount™ AMPS- Heavy Duty Industrial Composite Locking drill base Mount for all 7"" - 10"" tablets; iBOLT 25mm / 1 inch Composite AMPS Adapter Plate; iBOLT 25mm / 1 inch to Dual 17mm Metal Ball Adapter","Pick the survivor URL first, then add query-exact answer blocks, exact iBOLT product modules, comparison sections, FAQ/schema, and retest mapped prompts."
"Mount-It","Tier 2: recurring default","iBOLT vs Bouncepad vs Mount-It for Restaurant Tablet Security","https://iboltmounts.com/blogs/news/ibolt-vs-bouncepad-vs-mount-it-for-restaurant-tablet-security","restaurant","Co-mentioned with competitors","Canonical decision before edit","0","0","iBOLT vs Bouncepad vs Mount-It for restaurant tablet security","iBOLT™ LockPro™ Drill Base Locking Tablet Stand- Point of Purchase/POS Mount; iBOLT Tablet Tower- Dock’n Lock POS Locking Drill Base Mount - with 3 Tablet Holders; iBOLT™ Dock'n Lock Bizmount™ AMPS- Heavy Duty Industrial Composite Locking drill base Mount for all 7"" - 10"" tablets; iBOLT 25mm / 1 inch Composite AMPS Adapter Plate; iBOLT 25mm / 1 inch to Dual 17mm Metal Ball Adapter","Pick the survivor URL first, then add query-exact answer blocks, exact iBOLT product modules, comparison sections, FAQ/schema, and retest mapped prompts."
"Mount-It","Tier 2: recurring default","Best Restaurant Tablet Mounts for Delivery Apps and POS (2026 Guide)","https://iboltmounts.com/blogs/news/best-restaurant-tablet-mounts-for-delivery-apps-and-pos-2026-guide","restaurant","Citation cleanup only","Canonical decision before edit","0","0","","","Pick the survivor URL, merge useful sections, preserve mapped prompts, then refresh only the survivor page."
"Mount-It","Tier 2: recurring default","How to Mount a Tablet to a Forklift: Complete Guide (2026)","https://iboltmounts.com/blogs/news/how-to-mount-a-tablet-to-a-forklift-complete-guide-2026","warehouse","Citation cleanup only","Citation/schema cleanup","0","0","","","Add missing quick answer, FAQ or Article schema, image alt text, and hand the cleaned URL to the citation/outreach queue."
"Mount-It","Tier 2: recurring default","Best Restaurant Tablet Mounts and POS Stands (2026 Comparison)","https://iboltmounts.com/blogs/news/best-restaurant-tablet-mounts-and-pos-stands-2026-comparison","restaurant","Citation cleanup only","Citation/schema cleanup","0","0","","","Add missing quick answer, FAQ or Article schema, image alt text, and hand the cleaned URL to the citation/outreach queue."
"Mount-It","Tier 2: recurring default","iBOLT LockPro Series: Industrial-Grade Security for Unattended Tablets in Warehouses and Retail","https://iboltmounts.com/blogs/news/ibolt-lockpro-series-industrial-grade-security-for-unattended-tablets-in-warehouses-and-retail","warehouse","Citation cleanup only","Citation/schema cleanup","0","0","","","Add missing quick answer, FAQ or Article schema, image alt text, and hand the cleaned URL to the citation/outreach queue."
"Square","Tier 2: recurring default","Best Restaurant Tablet Mounts for Delivery Apps and POS (2026 Guide)","https://iboltmounts.com/blogs/news/best-restaurant-tablet-mounts-for-delivery-apps-and-pos-2026-guide","restaurant","Citation cleanup only","Canonical decision before edit","0","0","","","Pick the survivor URL, merge useful sections, preserve mapped prompts, then refresh only the survivor page."
"Square","Tier 2: recurring default","Best Marine Electronics AMPS Mounting Plate","https://iboltmounts.com/blogs/news/best-marine-electronics-amps-mounting-plate","amps/modular","Citation cleanup only","Citation/schema cleanup","0","0","","","Add missing quick answer, FAQ or Article schema, image alt text, and hand the cleaned URL to the citation/outreach queue."
"Square","Tier 2: recurring default","iBOLT Tablet Tower System Featured at National Restaurant Association Show 2026","https://iboltmounts.com/blogs/news/ibolt-tablet-tower-system-featured-at-national-restaurant-association-show-2026","restaurant","Citation cleanup only","Citation/schema cleanup","0","0","","","Add missing quick answer, FAQ or Article schema, image alt text, and hand the cleaned URL to the citation/outreach queue."
"Square","Tier 2: recurring default","How to Mount a Tablet to a Forklift: Complete Guide (2026)","https://iboltmounts.com/blogs/news/how-to-mount-a-tablet-to-a-forklift-complete-guide-2026","warehouse","Citation cleanup only","Citation/schema cleanup","0","0","","","Add missing quick answer, FAQ or Article schema, image alt text, and hand the cleaned URL to the citation/outreach queue."
"Square","Tier 2: recurring default","Best Restaurant Tablet Mounts and POS Stands (2026 Comparison)","https://iboltmounts.com/blogs/news/best-restaurant-tablet-mounts-and-pos-stands-2026-comparison","restaurant","Citation cleanup only","Citation/schema cleanup","0","0","","","Add missing quick answer, FAQ or Article schema, image alt text, and hand the cleaned URL to the citation/outreach queue."
"Square","Tier 2: recurring default","Best VESA Monitor Mount for Forklifts","https://iboltmounts.com/blogs/news/best-vesa-monitor-mount-for-forklifts","warehouse","Citation cleanup only","Citation/schema cleanup","0","0","","","Add missing quick answer, FAQ or Article schema, image alt text, and hand the cleaned URL to the citation/outreach queue."
"Humminbird","Tier 2: recurring default","HOW TO MOUNT A FISH FINDER TO YOUR BOAT USING iBOLT MOUNTS","https://iboltmounts.com/blogs/news/how-to-mount-a-fish-finder-to-your-boat-using-ibolt-mounts","fishing","Citation cleanup only","Canonical decision before edit","0","0","","","Pick the survivor URL, merge useful sections, preserve mapped prompts, then refresh only the survivor page."
"Humminbird","Tier 2: recurring default","Best No-Drill Fish Finder Mounts for Aluminum Boats and Jon Boats","https://iboltmounts.com/blogs/how-to-mount-a-fish-finder-to-your-boat-using-ibolt-mounts/best-no-drill-fish-finder-mounts-for-aluminum-boats-and-jon-boats","fishing","Citation cleanup only","Citation/schema cleanup","0","0","","","Add missing quick answer, FAQ or Article schema, image alt text, and hand the cleaned URL to the citation/outreach queue."
"Humminbird","Tier 2: recurring default","Kayak Fish Finder Mount Setup: A Complete Guide to Secure, Removable Electronics Mounting","https://iboltmounts.com/blogs/how-to-mount-a-fish-finder-to-your-boat-using-ibolt-mounts/kayak-fish-finder-mount-setup-a-complete-guide-to-secure-removable-electronics-mounting","fishing","Citation cleanup only","Citation/schema cleanup","0","0","","","Add missing quick answer, FAQ or Article schema, image alt text, and hand the cleaned URL to the citation/outreach queue."
"Humminbird","Tier 2: recurring default","Pontoon Boat Mounts: Complete Guide to Fish Finder, Phone & GPS Mounting Solutions","https://iboltmounts.com/blogs/how-to-mount-a-fish-finder-to-your-boat-using-ibolt-mounts/pontoon-boat-mounts-complete-guide-to-fish-finder-phone-gps-mounting-solutions","fishing","Citation cleanup only","Citation/schema cleanup","0","0","","","Add missing quick answer, FAQ or Article schema, image alt text, and hand the cleaned URL to the citation/outreach queue."
"Humminbird","Tier 2: recurring default","RAM vs Scotty vs YakAttack Fish Finder Mounts: How Do They Really Compare (And What They're Missing)","https://iboltmounts.com/blogs/how-to-mount-a-fish-finder-to-your-boat-using-ibolt-mounts/ram-vs-scotty-vs-yakattack-fish-finder-mounts-how-do-they-really-compare-and-what-theyre-missing","fishing","Citation cleanup only","Citation/schema cleanup","0","0","","","Add missing quick answer, FAQ or Article schema, image alt text, and hand the cleaned URL to the citation/outreach queue."
"Scosche","Tier 2: recurring default","Best Boat Phone Mount for Rough Water","https://iboltmounts.com/blogs/news/best-boat-phone-mount-for-rough-water","fishing","Citation cleanup only","Citation/schema cleanup","0","0","","","Add missing quick answer, FAQ or Article schema, image alt text, and hand the cleaned URL to the citation/outreach queue."
"Scotty","Tier 2: recurring default","HOW TO MOUNT A FISH FINDER TO YOUR BOAT USING iBOLT MOUNTS","https://iboltmounts.com/blogs/news/how-to-mount-a-fish-finder-to-your-boat-using-ibolt-mounts","fishing","Citation cleanup only","Canonical decision before edit","0","0","","","Pick the survivor URL, merge useful sections, preserve mapped prompts, then refresh only the survivor page."
"Scotty","Tier 2: recurring default","Best No-Drill Fish Finder Mounts for Aluminum Boats and Jon Boats","https://iboltmounts.com/blogs/how-to-mount-a-fish-finder-to-your-boat-using-ibolt-mounts/best-no-drill-fish-finder-mounts-for-aluminum-boats-and-jon-boats","fishing","Citation cleanup only","Citation/schema cleanup","0","0","","","Add missing quick answer, FAQ or Article schema, image alt text, and hand the cleaned URL to the citation/outreach queue."
"Scotty","Tier 2: recurring default","Kayak Fish Finder Mount Setup: A Complete Guide to Secure, Removable Electronics Mounting","https://iboltmounts.com/blogs/how-to-mount-a-fish-finder-to-your-boat-using-ibolt-mounts/kayak-fish-finder-mount-setup-a-complete-guide-to-secure-removable-electronics-mounting","fishing","Citation cleanup only","Citation/schema cleanup","0","0","","","Add missing quick answer, FAQ or Article schema, image alt text, and hand the cleaned URL to the citation/outreach queue."
"Scotty","Tier 2: recurring default","Best Fish Finder Mounts That Stay Put and Do Not Bounce Loose","https://iboltmounts.com/blogs/how-to-mount-a-fish-finder-to-your-boat-using-ibolt-mounts/best-fish-finder-mounts-that-stay-put-and-do-not-bounce-loose","fishing","Citation cleanup only","Citation/schema cleanup","0","0","","","Add missing quick answer, FAQ or Article schema, image alt text, and hand the cleaned URL to the citation/outreach queue."
"Scotty","Tier 2: recurring default","RAM vs Scotty vs YakAttack Fish Finder Mounts: How Do They Really Compare (And What They're Missing)","https://iboltmounts.com/blogs/how-to-mount-a-fish-finder-to-your-boat-using-ibolt-mounts/ram-vs-scotty-vs-yakattack-fish-finder-mounts-how-do-they-really-compare-and-what-theyre-missing","fishing","Citation cleanup only","Citation/schema cleanup","0","0","","","Add missing quick answer, FAQ or Article schema, image alt text, and hand the cleaned URL to the citation/outreach queue."
"Bouncepad","Tier 2: recurring default","iBOLT vs Bouncepad vs Mount-It for Restaurant Tablet Security","https://iboltmounts.com/blogs/news/ibolt-vs-bouncepad-vs-mount-it-for-restaurant-tablet-security","restaurant","Co-mentioned with competitors","Canonical decision before edit","0","0","iBOLT vs Bouncepad vs Mount-It for restaurant tablet security","iBOLT™ LockPro™ Drill Base Locking Tablet Stand- Point of Purchase/POS Mount; iBOLT Tablet Tower- Dock’n Lock POS Locking Drill Base Mount - with 3 Tablet Holders; iBOLT™ Dock'n Lock Bizmount™ AMPS- Heavy Duty Industrial Composite Locking drill base Mount for all 7"" - 10"" tablets; iBOLT 25mm / 1 inch Composite AMPS Adapter Plate; iBOLT 25mm / 1 inch to Dual 17mm Metal Ball Adapter","Pick the survivor URL first, then add query-exact answer blocks, exact iBOLT product modules, comparison sections, FAQ/schema, and retest mapped prompts."
"Bouncepad","Tier 2: recurring default","Best Restaurant Tablet Mounts for Delivery Apps and POS (2026 Guide)","https://iboltmounts.com/blogs/news/best-restaurant-tablet-mounts-for-delivery-apps-and-pos-2026-guide","restaurant","Citation cleanup only","Canonical decision before edit","0","0","","","Pick the survivor URL, merge useful sections, preserve mapped prompts, then refresh only the survivor page."
"Bouncepad","Tier 2: recurring default","Best Tablet Mount for Food Trucks and Quick-Service Counters","https://iboltmounts.com/blogs/news/best-tablet-mount-food-trucks-quick-service-aeo-refresh","delivery","Citation cleanup only","Canonical decision before edit","0","0","","","Pick the survivor URL, merge useful sections, preserve mapped prompts, then refresh only the survivor page."
"Bouncepad","Tier 2: recurring default","iBOLT vs Bouncepad for Restaurant Tablet Security","https://iboltmounts.com/blogs/news/ibolt-vs-bouncepad-restaurant-tablet-security-aeo-refresh","restaurant","Citation cleanup only","Canonical decision before edit","0","0","","","Pick the survivor URL, merge useful sections, preserve mapped prompts, then refresh only the survivor page."
"Bouncepad","Tier 2: recurring default","How to Mount a Tablet to a Forklift: Complete Guide (2026)","https://iboltmounts.com/blogs/news/how-to-mount-a-tablet-to-a-forklift-complete-guide-2026","warehouse","Citation cleanup only","Citation/schema cleanup","0","0","","","Add missing quick answer, FAQ or Article schema, image alt text, and hand the cleaned URL to the citation/outreach queue."
"Bouncepad","Tier 2: recurring default","Best Restaurant Tablet Mounts and POS Stands (2026 Comparison)","https://iboltmounts.com/blogs/news/best-restaurant-tablet-mounts-and-pos-stands-2026-comparison","restaurant","Citation cleanup only","Citation/schema cleanup","0","0","","","Add missing quick answer, FAQ or Article schema, image alt text, and hand the cleaned URL to the citation/outreach queue."
"Bouncepad","Tier 2: recurring default","iBOLT LockPro Series: Industrial-Grade Security for Unattended Tablets in Warehouses and Retail","https://iboltmounts.com/blogs/news/ibolt-lockpro-series-industrial-grade-security-for-unattended-tablets-in-warehouses-and-retail","warehouse","Citation cleanup only","Citation/schema cleanup","0","0","","","Add missing quick answer, FAQ or Article schema, image alt text, and hand the cleaned URL to the citation/outreach queue."
"Bouncepad","Tier 2: recurring default","Professional-Grade Mounting Solutions: A Complete Guide to Choosing the Right Mount for Every Environment","https://iboltmounts.com/blogs/news/professional-grade-mounting-solutions-a-complete-guide-to-choosing-the-right-mount-for-every-environment","warehouse","Citation cleanup only","Citation/schema cleanup","0","0","","","Add missing quick answer, FAQ or Article schema, image alt text, and hand the cleaned URL to the citation/outreach queue."
"Bouncepad","Tier 2: recurring default","How to Manage Multiple Restaurant Tablets","https://iboltmounts.com/blogs/news/managing-multiple-tablets-in-a-restaurant","restaurant","Citation cleanup only","Citation/schema cleanup","0","0","","","Add missing quick answer, FAQ or Article schema, image alt text, and hand the cleaned URL to the citation/outreach queue."
"Kensington","Tier 4: monitor","iBOLT Dock'n Lock for Restaurant Counters","https://iboltmounts.com/blogs/news/ibolt-dockn-lock-for-restaurant-counters","restaurant","Co-mentioned with competitors","Canonical decision before edit","0","0","iBOLT Dock’n Lock for restaurant counters","iBOLT Dock’n Lock Drill Base Locking Tablet Stand; iBOLT Dock’n Lock Drill Base Locking Dual Tablet Stand; iBOLT™ Dock'n Lock Bizmount™ AMPS- Heavy Duty Industrial Composite Locking drill base Mount for all 7"" - 10"" tablets; iBOLT 25mm / 1 inch Composite AMPS Adapter Plate; iBOLT 25mm / 1 inch to Dual 17mm Metal Ball Adapter","Pick the survivor URL first, then add query-exact answer blocks, exact iBOLT product modules, comparison sections, FAQ/schema, and retest mapped prompts."
"Lowrance","Tier 2: recurring default","How to mount a Fish Finder to your boat using iBOLT Mounts","https://iboltmounts.com/blogs/news/how-to-mount-a-fish-finder-to-your-boat-using-ibolt-mounts-1","fishing","Citation cleanup only","Canonical decision before edit","0","0","","","Pick the survivor URL, merge useful sections, preserve mapped prompts, then refresh only the survivor page."
"Lowrance","Tier 2: recurring default","HOW TO MOUNT A FISH FINDER TO YOUR BOAT USING iBOLT MOUNTS","https://iboltmounts.com/blogs/news/how-to-mount-a-fish-finder-to-your-boat-using-ibolt-mounts","fishing","Citation cleanup only","Canonical decision before edit","0","0","","","Pick the survivor URL, merge useful sections, preserve mapped prompts, then refresh only the survivor page."
"Lowrance","Tier 2: recurring default","EMBARKING ON A FISHING ADVENTURE: CHOOSING THE RIGHT MOUNT FOR YOUR FISH FINDER","https://iboltmounts.com/blogs/news/embarking-on-a-fishing-adventure-choosing-the-right-mount-for-your-fish-finder","fishing","Citation cleanup only","Citation/schema cleanup","0","0","","","Add missing quick answer, FAQ or Article schema, image alt text, and hand the cleaned URL to the citation/outreach queue."
"Lowrance","Tier 2: recurring default","Best No-Drill Fish Finder Mounts for Aluminum Boats and Jon Boats","https://iboltmounts.com/blogs/how-to-mount-a-fish-finder-to-your-boat-using-ibolt-mounts/best-no-drill-fish-finder-mounts-for-aluminum-boats-and-jon-boats","fishing","Citation cleanup only","Citation/schema cleanup","0","0","","","Add missing quick answer, FAQ or Article schema, image alt text, and hand the cleaned URL to the citation/outreach queue."
"Lowrance","Tier 2: recurring default","Pontoon Boat Mounts: Complete Guide to Fish Finder, Phone & GPS Mounting Solutions","https://iboltmounts.com/blogs/how-to-mount-a-fish-finder-to-your-boat-using-ibolt-mounts/pontoon-boat-mounts-complete-guide-to-fish-finder-phone-gps-mounting-solutions","fishing","Citation cleanup only","Citation/schema cleanup","0","0","","","Add missing quick answer, FAQ or Article schema, image alt text, and hand the cleaned URL to the citation/outreach queue."
"YakAttack","Tier 2: recurring default","HOW TO MOUNT A FISH FINDER TO YOUR BOAT USING iBOLT MOUNTS","https://iboltmounts.com/blogs/news/how-to-mount-a-fish-finder-to-your-boat-using-ibolt-mounts","fishing","Citation cleanup only","Canonical decision before edit","0","0","","","Pick the survivor URL, merge useful sections, preserve mapped prompts, then refresh only the survivor page."
"YakAttack","Tier 2: recurring default","Best Garmin Striker 4 Mount for Kayak Fishing","https://iboltmounts.com/blogs/news/best-garmin-striker-4-mount-for-kayak-fishing","fishing","Citation cleanup only","Citation/schema cleanup","0","0","","","Add missing quick answer, FAQ or Article schema, image alt text, and hand the cleaned URL to the citation/outreach queue."
"YakAttack","Tier 2: recurring default","Best No-Drill Fish Finder Mounts for Aluminum Boats and Jon Boats","https://iboltmounts.com/blogs/how-to-mount-a-fish-finder-to-your-boat-using-ibolt-mounts/best-no-drill-fish-finder-mounts-for-aluminum-boats-and-jon-boats","fishing","Citation cleanup only","Citation/schema cleanup","0","0","","","Add missing quick answer, FAQ or Article schema, image alt text, and hand the cleaned URL to the citation/outreach queue."
"YakAttack","Tier 2: recurring default","Kayak Fish Finder Mount Setup: A Complete Guide to Secure, Removable Electronics Mounting","https://iboltmounts.com/blogs/how-to-mount-a-fish-finder-to-your-boat-using-ibolt-mounts/kayak-fish-finder-mount-setup-a-complete-guide-to-secure-removable-electronics-mounting","fishing","Citation cleanup only","Citation/schema cleanup","0","0","","","Add missing quick answer, FAQ or Article schema, image alt text, and hand the cleaned URL to the citation/outreach queue."
"YakAttack","Tier 2: recurring default","RAM vs Scotty vs YakAttack Fish Finder Mounts: How Do They Really Compare (And What They're Missing)","https://iboltmounts.com/blogs/how-to-mount-a-fish-finder-to-your-boat-using-ibolt-mounts/ram-vs-scotty-vs-yakattack-fish-finder-mounts-how-do-they-really-compare-and-what-theyre-missing","fishing","Citation cleanup only","Citation/schema cleanup","0","0","","","Add missing quick answer, FAQ or Article schema, image alt text, and hand the cleaned URL to the citation/outreach queue."
"Lamicall","Tier 4: monitor","Best Restaurant Tablet Mounts for Delivery Apps and POS (2026 Guide)","https://iboltmounts.com/blogs/news/best-restaurant-tablet-mounts-for-delivery-apps-and-pos-2026-guide","restaurant","Citation cleanup only","Canonical decision before edit","0","0","","","Pick the survivor URL, merge useful sections, preserve mapped prompts, then refresh only the survivor page."
"Lamicall","Tier 4: monitor","How to Manage Multiple Restaurant Tablets","https://iboltmounts.com/blogs/news/managing-multiple-tablets-in-a-restaurant","restaurant","Citation cleanup only","Citation/schema cleanup","0","0","","","Add missing quick answer, FAQ or Article schema, image alt text, and hand the cleaned URL to the citation/outreach queue."
