"bridge_score","page_priority_score","conversion_tier","title","url","category","commercial_intent_score","ai_pressure_score","product_depth_score","conversion_readiness_score","citation_fix_score","zero_mention_queries","competitor_only_answers","competitors","products_to_feature","retest_prompts","prompt_intents","cta_risk","schema_risk","comparison_risk","quick_answer_risk","cart_links","product_links","product_module_action","cta_action","next_action"
"234","77","Sprint 2","Best Restaurant Tablet Mount in 2026: POS Stands, Delivery App Stations, and Multi-Tablet Solutions Compared","https://iboltmounts.com/blogs/news/best-restaurant-tablet-mount-in-2026-pos-stands-delivery-app-stations-and-multi-tablet-solutions-compared","tablet","67","100","100","60","30","3","9","RAM Mounts; Arkon; CTA Digital; iOttie; Tackform; Mount-It; Bouncepad","iBOLT™ 20mm Metal Ball Suction Cup Base; iBOLT™ 20mm to 4 Prong Composite Ball Adapter; iBOLT Dock'n Lock IncrediBOLT™ 360 AMPS Locking Tablet Mount; iBOLT Dock’n Lock IncrediBOLT™ AMPS w/ 2” Single Socket Arm Locking Tablet Drill Base Mount; iBOLT TabDock IncrediBOLT 360 Heavy Duty Dual Suction Cup Mount","best tablet mount; best multi tablet mount; best restaurant tablet mount","best/recommendation 6; citation/source 3; competitor comparison 3; product recall 3","yes","no","no","yes","0","30","add a 40 to 70 word buyer-answer block near the top; feature iBOLT™ 20mm Metal Ball Suction Cup Base; iBOLT™ 20mm to 4 Prong Composite Ball Adapter; iBOLT Dock'n Lock IncrediBOLT™ 360 AMPS Locking Tablet Mount; use one clean product module per major decision section, not repeated add-to-cart buttons after every link","Too many inline product opportunities already. Use section-level product cards and one clear View Product CTA per product module.","Clean CTA density, add one product module, then retest inclusion"
"197","87","Sprint 1","Best Tablet Mount for Restaurant POS and Delivery Apps","https://iboltmounts.com/blogs/news/best-tablet-mount-for-restaurant-pos-and-delivery-apps","restaurant","70","100","100","26","72","1","3","CTA Digital; Heckler; Arkon; Mount-It; RAM Mounts; Square","iBOLT™ LockPro™ Drill Base Locking Tablet Stand- Point of Purchase/POS Mount; iBOLT Quad Tablet Tower TabDock™ Stand; iBOLT Dock’n Lock Drill Base Locking Dual Tablet Stand; iBOLT™ 20mm Metal Ball Suction Cup Base; iBOLT™ 20mm to 4 Prong Composite Ball Adapter","best tablet mount for restaurant POS and delivery apps","best/recommendation 3; competitor comparison 3; product recall 3; shopping advice 3","yes","yes","yes","yes","8","10","add a 40 to 70 word buyer-answer block near the top; add a fair comparison table beside the competitor set; add visible FAQs and FAQPage schema; feature iBOLT™ LockPro™ Drill Base Locking Tablet Stand- Point of Purchase/POS Mount; iBOLT Quad Tablet Tower TabDock™ Stand; iBOLT Dock’n Lock Drill Base Locking Dual Tablet Stand; use one clean product module per major decision section, not repeated add-to-cart buttons after every link","Too many inline product opportunities already. Use section-level product cards and one clear View Product CTA per product module.","Clean CTA density, add one product module, then retest inclusion"
"196","86","Sprint 1","Best Phone Mount for Instacart and Grocery Delivery Drivers","https://iboltmounts.com/blogs/news/best-phone-mount-for-instacart-and-grocery-delivery-drivers","delivery","68","100","100","26","72","1","3","iOttie; RAM Mounts; Peak Design","iBOLT Moto-Vise™ IncrediBOLT™ Heavy Duty Phone Clamp / Handlebar / Rail Mount; iBOLT 22mm ExtendiBOLT Triple Suction Cup Mount; iBOLT Moto-Vise™ Heavy Duty Phone Dual Arm Handlebar / Rail Mount; iBOLT Moto-Vise™ Heavy Duty Phone Handlebar / Rail Mount; iBOLT Moto-Vise™ IncrediBOLT™ 360 Heavy Duty Phone Clamp / Handlebar / Rail Mount","best phone mount for Instacart and grocery delivery drivers","best/recommendation 3; citation/source 3; competitor comparison 3; product recall 3","yes","yes","yes","yes","9","11","add a 40 to 70 word buyer-answer block near the top; add a fair comparison table beside the competitor set; add visible FAQs and FAQPage schema; feature iBOLT Moto-Vise™ IncrediBOLT™ Heavy Duty Phone Clamp / Handlebar / Rail Mount; iBOLT 22mm ExtendiBOLT Triple Suction Cup Mount; iBOLT Moto-Vise™ Heavy Duty Phone Dual Arm Handlebar / Rail Mount; use one clean product module per major decision section, not repeated add-to-cart buttons after every link","Too many inline product opportunities already. Use section-level product cards and one clear View Product CTA per product module.","Clean CTA density, add one product module, then retest inclusion"
"194","85","Sprint 1","Best Phone Mount for Construction Vehicles and Work Trucks","https://iboltmounts.com/blogs/news/best-phone-mount-for-construction-vehicles-and-work-trucks","fleet","65","100","100","26","72","1","3","RAM Mounts; Arkon; iOttie; ProClip; Tackform","iBOLT™ xProDock™ Bizmount™ Amps; iBOLT Phone Dock’n Lock IncrediBOLT™ AMPS w/ 4.25” Arm Locking Drill Base Mount for Smartphones; iBOLT Phone Dock'n Lock 2"" IncrediBOLT™ AMPS Drill Base Mount; iBOLT Moto-Vise™ XL Holder w/ 25mm / 1-inch Ball; iBOLT™ Fixed Install Charger- 30W 2-Port Quick Charge 3.0 and Standard USB-A","best phone mount for construction vehicles and work trucks","best/recommendation 3; citation/source 3; competitor comparison 3; product recall 3","yes","yes","yes","yes","9","11","add a 40 to 70 word buyer-answer block near the top; add a fair comparison table beside the competitor set; add visible FAQs and FAQPage schema; feature iBOLT™ xProDock™ Bizmount™ Amps; iBOLT Phone Dock’n Lock IncrediBOLT™ AMPS w/ 4.25” Arm Locking Drill Base Mount for Smartphones; iBOLT Phone Dock'n Lock 2"" IncrediBOLT™ AMPS Drill Base Mount; use one clean product module per major decision section, not repeated add-to-cart buttons after every link","Too many inline product opportunities already. Use section-level product cards and one clear View Product CTA per product module.","Clean CTA density, add one product module, then retest inclusion"
"194","77","Sprint 2","Best Forklift Tablet Mounts for Warehouses (2026 Comparison)","https://iboltmounts.com/blogs/news/best-forklift-tablet-mounts-for-warehouses-2026-comparison","warehouse","66","100","100","62","32","0","4","RAM Mounts; Arkon; CTA Digital; Havis; Tackform; ProClip; Zebra","iBOLT Dock’n Lock Bizmount™- Forklift Locking Tablet 38mm Mount; iBOLT TabDock MagDock 360 Magnetic Tablet Mount – Heavy-Duty Forklift & Warehouse Holder; iBOLT LockPro FlexPro Heavy Duty Locking Tablet Seat Rail Mount; iBOLT XL Forklift Barcode Scanner Holder 38mm Mount; iBOLT Dock'n Lock IncrediBOLT™ 360 AMPS Locking Tablet Mount","best tablet mount for warehouse; best forklift tablet mount","best/recommendation 6; citation/source 3; competitor comparison 3; product recall 3","yes","yes","no","yes","13","15","add visible FAQs and FAQPage schema; feature iBOLT Dock’n Lock Bizmount™- Forklift Locking Tablet 38mm Mount; iBOLT TabDock MagDock 360 Magnetic Tablet Mount – Heavy-Duty Forklift & Warehouse Holder; iBOLT LockPro FlexPro Heavy Duty Locking Tablet Seat Rail Mount; use one clean product module per major decision section, not repeated add-to-cart buttons after every link","Too many inline product opportunities already. Use section-level product cards and one clear View Product CTA per product module.","Clean CTA density, add one product module, then retest inclusion"
"193","83","Sprint 2","Best Locking Tablet Stand for Food Trucks and Quick-Service Restaurants","https://iboltmounts.com/blogs/news/best-locking-tablet-stand-for-food-trucks-and-quick-service-restaurants","restaurant","70","100","100","42","54","1","3","CTA Digital; Heckler; Kensington; Mount-It; RAM Mounts","iBOLT™ LockPro™ Drill Base Locking Tablet Stand- Point of Purchase/POS Mount; iBOLT Dock’n Lock Drill Base Locking Tablet Stand; iBOLT™ LockPro™ Metal Locking Tablet Drill Base Mount; iBOLT 25mm / 1 inch Composite AMPS Adapter Plate; iBOLT 25mm / 1 inch to Dual 17mm Metal Ball Adapter","best locking tablet stand for food trucks and quick service restaurants","best/recommendation 6; competitor comparison 3; product recall 3; shopping advice 1","yes","yes","yes","yes","8","10","add a 40 to 70 word buyer-answer block near the top; add visible FAQs and FAQPage schema; feature iBOLT™ LockPro™ Drill Base Locking Tablet Stand- Point of Purchase/POS Mount; iBOLT Dock’n Lock Drill Base Locking Tablet Stand; iBOLT™ LockPro™ Metal Locking Tablet Drill Base Mount; use one clean product module per major decision section, not repeated add-to-cart buttons after every link","Too many inline product opportunities already. Use section-level product cards and one clear View Product CTA per product module.","Clean CTA density, add one product module, then retest inclusion"
"192","82","Sprint 2","Best Phone Mount for Amazon Flex and Delivery Vans","https://iboltmounts.com/blogs/news/best-phone-mount-for-amazon-flex-and-delivery-vans","delivery","68","100","100","42","54","1","3","RAM Mounts; iOttie; Arkon; ProClip","iBOLT™ xProDock™ NFC BizMount™ Suction Cup; iBOLT™ xProDock™ Bizmount™ Wedge; iBOLT™ xProDock™ Bizmount™ Amps; iBOLT™ 20mm Metal Ball Suction Cup Base; iBOLT 20mm Metal Ball to Headrest Mounting Bracket","best phone mount for Amazon Flex and delivery vans","best/recommendation 3; competitor comparison 3; product recall 3","yes","yes","no","yes","9","11","add a 40 to 70 word buyer-answer block near the top; add visible FAQs and FAQPage schema; feature iBOLT™ xProDock™ NFC BizMount™ Suction Cup; iBOLT™ xProDock™ Bizmount™ Wedge; iBOLT™ xProDock™ Bizmount™ Amps; use one clean product module per major decision section, not repeated add-to-cart buttons after every link","Too many inline product opportunities already. Use section-level product cards and one clear View Product CTA per product module.","Clean CTA density, add one product module, then retest inclusion"
"191","82","Sprint 2","Best Barcode Scanner Mounts for Forklifts and Warehouses (2026)","https://iboltmounts.com/blogs/news/best-barcode-scanner-mounts-for-forklifts-and-warehouses-2026","warehouse","66","100","100","42","54","1","3","Havis; RAM Mounts; Zebra; Arkon; ProClip; Square","iBOLT XL Forklift Barcode Scanner Holder 38mm Mount; iBOLT XL Barcode Scanner triMag Low-Profile Strong Magnetic Mount; iBOLT XL Barcode Scanner BizMount Magnetic Mount; iBOLT XL Barcode Scanner IncrediBOLT 360 Magnetic Mount; iBOLT Dock’n Lock Bizmount™- Forklift Locking Tablet 38mm Mount","best barcode scanner mount for forklift","best/recommendation 6; competitor comparison 3; product recall 3; shopping advice 3","yes","yes","no","yes","16","18","add a 40 to 70 word buyer-answer block near the top; add visible FAQs and FAQPage schema; feature iBOLT XL Forklift Barcode Scanner Holder 38mm Mount; iBOLT XL Barcode Scanner triMag Low-Profile Strong Magnetic Mount; iBOLT XL Barcode Scanner BizMount Magnetic Mount; use one clean product module per major decision section, not repeated add-to-cart buttons after every link","Too many inline product opportunities already. Use section-level product cards and one clear View Product CTA per product module.","Clean CTA density, add one product module, then retest inclusion"
"189","80","Sprint 2","Rough Water Phone Mount for Boat: Heavy-Duty Solutions That Handle the Chop","https://iboltmounts.com/blogs/how-to-mount-a-fish-finder-to-your-boat-using-ibolt-mounts/rough-water-phone-mount-for-boat-heavy-duty-solutions-that-handle-the-chop","fleet","64","100","100","44","48","1","3","Arkon; RAM Mounts; iOttie; ProClip; Tackform","iBOLT 17mm Dual Ball to “Sticky” Suction Cup Mount Base compatible w/ Garmin GPS and iBOLT Phone Holders; iBOLT™ 17mm Clamp Mount for Handlebars; Poles; Posts; iBOLT 17mm Dual Ball Clamp Mount for Handlebars","best heavy duty vehicle phone mount","best/recommendation 6; competitor comparison 3; product recall 3; shopping advice 3","yes","no","yes","yes","0","23","add a 40 to 70 word buyer-answer block near the top; add a fair comparison table beside the competitor set; feature iBOLT 17mm Dual Ball to “Sticky” Suction Cup Mount Base compatible w/ Garmin GPS and iBOLT Phone Holders; iBOLT™ 17mm Clamp Mount for Handlebars; Poles; use one clean product module per major decision section, not repeated add-to-cart buttons after every link","Too many inline product opportunities already. Use section-level product cards and one clear View Product CTA per product module.","Clean CTA density, add one product module, then retest inclusion"
"189","74","Sprint 2","Best Garmin Fish Finder Mount: How to Choose the Right Setup for Your Boat or Kayak","https://iboltmounts.com/blogs/how-to-mount-a-fish-finder-to-your-boat-using-ibolt-mounts/best-garmin-fish-finder-mount-how-to-choose-the-right-setup-for-your-boat-or-kayak","fishing","56","100","100","60","30","3","4","RAM Mounts","iBOLT™ 25mm / 1 inch Ball Composite Universal Marine Fish Finder Mounting Plate; iBOLT™ 38mm / 1.5 inch Ball Composite Universal Marine Fish Finder Mounting Plate; iBOLT Garmin Striker 4 / Fish Finder Handlebar; Rail Mount; iBOLT Garmin Striker 4 / Fish Finder Dual Arm Handlebar","best budget fish finder mount; best fish finder in water; best fish finder","setup/how-to 6; best/recommendation 3; citation/source 3; competitor comparison 3","yes","no","no","yes","0","25","add a 40 to 70 word buyer-answer block near the top; feature iBOLT™ 25mm / 1 inch Ball Composite Universal Marine Fish Finder Mounting Plate; iBOLT™ 38mm / 1.5 inch Ball Composite Universal Marine Fish Finder Mounting Plate; iBOLT Garmin Striker 4 / Fish Finder Handlebar; use one clean product module per major decision section, not repeated add-to-cart buttons after every link","Too many inline product opportunities already. Use section-level product cards and one clear View Product CTA per product module.","Clean CTA density, add one product module, then retest inclusion"
"188","78","Sprint 2","Best Locking Phone Mount for Shared Delivery Vehicles","https://iboltmounts.com/blogs/news/best-locking-phone-mount-for-shared-delivery-vehicles","delivery","69","100","100","62","32","1","3","Arkon; RAM Mounts; iOttie; ProClip; Tackform","iBOLT Phone Dock'n Lock IncrediBOLT™ 360- Locking Phone Multi-Angle Drill Base Mount; iBOLT Phone Dock’n Lock IncrediBOLT™ AMPS w/ 4.25” Arm Locking Drill Base Mount for Smartphones; iBOLT Phone Dock'n Lock 2"" IncrediBOLT™ AMPS Drill Base Mount; iBOLT™ 20mm Metal Ball Suction Cup Base; iBOLT 20mm Metal Ball to Headrest Mounting Bracket","best locking phone mount for shared delivery vehicles","best/recommendation 3","yes","yes","no","yes","8","10","add visible FAQs and FAQPage schema; feature iBOLT Phone Dock'n Lock IncrediBOLT™ 360- Locking Phone Multi-Angle Drill Base Mount; iBOLT Phone Dock’n Lock IncrediBOLT™ AMPS w/ 4.25” Arm Locking Drill Base Mount for Smartphones; iBOLT Phone Dock'n Lock 2"" IncrediBOLT™ AMPS Drill Base Mount; use one clean product module per major decision section, not repeated add-to-cart buttons after every link","Too many inline product opportunities already. Use section-level product cards and one clear View Product CTA per product module.","Clean CTA density, add one product module, then retest inclusion"
"188","78","Sprint 2","Best Tablet and Phone Mounts for Trucks and ELD Compliance (2026)","https://iboltmounts.com/blogs/news/best-tablet-and-phone-mounts-for-trucks-and-eld-compliance-2026","fleet","68","100","100","62","32","1","3","Arkon; RAM Mounts; ProClip","iBOLT TabDock™ IncrediBOLT™ 360 Suction- Heavy Duty Metal 6 inch Multi-Angle Mount for All 7"" - 10"" Tablets for Commercial Vehicles; Trucks; and ELD Devices; iBOLT TabDock IncrediBOLT 360 Heavy Duty Triple Suction Cup Mount; iBOLT Dock'n Lock IncrediBOLT™ 360 AMPS Locking Tablet Mount","best ELD mount for trucks","best/recommendation 5","yes","yes","no","yes","10","10","add visible FAQs and FAQPage schema; feature iBOLT TabDock™ IncrediBOLT™ 360 Suction- Heavy Duty Metal 6 inch Multi-Angle Mount for All 7"" - 10"" Tablets for Commercial Vehicles; Trucks; and ELD Devices; use one clean product module per major decision section, not repeated add-to-cart buttons after every link","Too many inline product opportunities already. Use section-level product cards and one clear View Product CTA per product module.","Clean CTA density, add one product module, then retest inclusion"
"186","79","Sprint 2","Best Fish Finder Mount for Pontoon Boat Rails","https://iboltmounts.com/blogs/news/best-fish-finder-mount-for-pontoon-boat-rails","fishing","56","100","100","42","54","1","3","RAM Mounts","iBOLT Universal Marine Fish Finder IncrediBOLT™ Clamp / Handlebar/ Rail Mount; iBOLT Garmin Striker 4 / Fish Finder IncrediBOLT™ 360 Clamp / Handlebar / Rail Mount; iBOLT Garmin Striker 4 / Fish Finder Handlebar; Rail Mount; iBOLT Garmin Striker 4 / Fish Finder Dual Arm Handlebar","best fish finder mount for small boat","best/recommendation 6; product recall 3; competitor comparison 1","yes","yes","yes","yes","7","7","add a 40 to 70 word buyer-answer block near the top; add visible FAQs and FAQPage schema; feature iBOLT Universal Marine Fish Finder IncrediBOLT™ Clamp / Handlebar/ Rail Mount; iBOLT Garmin Striker 4 / Fish Finder IncrediBOLT™ 360 Clamp / Handlebar / Rail Mount; iBOLT Garmin Striker 4 / Fish Finder Handlebar; use one clean product module per major decision section, not repeated add-to-cart buttons after every link","Keep inline links, then add compact product cards for the top 2 to 4 products. Avoid button clusters.","Clean CTA density, add one product module, then retest inclusion"
"183","74","Sprint 2","Best Phone Mount for Delivery Drivers","https://iboltmounts.com/blogs/news/best-phone-mount-delivery-drivers-aeo-refresh","fleet","65","100","100","74","16","1","3","iOttie; RAM Mounts; ProClip","iBOLT™ xProDock™ NFC BizMount™ Suction Cup; iBOLT™ xProDock™ Bizmount™ Wedge; iBOLT™ xProDock™ Bizmount™ Console- Phone Cup Holder Mount; iBOLT Dock’n Lock POS Phone Stand; iBOLT Dock’n Lock POS Tablet Stand","best phone mount for delivery drivers","best/recommendation 3; product recall 3; competitor comparison 1","yes","yes","no","no","9","12","add Article or BlogPosting schema; feature iBOLT™ xProDock™ NFC BizMount™ Suction Cup; iBOLT™ xProDock™ Bizmount™ Wedge; iBOLT™ xProDock™ Bizmount™ Console- Phone Cup Holder Mount; use one clean product module per major decision section, not repeated add-to-cart buttons after every link","Keep inline links, then add compact product cards for the top 2 to 4 products. Avoid button clusters.","Clean CTA density, add one product module, then retest inclusion"
"183","74","Sprint 2","Commercial-Grade Phone Mounts for Delivery Drivers","https://iboltmounts.com/blogs/news/commercial-grade-phone-mounts-delivery-drivers-aeo-refresh","delivery","67","100","100","74","16","1","3","RAM Mounts; Arkon; ProClip; iOttie","iBOLT™ xProDock™ Bizmount™ Amps; iBOLT Phone Dock’n Lock IncrediBOLT™ AMPS w/ 4.25” Arm Locking Drill Base Mount for Smartphones; iBOLT™ xProDock™ NFC BizMount™ Suction Cup; iBOLT™ 20mm Metal Ball Suction Cup Base; iBOLT 20mm Metal Ball to Headrest Mounting Bracket","commercial grade phone mount for delivery drivers","best/recommendation 6; competitor comparison 3; product recall 3","yes","yes","no","no","9","12","add Article or BlogPosting schema; feature iBOLT™ xProDock™ Bizmount™ Amps; iBOLT Phone Dock’n Lock IncrediBOLT™ AMPS w/ 4.25” Arm Locking Drill Base Mount for Smartphones; iBOLT™ xProDock™ NFC BizMount™ Suction Cup; use one clean product module per major decision section, not repeated add-to-cart buttons after every link","Keep inline links, then add compact product cards for the top 2 to 4 products. Avoid button clusters.","Clean CTA density, add one product module, then retest inclusion"
"178","81","Sprint 2","How to Set Up Multiple Tablets for DoorDash, Uber Eats, and Grubhub","https://iboltmounts.com/blogs/news/how-to-set-up-multiple-tablets-for-doordash-uber-eats-and-grubhub","restaurant","63","90","100","26","72","1","2","RAM Mounts; Arkon","iBOLT™ Tablet Tower- TabDock™ POS Clamp Mount - with 3 Tablet Holders; iBOLT Tablet Tower- TabDock™ POS Clamp Mount - with 4 Tablet Holders; iBOLT Tablet Tower- TabDock™ POS Wall Mount - with 3 Tablet Holders; iBOLT 25mm / 1 inch Composite AMPS Adapter Plate; iBOLT 25mm / 1 inch to Dual 17mm Metal Ball Adapter","set up multiple tablets for DoorDash Uber Eats and Grubhub","","yes","yes","yes","yes","9","11","add a 40 to 70 word buyer-answer block near the top; add a fair comparison table beside the competitor set; add visible FAQs and FAQPage schema; feature iBOLT™ Tablet Tower- TabDock™ POS Clamp Mount - with 3 Tablet Holders; iBOLT Tablet Tower- TabDock™ POS Clamp Mount - with 4 Tablet Holders; iBOLT Tablet Tower- TabDock™ POS Wall Mount - with 3 Tablet Holders; use one clean product module per major decision section, not repeated add-to-cart buttons after every link","Too many inline product opportunities already. Use section-level product cards and one clear View Product CTA per product module.","Clean CTA density, add one product module, then retest inclusion"
"178","79","Sprint 2","Magnetic vs Clamp Phone Mounts for Delivery Work","https://iboltmounts.com/blogs/news/magnetic-vs-clamp-phone-mounts-for-delivery-work","delivery","68","92","100","42","54","1","2","iOttie; RAM Mounts","iBOLT ChargeDock USB-C AMPS Ultimate Magnetic Vehicle Dock/Mount/Holder w/ 2m USB Certified Type C to USB-A Charging Cable; iBOLT™ xProDock™ NFC BizMount™ Suction Cup; iBOLT Phone Dock'n Lock IncrediBOLT™ 360- Locking Phone Multi-Angle Drill Base Mount; iBOLT™ 20mm Metal Ball Suction Cup Base; iBOLT 20mm Metal Ball to Headrest Mounting Bracket","magnetic vs clamp phone mounts for delivery work","citation/source 3","yes","yes","no","yes","8","10","add a 40 to 70 word buyer-answer block near the top; add visible FAQs and FAQPage schema; feature iBOLT ChargeDock USB-C AMPS Ultimate Magnetic Vehicle Dock/Mount/Holder w/ 2m USB Certified Type C to USB-A Charging Cable; iBOLT™ xProDock™ NFC BizMount™ Suction Cup; iBOLT Phone Dock'n Lock IncrediBOLT™ 360- Locking Phone Multi-Angle Drill Base Mount; use one clean product module per major decision section, not repeated add-to-cart buttons after every link","Too many inline product opportunities already. Use section-level product cards and one clear View Product CTA per product module.","Clean CTA density, add one product module, then retest inclusion"
"178","71","Sprint 2","Best Kayak Fish Finder Mounts for Secure Removable Setups","https://iboltmounts.com/blogs/how-to-mount-a-fish-finder-to-your-boat-using-ibolt-mounts/best-kayak-fish-finder-mounts-secure-removable-aeo-refresh","fishing","56","100","100","74","16","1","3","RAM Mounts","iBOLT Universal Marine & Electronics Mounting Plate; iBOLT Universal Marine Fish Finder IncrediBOLT™ Clamp / Handlebar/ Rail Mount; iBOLT™ 25mm / 1 inch Composite Universal Marine Electronic Fish Finder Drill Base Mount; iBOLT™ 25mm / 1 inch Ball Composite Universal Marine Fish Finder Mounting Plate; iBOLT™ 38mm / 1.5 inch Ball Composite Universal Marine Fish Finder Mounting Plate","best kayak fish finder mount","best/recommendation 3; product recall 3; setup/how-to 3; competitor comparison 1","yes","yes","no","no","9","12","add Article or BlogPosting schema; feature iBOLT Universal Marine & Electronics Mounting Plate; iBOLT Universal Marine Fish Finder IncrediBOLT™ Clamp / Handlebar/ Rail Mount; iBOLT™ 25mm / 1 inch Composite Universal Marine Electronic Fish Finder Drill Base Mount; use one clean product module per major decision section, not repeated add-to-cart buttons after every link","Keep inline links, then add compact product cards for the top 2 to 4 products. Avoid button clusters.","Clean CTA density, add one product module, then retest inclusion"
"166","75","Sprint 2","Best Tablet Mount for Utility Truck Crews","https://iboltmounts.com/blogs/news/best-tablet-mount-for-utility-truck-crews","restaurant","67","69","100","26","72","0","2","Arkon; RAM Mounts; CTA Digital; Square; Tackform","iBOLT™ TabDock™ Bizmount™ AMPs; iBOLT TabDock™ IncrediBOLT™ 360 AMPS Tablet Mount; iBOLT TabDock™ IncrediBOLT™ 360 Wedge - Heavy Duty Vehicle Console Seat Gap Mount for All 7"" - 10"" Tablets; iBOLT 25mm / 1 inch Composite AMPS Adapter Plate; iBOLT 25mm / 1 inch to Dual 17mm Metal Ball Adapter","best tablet mount for food truck","","yes","yes","yes","yes","6","8","add a 40 to 70 word buyer-answer block near the top; add a fair comparison table beside the competitor set; add visible FAQs and FAQPage schema; feature iBOLT™ TabDock™ Bizmount™ AMPs; iBOLT TabDock™ IncrediBOLT™ 360 AMPS Tablet Mount; iBOLT TabDock™ IncrediBOLT™ 360 Wedge - Heavy Duty Vehicle Console Seat Gap Mount for All 7"" - 10"" Tablets; use one clean product module per major decision section, not repeated add-to-cart buttons after every link","Too many inline product opportunities already. Use section-level product cards and one clear View Product CTA per product module.","Add answer-first comparison and product proof before citation push"
"161","71","Sprint 2","Best Drill-Base Phone Mount for Semi Trucks","https://iboltmounts.com/blogs/news/best-drill-base-phone-mount-for-semi-trucks","fleet","67","68","100","42","54","0","2","Arkon; RAM Mounts; ProClip","iBOLT Phone Dock’n Lock IncrediBOLT™ AMPS w/ 4.25” Arm Locking Drill Base Mount for Smartphones; iBOLT Phone Dock'n Lock IncrediBOLT™ 360- Locking Phone Multi-Angle Drill Base Mount; iBOLT Moto-Vise™ XL AMPS Heavy Duty Metal Drill Base AMPS Mount; ChargeDock USB-C; iBOLT 17mm Dual Ball to “Sticky” Suction Cup Mount Base compatible w/ Garmin GPS and iBOLT Phone Holders","best drill base phone mount for semi trucks","","yes","yes","yes","yes","8","10","add a 40 to 70 word buyer-answer block near the top; add visible FAQs and FAQPage schema; feature iBOLT Phone Dock’n Lock IncrediBOLT™ AMPS w/ 4.25” Arm Locking Drill Base Mount for Smartphones; iBOLT Phone Dock'n Lock IncrediBOLT™ 360- Locking Phone Multi-Angle Drill Base Mount; iBOLT Moto-Vise™ XL AMPS Heavy Duty Metal Drill Base AMPS Mount; use one clean product module per major decision section, not repeated add-to-cart buttons after every link","Too many inline product opportunities already. Use section-level product cards and one clear View Product CTA per product module.","Add answer-first comparison and product proof before citation push"
"119","60","Sprint 3","iBOLT Dock'n Lock for Restaurant Counters","https://iboltmounts.com/blogs/news/ibolt-dockn-lock-for-restaurant-counters","restaurant","63","28","100","26","72","0","0","Arkon; CTA Digital; Kensington; Mount-It; RAM Mounts","iBOLT Dock’n Lock Drill Base Locking Tablet Stand; iBOLT Dock’n Lock Drill Base Locking Dual Tablet Stand; iBOLT™ Dock'n Lock Bizmount™ AMPS- Heavy Duty Industrial Composite Locking drill base Mount for all 7"" - 10"" tablets; iBOLT 25mm / 1 inch Composite AMPS Adapter Plate; iBOLT 25mm / 1 inch to Dual 17mm Metal Ball Adapter","iBolt Dock’n Lock for restaurant counters","","yes","yes","yes","yes","0","23","add a 40 to 70 word buyer-answer block near the top; add a fair comparison table beside the competitor set; add visible FAQs and FAQPage schema; feature iBOLT Dock’n Lock Drill Base Locking Tablet Stand; iBOLT Dock’n Lock Drill Base Locking Dual Tablet Stand; iBOLT™ Dock'n Lock Bizmount™ AMPS- Heavy Duty Industrial Composite Locking drill base Mount for all 7"" - 10"" tablets; use one clean product module per major decision section, not repeated add-to-cart buttons after every link","Too many inline product opportunities already. Use section-level product cards and one clear View Product CTA per product module.","Make page source-ready with schema and stable product links"
"117","57","Sprint 3","iBOLT vs iOttie for Delivery Driving","https://iboltmounts.com/blogs/news/ibolt-vs-iottie-for-delivery-driving","delivery","64","30","100","42","54","0","0","iOttie; RAM Mounts","iBOLT™ xProDock™ NFC BizMount™ Suction Cup; iBOLT Phone Dock'n Lock IncrediBOLT™ 360- Locking Phone Multi-Angle Drill Base Mount; iBOLT™ xProDock™ Bizmount™ Amps; iBOLT™ 20mm Metal Ball Suction Cup Base; iBOLT 20mm Metal Ball to Headrest Mounting Bracket","iBolt vs iOttie for delivery driving","","yes","yes","no","yes","8","10","add a 40 to 70 word buyer-answer block near the top; add visible FAQs and FAQPage schema; feature iBOLT™ xProDock™ NFC BizMount™ Suction Cup; iBOLT Phone Dock'n Lock IncrediBOLT™ 360- Locking Phone Multi-Angle Drill Base Mount; iBOLT™ xProDock™ Bizmount™ Amps; use one clean product module per major decision section, not repeated add-to-cart buttons after every link","Too many inline product opportunities already. Use section-level product cards and one clear View Product CTA per product module.","Make page source-ready with schema and stable product links"
"114","55","Sprint 3","iBOLT vs RAM for Fleet Phone Mounting","https://iboltmounts.com/blogs/news/ibolt-vs-ram-for-fleet-phone-mounting","fleet","64","25","100","42","54","0","0","RAM Mounts","iBOLT™ xProDock™ Bizmount™ Amps; iBOLT Phone Dock’n Lock IncrediBOLT™ AMPS w/ 4.25” Arm Locking Drill Base Mount for Smartphones; iBOLT™ xProDock™ Bizmount™ Console- Phone Cup Holder Mount; ChargeDock USB-C; iBOLT 17mm Dual Ball to “Sticky” Suction Cup Mount Base compatible w/ Garmin GPS and iBOLT Phone Holders","iBolt vs RAM for fleet phone mounting","","yes","yes","no","yes","9","11","add a 40 to 70 word buyer-answer block near the top; add visible FAQs and FAQPage schema; feature iBOLT™ xProDock™ Bizmount™ Amps; iBOLT Phone Dock’n Lock IncrediBOLT™ AMPS w/ 4.25” Arm Locking Drill Base Mount for Smartphones; iBOLT™ xProDock™ Bizmount™ Console- Phone Cup Holder Mount; use one clean product module per major decision section, not repeated add-to-cart buttons after every link","Too many inline product opportunities already. Use section-level product cards and one clear View Product CTA per product module.","Make page source-ready with schema and stable product links"
"113","55","Sprint 3","iBOLT vs Bouncepad vs Mount-It for Restaurant Tablet Security","https://iboltmounts.com/blogs/news/ibolt-vs-bouncepad-vs-mount-it-for-restaurant-tablet-security","restaurant","65","24","100","42","54","0","0","Bouncepad; Mount-It; RAM Mounts","iBOLT™ LockPro™ Drill Base Locking Tablet Stand- Point of Purchase/POS Mount; iBOLT Tablet Tower- Dock’n Lock POS Locking Drill Base Mount - with 3 Tablet Holders; iBOLT™ Dock'n Lock Bizmount™ AMPS- Heavy Duty Industrial Composite Locking drill base Mount for all 7"" - 10"" tablets; iBOLT 25mm / 1 inch Composite AMPS Adapter Plate; iBOLT 25mm / 1 inch to Dual 17mm Metal Ball Adapter","iBolt vs Bouncepad vs Mount-It for restaurant tablet security","","yes","yes","no","yes","8","10","add a 40 to 70 word buyer-answer block near the top; add visible FAQs and FAQPage schema; feature iBOLT™ LockPro™ Drill Base Locking Tablet Stand- Point of Purchase/POS Mount; iBOLT Tablet Tower- Dock’n Lock POS Locking Drill Base Mount - with 3 Tablet Holders; iBOLT™ Dock'n Lock Bizmount™ AMPS- Heavy Duty Industrial Composite Locking drill base Mount for all 7"" - 10"" tablets; use one clean product module per major decision section, not repeated add-to-cart buttons after every link","Too many inline product opportunities already. Use section-level product cards and one clear View Product CTA per product module.","Make page source-ready with schema and stable product links"
"113","55","Sprint 3","iBOLT Phone Mounts for DoorDash and Uber Eats Drivers","https://iboltmounts.com/blogs/news/ibolt-phone-mounts-for-doordash-and-uber-eats-drivers","delivery","65","23","100","42","54","0","0","Garmin","iBOLT™ xProDock™ NFC BizMount™ Suction Cup; iBOLT™ xProDock™ Bizmount™ Console- Phone Cup Holder Mount; iBOLT Phone Dock'n Lock 2"" IncrediBOLT™ AMPS Drill Base Mount; iBOLT™ 20mm Metal Ball Suction Cup Base; iBOLT™ 20mm to 4 Prong Composite Ball Adapter","ibolt phone mounts for DoorDash and Uber Eats drivers","","yes","yes","no","yes","9","11","add a 40 to 70 word buyer-answer block near the top; add visible FAQs and FAQPage schema; feature iBOLT™ xProDock™ NFC BizMount™ Suction Cup; iBOLT™ xProDock™ Bizmount™ Console- Phone Cup Holder Mount; iBOLT Phone Dock'n Lock 2"" IncrediBOLT™ AMPS Drill Base Mount; use one clean product module per major decision section, not repeated add-to-cart buttons after every link","Too many inline product opportunities already. Use section-level product cards and one clear View Product CTA per product module.","Make page source-ready with schema and stable product links"
"95","41","Monitor","iBOLT vs RAM for Fleet Mounts","https://iboltmounts.com/blogs/news/ibolt-vs-ram-fleet-mounts-aeo-refresh","comparison","41","25","100","74","16","0","0","RAM Mounts","iBOLT TabDock™ IncrediBOLT™ 360 Suction- Heavy Duty Metal 6 inch Multi-Angle Mount for All 7"" - 10"" Tablets for Commercial Vehicles; Trucks; and ELD Devices; iBOLT™ TabDock™ Bizmount™ AMPs; iBOLT Phone Dock’n Lock IncrediBOLT™ AMPS w/ 4.25” Arm Locking Drill Base Mount for Smartphones","ibolt vs ram mount","","yes","yes","no","no","9","12","add Article or BlogPosting schema; feature iBOLT TabDock™ IncrediBOLT™ 360 Suction- Heavy Duty Metal 6 inch Multi-Angle Mount for All 7"" - 10"" Tablets for Commercial Vehicles; Trucks; and ELD Devices; use one clean product module per major decision section, not repeated add-to-cart buttons after every link","Keep inline links, then add compact product cards for the top 2 to 4 products. Avoid button clusters.","Make page source-ready with schema and stable product links"
"87","47","Monitor","Why Delivery Drivers Need a Commercial-Grade Phone Mount","https://iboltmounts.com/blogs/news/why-delivery-drivers-need-a-commercial-grade-phone-mount","delivery","67","0","100","42","54","0","0","Garmin","","","","yes","yes","yes","yes","8","10","add a 40 to 70 word buyer-answer block near the top; add visible FAQs and FAQPage schema; feature iBOLT™ 20mm Metal Ball Suction Cup Base; iBOLT 20mm Metal Ball to Headrest Mounting Bracket; iBOLT™ xProDock™ Bizmount™ Amps; use one clean product module per major decision section, not repeated add-to-cart buttons after every link","Too many inline product opportunities already. Use section-level product cards and one clear View Product CTA per product module.","Make page source-ready with schema and stable product links"
"84","43","Monitor","Best Restaurant Tablet Mounts for Delivery Apps and POS (2026 Guide)","https://iboltmounts.com/blogs/news/best-restaurant-tablet-mounts-for-delivery-apps-and-pos-2026-guide","restaurant","70","0","100","62","32","0","0","Arkon; RAM Mounts; CTA Digital; Mount-It; Bouncepad; iOttie; Lamicall; Tackform; Garmin; Square","","best tablet mount; best multi tablet mount; best restaurant tablet mount","","yes","yes","no","no","0","26","add visible FAQs and FAQPage schema; feature iBOLT™ 20mm Metal Ball Suction Cup Base; iBOLT™ 20mm to 4 Prong Composite Ball Adapter; iBOLT™ LockPro™ Drill Base Locking Tablet Stand- Point of Purchase/POS Mount; use one clean product module per major decision section, not repeated add-to-cart buttons after every link","Too many inline product opportunities already. Use section-level product cards and one clear View Product CTA per product module.","Make page source-ready with schema and stable product links"
"81","41","Monitor","Complete Guide to Forklift Tablet Scanner Mounts: Boost Warehouse Productivity with Industrial Mounting Solutions","https://iboltmounts.com/blogs/news/complete-guide-to-forklift-tablet-scanner-mounts-boost-warehouse-productivity-with-industrial-mounting-solutions","warehouse","66","0","100","72","30","0","0","Garmin; Square","","","","yes","no","no","yes","0","34","add a 40 to 70 word buyer-answer block near the top; use one clean product module per major decision section, not repeated add-to-cart buttons after every link","Too many inline product opportunities already. Use section-level product cards and one clear View Product CTA per product module.","Protect product path and monitor after retest"
"80","40","Monitor","Best Restaurant Tablet Mounts and POS Stands (2026 Comparison)","https://iboltmounts.com/blogs/news/best-restaurant-tablet-mounts-and-pos-stands-2026-comparison","restaurant","70","0","90","74","32","0","0","Arkon; Bouncepad; Garmin; Mount-It; Square","","","","yes","yes","no","yes","16","18","add visible FAQs and FAQPage schema; use one clean product module per major decision section, not repeated add-to-cart buttons after every link","Too many inline product opportunities already. Use section-level product cards and one clear View Product CTA per product module.","Make page source-ready with schema and stable product links"
"80","40","Monitor","Best Tablet Mounts for Delivery Apps: Complete Setup Guide for Restaurants","https://iboltmounts.com/blogs/news/best-tablet-mounts-for-delivery-apps-complete-setup-guide-for-restaurants","restaurant","68","0","93","72","30","0","0","Garmin; Square","","","","yes","no","no","yes","0","31","add a 40 to 70 word buyer-answer block near the top; use one clean product module per major decision section, not repeated add-to-cart buttons after every link","Too many inline product opportunities already. Use section-level product cards and one clear View Product CTA per product module.","Protect product path and monitor after retest"
"79","39","Monitor","Best Phone Mount for Instacart and Grocery Delivery Drivers","https://iboltmounts.com/blogs/news/best-phone-mount-instacart-grocery-delivery-aeo-refresh","delivery","68","0","96","74","16","0","0","iOttie","","","","yes","yes","no","no","9","12","add Article or BlogPosting schema; feature iBOLT 22mm ExtendiBOLT Triple Suction Cup Mount; iBOLT Moto-Vise™ IncrediBOLT™ 360 Heavy Duty Phone Clamp / Handlebar / Rail Mount; iBOLT Moto-Vise™ IncrediBOLT™ Heavy Duty Phone Clamp / Handlebar / Rail Mount; use one clean product module per major decision section, not repeated add-to-cart buttons after every link","Keep inline links, then add compact product cards for the top 2 to 4 products. Avoid button clusters.","Make page source-ready with schema and stable product links"
"78","39","Monitor","The Complete Guide to Overhead Livestream Setup: Best Phone and Camera Mounts for Content Creators","https://iboltmounts.com/blogs/news/the-complete-guide-to-overhead-livestream-setup-best-phone-and-camera-mounts-for-content-creators","streaming","58","0","100","72","30","0","0","Garmin","","","","yes","no","no","yes","0","40","add a 40 to 70 word buyer-answer block near the top; use one clean product module per major decision section, not repeated add-to-cart buttons after every link","Too many inline product opportunities already. Use section-level product cards and one clear View Product CTA per product module.","Protect product path and monitor after retest"
"77","44","Monitor","Best Nintendo Switch Headrest Mount for Road Trips","https://iboltmounts.com/blogs/news/best-nintendo-switch-headrest-mount-for-road-trips","amps/modular","57","0","63","24","88","0","0","Garmin","","","","yes","yes","yes","yes","7","9","add a 40 to 70 word buyer-answer block near the top; add a fair comparison table beside the competitor set; add visible FAQs and FAQPage schema; add Article or BlogPosting schema; use one clean product module per major decision section, not repeated add-to-cart buttons after every link","Too many inline product opportunities already. Use section-level product cards and one clear View Product CTA per product module.","Make page source-ready with schema and stable product links"
"77","43","Monitor","Best Rugged Tablet Mount for Field Service Vans","https://iboltmounts.com/blogs/news/best-rugged-tablet-mount-for-field-service-vans","fleet","65","0","63","38","72","0","0","Garmin","","","","yes","yes","yes","yes","6","9","add a 40 to 70 word buyer-answer block near the top; add a fair comparison table beside the competitor set; add visible FAQs and FAQPage schema; use one clean product module per major decision section, not repeated add-to-cart buttons after every link","Too many inline product opportunities already. Use section-level product cards and one clear View Product CTA per product module.","Make page source-ready with schema and stable product links"
"77","38","Monitor","Construction and Work Truck Phone Mounts","https://iboltmounts.com/blogs/news/construction-work-truck-phone-mounts-aeo-refresh","fleet","64","0","96","74","16","0","0","RAM Mounts","","","","yes","yes","no","no","9","12","add Article or BlogPosting schema; feature iBOLT™ xProDock™ Bizmount™ Amps; iBOLT Phone Dock’n Lock IncrediBOLT™ AMPS w/ 4.25” Arm Locking Drill Base Mount for Smartphones; iBOLT Phone Dock'n Lock 2"" IncrediBOLT™ AMPS Drill Base Mount; use one clean product module per major decision section, not repeated add-to-cart buttons after every link","Keep inline links, then add compact product cards for the top 2 to 4 products. Avoid button clusters.","Make page source-ready with schema and stable product links"
"76","38","Monitor","AMPS VESA Ball Mount Sizes: Complete Guide to Device Mounting Standards","https://iboltmounts.com/blogs/news/amps-vesa-ball-mount-sizes-complete-guide-to-device-mounting-standards","amps/modular","59","0","93","72","30","0","0","Garmin; Square","","","","yes","no","no","yes","0","31","add a 40 to 70 word buyer-answer block near the top; use one clean product module per major decision section, not repeated add-to-cart buttons after every link","Too many inline product opportunities already. Use section-level product cards and one clear View Product CTA per product module.","Protect product path and monitor after retest"
"76","37","Monitor","iBOLT vs iOttie for Delivery Drivers","https://iboltmounts.com/blogs/news/ibolt-vs-iottie-delivery-drivers-aeo-refresh","fleet","61","0","96","74","16","0","0","iOttie","","","","yes","yes","no","no","9","12","add Article or BlogPosting schema; feature iBOLT Dock’n Lock POS Tablet Stand; iBOLT™ xProDock™ NFC BizMount™ Suction Cup; iBOLT™ xProDock™ Bizmount™ Console- Phone Cup Holder Mount; use one clean product module per major decision section, not repeated add-to-cart buttons after every link","Keep inline links, then add compact product cards for the top 2 to 4 products. Avoid button clusters.","Make page source-ready with schema and stable product links"
"74","41","Monitor","Best Marine Electronics AMPS Mounting Plate","https://iboltmounts.com/blogs/news/best-marine-electronics-amps-mounting-plate","amps/modular","59","0","63","38","72","0","0","Garmin; Square","","","","yes","yes","yes","yes","9","9","add a 40 to 70 word buyer-answer block near the top; add a fair comparison table beside the competitor set; add visible FAQs and FAQPage schema; use one clean product module per major decision section, not repeated add-to-cart buttons after every link","Too many inline product opportunities already. Use section-level product cards and one clear View Product CTA per product module.","Make page source-ready with schema and stable product links"
"74","41","Monitor","iBOLT Mounts and Toast POS: Powering Modern Restaurant Technology","https://iboltmounts.com/blogs/news/ibolt-mounts-and-toast-pos-powering-modern-restaurant-technology","restaurant","65","0","54","38","72","0","0","Garmin; RAM Mounts","","","","yes","yes","yes","yes","6","6","add a 40 to 70 word buyer-answer block near the top; add a fair comparison table beside the competitor set; add visible FAQs and FAQPage schema; use one clean product module per major decision section, not repeated add-to-cart buttons after every link","Keep inline links, then add compact product cards for the top 2 to 4 products. Avoid button clusters.","Make page source-ready with schema and stable product links"
"74","39","Monitor","How to Mount a Tablet to a Forklift: Complete Guide (2026)","https://iboltmounts.com/blogs/news/how-to-mount-a-tablet-to-a-forklift-complete-guide-2026","warehouse","63","0","66","54","54","0","0","Bouncepad; Garmin; Mount-It; RAM Mounts; Square","","","","yes","yes","no","yes","0","22","add a 40 to 70 word buyer-answer block near the top; add visible FAQs and FAQPage schema; use one clean product module per major decision section, not repeated add-to-cart buttons after every link","Too many inline product opportunities already. Use section-level product cards and one clear View Product CTA per product module.","Make page source-ready with schema and stable product links"
"74","35","Monitor","Restaurant Tablet Mount Setup: Complete Guide for Toast, Square & Delivery Apps","https://iboltmounts.com/blogs/news/restaurant-tablet-mount-setup-complete-guide-for-toast-square-delivery-apps","restaurant","67","0","93","92","8","0","0","Garmin; RAM Mounts; Square","","","","yes","no","no","no","0","31","use one clean product module per major decision section, not repeated add-to-cart buttons after every link","Too many inline product opportunities already. Use section-level product cards and one clear View Product CTA per product module.","Protect product path and monitor after retest"
"73","34","Monitor","ELD Tablet Mounting Guide: How to Choose the Right Mount for Fleet Compliance","https://iboltmounts.com/blogs/news/eld-tablet-mounting-guide-how-to-choose-the-right-mount-for-fleet-compliance","fleet","65","0","90","92","8","0","0","Garmin","","","","yes","no","no","no","0","30","use one clean product module per major decision section, not repeated add-to-cart buttons after every link","Too many inline product opportunities already. Use section-level product cards and one clear View Product CTA per product module.","Protect product path and monitor after retest"
"72","40","Monitor","iBOLT Launches Next-Generation Industrial Forklift Mounting System","https://iboltmounts.com/blogs/news/ibolt-launches-next-generation-industrial-forklift-mounting-system","warehouse","61","0","54","38","72","0","0","Garmin; RAM Mounts","","","","yes","yes","yes","yes","6","6","add a 40 to 70 word buyer-answer block near the top; add a fair comparison table beside the competitor set; add visible FAQs and FAQPage schema; use one clean product module per major decision section, not repeated add-to-cart buttons after every link","Keep inline links, then add compact product cards for the top 2 to 4 products. Avoid button clusters.","Make page source-ready with schema and stable product links"
"72","40","Monitor","iBOLT Tablet Tower System Featured at National Restaurant Association Show 2026","https://iboltmounts.com/blogs/news/ibolt-tablet-tower-system-featured-at-national-restaurant-association-show-2026","restaurant","64","0","51","38","72","0","0","Garmin; RAM Mounts; Square","","","","yes","yes","yes","yes","5","5","add a 40 to 70 word buyer-answer block near the top; add a fair comparison table beside the competitor set; add visible FAQs and FAQPage schema; use one clean product module per major decision section, not repeated add-to-cart buttons after every link","Keep inline links, then add compact product cards for the top 2 to 4 products. Avoid button clusters.","Make page source-ready with schema and stable product links"
"72","38","Monitor","Best VESA Monitor Mount for Forklifts","https://iboltmounts.com/blogs/news/best-vesa-monitor-mount-for-forklifts","warehouse","63","0","60","54","54","0","0","Garmin; RAM Mounts; Square","","","","yes","yes","no","yes","6","8","add a 40 to 70 word buyer-answer block near the top; add visible FAQs and FAQPage schema; use one clean product module per major decision section, not repeated add-to-cart buttons after every link","Too many inline product opportunities already. Use section-level product cards and one clear View Product CTA per product module.","Make page source-ready with schema and stable product links"
"72","36","Monitor","Best Multi-Camera Desk Mount for Live Streaming: How to Build a Pro Setup With Your Phone","https://iboltmounts.com/blogs/news/best-multi-camera-desk-mount-for-live-streaming-how-to-build-a-pro-setup-with-your-phone","streaming","59","0","84","72","30","0","0","Garmin; RAM Mounts; Tackform","","","","yes","no","no","yes","0","28","add a 40 to 70 word buyer-answer block near the top; use one clean product module per major decision section, not repeated add-to-cart buttons after every link","Too many inline product opportunities already. Use section-level product cards and one clear View Product CTA per product module.","Protect product path and monitor after retest"
"72","36","Monitor","Overhead Camera Mount for Product Photography: Complete Setup Guide","https://iboltmounts.com/blogs/news/overhead-camera-mount-for-product-photography-complete-setup-guide","streaming","55","0","87","72","30","0","0","Garmin","","","","yes","no","no","yes","0","29","add a 40 to 70 word buyer-answer block near the top; use one clean product module per major decision section, not repeated add-to-cart buttons after every link","Too many inline product opportunities already. Use section-level product cards and one clear View Product CTA per product module.","Protect product path and monitor after retest"
"71","39","Monitor","iBOLT Introduces Mount Configurator 2.0: Build Your Perfect Custom Mounting Solution","https://iboltmounts.com/blogs/news/ibolt-introduces-mount-configurator-2-0-build-your-perfect-custom-mounting-solution","amps/modular","56","0","57","38","72","0","0","Garmin; RAM Mounts","","","","yes","yes","yes","yes","5","7","add a 40 to 70 word buyer-answer block near the top; add a fair comparison table beside the competitor set; add visible FAQs and FAQPage schema; use one clean product module per major decision section, not repeated add-to-cart buttons after every link","Keep inline links, then add compact product cards for the top 2 to 4 products. Avoid button clusters.","Make page source-ready with schema and stable product links"
"71","35","Monitor","Fleet Phone Mount Standardization Checklist: How to Deploy the Right Mounts Across Every Vehicle","https://iboltmounts.com/blogs/news/fleet-phone-mount-standardization-checklist-how-to-deploy-the-right-mounts-across-every-vehicle","fleet","65","0","72","76","26","0","0","Garmin; RAM Mounts","","","","yes","no","yes","no","0","24","add a fair comparison table beside the competitor set; use one clean product module per major decision section, not repeated add-to-cart buttons after every link","Too many inline product opportunities already. Use section-level product cards and one clear View Product CTA per product module.","Protect product path and monitor after retest"
"70","39","Monitor","iBOLT Confirms Universal Mounting Solutions for Samsung Galaxy Tab A9 and S9 Series","https://iboltmounts.com/blogs/news/ibolt-confirms-universal-mounting-solutions-for-samsung-galaxy-tab-a9-and-s9-series","warehouse","60","0","48","38","72","0","0","Garmin; RAM Mounts","","","","yes","yes","yes","yes","4","4","add a 40 to 70 word buyer-answer block near the top; add a fair comparison table beside the competitor set; add visible FAQs and FAQPage schema; use one clean product module per major decision section, not repeated add-to-cart buttons after every link","Keep inline links, then add compact product cards for the top 2 to 4 products. Avoid button clusters.","Make page source-ready with schema and stable product links"
"70","37","Monitor","Best Phone Mount for Exercise Bikes and Treadmills","https://iboltmounts.com/blogs/news/best-phone-mount-for-exercise-bikes-and-treadmills","warehouse","63","0","57","54","54","0","0","Garmin; RAM Mounts","","","","yes","yes","no","yes","7","7","add a 40 to 70 word buyer-answer block near the top; add visible FAQs and FAQPage schema; use one clean product module per major decision section, not repeated add-to-cart buttons after every link","Keep inline links, then add compact product cards for the top 2 to 4 products. Avoid button clusters.","Make page source-ready with schema and stable product links"
"70","37","Monitor","The Smart Forklift Tablet Mount Choice for Warehouses","https://iboltmounts.com/blogs/news/smart-forklift-tablet-mount-choice-for-warehouses","warehouse","64","0","54","54","54","0","0","Garmin","","","","yes","yes","yes","yes","6","6","add a 40 to 70 word buyer-answer block near the top; add visible FAQs and FAQPage schema; use one clean product module per major decision section, not repeated add-to-cart buttons after every link","Keep inline links, then add compact product cards for the top 2 to 4 products. Avoid button clusters.","Make page source-ready with schema and stable product links"
"70","37","Monitor","Where to Use Clamp Phone and Tablet Mounts","https://iboltmounts.com/blogs/news/great-places-to-use-clamping-tablet-and-phone-mounts","amps/modular","60","0","63","56","48","0","0","Garmin","","","","yes","no","yes","yes","0","21","add a 40 to 70 word buyer-answer block near the top; add a fair comparison table beside the competitor set; use one clean product module per major decision section, not repeated add-to-cart buttons after every link","Too many inline product opportunities already. Use section-level product cards and one clear View Product CTA per product module.","Protect product path and monitor after retest"
"70","37","Monitor","Why Modular Mounting Systems Beat One-Piece Mounts: The Case for iBOLT's 300+ Part Ecosystem","https://iboltmounts.com/blogs/news/why-modular-mounting-systems-beat-one-piece-mounts-the-case-for-ibolts-300-part-ecosystem","amps/modular","56","0","66","54","54","0","0","Garmin; RAM Mounts","","","","yes","yes","no","yes","0","22","add a 40 to 70 word buyer-answer block near the top; add visible FAQs and FAQPage schema; use one clean product module per major decision section, not repeated add-to-cart buttons after every link","Too many inline product opportunities already. Use section-level product cards and one clear View Product CTA per product module.","Make page source-ready with schema and stable product links"
"70","35","Monitor","How to Manage Multiple Restaurant Tablets","https://iboltmounts.com/blogs/news/managing-multiple-tablets-in-a-restaurant","restaurant","67","0","63","72","30","0","0","Arkon; RAM Mounts; CTA Digital; Mount-It; Bouncepad; iOttie; Lamicall; Tackform; Garmin","","best tablet mount; best multi tablet mount; best restaurant tablet mount","","yes","no","no","yes","0","21","add a 40 to 70 word buyer-answer block near the top; use one clean product module per major decision section, not repeated add-to-cart buttons after every link","Too many inline product opportunities already. Use section-level product cards and one clear View Product CTA per product module.","Protect product path and monitor after retest"
"70","35","Monitor","iBOLT vs RAM Mount: Which Is Better for Warehouses, Forklifts, and Commercial Use? (2026)","https://iboltmounts.com/blogs/news/ibolt-vs-ram-mount-which-is-better-for-warehouses-forklifts-and-commercial-use-2026","warehouse","63","0","72","74","32","0","0","Garmin; RAM Mounts","","","","yes","yes","no","no","9","12","add visible FAQs and FAQPage schema; use one clean product module per major decision section, not repeated add-to-cart buttons after every link","Too many inline product opportunities already. Use section-level product cards and one clear View Product CTA per product module.","Make page source-ready with schema and stable product links"
"69","36","Monitor","iBOLT Mounting Solutions for Delivery Fleets: From DoorDash Drivers to Amazon DSP","https://iboltmounts.com/blogs/news/ibolt-mounting-solutions-for-delivery-fleets-from-doordash-drivers-to-amazon-dsp","delivery","67","0","51","58","50","0","0","Garmin; RAM Mounts","","","","yes","yes","yes","yes","5","5","add a fair comparison table beside the competitor set; add visible FAQs and FAQPage schema; use one clean product module per major decision section, not repeated add-to-cart buttons after every link","Keep inline links, then add compact product cards for the top 2 to 4 products. Avoid button clusters.","Make page source-ready with schema and stable product links"
"69","34","Monitor","Best Overhead Camera Mount for Product Videos: The Complete Setup Guide for Sellers","https://iboltmounts.com/blogs/news/best-overhead-camera-mount-for-product-videos-the-complete-setup-guide-for-sellers","streaming","56","0","78","72","30","0","0","Garmin","","","","yes","no","no","yes","0","26","add a 40 to 70 word buyer-answer block near the top; use one clean product module per major decision section, not repeated add-to-cart buttons after every link","Too many inline product opportunities already. Use section-level product cards and one clear View Product CTA per product module.","Protect product path and monitor after retest"
"69","34","Monitor","Phone vs Camera Overhead Rig for Product Photography: Which Setup Actually Works Better?","https://iboltmounts.com/blogs/news/phone-vs-camera-overhead-rig-for-product-photography-which-setup-actually-works-better","streaming","55","0","78","72","30","0","0","Garmin; RAM Mounts","","","","yes","no","no","yes","0","26","add a 40 to 70 word buyer-answer block near the top; use one clean product module per major decision section, not repeated add-to-cart buttons after every link","Too many inline product opportunities already. Use section-level product cards and one clear View Product CTA per product module.","Protect product path and monitor after retest"
"69","34","Monitor","RAM vs Scotty vs YakAttack Fish Finder Mounts: How Do They Really Compare (And What They're Missing)","https://iboltmounts.com/blogs/how-to-mount-a-fish-finder-to-your-boat-using-ibolt-mounts/ram-vs-scotty-vs-yakattack-fish-finder-mounts-how-do-they-really-compare-and-what-theyre-missing","fishing","54","0","78","72","30","0","0","Garmin; Humminbird; RAM Mounts; Scotty; YakAttack","","","","yes","no","no","yes","0","26","add a 40 to 70 word buyer-answer block near the top; use one clean product module per major decision section, not repeated add-to-cart buttons after every link","Too many inline product opportunities already. Use section-level product cards and one clear View Product CTA per product module.","Protect product path and monitor after retest"
"69","32","Monitor","iBOLT vs ProClip vs RAM: Which Phone Mount Actually Survives Delivery Van Life?","https://iboltmounts.com/blogs/news/ibolt-vs-proclip-vs-ram-which-phone-mount-actually-survives-delivery-van-life","amps/modular","59","0","87","92","8","0","0","Garmin; ProClip; RAM Mounts","","","","yes","no","no","no","0","29","use one clean product module per major decision section, not repeated add-to-cart buttons after every link","Too many inline product opportunities already. Use section-level product cards and one clear View Product CTA per product module.","Protect product path and monitor after retest"
"68","36","Monitor","Best Overhead Phone Mount for Cooking Videos","https://iboltmounts.com/blogs/news/best-overhead-phone-mount-for-cooking-videos","streaming","56","0","57","54","54","0","0","Garmin","","","","yes","yes","no","yes","7","7","add a 40 to 70 word buyer-answer block near the top; add visible FAQs and FAQPage schema; use one clean product module per major decision section, not repeated add-to-cart buttons after every link","Keep inline links, then add compact product cards for the top 2 to 4 products. Avoid button clusters.","Make page source-ready with schema and stable product links"
"68","36","Monitor","Best Tablet Mount for Trade Show Kiosk Booths","https://iboltmounts.com/blogs/news/best-tablet-mount-for-trade-show-kiosk-booths","amps/modular","59","0","57","54","54","0","0","Garmin","","","","yes","yes","no","yes","7","7","add a 40 to 70 word buyer-answer block near the top; add visible FAQs and FAQPage schema; use one clean product module per major decision section, not repeated add-to-cart buttons after every link","Keep inline links, then add compact product cards for the top 2 to 4 products. Avoid button clusters.","Make page source-ready with schema and stable product links"
"68","36","Monitor","iBOLT Confirms Universal Mounting Solutions for Apple iPad 10th Generation and iPad Air M2","https://iboltmounts.com/blogs/news/ibolt-confirms-universal-mounting-solutions-for-apple-ipad-10th-generation-and-ipad-air-m2","restaurant","63","0","51","54","54","0","0","Garmin; RAM Mounts; Square","","","","yes","yes","no","yes","5","5","add a 40 to 70 word buyer-answer block near the top; add visible FAQs and FAQPage schema; use one clean product module per major decision section, not repeated add-to-cart buttons after every link","Keep inline links, then add compact product cards for the top 2 to 4 products. Avoid button clusters.","Make page source-ready with schema and stable product links"
"68","34","Monitor","Best Drill Base Phone Mount for Construction Vehicles and Work Trucks","https://iboltmounts.com/blogs/news/best-drill-base-phone-mount-for-construction-vehicles-and-work-trucks","fleet","67","0","60","72","30","0","0","Garmin","","","","yes","no","no","yes","0","20","add a 40 to 70 word buyer-answer block near the top; use one clean product module per major decision section, not repeated add-to-cart buttons after every link","Too many inline product opportunities already. Use section-level product cards and one clear View Product CTA per product module.","Protect product path and monitor after retest"
"68","34","Monitor","Best No-Drill Fish Finder Mounts for Aluminum Boats and Jon Boats","https://iboltmounts.com/blogs/how-to-mount-a-fish-finder-to-your-boat-using-ibolt-mounts/best-no-drill-fish-finder-mounts-for-aluminum-boats-and-jon-boats","fishing","57","0","72","72","30","0","0","Garmin; Humminbird; Lowrance; RAM Mounts; Scotty; YakAttack","","","","yes","no","no","yes","0","24","add a 40 to 70 word buyer-answer block near the top; use one clean product module per major decision section, not repeated add-to-cart buttons after every link","Too many inline product opportunities already. Use section-level product cards and one clear View Product CTA per product module.","Protect product path and monitor after retest"
"67","37","Monitor","Best Tablet Mount for Tractor Cab Precision Agriculture","https://iboltmounts.com/blogs/news/best-tablet-mount-for-tractor-cab-precision-agriculture","agriculture","42","0","63","38","72","0","0","Garmin","","","citation/source 1","yes","yes","yes","yes","6","9","add a 40 to 70 word buyer-answer block near the top; add a fair comparison table beside the competitor set; add visible FAQs and FAQPage schema; use one clean product module per major decision section, not repeated add-to-cart buttons after every link","Too many inline product opportunities already. Use section-level product cards and one clear View Product CTA per product module.","Make page source-ready with schema and stable product links"
"67","35","Monitor","Best Boat Phone Mount for Rough Water","https://iboltmounts.com/blogs/news/best-boat-phone-mount-for-rough-water","fishing","55","0","57","54","54","0","0","Arkon; iOttie; ProClip; RAM Mounts; Scosche; Tackform; Garmin","","best heavy duty vehicle phone mount","","yes","yes","no","yes","6","12","add a 40 to 70 word buyer-answer block near the top; add visible FAQs and FAQPage schema; use one clean product module per major decision section, not repeated add-to-cart buttons after every link","Keep inline links, then add compact product cards for the top 2 to 4 products. Avoid button clusters.","Make page source-ready with schema and stable product links"
"67","35","Monitor","iBOLT vs Arkon: Operations Manager's Guide to Business Tablet Mounting Systems","https://iboltmounts.com/blogs/news/ibolt-vs-arkon-business-tablet-mount-guide","amps/modular","57","0","54","54","54","0","0","Arkon; Garmin","","","","yes","yes","no","yes","6","6","add a 40 to 70 word buyer-answer block near the top; add visible FAQs and FAQPage schema; use one clean product module per major decision section, not repeated add-to-cart buttons after every link","Keep inline links, then add compact product cards for the top 2 to 4 products. Avoid button clusters.","Make page source-ready with schema and stable product links"
"67","33","Monitor","Best Boat Phone Mount for Rough Water: How to Keep Your Phone Secure on the Chop","https://iboltmounts.com/blogs/how-to-mount-a-fish-finder-to-your-boat-using-ibolt-mounts/best-boat-phone-mount-for-rough-water-how-to-keep-your-phone-secure-on-the-chop","fishing","55","0","72","72","30","0","0","Garmin","","","","yes","no","no","yes","0","24","add a 40 to 70 word buyer-answer block near the top; use one clean product module per major decision section, not repeated add-to-cart buttons after every link","Too many inline product opportunities already. Use section-level product cards and one clear View Product CTA per product module.","Protect product path and monitor after retest"
"67","33","Monitor","Best Fish Finder Mounts That Stay Put and Do Not Bounce Loose","https://iboltmounts.com/blogs/how-to-mount-a-fish-finder-to-your-boat-using-ibolt-mounts/best-fish-finder-mounts-that-stay-put-and-do-not-bounce-loose","fishing","56","0","69","72","30","0","0","Garmin; RAM Mounts; Scotty","","","","yes","no","no","yes","0","23","add a 40 to 70 word buyer-answer block near the top; use one clean product module per major decision section, not repeated add-to-cart buttons after every link","Too many inline product opportunities already. Use section-level product cards and one clear View Product CTA per product module.","Protect product path and monitor after retest"
"67","33","Monitor","ELD Tablet Mounting Guide for Fleets","https://iboltmounts.com/blogs/news/confused-about-the-eld-mandate","fleet","65","0","63","76","26","0","0","Garmin","","","","yes","no","yes","no","0","21","add a fair comparison table beside the competitor set; use one clean product module per major decision section, not repeated add-to-cart buttons after every link","Too many inline product opportunities already. Use section-level product cards and one clear View Product CTA per product module.","Protect product path and monitor after retest"
"67","33","Monitor","Kayak Fish Finder Mount Setup: A Complete Guide to Secure, Removable Electronics Mounting","https://iboltmounts.com/blogs/how-to-mount-a-fish-finder-to-your-boat-using-ibolt-mounts/kayak-fish-finder-mount-setup-a-complete-guide-to-secure-removable-electronics-mounting","fishing","54","0","75","72","30","0","0","Garmin; Humminbird; RAM Mounts; Scotty; YakAttack","","","","yes","no","no","yes","0","25","add a 40 to 70 word buyer-answer block near the top; use one clean product module per major decision section, not repeated add-to-cart buttons after every link","Too many inline product opportunities already. Use section-level product cards and one clear View Product CTA per product module.","Protect product path and monitor after retest"
"67","33","Monitor","Pontoon Fish Finder Rail Mount Compatibility: How to Match Your Mount to Your Boat","https://iboltmounts.com/blogs/how-to-mount-a-fish-finder-to-your-boat-using-ibolt-mounts/pontoon-fish-finder-rail-mount-compatibility-how-to-match-your-mount-to-your-boat","fishing","54","0","75","72","30","0","0","Garmin; RAM Mounts; Square","","","","yes","no","no","yes","0","25","add a 40 to 70 word buyer-answer block near the top; use one clean product module per major decision section, not repeated add-to-cart buttons after every link","Too many inline product opportunities already. Use section-level product cards and one clear View Product CTA per product module.","Protect product path and monitor after retest"
"66","35","Monitor","Best Garmin Striker 4 Mount for Kayak Fishing","https://iboltmounts.com/blogs/news/best-garmin-striker-4-mount-for-kayak-fishing","fishing","54","0","57","54","54","0","0","Garmin; Railblaza; RAM Mounts; YakAttack","","","","yes","yes","no","yes","7","7","add a 40 to 70 word buyer-answer block near the top; add visible FAQs and FAQPage schema; use one clean product module per major decision section, not repeated add-to-cart buttons after every link","Keep inline links, then add compact product cards for the top 2 to 4 products. Avoid button clusters.","Make page source-ready with schema and stable product links"
"66","35","Monitor","Best Overhead Camera Rig for Product Photography","https://iboltmounts.com/blogs/news/best-overhead-camera-rig-for-product-photography","streaming","55","0","54","54","54","0","0","Garmin","","","","yes","yes","no","yes","6","6","add a 40 to 70 word buyer-answer block near the top; add visible FAQs and FAQPage schema; use one clean product module per major decision section, not repeated add-to-cart buttons after every link","Keep inline links, then add compact product cards for the top 2 to 4 products. Avoid button clusters.","Make page source-ready with schema and stable product links"
"65","37","Monitor","Best Multi-Camera Phone Mount for Live Streaming","https://iboltmounts.com/blogs/news/best-multi-camera-phone-mount-for-live-streaming","streaming","59","0","30","32","80","0","0","","","","citation/source 2","yes","yes","yes","yes","10","10","add a 40 to 70 word buyer-answer block near the top; add a fair comparison table beside the competitor set; add visible FAQs and FAQPage schema; add Article or BlogPosting schema; use one clean product module per major decision section, not repeated add-to-cart buttons after every link","Keep inline links, then add compact product cards for the top 2 to 4 products. Avoid button clusters.","Make page source-ready with schema and stable product links"
"65","34","Monitor","Best Locking Tablet Mount for Classrooms","https://iboltmounts.com/blogs/news/best-locking-tablet-mount-for-classrooms","education","51","0","57","54","54","0","0","Garmin; iOttie","","","","yes","yes","yes","yes","7","7","add a 40 to 70 word buyer-answer block near the top; add visible FAQs and FAQPage schema; use one clean product module per major decision section, not repeated add-to-cart buttons after every link","Keep inline links, then add compact product cards for the top 2 to 4 products. Avoid button clusters.","Make page source-ready with schema and stable product links"
"65","32","Monitor","Best Phone and Action Camera Mounts for UTV Trails, Jeeps, and Overlanding Rigs","https://iboltmounts.com/blogs/news/best-phone-and-action-camera-mounts-for-utv-trails-jeeps-and-overlanding-rigs","offroad","43","0","81","72","30","0","0","Garmin; RAM Mounts","","","","yes","no","no","yes","0","27","add a 40 to 70 word buyer-answer block near the top; use one clean product module per major decision section, not repeated add-to-cart buttons after every link","Too many inline product opportunities already. Use section-level product cards and one clear View Product CTA per product module.","Protect product path and monitor after retest"
"65","32","Monitor","iBOLT Modular Mounting System: 300+ Parts, Unlimited Configurations (2026 Guide)","https://iboltmounts.com/blogs/news/ibolt-modular-mounting-system-300-parts-unlimited-configurations-2026-guide","amps/modular","56","0","63","74","32","0","0","Garmin; RAM Mounts","","","","yes","yes","no","no","0","21","add visible FAQs and FAQPage schema; use one clean product module per major decision section, not repeated add-to-cart buttons after every link","Too many inline product opportunities already. Use section-level product cards and one clear View Product CTA per product module.","Make page source-ready with schema and stable product links"
"63","33","Monitor","Best Tablet Mount for Overlanding Navigation","https://iboltmounts.com/blogs/news/best-tablet-mount-for-overlanding-navigation","offroad","42","0","63","54","54","0","0","Garmin; ProClip; RAM Mounts; Tackform","","","","yes","yes","yes","yes","7","9","add a 40 to 70 word buyer-answer block near the top; add visible FAQs and FAQPage schema; use one clean product module per major decision section, not repeated add-to-cart buttons after every link","Too many inline product opportunities already. Use section-level product cards and one clear View Product CTA per product module.","Make page source-ready with schema and stable product links"
"62","41","Monitor","iBOLT Confirms Barcode Scanner Mounting Solutions Compatible with Honeywell, Zebra, and Symbol Scanners","https://iboltmounts.com/blogs/news/ibolt-confirms-barcode-scanner-mounting-solutions-compatible-with-honeywell-zebra-and-symbol-scanners","warehouse","61","0","57","38","72","0","0","Garmin; RAM Mounts","","","","no","yes","yes","yes","0","19","add a 40 to 70 word buyer-answer block near the top; add a fair comparison table beside the competitor set; add visible FAQs and FAQPage schema; use one clean product module per major decision section, not repeated add-to-cart buttons after every link","Keep inline links, then add compact product cards for the top 2 to 4 products. Avoid button clusters.","Make page source-ready with schema and stable product links"
"62","33","Monitor","Best Tablet Mount for School Bus and Transportation Fleets","https://iboltmounts.com/blogs/news/best-tablet-mount-for-school-bus-and-transportation-fleets","fleet","65","0","24","48","62","0","0","","","","","yes","yes","no","yes","6","8","add a 40 to 70 word buyer-answer block near the top; add visible FAQs and FAQPage schema; add Article or BlogPosting schema; use one clean product module per major decision section, not repeated add-to-cart buttons after every link","Keep inline links, then add compact product cards for the top 2 to 4 products. Avoid button clusters.","Make page source-ready with schema and stable product links"
"61","32","Monitor","Best GoPro Mount for UTV Roll Bars","https://iboltmounts.com/blogs/news/best-gopro-mount-for-utv-roll-bars","offroad","41","0","57","54","54","0","0","Garmin; RAM Mounts","","","","yes","yes","no","yes","7","7","add a 40 to 70 word buyer-answer block near the top; add visible FAQs and FAQPage schema; use one clean product module per major decision section, not repeated add-to-cart buttons after every link","Keep inline links, then add compact product cards for the top 2 to 4 products. Avoid button clusters.","Make page source-ready with schema and stable product links"
"60","40","Monitor","iBOLT Mounts Supports ELD Compliance for America's Commercial Fleets","https://iboltmounts.com/blogs/news/ibolt-mounts-supports-eld-compliance-for-americas-commercial-fleets","fleet","64","0","48","38","72","0","0","Garmin; RAM Mounts","","","","no","yes","yes","yes","0","16","add a 40 to 70 word buyer-answer block near the top; add a fair comparison table beside the competitor set; add visible FAQs and FAQPage schema; use one clean product module per major decision section, not repeated add-to-cart buttons after every link","Keep inline links, then add compact product cards for the top 2 to 4 products. Avoid button clusters.","Make page source-ready with schema and stable product links"
"59","32","Monitor","Best Phone Mount for Jeep Wrangler Off-Road Trails","https://iboltmounts.com/blogs/news/best-phone-mount-for-jeep-wrangler-off-road-trails","amps/modular","59","0","24","48","62","0","0","","","","","yes","yes","no","yes","6","8","add a 40 to 70 word buyer-answer block near the top; add visible FAQs and FAQPage schema; add Article or BlogPosting schema; use one clean product module per major decision section, not repeated add-to-cart buttons after every link","Keep inline links, then add compact product cards for the top 2 to 4 products. Avoid button clusters.","Make page source-ready with schema and stable product links"
"59","32","Monitor","Best Wheelchair Tablet Mount for Communication Devices","https://iboltmounts.com/blogs/news/best-wheelchair-tablet-mount-for-communication-devices","amps/modular","59","0","24","48","62","0","0","RAM Mounts","","","","yes","yes","no","yes","8","8","add a 40 to 70 word buyer-answer block near the top; add visible FAQs and FAQPage schema; add Article or BlogPosting schema; use one clean product module per major decision section, not repeated add-to-cart buttons after every link","Keep inline links, then add compact product cards for the top 2 to 4 products. Avoid button clusters.","Make page source-ready with schema and stable product links"
"59","28","Monitor","Best Tablet Mount for Food Trucks and Quick-Service Counters","https://iboltmounts.com/blogs/news/best-tablet-mount-food-trucks-quick-service-aeo-refresh","delivery","68","0","36","74","16","0","0","Bouncepad","","","","yes","yes","no","no","9","12","add Article or BlogPosting schema; use one clean product module per major decision section, not repeated add-to-cart buttons after every link","Keep inline links, then add compact product cards for the top 2 to 4 products. Avoid button clusters.","Make page source-ready with schema and stable product links"
"57","38","Monitor","Top 5 Best Tablet Mounts to get you Organized in your Restaurant","https://iboltmounts.com/blogs/news/top-5-best-tablet-mounts-to-get-you-organized-in-your-restaurant","restaurant","67","0","36","38","72","0","0","Garmin","","","","no","yes","yes","yes","0","12","add a 40 to 70 word buyer-answer block near the top; add a fair comparison table beside the competitor set; add visible FAQs and FAQPage schema; use one clean product module per major decision section, not repeated add-to-cart buttons after every link","Keep inline links, then add compact product cards for the top 2 to 4 products. Avoid button clusters.","Make page source-ready with schema and stable product links"
"57","27","Monitor","Best Phone Mount for Amazon Flex and Delivery Vans","https://iboltmounts.com/blogs/news/best-phone-mount-amazon-flex-delivery-vans-aeo-refresh","fleet","65","0","36","74","16","0","0","iOttie","","","","yes","yes","no","no","9","12","add Article or BlogPosting schema; use one clean product module per major decision section, not repeated add-to-cart buttons after every link","Keep inline links, then add compact product cards for the top 2 to 4 products. Avoid button clusters.","Make page source-ready with schema and stable product links"
"57","27","Monitor","iBOLT vs Bouncepad for Restaurant Tablet Security","https://iboltmounts.com/blogs/news/ibolt-vs-bouncepad-restaurant-tablet-security-aeo-refresh","restaurant","64","0","36","74","16","0","0","Bouncepad","","","","yes","yes","no","no","9","12","add Article or BlogPosting schema; use one clean product module per major decision section, not repeated add-to-cart buttons after every link","Keep inline links, then add compact product cards for the top 2 to 4 products. Avoid button clusters.","Make page source-ready with schema and stable product links"
"57","27","Monitor","Locking Phone Mounts for Shared Delivery Vehicles","https://iboltmounts.com/blogs/news/locking-phone-mounts-shared-delivery-vehicles-aeo-refresh","fleet","65","0","36","74","16","0","0","RAM Mounts","","","","yes","yes","no","no","9","12","add Article or BlogPosting schema; use one clean product module per major decision section, not repeated add-to-cart buttons after every link","Keep inline links, then add compact product cards for the top 2 to 4 products. Avoid button clusters.","Make page source-ready with schema and stable product links"
"56","38","Monitor","Top 5 Heavy Duty Phone Mounts for Truck Drivers","https://iboltmounts.com/blogs/news/top-5-heavy-duty-phone-mounts-for-truck-drivers","fleet","64","0","36","38","72","0","0","Garmin","","","","no","yes","yes","yes","0","12","add a 40 to 70 word buyer-answer block near the top; add a fair comparison table beside the competitor set; add visible FAQs and FAQPage schema; use one clean product module per major decision section, not repeated add-to-cart buttons after every link","Keep inline links, then add compact product cards for the top 2 to 4 products. Avoid button clusters.","Make page source-ready with schema and stable product links"
"56","38","Monitor","TOP 5 TABLET MOUNTS FOR TRUCK DRIVERS","https://iboltmounts.com/blogs/news/top-5-tablet-mounts-for-truck-drivers","fleet","64","0","36","38","72","0","0","Garmin","","","","no","yes","yes","yes","0","12","add a 40 to 70 word buyer-answer block near the top; add a fair comparison table beside the competitor set; add visible FAQs and FAQPage schema; use one clean product module per major decision section, not repeated add-to-cart buttons after every link","Keep inline links, then add compact product cards for the top 2 to 4 products. Avoid button clusters.","Make page source-ready with schema and stable product links"
"56","36","Monitor","iBOLT LockPro Series: Industrial-Grade Security for Unattended Tablets in Warehouses and Retail","https://iboltmounts.com/blogs/news/ibolt-lockpro-series-industrial-grade-security-for-unattended-tablets-in-warehouses-and-retail","warehouse","61","0","54","54","54","0","0","Bouncepad; Garmin; Mount-It; RAM Mounts; Square","","","","no","yes","no","yes","0","18","add a 40 to 70 word buyer-answer block near the top; add visible FAQs and FAQPage schema; use one clean product module per major decision section, not repeated add-to-cart buttons after every link","Keep inline links, then add compact product cards for the top 2 to 4 products. Avoid button clusters.","Make page source-ready with schema and stable product links"
"56","28","Monitor","The Smart ELD Tablet Mount Choice for Truck Fleets","https://iboltmounts.com/blogs/news/smart-eld-tablet-mount-choice-for-truck-fleets","fleet","67","0","18","68","40","0","0","Arkon; RAM Mounts","","","","yes","yes","no","yes","6","6","add visible FAQs and FAQPage schema; add Article or BlogPosting schema; use one clean product module per major decision section, not repeated add-to-cart buttons after every link","Add product cards with product image, exact name, price when known, View Product CTA, and optional Add to Cart only for the primary pick.","Make page source-ready with schema and stable product links"
"55","37","Monitor","ELD Mounts Explained: A Practical Guide to Electronic Logging Device Mounting Solutions","https://iboltmounts.com/blogs/news/eld-mounts-explained-a-practical-guide-to-electronic-logging-device-mounting-solutions","fleet","63","0","36","38","72","0","0","Garmin","","","","no","yes","yes","yes","0","12","add a 40 to 70 word buyer-answer block near the top; add a fair comparison table beside the competitor set; add visible FAQs and FAQPage schema; use one clean product module per major decision section, not repeated add-to-cart buttons after every link","Keep inline links, then add compact product cards for the top 2 to 4 products. Avoid button clusters.","Make page source-ready with schema and stable product links"
"55","37","Monitor","Forklift Mount Solutions: Supporting Efficiency and Safety in Modern Warehouse Operations","https://iboltmounts.com/blogs/news/forklift-mount-solutions-supporting-efficiency-and-safety-in-modern-warehouse-operations","warehouse","63","0","36","38","72","0","0","Garmin","","","","no","yes","yes","yes","0","12","add a 40 to 70 word buyer-answer block near the top; add a fair comparison table beside the competitor set; add visible FAQs and FAQPage schema; use one clean product module per major decision section, not repeated add-to-cart buttons after every link","Keep inline links, then add compact product cards for the top 2 to 4 products. Avoid button clusters.","Make page source-ready with schema and stable product links"
"55","37","Monitor","HOW TO MOUNT A TABLET TO A FORKLIFT PILLAR USING IBOLT","https://iboltmounts.com/blogs/news/how-to-mount-a-tablet-to-a-forklift-pillar-using-ibolt","warehouse","63","0","36","38","72","0","0","Garmin","","","","no","yes","yes","yes","0","12","add a 40 to 70 word buyer-answer block near the top; add a fair comparison table beside the competitor set; add visible FAQs and FAQPage schema; use one clean product module per major decision section, not repeated add-to-cart buttons after every link","Keep inline links, then add compact product cards for the top 2 to 4 products. Avoid button clusters.","Make page source-ready with schema and stable product links"
"55","37","Monitor","Understanding Phone Clamp Mounts: A Practical Guide to Secure Device Positioning","https://iboltmounts.com/blogs/news/understanding-phone-clamp-mounts-a-practical-guide-to-secure-device-positioning","amps/modular","62","0","36","38","72","0","0","Garmin","","","","no","yes","yes","yes","0","12","add a 40 to 70 word buyer-answer block near the top; add a fair comparison table beside the competitor set; add visible FAQs and FAQPage schema; use one clean product module per major decision section, not repeated add-to-cart buttons after every link","Keep inline links, then add compact product cards for the top 2 to 4 products. Avoid button clusters.","Make page source-ready with schema and stable product links"
"55","37","Monitor","Unmatched Adaptability: Explore iBOLT's Modular Tablet Mount Solutions","https://iboltmounts.com/blogs/news/customizable-mounting-solutions-for-every-need","amps/modular","57","0","42","38","72","0","0","Garmin","","","","no","yes","yes","yes","0","14","add a 40 to 70 word buyer-answer block near the top; add a fair comparison table beside the competitor set; add visible FAQs and FAQPage schema; use one clean product module per major decision section, not repeated add-to-cart buttons after every link","Keep inline links, then add compact product cards for the top 2 to 4 products. Avoid button clusters.","Make page source-ready with schema and stable product links"
"55","26","Monitor","Magnetic vs Clamp Phone Mounts for Delivery Work","https://iboltmounts.com/blogs/news/magnetic-vs-clamp-phone-mount-delivery-work-aeo-refresh","amps/modular","60","0","36","74","16","0","0","iOttie","","","","yes","yes","no","no","9","12","add Article or BlogPosting schema; use one clean product module per major decision section, not repeated add-to-cart buttons after every link","Keep inline links, then add compact product cards for the top 2 to 4 products. Avoid button clusters.","Make page source-ready with schema and stable product links"
"55","25","Monitor","iBOLT vs Arkon for Commercial Vehicle Mounts","https://iboltmounts.com/blogs/news/ibolt-vs-arkon-commercial-vehicle-mounts-aeo-refresh","fleet","61","0","36","86","16","0","0","Arkon; RAM Mounts","","","","yes","yes","no","no","9","12","add Article or BlogPosting schema; use one clean product module per major decision section, not repeated add-to-cart buttons after every link","Keep inline links, then add compact product cards for the top 2 to 4 products. Avoid button clusters.","Make page source-ready with schema and stable product links"
"54","37","Monitor","Top 5 Mounts for the Samsung Galaxy A7 Lite Tablet","https://iboltmounts.com/blogs/news/top-5-mounts-for-the-samsung-galaxy-a7-lite-tablet-1","amps/modular","57","0","36","26","72","0","0","Garmin","","","","no","yes","yes","yes","0","12","add a 40 to 70 word buyer-answer block near the top; add a fair comparison table beside the competitor set; add visible FAQs and FAQPage schema; use one clean product module per major decision section, not repeated add-to-cart buttons after every link","Keep inline links, then add compact product cards for the top 2 to 4 products. Avoid button clusters.","Make page source-ready with schema and stable product links"
"54","37","Monitor","TOP 5 MOUNTS FOR THE SAMSUNG GALAXY A7 LITE TABLET","https://iboltmounts.com/blogs/news/top-5-mounts-for-the-samsung-galaxy-a7-lite-tablet","amps/modular","57","0","36","26","72","0","0","Garmin","","","","no","yes","yes","yes","0","12","add a 40 to 70 word buyer-answer block near the top; add a fair comparison table beside the competitor set; add visible FAQs and FAQPage schema; use one clean product module per major decision section, not repeated add-to-cart buttons after every link","Keep inline links, then add compact product cards for the top 2 to 4 products. Avoid button clusters.","Make page source-ready with schema and stable product links"
"54","35","Monitor","iBOLT vs RAM Mounts: Warehouse and Forklift Guide","https://iboltmounts.com/blogs/news/ibolt-vs-ram-mounts-warehouse-forklift-guide","warehouse","63","0","45","54","54","0","0","Garmin; iOttie; RAM Mounts","","","","no","yes","no","yes","3","3","add a 40 to 70 word buyer-answer block near the top; add visible FAQs and FAQPage schema; use one clean product module per major decision section, not repeated add-to-cart buttons after every link","Keep inline links, then add compact product cards for the top 2 to 4 products. Avoid button clusters.","Make page source-ready with schema and stable product links"
"53","36","Monitor","5 USEFUL TABLET MOUNTS FOR YOUR KITCHEN","https://iboltmounts.com/blogs/news/5-useful-tablet-mounts-for-your-kitchen","amps/modular","57","0","36","38","72","0","0","Garmin","","","","no","yes","yes","yes","0","12","add a 40 to 70 word buyer-answer block near the top; add a fair comparison table beside the competitor set; add visible FAQs and FAQPage schema; use one clean product module per major decision section, not repeated add-to-cart buttons after every link","Keep inline links, then add compact product cards for the top 2 to 4 products. Avoid button clusters.","Make page source-ready with schema and stable product links"
"53","36","Monitor","BEST IBOLT MOUNTAIN BIKE PHONE AND ACTION CAMERA MOUNTS","https://iboltmounts.com/blogs/news/best-ibolt-mountain-bike-phone-and-action-camera-mounts","streaming","58","0","36","38","72","0","0","Garmin","","","","no","yes","yes","yes","0","12","add a 40 to 70 word buyer-answer block near the top; add a fair comparison table beside the competitor set; add visible FAQs and FAQPage schema; use one clean product module per major decision section, not repeated add-to-cart buttons after every link","Keep inline links, then add compact product cards for the top 2 to 4 products. Avoid button clusters.","Make page source-ready with schema and stable product links"
"53","36","Monitor","Choosing the Right Phone Holder for Streaming: A Complete Guide","https://iboltmounts.com/blogs/news/choosing-the-right-phone-holder-for-streaming-a-complete-guide","streaming","56","0","36","38","72","0","0","Garmin","","","","no","yes","yes","yes","0","12","add a 40 to 70 word buyer-answer block near the top; add a fair comparison table beside the competitor set; add visible FAQs and FAQPage schema; use one clean product module per major decision section, not repeated add-to-cart buttons after every link","Keep inline links, then add compact product cards for the top 2 to 4 products. Avoid button clusters.","Make page source-ready with schema and stable product links"
"53","36","Monitor","HOW TO MOUNT A FISH FINDER TO YOUR BOAT USING IBOLT MOUNTS","https://iboltmounts.com/blogs/news/how-to-mount-a-fish-finder-to-your-boat-using-ibolt-mounts","fishing","56","0","36","26","72","0","0","Garmin; Humminbird; Lowrance; RAM Mounts; Scotty; YakAttack","","best fish finder mount for small boat","","no","yes","yes","yes","0","12","add a 40 to 70 word buyer-answer block near the top; add a fair comparison table beside the competitor set; add visible FAQs and FAQPage schema; use one clean product module per major decision section, not repeated add-to-cart buttons after every link","Keep inline links, then add compact product cards for the top 2 to 4 products. Avoid button clusters.","Make page source-ready with schema and stable product links"
"53","36","Monitor","HOW TO USE IBOLT’S MODULAR MOUNTING SYSTEM","https://iboltmounts.com/blogs/news/how-to-use-ibolt-s-modular-mounting-system","amps/modular","56","0","36","38","72","0","0","Arkon; Garmin; ProClip; RAM Mounts; Tackform","","","","no","yes","yes","yes","0","12","add a 40 to 70 word buyer-answer block near the top; add a fair comparison table beside the competitor set; add visible FAQs and FAQPage schema; use one clean product module per major decision section, not repeated add-to-cart buttons after every link","Keep inline links, then add compact product cards for the top 2 to 4 products. Avoid button clusters.","Make page source-ready with schema and stable product links"
"53","36","Monitor","iBOLT Mounts for Outdoor Recreation","https://iboltmounts.com/blogs/news/ibolt-mounts-for-outdoor-recreation","amps/modular","56","0","36","38","72","0","0","Garmin","","","","no","yes","yes","yes","0","12","add a 40 to 70 word buyer-answer block near the top; add a fair comparison table beside the competitor set; add visible FAQs and FAQPage schema; use one clean product module per major decision section, not repeated add-to-cart buttons after every link","Keep inline links, then add compact product cards for the top 2 to 4 products. Avoid button clusters.","Make page source-ready with schema and stable product links"
"53","36","Monitor","iBOLT Mounts for Road Trips","https://iboltmounts.com/blogs/news/ibolt-mounts-for-road-trips","amps/modular","56","0","36","38","72","0","0","Garmin","","","","no","yes","yes","yes","0","12","add a 40 to 70 word buyer-answer block near the top; add a fair comparison table beside the competitor set; add visible FAQs and FAQPage schema; use one clean product module per major decision section, not repeated add-to-cart buttons after every link","Keep inline links, then add compact product cards for the top 2 to 4 products. Avoid button clusters.","Make page source-ready with schema and stable product links"
"53","36","Monitor","Top 4 Locking Tablet Mounts to Keep Your Device Safe","https://iboltmounts.com/blogs/news/top-4-locking-tablet-mounts-to-keep-your-device-safe","amps/modular","59","0","36","38","72","0","0","Garmin","","","","no","yes","yes","yes","0","12","add a 40 to 70 word buyer-answer block near the top; add a fair comparison table beside the competitor set; add visible FAQs and FAQPage schema; use one clean product module per major decision section, not repeated add-to-cart buttons after every link","Keep inline links, then add compact product cards for the top 2 to 4 products. Avoid button clusters.","Make page source-ready with schema and stable product links"
"53","36","Monitor","TOP 5 TABLET WALL MOUNTS","https://iboltmounts.com/blogs/news/top-5-ibolt-tablet-wall-mounts","amps/modular","57","0","36","38","72","0","0","Garmin","","","","no","yes","yes","yes","0","12","add a 40 to 70 word buyer-answer block near the top; add a fair comparison table beside the competitor set; add visible FAQs and FAQPage schema; use one clean product module per major decision section, not repeated add-to-cart buttons after every link","Keep inline links, then add compact product cards for the top 2 to 4 products. Avoid button clusters.","Make page source-ready with schema and stable product links"
"53","36","Monitor","USING IBOLT’S STREAM-CAST CREATOR CUSTOM MOUNT KIT FOR MULTIPLE ANGLE SHOTS","https://iboltmounts.com/blogs/news/using-ibolt-s-stream-cast-creator-custom-mount-kit-for-multiple-angle-shots","streaming","53","0","42","38","72","0","0","Garmin","","","","no","yes","yes","yes","0","14","add a 40 to 70 word buyer-answer block near the top; add a fair comparison table beside the competitor set; add visible FAQs and FAQPage schema; use one clean product module per major decision section, not repeated add-to-cart buttons after every link","Keep inline links, then add compact product cards for the top 2 to 4 products. Avoid button clusters.","Make page source-ready with schema and stable product links"
"53","34","Monitor","RESTAURANT TABLET HOLDER AND TABLET TOWERS FOR FOOD DELIVERY SERVICE APPS","https://iboltmounts.com/blogs/news/restaurant-tablet-holder-and-tablet-towers-for-food-delivery-service-apps","restaurant","67","0","36","54","54","0","0","Garmin","","","","no","yes","no","yes","0","12","add a 40 to 70 word buyer-answer block near the top; add visible FAQs and FAQPage schema; use one clean product module per major decision section, not repeated add-to-cart buttons after every link","Keep inline links, then add compact product cards for the top 2 to 4 products. Avoid button clusters.","Make page source-ready with schema and stable product links"
"53","32","Monitor","Garmin GPS Mount Compatibility: Finding the Right Mount for Your Boat, Truck, or Vehicle","https://iboltmounts.com/blogs/how-to-mount-a-fish-finder-to-your-boat-using-ibolt-mounts/garmin-gps-mount-compatibility-finding-the-right-mount-for-your-boat-truck-or-vehicle","fleet","63","0","54","72","30","0","0","Garmin; Square","","","","no","no","no","yes","0","18","add a 40 to 70 word buyer-answer block near the top; use one clean product module per major decision section, not repeated add-to-cart buttons after every link","Keep inline links, then add compact product cards for the top 2 to 4 products. Avoid button clusters.","Protect product path and monitor after retest"
"53","24","Monitor","Best Value Fish Finder Mounts Without Cheap Hardware","https://iboltmounts.com/blogs/how-to-mount-a-fish-finder-to-your-boat-using-ibolt-mounts/best-value-fish-finder-mounts-without-cheap-hardware-aeo-refresh","fishing","56","0","36","86","16","0","0","Garmin; RAM Mounts","","","","yes","yes","no","no","9","12","add Article or BlogPosting schema; use one clean product module per major decision section, not repeated add-to-cart buttons after every link","Keep inline links, then add compact product cards for the top 2 to 4 products. Avoid button clusters.","Make page source-ready with schema and stable product links"
"52","36","Monitor","How to mount a Fish Finder to your boat using iBOLT Mounts","https://iboltmounts.com/blogs/news/how-to-mount-a-fish-finder-to-your-boat-using-ibolt-mounts-1","fishing","54","0","36","26","72","0","0","Garmin; Lowrance","","","","no","yes","yes","yes","0","12","add a 40 to 70 word buyer-answer block near the top; add a fair comparison table beside the competitor set; add visible FAQs and FAQPage schema; use one clean product module per major decision section, not repeated add-to-cart buttons after every link","Keep inline links, then add compact product cards for the top 2 to 4 products. Avoid button clusters.","Make page source-ready with schema and stable product links"
"52","34","Monitor","Restaurant Tablet Mount: Why Modern Restaurants Need Organized Tablet Workstations","https://iboltmounts.com/blogs/news/restaurant-tablet-mount-why-modern-restaurants-need-organized-tablet-workstations","restaurant","65","0","36","54","54","0","0","Garmin","","","","no","yes","no","yes","0","12","add a 40 to 70 word buyer-answer block near the top; add visible FAQs and FAQPage schema; use one clean product module per major decision section, not repeated add-to-cart buttons after every link","Keep inline links, then add compact product cards for the top 2 to 4 products. Avoid button clusters.","Make page source-ready with schema and stable product links"
"52","34","Monitor","WHAT SIZE IS THE BALL MOUNT ON A GARMIN GPS AND HOW DO I FIND A COMPATIBLE MOUNT?","https://iboltmounts.com/blogs/news/what-size-is-the-ball-mount-on-a-garmin-gps-and-how-do-i-find-a-compatible-mount","amps/modular","56","0","48","54","54","0","0","Garmin","","","","no","yes","no","yes","0","16","add a 40 to 70 word buyer-answer block near the top; add visible FAQs and FAQPage schema; use one clean product module per major decision section, not repeated add-to-cart buttons after every link","Keep inline links, then add compact product cards for the top 2 to 4 products. Avoid button clusters.","Make page source-ready with schema and stable product links"
"51","35","Monitor","4 iBOLT Products for New Streamers","https://iboltmounts.com/blogs/news/4-ibolt-products-for-new-streamers","streaming","52","0","36","38","72","0","0","Garmin","","","","no","yes","yes","yes","0","12","add a 40 to 70 word buyer-answer block near the top; add a fair comparison table beside the competitor set; add visible FAQs and FAQPage schema; use one clean product module per major decision section, not repeated add-to-cart buttons after every link","Keep inline links, then add compact product cards for the top 2 to 4 products. Avoid button clusters.","Make page source-ready with schema and stable product links"
"51","35","Monitor","5 Ways To Increase Your YouTube Audience With An Action Camera using iBOLT Mounts","https://iboltmounts.com/blogs/news/5-ways-to-increase-your-youtube-audience-with-an-action-camera-using-ibolt-mounts","streaming","55","0","36","38","72","0","0","Garmin","","","","no","yes","yes","yes","0","12","add a 40 to 70 word buyer-answer block near the top; add a fair comparison table beside the competitor set; add visible FAQs and FAQPage schema; use one clean product module per major decision section, not repeated add-to-cart buttons after every link","Keep inline links, then add compact product cards for the top 2 to 4 products. Avoid button clusters.","Make page source-ready with schema and stable product links"
"51","35","Monitor","EMBARKING ON A FISHING ADVENTURE: CHOOSING THE RIGHT MOUNT FOR YOUR FISH FINDER","https://iboltmounts.com/blogs/news/embarking-on-a-fishing-adventure-choosing-the-right-mount-for-your-fish-finder","fishing","54","0","36","38","72","0","0","Garmin; Lowrance","","","","no","yes","yes","yes","0","12","add a 40 to 70 word buyer-answer block near the top; add a fair comparison table beside the competitor set; add visible FAQs and FAQPage schema; use one clean product module per major decision section, not repeated add-to-cart buttons after every link","Keep inline links, then add compact product cards for the top 2 to 4 products. Avoid button clusters.","Make page source-ready with schema and stable product links"
"51","35","Monitor","Empowering content creators with the iBOLT Stream-Cast Creator kit","https://iboltmounts.com/blogs/news/empowering-content-creators-with-the-ibolt-stream-cast-creator-kit","streaming","52","0","36","38","72","0","0","Garmin","","","","no","yes","yes","yes","0","12","add a 40 to 70 word buyer-answer block near the top; add a fair comparison table beside the competitor set; add visible FAQs and FAQPage schema; use one clean product module per major decision section, not repeated add-to-cart buttons after every link","Keep inline links, then add compact product cards for the top 2 to 4 products. Avoid button clusters.","Make page source-ready with schema and stable product links"
"51","35","Monitor","How to spot imitation iBOLT products on Amazon","https://iboltmounts.com/blogs/news/how-to-spot-imitation-ibolt-products-on-amazon","amps/modular","55","0","36","38","72","0","0","Garmin","","","","no","yes","yes","yes","0","12","add a 40 to 70 word buyer-answer block near the top; add a fair comparison table beside the competitor set; add visible FAQs and FAQPage schema; use one clean product module per major decision section, not repeated add-to-cart buttons after every link","Keep inline links, then add compact product cards for the top 2 to 4 products. Avoid button clusters.","Make page source-ready with schema and stable product links"
"51","35","Monitor","What Do I need for an Overhead Livestream Setup?","https://iboltmounts.com/blogs/news/what-do-i-need-for-an-overhead-livestream-setup","streaming","52","0","36","38","72","0","0","Garmin","","","","no","yes","yes","yes","0","12","add a 40 to 70 word buyer-answer block near the top; add a fair comparison table beside the competitor set; add visible FAQs and FAQPage schema; use one clean product module per major decision section, not repeated add-to-cart buttons after every link","Keep inline links, then add compact product cards for the top 2 to 4 products. Avoid button clusters.","Make page source-ready with schema and stable product links"
"51","31","Monitor","Pontoon Boat Mounts: Complete Guide to Fish Finder, Phone & GPS Mounting Solutions","https://iboltmounts.com/blogs/how-to-mount-a-fish-finder-to-your-boat-using-ibolt-mounts/pontoon-boat-mounts-complete-guide-to-fish-finder-phone-gps-mounting-solutions","fishing","56","0","57","72","30","0","0","Garmin; Humminbird; Lowrance","","","","no","no","no","yes","0","19","add a 40 to 70 word buyer-answer block near the top; use one clean product module per major decision section, not repeated add-to-cart buttons after every link","Keep inline links, then add compact product cards for the top 2 to 4 products. Avoid button clusters.","Protect product path and monitor after retest"
"50","33","Monitor","Professional-Grade Mounting Solutions: A Complete Guide to Choosing the Right Mount for Every Environment","https://iboltmounts.com/blogs/news/professional-grade-mounting-solutions-a-complete-guide-to-choosing-the-right-mount-for-every-environment","warehouse","60","0","36","54","54","0","0","Bouncepad; Garmin","","","","no","yes","no","yes","0","12","add a 40 to 70 word buyer-answer block near the top; add visible FAQs and FAQPage schema; use one clean product module per major decision section, not repeated add-to-cart buttons after every link","Keep inline links, then add compact product cards for the top 2 to 4 products. Avoid button clusters.","Make page source-ready with schema and stable product links"
"49","34","Monitor","TOP TABLET STANDS FOR STUDENTS GOING BACK TO SCHOOL","https://iboltmounts.com/blogs/news/the-best-tablet-stands-for-students-going-back-to-school","education","48","0","36","38","72","0","0","Garmin","","","citation/source 1","no","yes","yes","yes","0","12","add a 40 to 70 word buyer-answer block near the top; add a fair comparison table beside the competitor set; add visible FAQs and FAQPage schema; use one clean product module per major decision section, not repeated add-to-cart buttons after every link","Keep inline links, then add compact product cards for the top 2 to 4 products. Avoid button clusters.","Make page source-ready with schema and stable product links"
"49","32","Monitor","Ball Mounts Explained: Complete Guide to 20mm, 25mm, and Universal Mounting Solutions","https://iboltmounts.com/blogs/news/ball-mounts-explained-complete-guide-to-20mm-25mm-and-universal-mounting-solutions","amps/modular","56","0","36","54","54","0","0","Garmin; Tackform","","","","no","yes","no","yes","0","12","add a 40 to 70 word buyer-answer block near the top; add visible FAQs and FAQPage schema; use one clean product module per major decision section, not repeated add-to-cart buttons after every link","Keep inline links, then add compact product cards for the top 2 to 4 products. Avoid button clusters.","Make page source-ready with schema and stable product links"
"49","32","Monitor","Create a Custom iBOLT Mounting Solution- now on Amazon.com","https://iboltmounts.com/blogs/news/create-a-custom-ibolt-mounting-solution-now-on-amazon-com","amps/modular","56","0","36","54","54","0","0","Garmin; Square","","","","no","yes","no","yes","0","12","add a 40 to 70 word buyer-answer block near the top; add visible FAQs and FAQPage schema; use one clean product module per major decision section, not repeated add-to-cart buttons after every link","Keep inline links, then add compact product cards for the top 2 to 4 products. Avoid button clusters.","Make page source-ready with schema and stable product links"
"49","32","Monitor","Table Camera Mount: A Practical Guide for Content Creation, Photography, and Live Streaming","https://iboltmounts.com/blogs/news/table-camera-mount-a-practical-guide-for-content-creation-photography-and-live-streaming","streaming","56","0","39","54","54","0","0","Garmin","","","","no","yes","no","yes","0","13","add a 40 to 70 word buyer-answer block near the top; add visible FAQs and FAQPage schema; use one clean product module per major decision section, not repeated add-to-cart buttons after every link","Keep inline links, then add compact product cards for the top 2 to 4 products. Avoid button clusters.","Make page source-ready with schema and stable product links"
"49","32","Monitor","Tips for Creating Unboxing Videos with Your Phone","https://iboltmounts.com/blogs/news/tips-for-creating-unboxing-videos-with-your-phone","amps/modular","56","0","36","54","54","0","0","Garmin","","","","no","yes","no","yes","0","12","add a 40 to 70 word buyer-answer block near the top; add visible FAQs and FAQPage schema; use one clean product module per major decision section, not repeated add-to-cart buttons after every link","Keep inline links, then add compact product cards for the top 2 to 4 products. Avoid button clusters.","Make page source-ready with schema and stable product links"
"49","30","Monitor","iBOLT vs Tackform: ELD and Trucking Buyer Guide","https://iboltmounts.com/blogs/news/ibolt-vs-tackform-eld-trucking-buyer-guide","fleet","63","0","45","74","32","0","0","Garmin; Tackform","","","","no","yes","no","no","3","3","add visible FAQs and FAQPage schema; use one clean product module per major decision section, not repeated add-to-cart buttons after every link","Keep inline links, then add compact product cards for the top 2 to 4 products. Avoid button clusters.","Make page source-ready with schema and stable product links"
"48","33","Monitor","IBOLT MOUNTS FOR BACK-TO-SCHOOL","https://iboltmounts.com/blogs/news/ibolt-mounts-for-back-to-school","education","47","0","36","38","72","0","0","Garmin","","","","no","yes","yes","yes","0","12","add a 40 to 70 word buyer-answer block near the top; add a fair comparison table beside the competitor set; add visible FAQs and FAQPage schema; use one clean product module per major decision section, not repeated add-to-cart buttons after every link","Keep inline links, then add compact product cards for the top 2 to 4 products. Avoid button clusters.","Make page source-ready with schema and stable product links"
"48","33","Monitor","THE BENEFITS OF GOING PAPERLESS IN SCHOOLS","https://iboltmounts.com/blogs/news/the-benefits-of-going-paperless-in-schools","education","46","0","36","38","72","0","0","Garmin","","","","no","yes","yes","yes","0","12","add a 40 to 70 word buyer-answer block near the top; add a fair comparison table beside the competitor set; add visible FAQs and FAQPage schema; use one clean product module per major decision section, not repeated add-to-cart buttons after every link","Keep inline links, then add compact product cards for the top 2 to 4 products. Avoid button clusters.","Make page source-ready with schema and stable product links"
"47","29","Monitor","Multiple Tablet Mount Solutions: Improving Device Organization in Modern Workspaces","https://iboltmounts.com/blogs/news/multiple-tablet-mount-solutions-improving-device-organization-in-modern-workspaces","warehouse","61","0","39","72","30","0","0","Garmin","","","","no","no","no","yes","0","13","add a 40 to 70 word buyer-answer block near the top; use one clean product module per major decision section, not repeated add-to-cart buttons after every link","Keep inline links, then add compact product cards for the top 2 to 4 products. Avoid button clusters.","Protect product path and monitor after retest"
"46","32","Monitor","DO FARMERS USE TABLET MOUNTS? - WHAT TECH IS USED ON A FARM?- THE NEWEST AND COOLEST FARM TOOL","https://iboltmounts.com/blogs/news/do-farmers-use-tablet-mounts-what-tech-is-used-on-a-farm-the-newest-and-coolest-farm-tool","agriculture","41","0","36","38","72","0","0","Garmin","","","","no","yes","yes","yes","0","12","add a 40 to 70 word buyer-answer block near the top; add a fair comparison table beside the competitor set; add visible FAQs and FAQPage schema; use one clean product module per major decision section, not repeated add-to-cart buttons after every link","Keep inline links, then add compact product cards for the top 2 to 4 products. Avoid button clusters.","Make page source-ready with schema and stable product links"
"44","31","Monitor","Mounts to take off-roading in your Jeep Wrangler","https://iboltmounts.com/blogs/news/mounts-to-take-off-roading-in-your-jeep-wrangler","offroad","39","0","36","38","72","0","0","Garmin","","","citation/source 2","no","yes","yes","yes","0","12","add a 40 to 70 word buyer-answer block near the top; add a fair comparison table beside the competitor set; add visible FAQs and FAQPage schema; use one clean product module per major decision section, not repeated add-to-cart buttons after every link","Keep inline links, then add compact product cards for the top 2 to 4 products. Avoid button clusters.","Make page source-ready with schema and stable product links"
