type,severity_score,severity,issue,title,public_url,message
"product","24","medium","long_meta_description","iBOLT TabDock™ Bizmount™ Metal AMPs","https://iboltmounts.com/products/ibolt-tabdock-bizmount-metal-amps","Meta description is 255 characters."
"product","24","high","thin_content","iBOLT TabDock™ Bizmount™ Metal AMPs","https://iboltmounts.com/products/ibolt-tabdock-bizmount-metal-amps","product body has 31 words; target is at least 80."
"product","24","critical","missing_product_schema","iBOLT TabDock™ Bizmount™ Metal AMPs","https://iboltmounts.com/products/ibolt-tabdock-bizmount-metal-amps","Product page does not expose Product JSON-LD."
"product","24","high","missing_offer_schema","iBOLT TabDock™ Bizmount™ Metal AMPs","https://iboltmounts.com/products/ibolt-tabdock-bizmount-metal-amps","Product page does not expose Offer schema."
"product","24","medium","missing_product_type","iBOLT TabDock™ Bizmount™ Metal AMPs","https://iboltmounts.com/products/ibolt-tabdock-bizmount-metal-amps","Product type is empty."
"product","23","medium","long_meta_description","iBOLT TabDock™ IncrediBOLT™ AMPS w/ 4.25” Dual Socket Arm Drill Base","https://iboltmounts.com/products/ibolt-tabdock-dynamount-amps-w-4-25-dual-socket-arm-drill-base","Meta description is 351 characters."
"product","23","medium","thin_content","iBOLT TabDock™ IncrediBOLT™ AMPS w/ 4.25” Dual Socket Arm Drill Base","https://iboltmounts.com/products/ibolt-tabdock-dynamount-amps-w-4-25-dual-socket-arm-drill-base","product body has 69 words; target is at least 80."
"product","23","critical","missing_product_schema","iBOLT TabDock™ IncrediBOLT™ AMPS w/ 4.25” Dual Socket Arm Drill Base","https://iboltmounts.com/products/ibolt-tabdock-dynamount-amps-w-4-25-dual-socket-arm-drill-base","Product page does not expose Product JSON-LD."
"product","23","high","missing_offer_schema","iBOLT TabDock™ IncrediBOLT™ AMPS w/ 4.25” Dual Socket Arm Drill Base","https://iboltmounts.com/products/ibolt-tabdock-dynamount-amps-w-4-25-dual-socket-arm-drill-base","Product page does not expose Offer schema."
"product","23","medium","missing_product_type","iBOLT TabDock™ IncrediBOLT™ AMPS w/ 4.25” Dual Socket Arm Drill Base","https://iboltmounts.com/products/ibolt-tabdock-dynamount-amps-w-4-25-dual-socket-arm-drill-base","Product type is empty."
"product","23","medium","missing_product_tags","iBOLT TabDock™ IncrediBOLT™ AMPS w/ 4.25” Dual Socket Arm Drill Base","https://iboltmounts.com/products/ibolt-tabdock-dynamount-amps-w-4-25-dual-socket-arm-drill-base","Product tags are empty."
"product","21","medium","long_meta_title","iBOLT Tablet Tower- TabDock™ POS Wall Mount - with 4 Tablet Holders","https://iboltmounts.com/products/ibolt-tabdock-point-of-purchase-pos-wall-mount-with-4-tablet-holders","Public title is 112 characters."
"product","21","medium","long_meta_description","iBOLT Tablet Tower- TabDock™ POS Wall Mount - with 4 Tablet Holders","https://iboltmounts.com/products/ibolt-tabdock-point-of-purchase-pos-wall-mount-with-4-tablet-holders","Meta description is 213 characters."
"product","21","critical","missing_product_schema","iBOLT Tablet Tower- TabDock™ POS Wall Mount - with 4 Tablet Holders","https://iboltmounts.com/products/ibolt-tabdock-point-of-purchase-pos-wall-mount-with-4-tablet-holders","Product page does not expose Product JSON-LD."
"product","21","high","missing_offer_schema","iBOLT Tablet Tower- TabDock™ POS Wall Mount - with 4 Tablet Holders","https://iboltmounts.com/products/ibolt-tabdock-point-of-purchase-pos-wall-mount-with-4-tablet-holders","Product page does not expose Offer schema."
"product","21","medium","missing_product_type","iBOLT Tablet Tower- TabDock™ POS Wall Mount - with 4 Tablet Holders","https://iboltmounts.com/products/ibolt-tabdock-point-of-purchase-pos-wall-mount-with-4-tablet-holders","Product type is empty."
"product","21","medium","long_meta_title","iBOLT™ Tablet Tower- TabDock™ POS Clamp Mount - with 5 Tablet Holders","https://iboltmounts.com/products/multi-tablet-stand-five-holders-restaurant-point-of-sale-purchase-ipad-ibrt-34706","Public title is 175 characters."
"product","21","medium","long_meta_description","iBOLT™ Tablet Tower- TabDock™ POS Clamp Mount - with 5 Tablet Holders","https://iboltmounts.com/products/multi-tablet-stand-five-holders-restaurant-point-of-sale-purchase-ipad-ibrt-34706","Meta description is 269 characters."
"product","21","critical","missing_product_schema","iBOLT™ Tablet Tower- TabDock™ POS Clamp Mount - with 5 Tablet Holders","https://iboltmounts.com/products/multi-tablet-stand-five-holders-restaurant-point-of-sale-purchase-ipad-ibrt-34706","Product page does not expose Product JSON-LD."
"product","21","high","missing_offer_schema","iBOLT™ Tablet Tower- TabDock™ POS Clamp Mount - with 5 Tablet Holders","https://iboltmounts.com/products/multi-tablet-stand-five-holders-restaurant-point-of-sale-purchase-ipad-ibrt-34706","Product page does not expose Offer schema."
"product","21","medium","missing_product_type","iBOLT™ Tablet Tower- TabDock™ POS Clamp Mount - with 5 Tablet Holders","https://iboltmounts.com/products/multi-tablet-stand-five-holders-restaurant-point-of-sale-purchase-ipad-ibrt-34706","Product type is empty."
"page","19","high","missing_meta_description","Customer Support","https://iboltmounts.com/pages/contact","Missing meta description."
"page","19","high","h1_count","Customer Support","https://iboltmounts.com/pages/contact","Expected one H1, found 0."
"page","19","high","thin_content","Customer Support","https://iboltmounts.com/pages/contact","page body has 0 words; target is at least 450."
"page","19","medium","weak_heading_structure","Customer Support","https://iboltmounts.com/pages/contact","Only 1 H2 headings found."
"page","19","medium","missing_visible_faq","Customer Support","https://iboltmounts.com/pages/contact","No visible FAQ section detected."
"product","18","low","public_fetch","Build Your Own Mount","https://iboltmounts.com/products/build-your-own-mount","Public URL returned 429 during audit; excluded from public template/schema scoring to avoid false SEO failures."
"product","18","high","thin_content","Build Your Own Mount","https://iboltmounts.com/products/build-your-own-mount","product body has 25 words; target is at least 80."
"product","18","high","product_no_images","Build Your Own Mount","https://iboltmounts.com/products/build-your-own-mount","Product has no images in Shopify Admin."
"product","18","medium","missing_product_tags","Build Your Own Mount","https://iboltmounts.com/products/build-your-own-mount","Product tags are empty."
"product","18","high","missing_variant_price","Build Your Own Mount","https://iboltmounts.com/products/build-your-own-mount","No variant has a positive price."
"article","16","medium","long_meta_description","Confused about the ELD Mandate?","https://iboltmounts.com/blogs/news/confused-about-the-eld-mandate","Meta description is 320 characters."
"article","16","high","thin_content","Confused about the ELD Mandate?","https://iboltmounts.com/blogs/news/confused-about-the-eld-mandate","article body has 489 words; target is at least 750."
"article","16","medium","weak_heading_structure","Confused about the ELD Mandate?","https://iboltmounts.com/blogs/news/confused-about-the-eld-mandate","Only 1 H2 headings found."
"article","16","medium","missing_visible_faq","Confused about the ELD Mandate?","https://iboltmounts.com/blogs/news/confused-about-the-eld-mandate","No visible FAQ section detected."
"article","16","medium","body_images_missing_alt","Confused about the ELD Mandate?","https://iboltmounts.com/blogs/news/confused-about-the-eld-mandate","1 of 1 body images are missing alt text."
"article","16","medium","article_no_product_links","Confused about the ELD Mandate?","https://iboltmounts.com/blogs/news/confused-about-the-eld-mandate","Article body has no product links."
"article","16","low","article_no_add_to_cart","Confused about the ELD Mandate?","https://iboltmounts.com/blogs/news/confused-about-the-eld-mandate","Article body has no direct add-to-cart link."
"article","16","medium","long_meta_description","MANAGING MULTIPLE TABLETS IN A RESTAURANT","https://iboltmounts.com/blogs/news/managing-multiple-tablets-in-a-restaurant","Meta description is 320 characters."
"article","16","high","thin_content","MANAGING MULTIPLE TABLETS IN A RESTAURANT","https://iboltmounts.com/blogs/news/managing-multiple-tablets-in-a-restaurant","article body has 500 words; target is at least 750."
"article","16","medium","weak_heading_structure","MANAGING MULTIPLE TABLETS IN A RESTAURANT","https://iboltmounts.com/blogs/news/managing-multiple-tablets-in-a-restaurant","Only 1 H2 headings found."
"article","16","medium","missing_visible_faq","MANAGING MULTIPLE TABLETS IN A RESTAURANT","https://iboltmounts.com/blogs/news/managing-multiple-tablets-in-a-restaurant","No visible FAQ section detected."
"article","16","medium","body_images_missing_alt","MANAGING MULTIPLE TABLETS IN A RESTAURANT","https://iboltmounts.com/blogs/news/managing-multiple-tablets-in-a-restaurant","5 of 5 body images are missing alt text."
"article","16","medium","article_no_product_links","MANAGING MULTIPLE TABLETS IN A RESTAURANT","https://iboltmounts.com/blogs/news/managing-multiple-tablets-in-a-restaurant","Article body has no product links."
"article","16","low","article_no_add_to_cart","MANAGING MULTIPLE TABLETS IN A RESTAURANT","https://iboltmounts.com/blogs/news/managing-multiple-tablets-in-a-restaurant","Article body has no direct add-to-cart link."
"article","16","medium","long_meta_description","Top 5 Best Tablet Mounts to get you Organized in your Restaurant","https://iboltmounts.com/blogs/news/top-5-best-tablet-mounts-to-get-you-organized-in-your-restaurant","Meta description is 320 characters."
"article","16","high","thin_content","Top 5 Best Tablet Mounts to get you Organized in your Restaurant","https://iboltmounts.com/blogs/news/top-5-best-tablet-mounts-to-get-you-organized-in-your-restaurant","article body has 596 words; target is at least 750."
"article","16","medium","weak_heading_structure","Top 5 Best Tablet Mounts to get you Organized in your Restaurant","https://iboltmounts.com/blogs/news/top-5-best-tablet-mounts-to-get-you-organized-in-your-restaurant","Only 1 H2 headings found."
"article","16","medium","missing_visible_faq","Top 5 Best Tablet Mounts to get you Organized in your Restaurant","https://iboltmounts.com/blogs/news/top-5-best-tablet-mounts-to-get-you-organized-in-your-restaurant","No visible FAQ section detected."
"article","16","medium","body_images_missing_alt","Top 5 Best Tablet Mounts to get you Organized in your Restaurant","https://iboltmounts.com/blogs/news/top-5-best-tablet-mounts-to-get-you-organized-in-your-restaurant","27 of 27 body images are missing alt text."
"article","16","medium","article_no_product_links","Top 5 Best Tablet Mounts to get you Organized in your Restaurant","https://iboltmounts.com/blogs/news/top-5-best-tablet-mounts-to-get-you-organized-in-your-restaurant","Article body has no product links."
"article","16","low","article_no_add_to_cart","Top 5 Best Tablet Mounts to get you Organized in your Restaurant","https://iboltmounts.com/blogs/news/top-5-best-tablet-mounts-to-get-you-organized-in-your-restaurant","Article body has no direct add-to-cart link."
"article","16","medium","long_meta_description","5 USEFUL TABLET MOUNTS FOR YOUR KITCHEN","https://iboltmounts.com/blogs/news/5-useful-tablet-mounts-for-your-kitchen","Meta description is 320 characters."
"article","16","medium","h1_count","5 USEFUL TABLET MOUNTS FOR YOUR KITCHEN","https://iboltmounts.com/blogs/news/5-useful-tablet-mounts-for-your-kitchen","Expected one H1, found 2."
"article","16","high","thin_content","5 USEFUL TABLET MOUNTS FOR YOUR KITCHEN","https://iboltmounts.com/blogs/news/5-useful-tablet-mounts-for-your-kitchen","article body has 542 words; target is at least 750."
"article","16","medium","missing_visible_faq","5 USEFUL TABLET MOUNTS FOR YOUR KITCHEN","https://iboltmounts.com/blogs/news/5-useful-tablet-mounts-for-your-kitchen","No visible FAQ section detected."
"article","16","medium","body_images_missing_alt","5 USEFUL TABLET MOUNTS FOR YOUR KITCHEN","https://iboltmounts.com/blogs/news/5-useful-tablet-mounts-for-your-kitchen","16 of 16 body images are missing alt text."
"article","16","medium","article_no_product_links","5 USEFUL TABLET MOUNTS FOR YOUR KITCHEN","https://iboltmounts.com/blogs/news/5-useful-tablet-mounts-for-your-kitchen","Article body has no product links."
"article","16","low","article_no_add_to_cart","5 USEFUL TABLET MOUNTS FOR YOUR KITCHEN","https://iboltmounts.com/blogs/news/5-useful-tablet-mounts-for-your-kitchen","Article body has no direct add-to-cart link."
"article","16","medium","long_meta_description","Great places to use clamping tablet and phone mounts","https://iboltmounts.com/blogs/news/great-places-to-use-clamping-tablet-and-phone-mounts","Meta description is 320 characters."
"article","16","high","thin_content","Great places to use clamping tablet and phone mounts","https://iboltmounts.com/blogs/news/great-places-to-use-clamping-tablet-and-phone-mounts","article body has 430 words; target is at least 750."
"article","16","medium","weak_heading_structure","Great places to use clamping tablet and phone mounts","https://iboltmounts.com/blogs/news/great-places-to-use-clamping-tablet-and-phone-mounts","Only 1 H2 headings found."
"article","16","medium","missing_visible_faq","Great places to use clamping tablet and phone mounts","https://iboltmounts.com/blogs/news/great-places-to-use-clamping-tablet-and-phone-mounts","No visible FAQ section detected."
"article","16","medium","body_images_missing_alt","Great places to use clamping tablet and phone mounts","https://iboltmounts.com/blogs/news/great-places-to-use-clamping-tablet-and-phone-mounts","9 of 9 body images are missing alt text."
"article","16","medium","article_no_product_links","Great places to use clamping tablet and phone mounts","https://iboltmounts.com/blogs/news/great-places-to-use-clamping-tablet-and-phone-mounts","Article body has no product links."
"article","16","low","article_no_add_to_cart","Great places to use clamping tablet and phone mounts","https://iboltmounts.com/blogs/news/great-places-to-use-clamping-tablet-and-phone-mounts","Article body has no direct add-to-cart link."
"article","14","medium","long_meta_description","Empowering content creators with the iBOLT Stream-Cast Creator kit","https://iboltmounts.com/blogs/news/empowering-content-creators-with-the-ibolt-stream-cast-creator-kit","Meta description is 320 characters."
"article","14","high","thin_content","Empowering content creators with the iBOLT Stream-Cast Creator kit","https://iboltmounts.com/blogs/news/empowering-content-creators-with-the-ibolt-stream-cast-creator-kit","article body has 630 words; target is at least 750."
"article","14","medium","missing_visible_faq","Empowering content creators with the iBOLT Stream-Cast Creator kit","https://iboltmounts.com/blogs/news/empowering-content-creators-with-the-ibolt-stream-cast-creator-kit","No visible FAQ section detected."
"article","14","medium","body_images_missing_alt","Empowering content creators with the iBOLT Stream-Cast Creator kit","https://iboltmounts.com/blogs/news/empowering-content-creators-with-the-ibolt-stream-cast-creator-kit","10 of 10 body images are missing alt text."
"article","14","medium","article_no_product_links","Empowering content creators with the iBOLT Stream-Cast Creator kit","https://iboltmounts.com/blogs/news/empowering-content-creators-with-the-ibolt-stream-cast-creator-kit","Article body has no product links."
"article","14","low","article_no_add_to_cart","Empowering content creators with the iBOLT Stream-Cast Creator kit","https://iboltmounts.com/blogs/news/empowering-content-creators-with-the-ibolt-stream-cast-creator-kit","Article body has no direct add-to-cart link."
"article","14","medium","long_meta_description","HOW TO MOUNT A TABLET TO A FORKLIFT PILLAR USING IBOLT","https://iboltmounts.com/blogs/news/how-to-mount-a-tablet-to-a-forklift-pillar-using-ibolt","Meta description is 320 characters."
"article","14","high","thin_content","HOW TO MOUNT A TABLET TO A FORKLIFT PILLAR USING IBOLT","https://iboltmounts.com/blogs/news/how-to-mount-a-tablet-to-a-forklift-pillar-using-ibolt","article body has 475 words; target is at least 750."
"article","14","medium","missing_visible_faq","HOW TO MOUNT A TABLET TO A FORKLIFT PILLAR USING IBOLT","https://iboltmounts.com/blogs/news/how-to-mount-a-tablet-to-a-forklift-pillar-using-ibolt","No visible FAQ section detected."
"article","14","medium","body_images_missing_alt","HOW TO MOUNT A TABLET TO A FORKLIFT PILLAR USING IBOLT","https://iboltmounts.com/blogs/news/how-to-mount-a-tablet-to-a-forklift-pillar-using-ibolt","9 of 9 body images are missing alt text."
"article","14","medium","article_no_product_links","HOW TO MOUNT A TABLET TO A FORKLIFT PILLAR USING IBOLT","https://iboltmounts.com/blogs/news/how-to-mount-a-tablet-to-a-forklift-pillar-using-ibolt","Article body has no product links."
"article","14","low","article_no_add_to_cart","HOW TO MOUNT A TABLET TO A FORKLIFT PILLAR USING IBOLT","https://iboltmounts.com/blogs/news/how-to-mount-a-tablet-to-a-forklift-pillar-using-ibolt","Article body has no direct add-to-cart link."
"collection","14","high","missing_meta_description","20mm ball adapters and mounts","https://iboltmounts.com/collections/20mm-ball-adapters-andmounts","Missing meta description."
"collection","14","high","thin_content","20mm ball adapters and mounts","https://iboltmounts.com/collections/20mm-ball-adapters-andmounts","collection body has 0 words; target is at least 180."
"collection","14","medium","weak_heading_structure","20mm ball adapters and mounts","https://iboltmounts.com/collections/20mm-ball-adapters-andmounts","Only 0 H2 headings found."
"collection","14","medium","missing_visible_faq","20mm ball adapters and mounts","https://iboltmounts.com/collections/20mm-ball-adapters-andmounts","No visible FAQ section detected."
"collection","14","high","missing_meta_description","Amazon Fire","https://iboltmounts.com/collections/amazon-fire","Missing meta description."
"collection","14","high","thin_content","Amazon Fire","https://iboltmounts.com/collections/amazon-fire","collection body has 0 words; target is at least 180."
"collection","14","medium","weak_heading_structure","Amazon Fire","https://iboltmounts.com/collections/amazon-fire","Only 0 H2 headings found."
"collection","14","medium","missing_visible_faq","Amazon Fire","https://iboltmounts.com/collections/amazon-fire","No visible FAQ section detected."
"collection","14","high","missing_meta_description","Bedroom","https://iboltmounts.com/collections/bedroom","Missing meta description."
"collection","14","high","thin_content","Bedroom","https://iboltmounts.com/collections/bedroom","collection body has 0 words; target is at least 180."
"collection","14","medium","weak_heading_structure","Bedroom","https://iboltmounts.com/collections/bedroom","Only 0 H2 headings found."
"collection","14","medium","missing_visible_faq","Bedroom","https://iboltmounts.com/collections/bedroom","No visible FAQ section detected."
"collection","14","high","missing_meta_description","Combine","https://iboltmounts.com/collections/combine","Missing meta description."
"collection","14","high","thin_content","Combine","https://iboltmounts.com/collections/combine","collection body has 0 words; target is at least 180."
"collection","14","medium","weak_heading_structure","Combine","https://iboltmounts.com/collections/combine","Only 0 H2 headings found."
"collection","14","medium","missing_visible_faq","Combine","https://iboltmounts.com/collections/combine","No visible FAQ section detected."
"collection","14","high","missing_meta_description","Google Pixel","https://iboltmounts.com/collections/google-pixel","Missing meta description."
"collection","14","high","thin_content","Google Pixel","https://iboltmounts.com/collections/google-pixel","collection body has 0 words; target is at least 180."
"collection","14","medium","weak_heading_structure","Google Pixel","https://iboltmounts.com/collections/google-pixel","Only 0 H2 headings found."
"collection","14","medium","missing_visible_faq","Google Pixel","https://iboltmounts.com/collections/google-pixel","No visible FAQ section detected."
"collection","14","high","missing_meta_description","iBOLT and Industry standard 20mm size mounts and adapters","https://iboltmounts.com/collections/ibolt-and-industry-standard-20mm-size-mounts-and-adapters2","Missing meta description."
"collection","14","high","thin_content","iBOLT and Industry standard 20mm size mounts and adapters","https://iboltmounts.com/collections/ibolt-and-industry-standard-20mm-size-mounts-and-adapters2","collection body has 0 words; target is at least 180."
"collection","14","medium","weak_heading_structure","iBOLT and Industry standard 20mm size mounts and adapters","https://iboltmounts.com/collections/ibolt-and-industry-standard-20mm-size-mounts-and-adapters2","Only 0 H2 headings found."
"collection","14","medium","missing_visible_faq","iBOLT and Industry standard 20mm size mounts and adapters","https://iboltmounts.com/collections/ibolt-and-industry-standard-20mm-size-mounts-and-adapters2","No visible FAQ section detected."
"collection","14","high","missing_meta_description","iPhone","https://iboltmounts.com/collections/iphone2","Missing meta description."
"collection","14","high","thin_content","iPhone","https://iboltmounts.com/collections/iphone2","collection body has 0 words; target is at least 180."
"collection","14","medium","weak_heading_structure","iPhone","https://iboltmounts.com/collections/iphone2","Only 0 H2 headings found."
"collection","14","medium","missing_visible_faq","iPhone","https://iboltmounts.com/collections/iphone2","No visible FAQ section detected."
"collection","14","high","missing_meta_description","Kitchen","https://iboltmounts.com/collections/kitchen","Missing meta description."
"collection","14","high","thin_content","Kitchen","https://iboltmounts.com/collections/kitchen","collection body has 0 words; target is at least 180."
"collection","14","medium","weak_heading_structure","Kitchen","https://iboltmounts.com/collections/kitchen","Only 0 H2 headings found."
"collection","14","medium","missing_visible_faq","Kitchen","https://iboltmounts.com/collections/kitchen","No visible FAQ section detected."
"collection","14","high","missing_meta_description","LG","https://iboltmounts.com/collections/lg2","Missing meta description."
"collection","14","high","thin_content","LG","https://iboltmounts.com/collections/lg2","collection body has 0 words; target is at least 180."
"collection","14","medium","weak_heading_structure","LG","https://iboltmounts.com/collections/lg2","Only 0 H2 headings found."
"collection","14","medium","missing_visible_faq","LG","https://iboltmounts.com/collections/lg2","No visible FAQ section detected."
"collection","14","high","missing_meta_description","LG","https://iboltmounts.com/collections/lg","Missing meta description."
"collection","14","high","thin_content","LG","https://iboltmounts.com/collections/lg","collection body has 0 words; target is at least 180."
"collection","14","medium","weak_heading_structure","LG","https://iboltmounts.com/collections/lg","Only 0 H2 headings found."
"collection","14","medium","missing_visible_faq","LG","https://iboltmounts.com/collections/lg","No visible FAQ section detected."
"collection","14","high","missing_meta_description","Live Streaming","https://iboltmounts.com/collections/live-streaming","Missing meta description."
"collection","14","high","thin_content","Live Streaming","https://iboltmounts.com/collections/live-streaming","collection body has 0 words; target is at least 180."
"collection","14","medium","weak_heading_structure","Live Streaming","https://iboltmounts.com/collections/live-streaming","Only 0 H2 headings found."
"collection","14","medium","missing_visible_faq","Live Streaming","https://iboltmounts.com/collections/live-streaming","No visible FAQ section detected."
"collection","14","high","missing_meta_description","Office","https://iboltmounts.com/collections/office","Missing meta description."
"collection","14","high","thin_content","Office","https://iboltmounts.com/collections/office","collection body has 0 words; target is at least 180."
"collection","14","medium","weak_heading_structure","Office","https://iboltmounts.com/collections/office","Only 0 H2 headings found."
"collection","14","medium","missing_visible_faq","Office","https://iboltmounts.com/collections/office","No visible FAQ section detected."
"collection","14","high","missing_meta_description","Phone","https://iboltmounts.com/collections/phone","Missing meta description."
"collection","14","high","thin_content","Phone","https://iboltmounts.com/collections/phone","collection body has 0 words; target is at least 180."
"collection","14","medium","weak_heading_structure","Phone","https://iboltmounts.com/collections/phone","Only 0 H2 headings found."
"collection","14","medium","missing_visible_faq","Phone","https://iboltmounts.com/collections/phone","No visible FAQ section detected."
"collection","14","high","missing_meta_description","Public Transportation","https://iboltmounts.com/collections/public-transportation2","Missing meta description."
"collection","14","high","thin_content","Public Transportation","https://iboltmounts.com/collections/public-transportation2","collection body has 0 words; target is at least 180."
"collection","14","medium","weak_heading_structure","Public Transportation","https://iboltmounts.com/collections/public-transportation2","Only 0 H2 headings found."
"collection","14","medium","missing_visible_faq","Public Transportation","https://iboltmounts.com/collections/public-transportation2","No visible FAQ section detected."
"collection","14","high","missing_meta_description","Top ELD Solutions","https://iboltmounts.com/collections/top-eld-solutions","Missing meta description."
"collection","14","high","thin_content","Top ELD Solutions","https://iboltmounts.com/collections/top-eld-solutions","collection body has 0 words; target is at least 180."
"collection","14","medium","weak_heading_structure","Top ELD Solutions","https://iboltmounts.com/collections/top-eld-solutions","Only 0 H2 headings found."
"collection","14","medium","missing_visible_faq","Top ELD Solutions","https://iboltmounts.com/collections/top-eld-solutions","No visible FAQ section detected."
"collection","14","high","missing_meta_description","xProDock","https://iboltmounts.com/collections/xprodock","Missing meta description."
"collection","14","high","thin_content","xProDock","https://iboltmounts.com/collections/xprodock","collection body has 0 words; target is at least 180."
"collection","14","medium","weak_heading_structure","xProDock","https://iboltmounts.com/collections/xprodock","Only 0 H2 headings found."
"collection","14","medium","missing_visible_faq","xProDock","https://iboltmounts.com/collections/xprodock","No visible FAQ section detected."
"page","14","high","missing_meta_description","Warranty","https://iboltmounts.com/pages/warranty","Missing meta description."
"page","14","high","thin_content","Warranty","https://iboltmounts.com/pages/warranty","page body has 0 words; target is at least 450."
"page","14","medium","weak_heading_structure","Warranty","https://iboltmounts.com/pages/warranty","Only 0 H2 headings found."
"page","14","medium","missing_visible_faq","Warranty","https://iboltmounts.com/pages/warranty","No visible FAQ section detected."
"article","13","medium","long_meta_description","Unmatched Adaptability: Explore iBOLT's Modular Tablet Mount Solutions","https://iboltmounts.com/blogs/news/customizable-mounting-solutions-for-every-need","Meta description is 306 characters."
"article","13","high","thin_content","Unmatched Adaptability: Explore iBOLT's Modular Tablet Mount Solutions","https://iboltmounts.com/blogs/news/customizable-mounting-solutions-for-every-need","article body has 500 words; target is at least 750."
"article","13","medium","weak_heading_structure","Unmatched Adaptability: Explore iBOLT's Modular Tablet Mount Solutions","https://iboltmounts.com/blogs/news/customizable-mounting-solutions-for-every-need","Only 1 H2 headings found."
"article","13","medium","missing_visible_faq","Unmatched Adaptability: Explore iBOLT's Modular Tablet Mount Solutions","https://iboltmounts.com/blogs/news/customizable-mounting-solutions-for-every-need","No visible FAQ section detected."
"article","13","medium","body_images_missing_alt","Unmatched Adaptability: Explore iBOLT's Modular Tablet Mount Solutions","https://iboltmounts.com/blogs/news/customizable-mounting-solutions-for-every-need","4 of 4 body images are missing alt text."
"collection","13","medium","long_meta_title","Accessibility","https://iboltmounts.com/collections/accessibility","Public title is 72 characters."
"collection","13","medium","long_meta_description","Accessibility","https://iboltmounts.com/collections/accessibility","Meta description is 184 characters."
"collection","13","high","thin_content","Accessibility","https://iboltmounts.com/collections/accessibility","collection body has 80 words; target is at least 180."
"collection","13","medium","weak_heading_structure","Accessibility","https://iboltmounts.com/collections/accessibility","Only 0 H2 headings found."
"collection","13","medium","missing_visible_faq","Accessibility","https://iboltmounts.com/collections/accessibility","No visible FAQ section detected."
"collection","13","medium","short_meta_description","Docks","https://iboltmounts.com/collections/docks","Meta description is only 62 characters."
"collection","13","medium","h1_count","Docks","https://iboltmounts.com/collections/docks","Expected one H1, found 2."
"collection","13","high","thin_content","Docks","https://iboltmounts.com/collections/docks","collection body has 9 words; target is at least 180."
"collection","13","medium","weak_heading_structure","Docks","https://iboltmounts.com/collections/docks","Only 0 H2 headings found."
"collection","13","medium","missing_visible_faq","Docks","https://iboltmounts.com/collections/docks","No visible FAQ section detected."
"collection","13","medium","long_meta_title","Headrest","https://iboltmounts.com/collections/headrest-phone-mounts","Public title is 79 characters."
"collection","13","medium","long_meta_description","Headrest","https://iboltmounts.com/collections/headrest-phone-mounts","Meta description is 231 characters."
"collection","13","high","thin_content","Headrest","https://iboltmounts.com/collections/headrest-phone-mounts","collection body has 38 words; target is at least 180."
"collection","13","medium","weak_heading_structure","Headrest","https://iboltmounts.com/collections/headrest-phone-mounts","Only 0 H2 headings found."
"collection","13","medium","missing_visible_faq","Headrest","https://iboltmounts.com/collections/headrest-phone-mounts","No visible FAQ section detected."
"collection","13","medium","long_meta_title","Industrial Adhesive","https://iboltmounts.com/collections/industrial-adhesive-phone-mounts","Public title is 73 characters."
"collection","13","medium","long_meta_description","Industrial Adhesive","https://iboltmounts.com/collections/industrial-adhesive-phone-mounts","Meta description is 253 characters."
"collection","13","high","thin_content","Industrial Adhesive","https://iboltmounts.com/collections/industrial-adhesive-phone-mounts","collection body has 25 words; target is at least 180."
"collection","13","medium","weak_heading_structure","Industrial Adhesive","https://iboltmounts.com/collections/industrial-adhesive-phone-mounts","Only 0 H2 headings found."
"collection","13","medium","missing_visible_faq","Industrial Adhesive","https://iboltmounts.com/collections/industrial-adhesive-phone-mounts","No visible FAQ section detected."
"collection","13","medium","long_meta_title","iPhone","https://iboltmounts.com/collections/iphone","Public title is 83 characters."
"collection","13","medium","short_meta_description","iPhone","https://iboltmounts.com/collections/iphone","Meta description is only 20 characters."
"collection","13","high","thin_content","iPhone","https://iboltmounts.com/collections/iphone","collection body has 4 words; target is at least 180."
"collection","13","medium","weak_heading_structure","iPhone","https://iboltmounts.com/collections/iphone","Only 0 H2 headings found."
"collection","13","medium","missing_visible_faq","iPhone","https://iboltmounts.com/collections/iphone","No visible FAQ section detected."
"product","13","medium","long_meta_title","iBOLT™ 38mm / 1.5 inch Metal Circular AMPS to Metal Circular AMPS Drill Base Mount","https://iboltmounts.com/products/ibolt-38mm-1-5-inch-metal-circular-amps-pattern-to-metal-circular-amps-pattern-drill-base-dual-ball-mount","Public title is 82 characters."
"product","13","medium","long_meta_description","iBOLT™ 38mm / 1.5 inch Metal Circular AMPS to Metal Circular AMPS Drill Base Mount","https://iboltmounts.com/products/ibolt-38mm-1-5-inch-metal-circular-amps-pattern-to-metal-circular-amps-pattern-drill-base-dual-ball-mount","Meta description is 251 characters."
"product","13","high","thin_content","iBOLT™ 38mm / 1.5 inch Metal Circular AMPS to Metal Circular AMPS Drill Base Mount","https://iboltmounts.com/products/ibolt-38mm-1-5-inch-metal-circular-amps-pattern-to-metal-circular-amps-pattern-drill-base-dual-ball-mount","product body has 17 words; target is at least 80."
"product","13","medium","missing_product_type","iBOLT™ 38mm / 1.5 inch Metal Circular AMPS to Metal Circular AMPS Drill Base Mount","https://iboltmounts.com/products/ibolt-38mm-1-5-inch-metal-circular-amps-pattern-to-metal-circular-amps-pattern-drill-base-dual-ball-mount","Product type is empty."
"product","13","medium","missing_product_tags","iBOLT™ 38mm / 1.5 inch Metal Circular AMPS to Metal Circular AMPS Drill Base Mount","https://iboltmounts.com/products/ibolt-38mm-1-5-inch-metal-circular-amps-pattern-to-metal-circular-amps-pattern-drill-base-dual-ball-mount","Product tags are empty."
"product","13","medium","long_meta_title","iBOLT Moto-Vise™ Bizmount™ Heavy Duty 11mm Bolt mount","https://iboltmounts.com/products/ibolt-moto-vise-bizmount-heavy-duty-11mm-bolt-mount","Public title is 71 characters."
"product","13","medium","long_meta_description","iBOLT Moto-Vise™ Bizmount™ Heavy Duty 11mm Bolt mount","https://iboltmounts.com/products/ibolt-moto-vise-bizmount-heavy-duty-11mm-bolt-mount","Meta description is 230 characters."
"product","13","high","thin_content","iBOLT Moto-Vise™ Bizmount™ Heavy Duty 11mm Bolt mount","https://iboltmounts.com/products/ibolt-moto-vise-bizmount-heavy-duty-11mm-bolt-mount","product body has 29 words; target is at least 80."
"product","13","medium","missing_product_type","iBOLT Moto-Vise™ Bizmount™ Heavy Duty 11mm Bolt mount","https://iboltmounts.com/products/ibolt-moto-vise-bizmount-heavy-duty-11mm-bolt-mount","Product type is empty."
"product","13","medium","missing_product_tags","iBOLT Moto-Vise™ Bizmount™ Heavy Duty 11mm Bolt mount","https://iboltmounts.com/products/ibolt-moto-vise-bizmount-heavy-duty-11mm-bolt-mount","Product tags are empty."
"article","12","medium","long_meta_title","Forklift Mount Solutions: Supporting Efficiency and Safety in Modern Warehouse Operations","https://iboltmounts.com/blogs/news/forklift-mount-solutions-supporting-efficiency-and-safety-in-modern-warehouse-operations","Public title is 82 characters."
"article","12","medium","long_meta_description","Forklift Mount Solutions: Supporting Efficiency and Safety in Modern Warehouse Operations","https://iboltmounts.com/blogs/news/forklift-mount-solutions-supporting-efficiency-and-safety-in-modern-warehouse-operations","Meta description is 209 characters."
"article","12","high","missing_faq_schema","Forklift Mount Solutions: Supporting Efficiency and Safety in Modern Warehouse Operations","https://iboltmounts.com/blogs/news/forklift-mount-solutions-supporting-efficiency-and-safety-in-modern-warehouse-operations","Visible FAQ content exists without FAQPage JSON-LD."
"article","12","medium","article_no_product_links","Forklift Mount Solutions: Supporting Efficiency and Safety in Modern Warehouse Operations","https://iboltmounts.com/blogs/news/forklift-mount-solutions-supporting-efficiency-and-safety-in-modern-warehouse-operations","Article body has no product links."
"article","12","low","article_no_add_to_cart","Forklift Mount Solutions: Supporting Efficiency and Safety in Modern Warehouse Operations","https://iboltmounts.com/blogs/news/forklift-mount-solutions-supporting-efficiency-and-safety-in-modern-warehouse-operations","Article body has no direct add-to-cart link."
"article","12","medium","long_meta_title","Professional-Grade Mounting Solutions: A Complete Guide to Choosing the Right Mount for Every Environment","https://iboltmounts.com/blogs/news/professional-grade-mounting-solutions-a-complete-guide-to-choosing-the-right-mount-for-every-environment","Public title is 92 characters."
"article","12","medium","long_meta_description","Professional-Grade Mounting Solutions: A Complete Guide to Choosing the Right Mount for Every Environment","https://iboltmounts.com/blogs/news/professional-grade-mounting-solutions-a-complete-guide-to-choosing-the-right-mount-for-every-environment","Meta description is 218 characters."
"article","12","high","missing_faq_schema","Professional-Grade Mounting Solutions: A Complete Guide to Choosing the Right Mount for Every Environment","https://iboltmounts.com/blogs/news/professional-grade-mounting-solutions-a-complete-guide-to-choosing-the-right-mount-for-every-environment","Visible FAQ content exists without FAQPage JSON-LD."
"article","12","medium","article_no_product_links","Professional-Grade Mounting Solutions: A Complete Guide to Choosing the Right Mount for Every Environment","https://iboltmounts.com/blogs/news/professional-grade-mounting-solutions-a-complete-guide-to-choosing-the-right-mount-for-every-environment","Article body has no product links."
"article","12","low","article_no_add_to_cart","Professional-Grade Mounting Solutions: A Complete Guide to Choosing the Right Mount for Every Environment","https://iboltmounts.com/blogs/news/professional-grade-mounting-solutions-a-complete-guide-to-choosing-the-right-mount-for-every-environment","Article body has no direct add-to-cart link."
"collection","12","high","missing_meta_description","Large Barcode Scanners","https://iboltmounts.com/collections/large-barcode-scanners2","Missing meta description."
"collection","12","high","thin_content","Large Barcode Scanners","https://iboltmounts.com/collections/large-barcode-scanners2","collection body has 0 words; target is at least 180."
"collection","12","medium","missing_visible_faq","Large Barcode Scanners","https://iboltmounts.com/collections/large-barcode-scanners2","No visible FAQ section detected."
"collection","12","high","missing_meta_description","Smartphone","https://iboltmounts.com/collections/smartphone-phone-mounts","Missing meta description."
"collection","12","high","thin_content","Smartphone","https://iboltmounts.com/collections/smartphone-phone-mounts","collection body has 0 words; target is at least 180."
"collection","12","medium","missing_visible_faq","Smartphone","https://iboltmounts.com/collections/smartphone-phone-mounts","No visible FAQ section detected."
"article","11","medium","long_meta_description","iBOLT Mounts for Road Trips","https://iboltmounts.com/blogs/news/ibolt-mounts-for-road-trips","Meta description is 320 characters."
"article","11","medium","weak_heading_structure","iBOLT Mounts for Road Trips","https://iboltmounts.com/blogs/news/ibolt-mounts-for-road-trips","Only 1 H2 headings found."
"article","11","medium","missing_visible_faq","iBOLT Mounts for Road Trips","https://iboltmounts.com/blogs/news/ibolt-mounts-for-road-trips","No visible FAQ section detected."
"article","11","medium","body_images_missing_alt","iBOLT Mounts for Road Trips","https://iboltmounts.com/blogs/news/ibolt-mounts-for-road-trips","2 of 2 body images are missing alt text."
"article","11","medium","article_no_product_links","iBOLT Mounts for Road Trips","https://iboltmounts.com/blogs/news/ibolt-mounts-for-road-trips","Article body has no product links."
"article","11","low","article_no_add_to_cart","iBOLT Mounts for Road Trips","https://iboltmounts.com/blogs/news/ibolt-mounts-for-road-trips","Article body has no direct add-to-cart link."
"article","11","medium","long_meta_description","Create a Custom iBOLT Mounting Solution- now on Amazon.com","https://iboltmounts.com/blogs/news/create-a-custom-ibolt-mounting-solution-now-on-amazon-com","Meta description is 320 characters."
"article","11","medium","weak_heading_structure","Create a Custom iBOLT Mounting Solution- now on Amazon.com","https://iboltmounts.com/blogs/news/create-a-custom-ibolt-mounting-solution-now-on-amazon-com","Only 1 H2 headings found."
"article","11","medium","missing_visible_faq","Create a Custom iBOLT Mounting Solution- now on Amazon.com","https://iboltmounts.com/blogs/news/create-a-custom-ibolt-mounting-solution-now-on-amazon-com","No visible FAQ section detected."
"article","11","medium","body_images_missing_alt","Create a Custom iBOLT Mounting Solution- now on Amazon.com","https://iboltmounts.com/blogs/news/create-a-custom-ibolt-mounting-solution-now-on-amazon-com","16 of 16 body images are missing alt text."
"article","11","medium","article_no_product_links","Create a Custom iBOLT Mounting Solution- now on Amazon.com","https://iboltmounts.com/blogs/news/create-a-custom-ibolt-mounting-solution-now-on-amazon-com","Article body has no product links."
"article","11","low","article_no_add_to_cart","Create a Custom iBOLT Mounting Solution- now on Amazon.com","https://iboltmounts.com/blogs/news/create-a-custom-ibolt-mounting-solution-now-on-amazon-com","Article body has no direct add-to-cart link."
"article","11","low","public_fetch","4 iBOLT Products for New Streamers","https://iboltmounts.com/blogs/news/4-ibolt-products-for-new-streamers","Public URL returned 429 during audit; excluded from public template/schema scoring to avoid false SEO failures."
"article","11","high","thin_content","4 iBOLT Products for New Streamers","https://iboltmounts.com/blogs/news/4-ibolt-products-for-new-streamers","article body has 548 words; target is at least 750."
"article","11","medium","body_images_missing_alt","4 iBOLT Products for New Streamers","https://iboltmounts.com/blogs/news/4-ibolt-products-for-new-streamers","8 of 8 body images are missing alt text."
"article","11","medium","article_no_product_links","4 iBOLT Products for New Streamers","https://iboltmounts.com/blogs/news/4-ibolt-products-for-new-streamers","Article body has no product links."
"article","11","low","article_no_add_to_cart","4 iBOLT Products for New Streamers","https://iboltmounts.com/blogs/news/4-ibolt-products-for-new-streamers","Article body has no direct add-to-cart link."
"article","11","low","public_fetch","Top 5 Heavy Duty Phone Mounts for Truck Drivers","https://iboltmounts.com/blogs/news/top-5-heavy-duty-phone-mounts-for-truck-drivers","Public URL returned 429 during audit; excluded from public template/schema scoring to avoid false SEO failures."
"article","11","high","thin_content","Top 5 Heavy Duty Phone Mounts for Truck Drivers","https://iboltmounts.com/blogs/news/top-5-heavy-duty-phone-mounts-for-truck-drivers","article body has 668 words; target is at least 750."
"article","11","medium","body_images_missing_alt","Top 5 Heavy Duty Phone Mounts for Truck Drivers","https://iboltmounts.com/blogs/news/top-5-heavy-duty-phone-mounts-for-truck-drivers","4 of 4 body images are missing alt text."
"article","11","medium","article_no_product_links","Top 5 Heavy Duty Phone Mounts for Truck Drivers","https://iboltmounts.com/blogs/news/top-5-heavy-duty-phone-mounts-for-truck-drivers","Article body has no product links."
"article","11","low","article_no_add_to_cart","Top 5 Heavy Duty Phone Mounts for Truck Drivers","https://iboltmounts.com/blogs/news/top-5-heavy-duty-phone-mounts-for-truck-drivers","Article body has no direct add-to-cart link."
"article","11","low","public_fetch","5  Ways To Increase Your YouTube Audience With An Action Camera using iBOLT Mounts","https://iboltmounts.com/blogs/news/5-ways-to-increase-your-youtube-audience-with-an-action-camera-using-ibolt-mounts","Public URL returned 429 during audit; excluded from public template/schema scoring to avoid false SEO failures."
"article","11","high","thin_content","5  Ways To Increase Your YouTube Audience With An Action Camera using iBOLT Mounts","https://iboltmounts.com/blogs/news/5-ways-to-increase-your-youtube-audience-with-an-action-camera-using-ibolt-mounts","article body has 675 words; target is at least 750."
"article","11","medium","body_images_missing_alt","5  Ways To Increase Your YouTube Audience With An Action Camera using iBOLT Mounts","https://iboltmounts.com/blogs/news/5-ways-to-increase-your-youtube-audience-with-an-action-camera-using-ibolt-mounts","10 of 10 body images are missing alt text."
"article","11","medium","article_no_product_links","5  Ways To Increase Your YouTube Audience With An Action Camera using iBOLT Mounts","https://iboltmounts.com/blogs/news/5-ways-to-increase-your-youtube-audience-with-an-action-camera-using-ibolt-mounts","Article body has no product links."
"article","11","low","article_no_add_to_cart","5  Ways To Increase Your YouTube Audience With An Action Camera using iBOLT Mounts","https://iboltmounts.com/blogs/news/5-ways-to-increase-your-youtube-audience-with-an-action-camera-using-ibolt-mounts","Article body has no direct add-to-cart link."
"article","11","low","public_fetch","THE BENEFITS OF GOING PAPERLESS IN SCHOOLS","https://iboltmounts.com/blogs/news/the-benefits-of-going-paperless-in-schools","Public URL returned 429 during audit; excluded from public template/schema scoring to avoid false SEO failures."
"article","11","high","thin_content","THE BENEFITS OF GOING PAPERLESS IN SCHOOLS","https://iboltmounts.com/blogs/news/the-benefits-of-going-paperless-in-schools","article body has 658 words; target is at least 750."
"article","11","medium","body_images_missing_alt","THE BENEFITS OF GOING PAPERLESS IN SCHOOLS","https://iboltmounts.com/blogs/news/the-benefits-of-going-paperless-in-schools","2 of 2 body images are missing alt text."
"article","11","medium","article_no_product_links","THE BENEFITS OF GOING PAPERLESS IN SCHOOLS","https://iboltmounts.com/blogs/news/the-benefits-of-going-paperless-in-schools","Article body has no product links."
"article","11","low","article_no_add_to_cart","THE BENEFITS OF GOING PAPERLESS IN SCHOOLS","https://iboltmounts.com/blogs/news/the-benefits-of-going-paperless-in-schools","Article body has no direct add-to-cart link."
"article","11","low","public_fetch","DO FARMERS USE TABLET MOUNTS? - WHAT TECH IS USED ON A FARM?- THE NEWEST AND COOLEST FARM TOOL","https://iboltmounts.com/blogs/news/do-farmers-use-tablet-mounts-what-tech-is-used-on-a-farm-the-newest-and-coolest-farm-tool","Public URL returned 429 during audit; excluded from public template/schema scoring to avoid false SEO failures."
"article","11","high","thin_content","DO FARMERS USE TABLET MOUNTS? - WHAT TECH IS USED ON A FARM?- THE NEWEST AND COOLEST FARM TOOL","https://iboltmounts.com/blogs/news/do-farmers-use-tablet-mounts-what-tech-is-used-on-a-farm-the-newest-and-coolest-farm-tool","article body has 693 words; target is at least 750."
"article","11","medium","body_images_missing_alt","DO FARMERS USE TABLET MOUNTS? - WHAT TECH IS USED ON A FARM?- THE NEWEST AND COOLEST FARM TOOL","https://iboltmounts.com/blogs/news/do-farmers-use-tablet-mounts-what-tech-is-used-on-a-farm-the-newest-and-coolest-farm-tool","17 of 17 body images are missing alt text."
"article","11","medium","article_no_product_links","DO FARMERS USE TABLET MOUNTS? - WHAT TECH IS USED ON A FARM?- THE NEWEST AND COOLEST FARM TOOL","https://iboltmounts.com/blogs/news/do-farmers-use-tablet-mounts-what-tech-is-used-on-a-farm-the-newest-and-coolest-farm-tool","Article body has no product links."
"article","11","low","article_no_add_to_cart","DO FARMERS USE TABLET MOUNTS? - WHAT TECH IS USED ON A FARM?- THE NEWEST AND COOLEST FARM TOOL","https://iboltmounts.com/blogs/news/do-farmers-use-tablet-mounts-what-tech-is-used-on-a-farm-the-newest-and-coolest-farm-tool","Article body has no direct add-to-cart link."
"collection","11","medium","long_meta_description","Clamp","https://iboltmounts.com/collections/clamp-camera-mounts","Meta description is 240 characters."
"collection","11","high","thin_content","Clamp","https://iboltmounts.com/collections/clamp-camera-mounts","collection body has 37 words; target is at least 180."
"collection","11","medium","weak_heading_structure","Clamp","https://iboltmounts.com/collections/clamp-camera-mounts","Only 0 H2 headings found."
"collection","11","medium","missing_visible_faq","Clamp","https://iboltmounts.com/collections/clamp-camera-mounts","No visible FAQ section detected."
"collection","11","medium","long_meta_description","Cup Holder","https://iboltmounts.com/collections/cup-holder-phone-mounts","Meta description is 198 characters."
"collection","11","high","thin_content","Cup Holder","https://iboltmounts.com/collections/cup-holder-phone-mounts","collection body has 48 words; target is at least 180."
"collection","11","medium","weak_heading_structure","Cup Holder","https://iboltmounts.com/collections/cup-holder-phone-mounts","Only 0 H2 headings found."
"collection","11","medium","missing_visible_faq","Cup Holder","https://iboltmounts.com/collections/cup-holder-phone-mounts","No visible FAQ section detected."
"collection","11","medium","long_meta_description","Drill base","https://iboltmounts.com/collections/heavy-duty-drill-base-tablet-amps-pattern-mounts1","Meta description is 252 characters."
"collection","11","high","thin_content","Drill base","https://iboltmounts.com/collections/heavy-duty-drill-base-tablet-amps-pattern-mounts1","collection body has 65 words; target is at least 180."
"collection","11","medium","weak_heading_structure","Drill base","https://iboltmounts.com/collections/heavy-duty-drill-base-tablet-amps-pattern-mounts1","Only 0 H2 headings found."
"collection","11","medium","missing_visible_faq","Drill base","https://iboltmounts.com/collections/heavy-duty-drill-base-tablet-amps-pattern-mounts1","No visible FAQ section detected."
"collection","11","medium","long_meta_description","Home","https://iboltmounts.com/collections/home-mounting-solutions","Meta description is 238 characters."
"collection","11","high","thin_content","Home","https://iboltmounts.com/collections/home-mounting-solutions","collection body has 35 words; target is at least 180."
"collection","11","medium","weak_heading_structure","Home","https://iboltmounts.com/collections/home-mounting-solutions","Only 0 H2 headings found."
"collection","11","medium","missing_visible_faq","Home","https://iboltmounts.com/collections/home-mounting-solutions","No visible FAQ section detected."
"collection","11","medium","long_meta_description","Locking Phone Cradles","https://iboltmounts.com/collections/locking-phone-cradles","Meta description is 295 characters."
"collection","11","high","thin_content","Locking Phone Cradles","https://iboltmounts.com/collections/locking-phone-cradles","collection body has 41 words; target is at least 180."
"collection","11","medium","weak_heading_structure","Locking Phone Cradles","https://iboltmounts.com/collections/locking-phone-cradles","Only 0 H2 headings found."
"collection","11","medium","missing_visible_faq","Locking Phone Cradles","https://iboltmounts.com/collections/locking-phone-cradles","No visible FAQ section detected."
"collection","11","medium","long_meta_description","Magnetic","https://iboltmounts.com/collections/magnetic-phone-mounts","Meta description is 345 characters."
"collection","11","high","thin_content","Magnetic","https://iboltmounts.com/collections/magnetic-phone-mounts","collection body has 52 words; target is at least 180."
"collection","11","medium","weak_heading_structure","Magnetic","https://iboltmounts.com/collections/magnetic-phone-mounts","Only 0 H2 headings found."
"collection","11","medium","missing_visible_faq","Magnetic","https://iboltmounts.com/collections/magnetic-phone-mounts","No visible FAQ section detected."
"collection","11","medium","long_meta_description","Public Safety","https://iboltmounts.com/collections/public-safety-emergency-vehicle-mounting-solutions","Meta description is 236 characters."
"collection","11","high","thin_content","Public Safety","https://iboltmounts.com/collections/public-safety-emergency-vehicle-mounting-solutions","collection body has 30 words; target is at least 180."
"collection","11","medium","weak_heading_structure","Public Safety","https://iboltmounts.com/collections/public-safety-emergency-vehicle-mounting-solutions","Only 0 H2 headings found."
"collection","11","medium","missing_visible_faq","Public Safety","https://iboltmounts.com/collections/public-safety-emergency-vehicle-mounting-solutions","No visible FAQ section detected."
"collection","11","medium","long_meta_description","Suction cup","https://iboltmounts.com/collections/suction-cup-phone-mounts","Meta description is 257 characters."
"collection","11","high","thin_content","Suction cup","https://iboltmounts.com/collections/suction-cup-phone-mounts","collection body has 40 words; target is at least 180."
"collection","11","medium","weak_heading_structure","Suction cup","https://iboltmounts.com/collections/suction-cup-phone-mounts","Only 0 H2 headings found."
"collection","11","medium","missing_visible_faq","Suction cup","https://iboltmounts.com/collections/suction-cup-phone-mounts","No visible FAQ section detected."
"collection","11","medium","short_meta_description","Tripods","https://iboltmounts.com/collections/tripods","Meta description is only 45 characters."
"collection","11","high","thin_content","Tripods","https://iboltmounts.com/collections/tripods","collection body has 0 words; target is at least 180."
"collection","11","medium","weak_heading_structure","Tripods","https://iboltmounts.com/collections/tripods","Only 0 H2 headings found."
"collection","11","medium","missing_visible_faq","Tripods","https://iboltmounts.com/collections/tripods","No visible FAQ section detected."
"collection","11","medium","long_meta_title","Warehouse","https://iboltmounts.com/collections/warehouse1","Public title is 81 characters."
"collection","11","high","thin_content","Warehouse","https://iboltmounts.com/collections/warehouse1","collection body has 0 words; target is at least 180."
"collection","11","medium","weak_heading_structure","Warehouse","https://iboltmounts.com/collections/warehouse1","Only 0 H2 headings found."
"collection","11","medium","missing_visible_faq","Warehouse","https://iboltmounts.com/collections/warehouse1","No visible FAQ section detected."
"page","11","medium","long_meta_description","Techsgiving Sale: Exclusive iBOLT Mount Deals for Tablets, Cameras, and Fish Finders!","https://iboltmounts.com/pages/techsgiving-week-black-friday-sale","Meta description is 322 characters."
"page","11","high","thin_content","Techsgiving Sale: Exclusive iBOLT Mount Deals for Tablets, Cameras, and Fish Finders!","https://iboltmounts.com/pages/techsgiving-week-black-friday-sale","page body has 146 words; target is at least 450."
"page","11","medium","weak_heading_structure","Techsgiving Sale: Exclusive iBOLT Mount Deals for Tablets, Cameras, and Fish Finders!","https://iboltmounts.com/pages/techsgiving-week-black-friday-sale","Only 1 H2 headings found."
"page","11","medium","missing_visible_faq","Techsgiving Sale: Exclusive iBOLT Mount Deals for Tablets, Cameras, and Fish Finders!","https://iboltmounts.com/pages/techsgiving-week-black-friday-sale","No visible FAQ section detected."
"product","11","medium","long_meta_description","ChargeDock USB-C","https://iboltmounts.com/products/chargedock-usb-c-android","Meta description is 255 characters."
"product","11","high","thin_content","ChargeDock USB-C","https://iboltmounts.com/products/chargedock-usb-c-android","product body has 23 words; target is at least 80."
"product","11","medium","missing_product_type","ChargeDock USB-C","https://iboltmounts.com/products/chargedock-usb-c-android","Product type is empty."
"product","11","medium","missing_product_tags","ChargeDock USB-C","https://iboltmounts.com/products/chargedock-usb-c-android","Product tags are empty."
"product","11","medium","long_meta_description","iBOLT Triple Suction Cup Base with Universal 4- Hole AMPS Pattern","https://iboltmounts.com/products/ibolt-triple-suction-cup-base-with-universal-4-hole-amps-pattern","Meta description is 252 characters."
"product","11","high","thin_content","iBOLT Triple Suction Cup Base with Universal 4- Hole AMPS Pattern","https://iboltmounts.com/products/ibolt-triple-suction-cup-base-with-universal-4-hole-amps-pattern","product body has 38 words; target is at least 80."
"product","11","medium","missing_product_type","iBOLT Triple Suction Cup Base with Universal 4- Hole AMPS Pattern","https://iboltmounts.com/products/ibolt-triple-suction-cup-base-with-universal-4-hole-amps-pattern","Product type is empty."
"product","11","medium","missing_product_tags","iBOLT Triple Suction Cup Base with Universal 4- Hole AMPS Pattern","https://iboltmounts.com/products/ibolt-triple-suction-cup-base-with-universal-4-hole-amps-pattern","Product tags are empty."
"product","11","medium","long_meta_title","iBOLT 7.45 inch Composite Dual Ball Bizmount™ with Metal AMPS Drill Base","https://iboltmounts.com/products/ibolt-7-45-inch-composite-dual-ball-arm-with-metal-amps-drill-base-mount","Public title is 148 characters."
"product","11","high","thin_content","iBOLT 7.45 inch Composite Dual Ball Bizmount™ with Metal AMPS Drill Base","https://iboltmounts.com/products/ibolt-7-45-inch-composite-dual-ball-arm-with-metal-amps-drill-base-mount","product body has 17 words; target is at least 80."
"product","11","medium","missing_product_type","iBOLT 7.45 inch Composite Dual Ball Bizmount™ with Metal AMPS Drill Base","https://iboltmounts.com/products/ibolt-7-45-inch-composite-dual-ball-arm-with-metal-amps-drill-base-mount","Product type is empty."
"product","11","medium","missing_product_tags","iBOLT 7.45 inch Composite Dual Ball Bizmount™ with Metal AMPS Drill Base","https://iboltmounts.com/products/ibolt-7-45-inch-composite-dual-ball-arm-with-metal-amps-drill-base-mount","Product tags are empty."
"product","11","medium","long_meta_title","iBOLT Moto-Vise™ Bizmount™ Heavy Duty 9mm Bolt mount for Motorcycles mirror frames","https://iboltmounts.com/products/ibolt-moto-vise-phone-mount-9mm-bolt-mount-for-motorcycles-mirror-frames-ibmc-34722","Public title is 81 characters."
"product","11","medium","long_meta_description","iBOLT Moto-Vise™ Bizmount™ Heavy Duty 9mm Bolt mount for Motorcycles mirror frames","https://iboltmounts.com/products/ibolt-moto-vise-phone-mount-9mm-bolt-mount-for-motorcycles-mirror-frames-ibmc-34722","Meta description is 206 characters."
"product","11","high","thin_content","iBOLT Moto-Vise™ Bizmount™ Heavy Duty 9mm Bolt mount for Motorcycles mirror frames","https://iboltmounts.com/products/ibolt-moto-vise-phone-mount-9mm-bolt-mount-for-motorcycles-mirror-frames-ibmc-34722","product body has 27 words; target is at least 80."
"product","11","medium","missing_product_type","iBOLT Moto-Vise™ Bizmount™ Heavy Duty 9mm Bolt mount for Motorcycles mirror frames","https://iboltmounts.com/products/ibolt-moto-vise-phone-mount-9mm-bolt-mount-for-motorcycles-mirror-frames-ibmc-34722","Product type is empty."
"product","11","medium","long_meta_description","Stream-Cast Stand Adjustable Overhead Phone Mount","https://iboltmounts.com/products/livestream-stream-cast-stand-adjustable-overhead-camera-phone-mount-ibsc-34606","Meta description is 326 characters."
"product","11","high","thin_content","Stream-Cast Stand Adjustable Overhead Phone Mount","https://iboltmounts.com/products/livestream-stream-cast-stand-adjustable-overhead-camera-phone-mount-ibsc-34606","product body has 36 words; target is at least 80."
"product","11","medium","missing_product_type","Stream-Cast Stand Adjustable Overhead Phone Mount","https://iboltmounts.com/products/livestream-stream-cast-stand-adjustable-overhead-camera-phone-mount-ibsc-34606","Product type is empty."
"product","11","medium","missing_product_tags","Stream-Cast Stand Adjustable Overhead Phone Mount","https://iboltmounts.com/products/livestream-stream-cast-stand-adjustable-overhead-camera-phone-mount-ibsc-34606","Product tags are empty."
"product","10","low","public_fetch","iBOLT Dual Suction Cup Base with Universal 4- Hole AMPS Pattern","https://iboltmounts.com/products/ibolt-dual-suction-cup-base-with-universal-4-hole-amps-pattern","Public URL returned 429 during audit; excluded from public template/schema scoring to avoid false SEO failures."
"product","10","high","thin_content","iBOLT Dual Suction Cup Base with Universal 4- Hole AMPS Pattern","https://iboltmounts.com/products/ibolt-dual-suction-cup-base-with-universal-4-hole-amps-pattern","product body has 38 words; target is at least 80."
"product","10","medium","missing_product_type","iBOLT Dual Suction Cup Base with Universal 4- Hole AMPS Pattern","https://iboltmounts.com/products/ibolt-dual-suction-cup-base-with-universal-4-hole-amps-pattern","Product type is empty."
"product","10","medium","missing_product_tags","iBOLT Dual Suction Cup Base with Universal 4- Hole AMPS Pattern","https://iboltmounts.com/products/ibolt-dual-suction-cup-base-with-universal-4-hole-amps-pattern","Product tags are empty."
"product","10","low","public_fetch","iBOLT™ Heavy Duty Strength 88mm Diameter Magnetic Mount 4.25 inch IncrediBOLT™ w/ ¼ inch 20 Camera Screw","https://iboltmounts.com/products/ibolttm-heavy-duty-strength-88mm-diameter-magnetic-mount-4-25-inch-incredibolttm-w-inch-20-camera-screw","Public URL returned 429 during audit; excluded from public template/schema scoring to avoid false SEO failures."
"product","10","high","thin_content","iBOLT™ Heavy Duty Strength 88mm Diameter Magnetic Mount 4.25 inch IncrediBOLT™ w/ ¼ inch 20 Camera Screw","https://iboltmounts.com/products/ibolttm-heavy-duty-strength-88mm-diameter-magnetic-mount-4-25-inch-incredibolttm-w-inch-20-camera-screw","product body has 30 words; target is at least 80."
"product","10","medium","missing_product_type","iBOLT™ Heavy Duty Strength 88mm Diameter Magnetic Mount 4.25 inch IncrediBOLT™ w/ ¼ inch 20 Camera Screw","https://iboltmounts.com/products/ibolttm-heavy-duty-strength-88mm-diameter-magnetic-mount-4-25-inch-incredibolttm-w-inch-20-camera-screw","Product type is empty."
"product","10","medium","missing_product_tags","iBOLT™ Heavy Duty Strength 88mm Diameter Magnetic Mount 4.25 inch IncrediBOLT™ w/ ¼ inch 20 Camera Screw","https://iboltmounts.com/products/ibolttm-heavy-duty-strength-88mm-diameter-magnetic-mount-4-25-inch-incredibolttm-w-inch-20-camera-screw","Product tags are empty."
"product","10","medium","long_meta_title","iBOLT Dock’n Lock Drill Base Locking Dual Tablet Stand","https://iboltmounts.com/products/ibolt-dock-n-lock-drill-base-locking-dual-tablet-stand","Public title is 119 characters."
"product","10","medium","long_meta_description","iBOLT Dock’n Lock Drill Base Locking Dual Tablet Stand","https://iboltmounts.com/products/ibolt-dock-n-lock-drill-base-locking-dual-tablet-stand","Meta description is 320 characters."
"product","10","medium","thin_content","iBOLT Dock’n Lock Drill Base Locking Dual Tablet Stand","https://iboltmounts.com/products/ibolt-dock-n-lock-drill-base-locking-dual-tablet-stand","product body has 56 words; target is at least 80."
"product","10","medium","missing_product_type","iBOLT Dock’n Lock Drill Base Locking Dual Tablet Stand","https://iboltmounts.com/products/ibolt-dock-n-lock-drill-base-locking-dual-tablet-stand","Product type is empty."
"product","10","medium","missing_product_tags","iBOLT Dock’n Lock Drill Base Locking Dual Tablet Stand","https://iboltmounts.com/products/ibolt-dock-n-lock-drill-base-locking-dual-tablet-stand","Product tags are empty."
"product","10","medium","long_meta_title","iBOLT Dock’n Lock Drill Base Locking Tablet Stand","https://iboltmounts.com/products/ibolt-dock-n-lock-drill-base-locking-tablet-stand","Public title is 114 characters."
"product","10","medium","long_meta_description","iBOLT Dock’n Lock Drill Base Locking Tablet Stand","https://iboltmounts.com/products/ibolt-dock-n-lock-drill-base-locking-tablet-stand","Meta description is 255 characters."
"product","10","medium","thin_content","iBOLT Dock’n Lock Drill Base Locking Tablet Stand","https://iboltmounts.com/products/ibolt-dock-n-lock-drill-base-locking-tablet-stand","product body has 67 words; target is at least 80."
"product","10","medium","missing_product_type","iBOLT Dock’n Lock Drill Base Locking Tablet Stand","https://iboltmounts.com/products/ibolt-dock-n-lock-drill-base-locking-tablet-stand","Product type is empty."
"product","10","medium","missing_product_tags","iBOLT Dock’n Lock Drill Base Locking Tablet Stand","https://iboltmounts.com/products/ibolt-dock-n-lock-drill-base-locking-tablet-stand","Product tags are empty."
"product","10","low","public_fetch","iBOLT™ 1 inch / 25mm Composite Motorcycle / Bicycle Handlebar, Pole, Post mount","https://iboltmounts.com/products/ibolt-1-inch-25mm-composite-motorcycle-bicycle-handlebar-pole-post-mount","Public URL returned 429 during audit; excluded from public template/schema scoring to avoid false SEO failures."
"product","10","high","thin_content","iBOLT™ 1 inch / 25mm Composite Motorcycle / Bicycle Handlebar, Pole, Post mount","https://iboltmounts.com/products/ibolt-1-inch-25mm-composite-motorcycle-bicycle-handlebar-pole-post-mount","product body has 31 words; target is at least 80."
"product","10","medium","missing_product_type","iBOLT™ 1 inch / 25mm Composite Motorcycle / Bicycle Handlebar, Pole, Post mount","https://iboltmounts.com/products/ibolt-1-inch-25mm-composite-motorcycle-bicycle-handlebar-pole-post-mount","Product type is empty."
"product","10","medium","missing_product_tags","iBOLT™ 1 inch / 25mm Composite Motorcycle / Bicycle Handlebar, Pole, Post mount","https://iboltmounts.com/products/ibolt-1-inch-25mm-composite-motorcycle-bicycle-handlebar-pole-post-mount","Product tags are empty."
"product","10","low","public_fetch","iBOLT Composite 2.5"" Open Socket AMPS Drill Base Mount for 1-inch/ 25mm Ball Joints","https://iboltmounts.com/products/ibolt-composite-2-5-open-socket-round-amps-drill-base-mount-for-1-inch-25mm-ball-joints","Public URL returned 429 during audit; excluded from public template/schema scoring to avoid false SEO failures."
"product","10","high","thin_content","iBOLT Composite 2.5"" Open Socket AMPS Drill Base Mount for 1-inch/ 25mm Ball Joints","https://iboltmounts.com/products/ibolt-composite-2-5-open-socket-round-amps-drill-base-mount-for-1-inch-25mm-ball-joints","product body has 24 words; target is at least 80."
"product","10","medium","missing_product_type","iBOLT Composite 2.5"" Open Socket AMPS Drill Base Mount for 1-inch/ 25mm Ball Joints","https://iboltmounts.com/products/ibolt-composite-2-5-open-socket-round-amps-drill-base-mount-for-1-inch-25mm-ball-joints","Product type is empty."
"product","10","medium","missing_product_tags","iBOLT Composite 2.5"" Open Socket AMPS Drill Base Mount for 1-inch/ 25mm Ball Joints","https://iboltmounts.com/products/ibolt-composite-2-5-open-socket-round-amps-drill-base-mount-for-1-inch-25mm-ball-joints","Product tags are empty."
"product","10","low","public_fetch","iBOLT IncrediBOLT™ AMPS- 3.2 inch Dual Ball Drill Base Mount","https://iboltmounts.com/products/ibolt-incredibolt-amps-3-2-inch-dual-ball-drill-base-mount","Public URL returned 429 during audit; excluded from public template/schema scoring to avoid false SEO failures."
"product","10","high","thin_content","iBOLT IncrediBOLT™ AMPS- 3.2 inch Dual Ball Drill Base Mount","https://iboltmounts.com/products/ibolt-incredibolt-amps-3-2-inch-dual-ball-drill-base-mount","product body has 17 words; target is at least 80."
"product","10","medium","missing_product_type","iBOLT IncrediBOLT™ AMPS- 3.2 inch Dual Ball Drill Base Mount","https://iboltmounts.com/products/ibolt-incredibolt-amps-3-2-inch-dual-ball-drill-base-mount","Product type is empty."
"product","10","medium","missing_product_tags","iBOLT IncrediBOLT™ AMPS- 3.2 inch Dual Ball Drill Base Mount","https://iboltmounts.com/products/ibolt-incredibolt-amps-3-2-inch-dual-ball-drill-base-mount","Product tags are empty."
"product","10","low","public_fetch","iBOLT TabDock™ Tablet Holder with 4-Hole AMPS pattern Connection","https://iboltmounts.com/products/ibolt-tabdock-tablet-holder-with-4-hole-amps-pattern-connection","Public URL returned 429 during audit; excluded from public template/schema scoring to avoid false SEO failures."
"product","10","high","thin_content","iBOLT TabDock™ Tablet Holder with 4-Hole AMPS pattern Connection","https://iboltmounts.com/products/ibolt-tabdock-tablet-holder-with-4-hole-amps-pattern-connection","product body has 27 words; target is at least 80."
"product","10","medium","missing_product_type","iBOLT TabDock™ Tablet Holder with 4-Hole AMPS pattern Connection","https://iboltmounts.com/products/ibolt-tabdock-tablet-holder-with-4-hole-amps-pattern-connection","Product type is empty."
"product","10","medium","missing_product_tags","iBOLT TabDock™ Tablet Holder with 4-Hole AMPS pattern Connection","https://iboltmounts.com/products/ibolt-tabdock-tablet-holder-with-4-hole-amps-pattern-connection","Product tags are empty."
"product","10","low","public_fetch","iBOLT™ Composite 4.25 inch Arm for 1-inch / 25mm / B Size Ball adapters","https://iboltmounts.com/products/ibolt-composite-4-25-inch-double-socket-arm-for-all-industry-standard-1-inch-25mm-b-size-ball-adapters","Public URL returned 429 during audit; excluded from public template/schema scoring to avoid false SEO failures."
"product","10","high","thin_content","iBOLT™ Composite 4.25 inch Arm for 1-inch / 25mm / B Size Ball adapters","https://iboltmounts.com/products/ibolt-composite-4-25-inch-double-socket-arm-for-all-industry-standard-1-inch-25mm-b-size-ball-adapters","product body has 38 words; target is at least 80."
"product","10","medium","missing_product_type","iBOLT™ Composite 4.25 inch Arm for 1-inch / 25mm / B Size Ball adapters","https://iboltmounts.com/products/ibolt-composite-4-25-inch-double-socket-arm-for-all-industry-standard-1-inch-25mm-b-size-ball-adapters","Product type is empty."
"product","10","medium","missing_product_tags","iBOLT™ Composite 4.25 inch Arm for 1-inch / 25mm / B Size Ball adapters","https://iboltmounts.com/products/ibolt-composite-4-25-inch-double-socket-arm-for-all-industry-standard-1-inch-25mm-b-size-ball-adapters","Product tags are empty."
"product","10","low","public_fetch","iBOLT™ miniProXL™ Phone Holder w/ 17mm Ball Joint","https://iboltmounts.com/products/ibolt-miniproxl-holder-w-17mm-ball-joint-works-with-phones-2-25-in-58mm-to-3-8-in-97mm-wide-and-all-industry-standard-17mm-mounts","Public URL returned 429 during audit; excluded from public template/schema scoring to avoid false SEO failures."
"product","10","high","thin_content","iBOLT™ miniProXL™ Phone Holder w/ 17mm Ball Joint","https://iboltmounts.com/products/ibolt-miniproxl-holder-w-17mm-ball-joint-works-with-phones-2-25-in-58mm-to-3-8-in-97mm-wide-and-all-industry-standard-17mm-mounts","product body has 23 words; target is at least 80."
"product","10","medium","missing_product_type","iBOLT™ miniProXL™ Phone Holder w/ 17mm Ball Joint","https://iboltmounts.com/products/ibolt-miniproxl-holder-w-17mm-ball-joint-works-with-phones-2-25-in-58mm-to-3-8-in-97mm-wide-and-all-industry-standard-17mm-mounts","Product type is empty."
"product","10","medium","missing_product_tags","iBOLT™ miniProXL™ Phone Holder w/ 17mm Ball Joint","https://iboltmounts.com/products/ibolt-miniproxl-holder-w-17mm-ball-joint-works-with-phones-2-25-in-58mm-to-3-8-in-97mm-wide-and-all-industry-standard-17mm-mounts","Product tags are empty."
"product","10","medium","long_meta_title","iBOLT Phone Dock’n Lock IncrediBOLT™ AMPS w/ 4.25” Arm Locking Drill Base Mount for Smartphones","https://iboltmounts.com/products/ibolt-phone-dock-n-lock-incredibolt-amps-w-4-25-double-socket-arm-locking-drill-base-mount-for-smartphones-great-for-trucks-eld-s-wall-mounting-sprinter-vans-etc","Public title is 170 characters."
"product","10","medium","long_meta_description","iBOLT Phone Dock’n Lock IncrediBOLT™ AMPS w/ 4.25” Arm Locking Drill Base Mount for Smartphones","https://iboltmounts.com/products/ibolt-phone-dock-n-lock-incredibolt-amps-w-4-25-double-socket-arm-locking-drill-base-mount-for-smartphones-great-for-trucks-eld-s-wall-mounting-sprinter-vans-etc","Meta description is 275 characters."
"product","10","medium","thin_content","iBOLT Phone Dock’n Lock IncrediBOLT™ AMPS w/ 4.25” Arm Locking Drill Base Mount for Smartphones","https://iboltmounts.com/products/ibolt-phone-dock-n-lock-incredibolt-amps-w-4-25-double-socket-arm-locking-drill-base-mount-for-smartphones-great-for-trucks-eld-s-wall-mounting-sprinter-vans-etc","product body has 75 words; target is at least 80."
"product","10","medium","missing_product_type","iBOLT Phone Dock’n Lock IncrediBOLT™ AMPS w/ 4.25” Arm Locking Drill Base Mount for Smartphones","https://iboltmounts.com/products/ibolt-phone-dock-n-lock-incredibolt-amps-w-4-25-double-socket-arm-locking-drill-base-mount-for-smartphones-great-for-trucks-eld-s-wall-mounting-sprinter-vans-etc","Product type is empty."
"product","10","medium","missing_product_tags","iBOLT Phone Dock’n Lock IncrediBOLT™ AMPS w/ 4.25” Arm Locking Drill Base Mount for Smartphones","https://iboltmounts.com/products/ibolt-phone-dock-n-lock-incredibolt-amps-w-4-25-double-socket-arm-locking-drill-base-mount-for-smartphones-great-for-trucks-eld-s-wall-mounting-sprinter-vans-etc","Product tags are empty."
"product","10","low","public_fetch","iBOLT™ 1 inch / 25mm Aluminum Motorcycle / Bicycle Handlebar, Pole, Post mount","https://iboltmounts.com/products/ibolt-1-inch-25mm-aluminum-motorcycle-bicycle-handlebar-pole-post-mount","Public URL returned 429 during audit; excluded from public template/schema scoring to avoid false SEO failures."
"product","10","high","thin_content","iBOLT™ 1 inch / 25mm Aluminum Motorcycle / Bicycle Handlebar, Pole, Post mount","https://iboltmounts.com/products/ibolt-1-inch-25mm-aluminum-motorcycle-bicycle-handlebar-pole-post-mount","product body has 29 words; target is at least 80."
"product","10","medium","missing_product_type","iBOLT™ 1 inch / 25mm Aluminum Motorcycle / Bicycle Handlebar, Pole, Post mount","https://iboltmounts.com/products/ibolt-1-inch-25mm-aluminum-motorcycle-bicycle-handlebar-pole-post-mount","Product type is empty."
"product","10","medium","missing_product_tags","iBOLT™ 1 inch / 25mm Aluminum Motorcycle / Bicycle Handlebar, Pole, Post mount","https://iboltmounts.com/products/ibolt-1-inch-25mm-aluminum-motorcycle-bicycle-handlebar-pole-post-mount","Product tags are empty."
"product","10","low","public_fetch","iBOLT™ 1 inch / 25mm to 11mm Bolt adapter for Motorcycle Mirror frames, Handlebar Pinch Bolts and more","https://iboltmounts.com/products/ibolt-1-inch-25mm-to-11mm-bolt-adapter-for-motorcycle-mirror-frames-handlebar-pinch-bolts-and-more","Public URL returned 429 during audit; excluded from public template/schema scoring to avoid false SEO failures."
"product","10","high","thin_content","iBOLT™ 1 inch / 25mm to 11mm Bolt adapter for Motorcycle Mirror frames, Handlebar Pinch Bolts and more","https://iboltmounts.com/products/ibolt-1-inch-25mm-to-11mm-bolt-adapter-for-motorcycle-mirror-frames-handlebar-pinch-bolts-and-more","product body has 39 words; target is at least 80."
"product","10","medium","missing_product_type","iBOLT™ 1 inch / 25mm to 11mm Bolt adapter for Motorcycle Mirror frames, Handlebar Pinch Bolts and more","https://iboltmounts.com/products/ibolt-1-inch-25mm-to-11mm-bolt-adapter-for-motorcycle-mirror-frames-handlebar-pinch-bolts-and-more","Product type is empty."
"product","10","medium","missing_product_tags","iBOLT™ 1 inch / 25mm to 11mm Bolt adapter for Motorcycle Mirror frames, Handlebar Pinch Bolts and more","https://iboltmounts.com/products/ibolt-1-inch-25mm-to-11mm-bolt-adapter-for-motorcycle-mirror-frames-handlebar-pinch-bolts-and-more","Product tags are empty."
"product","10","low","public_fetch","iBOLT™ 20mm to 4 Prong Composite Ball Adapter","https://iboltmounts.com/products/ibolt-22mm-to-4-prong-composite-ball-adapter-for-industry-standard-22mm-mounts-and-adapters-works-with-ibolt-tablet-tabdock-holders","Public URL returned 429 during audit; excluded from public template/schema scoring to avoid false SEO failures."
"product","10","high","thin_content","iBOLT™ 20mm to 4 Prong Composite Ball Adapter","https://iboltmounts.com/products/ibolt-22mm-to-4-prong-composite-ball-adapter-for-industry-standard-22mm-mounts-and-adapters-works-with-ibolt-tablet-tabdock-holders","product body has 29 words; target is at least 80."
"product","10","medium","missing_product_type","iBOLT™ 20mm to 4 Prong Composite Ball Adapter","https://iboltmounts.com/products/ibolt-22mm-to-4-prong-composite-ball-adapter-for-industry-standard-22mm-mounts-and-adapters-works-with-ibolt-tablet-tabdock-holders","Product type is empty."
"product","10","medium","missing_product_tags","iBOLT™ 20mm to 4 Prong Composite Ball Adapter","https://iboltmounts.com/products/ibolt-22mm-to-4-prong-composite-ball-adapter-for-industry-standard-22mm-mounts-and-adapters-works-with-ibolt-tablet-tabdock-holders","Product tags are empty."
"product","10","low","public_fetch","iBOLT 22mm Ball Socket to 4-Hole AMPs Pattern adapter with Tightening Ring","https://iboltmounts.com/products/ibolt-22mm-ball-socket-to-4-hole-amps-pattern-adapter-with-tightening-ring","Public URL returned 429 during audit; excluded from public template/schema scoring to avoid false SEO failures."
"product","10","high","thin_content","iBOLT 22mm Ball Socket to 4-Hole AMPs Pattern adapter with Tightening Ring","https://iboltmounts.com/products/ibolt-22mm-ball-socket-to-4-hole-amps-pattern-adapter-with-tightening-ring","product body has 33 words; target is at least 80."
"product","10","medium","missing_product_type","iBOLT 22mm Ball Socket to 4-Hole AMPs Pattern adapter with Tightening Ring","https://iboltmounts.com/products/ibolt-22mm-ball-socket-to-4-hole-amps-pattern-adapter-with-tightening-ring","Product type is empty."
"product","10","medium","missing_product_tags","iBOLT 22mm Ball Socket to 4-Hole AMPs Pattern adapter with Tightening Ring","https://iboltmounts.com/products/ibolt-22mm-ball-socket-to-4-hole-amps-pattern-adapter-with-tightening-ring","Product tags are empty."
"product","10","low","public_fetch","iBOLT 22mm Ball Socket to 4 Prong adapter with Tightening Ring","https://iboltmounts.com/products/ibolt-22mm-ball-socket-to-4-prong-adapter-with-tightening-ring","Public URL returned 429 during audit; excluded from public template/schema scoring to avoid false SEO failures."
"product","10","high","thin_content","iBOLT 22mm Ball Socket to 4 Prong adapter with Tightening Ring","https://iboltmounts.com/products/ibolt-22mm-ball-socket-to-4-prong-adapter-with-tightening-ring","product body has 32 words; target is at least 80."
"product","10","medium","missing_product_type","iBOLT 22mm Ball Socket to 4 Prong adapter with Tightening Ring","https://iboltmounts.com/products/ibolt-22mm-ball-socket-to-4-prong-adapter-with-tightening-ring","Product type is empty."
"product","10","medium","missing_product_tags","iBOLT 22mm Ball Socket to 4 Prong adapter with Tightening Ring","https://iboltmounts.com/products/ibolt-22mm-ball-socket-to-4-prong-adapter-with-tightening-ring","Product tags are empty."
"product","10","low","public_fetch","iBOLT™ 22mm Clamp Mount for Handlebars, poles, posts","https://iboltmounts.com/products/ibolt-22mm-clamp-mount-for-handlebars-poles-posts-and-industry-standard-22mm-ball-mounts","Public URL returned 429 during audit; excluded from public template/schema scoring to avoid false SEO failures."
"product","10","high","thin_content","iBOLT™ 22mm Clamp Mount for Handlebars, poles, posts","https://iboltmounts.com/products/ibolt-22mm-clamp-mount-for-handlebars-poles-posts-and-industry-standard-22mm-ball-mounts","product body has 35 words; target is at least 80."
"product","10","medium","missing_product_type","iBOLT™ 22mm Clamp Mount for Handlebars, poles, posts","https://iboltmounts.com/products/ibolt-22mm-clamp-mount-for-handlebars-poles-posts-and-industry-standard-22mm-ball-mounts","Product type is empty."
"product","10","medium","missing_product_tags","iBOLT™ 22mm Clamp Mount for Handlebars, poles, posts","https://iboltmounts.com/products/ibolt-22mm-clamp-mount-for-handlebars-poles-posts-and-industry-standard-22mm-ball-mounts","Product tags are empty."
"product","10","low","public_fetch","iBOLT™ 22mm Composite AMPS Pattern Drill base Plate","https://iboltmounts.com/products/ibolt-22mm-composite-amps-pattern-drill-base-plate","Public URL returned 429 during audit; excluded from public template/schema scoring to avoid false SEO failures."
"product","10","high","thin_content","iBOLT™ 22mm Composite AMPS Pattern Drill base Plate","https://iboltmounts.com/products/ibolt-22mm-composite-amps-pattern-drill-base-plate","product body has 28 words; target is at least 80."
"product","10","medium","missing_product_type","iBOLT™ 22mm Composite AMPS Pattern Drill base Plate","https://iboltmounts.com/products/ibolt-22mm-composite-amps-pattern-drill-base-plate","Product type is empty."
"product","10","medium","missing_product_tags","iBOLT™ 22mm Composite AMPS Pattern Drill base Plate","https://iboltmounts.com/products/ibolt-22mm-composite-amps-pattern-drill-base-plate","Product tags are empty."
"product","10","medium","long_meta_title","iBOLT™ 38mm / 1.5 inch Metal AMPS to ¼ 20” Composite Camera Screw Mount","https://iboltmounts.com/products/ibolt-38mm-1-5-inch-metal-amps-to-20-composite-camera-screw-dual-ball-mount","Public title is 71 characters."
"product","10","medium","long_meta_description","iBOLT™ 38mm / 1.5 inch Metal AMPS to ¼ 20” Composite Camera Screw Mount","https://iboltmounts.com/products/ibolt-38mm-1-5-inch-metal-amps-to-20-composite-camera-screw-dual-ball-mount","Meta description is 249 characters."
"product","10","medium","thin_content","iBOLT™ 38mm / 1.5 inch Metal AMPS to ¼ 20” Composite Camera Screw Mount","https://iboltmounts.com/products/ibolt-38mm-1-5-inch-metal-amps-to-20-composite-camera-screw-dual-ball-mount","product body has 48 words; target is at least 80."
"product","10","medium","missing_product_type","iBOLT™ 38mm / 1.5 inch Metal AMPS to ¼ 20” Composite Camera Screw Mount","https://iboltmounts.com/products/ibolt-38mm-1-5-inch-metal-amps-to-20-composite-camera-screw-dual-ball-mount","Product type is empty."
"product","10","medium","missing_product_tags","iBOLT™ 38mm / 1.5 inch Metal AMPS to ¼ 20” Composite Camera Screw Mount","https://iboltmounts.com/products/ibolt-38mm-1-5-inch-metal-amps-to-20-composite-camera-screw-dual-ball-mount","Product tags are empty."
"product","10","low","public_fetch","iBOLT™ ¼ 20 Camera Screw to 38mm / 1.5 inch Ball Mount Adapter","https://iboltmounts.com/products/ibolt-20-camera-screw-to-38mm-1-5-inch-ball-mount-adapter-for-all-industry-standard-1-5-inch-38-mm-mounts","Public URL returned 429 during audit; excluded from public template/schema scoring to avoid false SEO failures."
"product","10","high","thin_content","iBOLT™ ¼ 20 Camera Screw to 38mm / 1.5 inch Ball Mount Adapter","https://iboltmounts.com/products/ibolt-20-camera-screw-to-38mm-1-5-inch-ball-mount-adapter-for-all-industry-standard-1-5-inch-38-mm-mounts","product body has 33 words; target is at least 80."
"product","10","medium","missing_product_type","iBOLT™ ¼ 20 Camera Screw to 38mm / 1.5 inch Ball Mount Adapter","https://iboltmounts.com/products/ibolt-20-camera-screw-to-38mm-1-5-inch-ball-mount-adapter-for-all-industry-standard-1-5-inch-38-mm-mounts","Product type is empty."
"product","10","medium","missing_product_tags","iBOLT™ ¼ 20 Camera Screw to 38mm / 1.5 inch Ball Mount Adapter","https://iboltmounts.com/products/ibolt-20-camera-screw-to-38mm-1-5-inch-ball-mount-adapter-for-all-industry-standard-1-5-inch-38-mm-mounts","Product tags are empty."
"product","10","low","public_fetch","iBOLT™ 38mm / 1.5 inch Composite Rectangular AMPS to AMPS Mount","https://iboltmounts.com/products/ibolt-38mm-1-5-inch-composite-rectangular-amps-pattern-to-amps-pattern-drill-base-dual-ball-mount-featuring-a-5-75-inch-composite-38mm-bizmount-arm","Public URL returned 429 during audit; excluded from public template/schema scoring to avoid false SEO failures."
"product","10","high","thin_content","iBOLT™ 38mm / 1.5 inch Composite Rectangular AMPS to AMPS Mount","https://iboltmounts.com/products/ibolt-38mm-1-5-inch-composite-rectangular-amps-pattern-to-amps-pattern-drill-base-dual-ball-mount-featuring-a-5-75-inch-composite-38mm-bizmount-arm","product body has 17 words; target is at least 80."
"product","10","medium","missing_product_type","iBOLT™ 38mm / 1.5 inch Composite Rectangular AMPS to AMPS Mount","https://iboltmounts.com/products/ibolt-38mm-1-5-inch-composite-rectangular-amps-pattern-to-amps-pattern-drill-base-dual-ball-mount-featuring-a-5-75-inch-composite-38mm-bizmount-arm","Product type is empty."
"product","10","medium","missing_product_tags","iBOLT™ 38mm / 1.5 inch Composite Rectangular AMPS to AMPS Mount","https://iboltmounts.com/products/ibolt-38mm-1-5-inch-composite-rectangular-amps-pattern-to-amps-pattern-drill-base-dual-ball-mount-featuring-a-5-75-inch-composite-38mm-bizmount-arm","Product tags are empty."
"product","10","low","public_fetch","iBOLT™ 38mm / 1.5 inch Metal Rectangular AMPS to AMPS Mount","https://iboltmounts.com/products/ibolt-38mm-1-5-inch-metal-rectangular-amps-to-amps-drill-base-dual-ball-mount","Public URL returned 429 during audit; excluded from public template/schema scoring to avoid false SEO failures."
"product","10","high","thin_content","iBOLT™ 38mm / 1.5 inch Metal Rectangular AMPS to AMPS Mount","https://iboltmounts.com/products/ibolt-38mm-1-5-inch-metal-rectangular-amps-to-amps-drill-base-dual-ball-mount","product body has 17 words; target is at least 80."
"product","10","medium","missing_product_type","iBOLT™ 38mm / 1.5 inch Metal Rectangular AMPS to AMPS Mount","https://iboltmounts.com/products/ibolt-38mm-1-5-inch-metal-rectangular-amps-to-amps-drill-base-dual-ball-mount","Product type is empty."
"product","10","medium","missing_product_tags","iBOLT™ 38mm / 1.5 inch Metal Rectangular AMPS to AMPS Mount","https://iboltmounts.com/products/ibolt-38mm-1-5-inch-metal-rectangular-amps-to-amps-drill-base-dual-ball-mount","Product tags are empty."
"product","10","medium","long_meta_title","iBOLT™ 38mm / 1.5 inch Metal Circular AMPS to VESA 75 x 75 / VESA 100 x 100 Mount","https://iboltmounts.com/products/ibolt-38mm-1-5-inch-metal-circular-amps-pattern-to-vesa-75-x-75-vesa-100-x-100-dual-ball-mount","Public title is 99 characters."
"product","10","medium","long_meta_description","iBOLT™ 38mm / 1.5 inch Metal Circular AMPS to VESA 75 x 75 / VESA 100 x 100 Mount","https://iboltmounts.com/products/ibolt-38mm-1-5-inch-metal-circular-amps-pattern-to-vesa-75-x-75-vesa-100-x-100-dual-ball-mount","Meta description is 255 characters."
"product","10","medium","thin_content","iBOLT™ 38mm / 1.5 inch Metal Circular AMPS to VESA 75 x 75 / VESA 100 x 100 Mount","https://iboltmounts.com/products/ibolt-38mm-1-5-inch-metal-circular-amps-pattern-to-vesa-75-x-75-vesa-100-x-100-dual-ball-mount","product body has 57 words; target is at least 80."
"product","10","medium","missing_product_type","iBOLT™ 38mm / 1.5 inch Metal Circular AMPS to VESA 75 x 75 / VESA 100 x 100 Mount","https://iboltmounts.com/products/ibolt-38mm-1-5-inch-metal-circular-amps-pattern-to-vesa-75-x-75-vesa-100-x-100-dual-ball-mount","Product type is empty."
"product","10","medium","missing_product_tags","iBOLT™ 38mm / 1.5 inch Metal Circular AMPS to VESA 75 x 75 / VESA 100 x 100 Mount","https://iboltmounts.com/products/ibolt-38mm-1-5-inch-metal-circular-amps-pattern-to-vesa-75-x-75-vesa-100-x-100-dual-ball-mount","Product tags are empty."
"product","10","medium","long_meta_title","iBOLT™ 38mm / 1.5 inch Composite AMPS to ¼ 20” Metal Camera Screw Mount","https://iboltmounts.com/products/ibolt-38mm-1-5-inch-composite-rectangular-amps-pattern-to-20-metal-camera-screw-dual-ball-mount-featuring-a-8-5-inch-aluminum-38mm-bizmount-arm","Public title is 71 characters."
"product","10","medium","long_meta_description","iBOLT™ 38mm / 1.5 inch Composite AMPS to ¼ 20” Metal Camera Screw Mount","https://iboltmounts.com/products/ibolt-38mm-1-5-inch-composite-rectangular-amps-pattern-to-20-metal-camera-screw-dual-ball-mount-featuring-a-8-5-inch-aluminum-38mm-bizmount-arm","Meta description is 255 characters."
"product","10","medium","thin_content","iBOLT™ 38mm / 1.5 inch Composite AMPS to ¼ 20” Metal Camera Screw Mount","https://iboltmounts.com/products/ibolt-38mm-1-5-inch-composite-rectangular-amps-pattern-to-20-metal-camera-screw-dual-ball-mount-featuring-a-8-5-inch-aluminum-38mm-bizmount-arm","product body has 49 words; target is at least 80."
"product","10","medium","missing_product_type","iBOLT™ 38mm / 1.5 inch Composite AMPS to ¼ 20” Metal Camera Screw Mount","https://iboltmounts.com/products/ibolt-38mm-1-5-inch-composite-rectangular-amps-pattern-to-20-metal-camera-screw-dual-ball-mount-featuring-a-8-5-inch-aluminum-38mm-bizmount-arm","Product type is empty."
"product","10","medium","missing_product_tags","iBOLT™ 38mm / 1.5 inch Composite AMPS to ¼ 20” Metal Camera Screw Mount","https://iboltmounts.com/products/ibolt-38mm-1-5-inch-composite-rectangular-amps-pattern-to-20-metal-camera-screw-dual-ball-mount-featuring-a-8-5-inch-aluminum-38mm-bizmount-arm","Product tags are empty."
"product","10","low","public_fetch","iBOLT™ 38mm / 1.5 inch Metal Rectangular AMPS to AMPS Drill Base Mount","https://iboltmounts.com/products/ibolt-38mm-1-5-inch-metal-rectangular-amps-pattern-to-amps-pattern-drill-base-dual-ball-mount","Public URL returned 429 during audit; excluded from public template/schema scoring to avoid false SEO failures."
"product","10","high","thin_content","iBOLT™ 38mm / 1.5 inch Metal Rectangular AMPS to AMPS Drill Base Mount","https://iboltmounts.com/products/ibolt-38mm-1-5-inch-metal-rectangular-amps-pattern-to-amps-pattern-drill-base-dual-ball-mount","product body has 17 words; target is at least 80."
"product","10","medium","missing_product_type","iBOLT™ 38mm / 1.5 inch Metal Rectangular AMPS to AMPS Drill Base Mount","https://iboltmounts.com/products/ibolt-38mm-1-5-inch-metal-rectangular-amps-pattern-to-amps-pattern-drill-base-dual-ball-mount","Product type is empty."
"product","10","medium","missing_product_tags","iBOLT™ 38mm / 1.5 inch Metal Rectangular AMPS to AMPS Drill Base Mount","https://iboltmounts.com/products/ibolt-38mm-1-5-inch-metal-rectangular-amps-pattern-to-amps-pattern-drill-base-dual-ball-mount","Product tags are empty."
"product","10","low","public_fetch","iBOLT™ 38mm / 1.5 inch Metal AMPS to Composite Diamond AMPS Drill Base Mount","https://iboltmounts.com/products/ibolt-38mm-1-5-inch-metal-rectangular-amps-pattern-to-composite-diamond-amps-pattern-drill-base-dual-ball-mount","Public URL returned 429 during audit; excluded from public template/schema scoring to avoid false SEO failures."
"product","10","high","thin_content","iBOLT™ 38mm / 1.5 inch Metal AMPS to Composite Diamond AMPS Drill Base Mount","https://iboltmounts.com/products/ibolt-38mm-1-5-inch-metal-rectangular-amps-pattern-to-composite-diamond-amps-pattern-drill-base-dual-ball-mount","product body has 17 words; target is at least 80."
"product","10","medium","missing_product_type","iBOLT™ 38mm / 1.5 inch Metal AMPS to Composite Diamond AMPS Drill Base Mount","https://iboltmounts.com/products/ibolt-38mm-1-5-inch-metal-rectangular-amps-pattern-to-composite-diamond-amps-pattern-drill-base-dual-ball-mount","Product type is empty."
"product","10","medium","missing_product_tags","iBOLT™ 38mm / 1.5 inch Metal AMPS to Composite Diamond AMPS Drill Base Mount","https://iboltmounts.com/products/ibolt-38mm-1-5-inch-metal-rectangular-amps-pattern-to-composite-diamond-amps-pattern-drill-base-dual-ball-mount","Product tags are empty."
"product","10","low","public_fetch","iBOLT™ 38mm / 1.5 inch Metal Circular AMPS to AMPS Drill Base Mount","https://iboltmounts.com/products/ibolt-38mm-1-5-inch-metal-circular-amps-pattern-to-amps-pattern-drill-base-dual-ball-mount","Public URL returned 429 during audit; excluded from public template/schema scoring to avoid false SEO failures."
"product","10","high","thin_content","iBOLT™ 38mm / 1.5 inch Metal Circular AMPS to AMPS Drill Base Mount","https://iboltmounts.com/products/ibolt-38mm-1-5-inch-metal-circular-amps-pattern-to-amps-pattern-drill-base-dual-ball-mount","product body has 17 words; target is at least 80."
"product","10","medium","missing_product_type","iBOLT™ 38mm / 1.5 inch Metal Circular AMPS to AMPS Drill Base Mount","https://iboltmounts.com/products/ibolt-38mm-1-5-inch-metal-circular-amps-pattern-to-amps-pattern-drill-base-dual-ball-mount","Product type is empty."
"product","10","medium","missing_product_tags","iBOLT™ 38mm / 1.5 inch Metal Circular AMPS to AMPS Drill Base Mount","https://iboltmounts.com/products/ibolt-38mm-1-5-inch-metal-circular-amps-pattern-to-amps-pattern-drill-base-dual-ball-mount","Product tags are empty."
"product","10","low","public_fetch","iBOLT™ 38mm / 1.5 inch Composite Rectangular AMPS to AMPS Drill Base Mount","https://iboltmounts.com/products/ibamps-34212-ibolt-38mm-1-5-inch-composite-rectangular-amps-pattern-to-amps-pattern-drill-base-dual-ball-mount","Public URL returned 429 during audit; excluded from public template/schema scoring to avoid false SEO failures."
"product","10","high","thin_content","iBOLT™ 38mm / 1.5 inch Composite Rectangular AMPS to AMPS Drill Base Mount","https://iboltmounts.com/products/ibamps-34212-ibolt-38mm-1-5-inch-composite-rectangular-amps-pattern-to-amps-pattern-drill-base-dual-ball-mount","product body has 17 words; target is at least 80."
"product","10","medium","missing_product_type","iBOLT™ 38mm / 1.5 inch Composite Rectangular AMPS to AMPS Drill Base Mount","https://iboltmounts.com/products/ibamps-34212-ibolt-38mm-1-5-inch-composite-rectangular-amps-pattern-to-amps-pattern-drill-base-dual-ball-mount","Product type is empty."
"product","10","medium","missing_product_tags","iBOLT™ 38mm / 1.5 inch Composite Rectangular AMPS to AMPS Drill Base Mount","https://iboltmounts.com/products/ibamps-34212-ibolt-38mm-1-5-inch-composite-rectangular-amps-pattern-to-amps-pattern-drill-base-dual-ball-mount","Product tags are empty."
"product","10","medium","long_meta_title","iBOLT™ 38mm / 1.5 inch Composite AMPS to ¼ 20” Metal Camera Screw Mount","https://iboltmounts.com/products/ibolt-38mm-1-5-inch-composite-rectangular-amps-pattern-to-20-metal-camera-screw-dual-ball-mount","Public title is 71 characters."
"product","10","medium","long_meta_description","iBOLT™ 38mm / 1.5 inch Composite AMPS to ¼ 20” Metal Camera Screw Mount","https://iboltmounts.com/products/ibolt-38mm-1-5-inch-composite-rectangular-amps-pattern-to-20-metal-camera-screw-dual-ball-mount","Meta description is 237 characters."
"product","10","medium","thin_content","iBOLT™ 38mm / 1.5 inch Composite AMPS to ¼ 20” Metal Camera Screw Mount","https://iboltmounts.com/products/ibolt-38mm-1-5-inch-composite-rectangular-amps-pattern-to-20-metal-camera-screw-dual-ball-mount","product body has 49 words; target is at least 80."
"product","10","medium","missing_product_type","iBOLT™ 38mm / 1.5 inch Composite AMPS to ¼ 20” Metal Camera Screw Mount","https://iboltmounts.com/products/ibolt-38mm-1-5-inch-composite-rectangular-amps-pattern-to-20-metal-camera-screw-dual-ball-mount","Product type is empty."
"product","10","medium","missing_product_tags","iBOLT™ 38mm / 1.5 inch Composite AMPS to ¼ 20” Metal Camera Screw Mount","https://iboltmounts.com/products/ibolt-38mm-1-5-inch-composite-rectangular-amps-pattern-to-20-metal-camera-screw-dual-ball-mount","Product tags are empty."
"product","10","low","public_fetch","iBOLT™ 38mm / 1.5 inch Composite Rectangular AMPS Pattern Drill Base Mount","https://iboltmounts.com/products/ibolt-38mm-1-5-inch-composite-rectangular-amps-pattern-to-amps-pattern-drill-base-dual-ball-mount","Public URL returned 429 during audit; excluded from public template/schema scoring to avoid false SEO failures."
"product","10","high","thin_content","iBOLT™ 38mm / 1.5 inch Composite Rectangular AMPS Pattern Drill Base Mount","https://iboltmounts.com/products/ibolt-38mm-1-5-inch-composite-rectangular-amps-pattern-to-amps-pattern-drill-base-dual-ball-mount","product body has 17 words; target is at least 80."
"product","10","medium","missing_product_type","iBOLT™ 38mm / 1.5 inch Composite Rectangular AMPS Pattern Drill Base Mount","https://iboltmounts.com/products/ibolt-38mm-1-5-inch-composite-rectangular-amps-pattern-to-amps-pattern-drill-base-dual-ball-mount","Product type is empty."
"product","10","medium","missing_product_tags","iBOLT™ 38mm / 1.5 inch Composite Rectangular AMPS Pattern Drill Base Mount","https://iboltmounts.com/products/ibolt-38mm-1-5-inch-composite-rectangular-amps-pattern-to-amps-pattern-drill-base-dual-ball-mount","Product tags are empty."
"product","10","low","public_fetch","iBOLT™ 38mm / 1.5 inch Metal Rectangular AMPS to AMPS Drill Base Mount","https://iboltmounts.com/products/ibolt-38mm-1-5-inch-metal-rectangular-amps-pattern-to-amps-pattern-3-5-inch-drill-base","Public URL returned 429 during audit; excluded from public template/schema scoring to avoid false SEO failures."
"product","10","high","thin_content","iBOLT™ 38mm / 1.5 inch Metal Rectangular AMPS to AMPS Drill Base Mount","https://iboltmounts.com/products/ibolt-38mm-1-5-inch-metal-rectangular-amps-pattern-to-amps-pattern-3-5-inch-drill-base","product body has 17 words; target is at least 80."
"product","10","medium","missing_product_type","iBOLT™ 38mm / 1.5 inch Metal Rectangular AMPS to AMPS Drill Base Mount","https://iboltmounts.com/products/ibolt-38mm-1-5-inch-metal-rectangular-amps-pattern-to-amps-pattern-3-5-inch-drill-base","Product type is empty."
"product","10","medium","missing_product_tags","iBOLT™ 38mm / 1.5 inch Metal Rectangular AMPS to AMPS Drill Base Mount","https://iboltmounts.com/products/ibolt-38mm-1-5-inch-metal-rectangular-amps-pattern-to-amps-pattern-3-5-inch-drill-base","Product tags are empty."
"product","10","low","public_fetch","iBOLT™ 38mm / 1.5 inch Metal Rectangular AMPS Pattern to AMPS Pattern Drill Base","https://iboltmounts.com/products/ibolt-38mm-1-5-inch-metal-rectangular-amps-pattern-to-amps-pattern-drill-base","Public URL returned 429 during audit; excluded from public template/schema scoring to avoid false SEO failures."
"product","10","high","thin_content","iBOLT™ 38mm / 1.5 inch Metal Rectangular AMPS Pattern to AMPS Pattern Drill Base","https://iboltmounts.com/products/ibolt-38mm-1-5-inch-metal-rectangular-amps-pattern-to-amps-pattern-drill-base","product body has 17 words; target is at least 80."
"product","10","medium","missing_product_type","iBOLT™ 38mm / 1.5 inch Metal Rectangular AMPS Pattern to AMPS Pattern Drill Base","https://iboltmounts.com/products/ibolt-38mm-1-5-inch-metal-rectangular-amps-pattern-to-amps-pattern-drill-base","Product type is empty."
"product","10","medium","missing_product_tags","iBOLT™ 38mm / 1.5 inch Metal Rectangular AMPS Pattern to AMPS Pattern Drill Base","https://iboltmounts.com/products/ibolt-38mm-1-5-inch-metal-rectangular-amps-pattern-to-amps-pattern-drill-base","Product tags are empty."
"product","10","low","public_fetch","iBOLT™ 38mm / 1.5 inch Metal Circular AMPS Pattern to AMPS Pattern Drill Base","https://iboltmounts.com/products/ibolt-38mm-1-5-inch-metal-circular-amps-pattern-to-amps-pattern-drill-base","Public URL returned 429 during audit; excluded from public template/schema scoring to avoid false SEO failures."
"product","10","high","thin_content","iBOLT™ 38mm / 1.5 inch Metal Circular AMPS Pattern to AMPS Pattern Drill Base","https://iboltmounts.com/products/ibolt-38mm-1-5-inch-metal-circular-amps-pattern-to-amps-pattern-drill-base","product body has 17 words; target is at least 80."
"product","10","medium","missing_product_type","iBOLT™ 38mm / 1.5 inch Metal Circular AMPS Pattern to AMPS Pattern Drill Base","https://iboltmounts.com/products/ibolt-38mm-1-5-inch-metal-circular-amps-pattern-to-amps-pattern-drill-base","Product type is empty."
"product","10","medium","missing_product_tags","iBOLT™ 38mm / 1.5 inch Metal Circular AMPS Pattern to AMPS Pattern Drill Base","https://iboltmounts.com/products/ibolt-38mm-1-5-inch-metal-circular-amps-pattern-to-amps-pattern-drill-base","Product tags are empty."
"product","10","low","public_fetch","iBOLT™ 20mm Adjustable Aluminum Ball Cup Holder Mount","https://iboltmounts.com/products/ibolt-20mm-adjustable-aluminum-ball-cup-holder-mount","Public URL returned 429 during audit; excluded from public template/schema scoring to avoid false SEO failures."
"product","10","high","thin_content","iBOLT™ 20mm Adjustable Aluminum Ball Cup Holder Mount","https://iboltmounts.com/products/ibolt-20mm-adjustable-aluminum-ball-cup-holder-mount","product body has 35 words; target is at least 80."
"product","10","medium","missing_product_type","iBOLT™ 20mm Adjustable Aluminum Ball Cup Holder Mount","https://iboltmounts.com/products/ibolt-20mm-adjustable-aluminum-ball-cup-holder-mount","Product type is empty."
"product","10","medium","missing_product_tags","iBOLT™ 20mm Adjustable Aluminum Ball Cup Holder Mount","https://iboltmounts.com/products/ibolt-20mm-adjustable-aluminum-ball-cup-holder-mount","Product tags are empty."
"product","10","low","public_fetch","iBOLT Moto-Vise™ Bizmount™ 88mm Diameter Magnetic Mount Bizmount™ w/ 1 / 4 20 Camera Screw","https://iboltmounts.com/products/ibolt-moto-vise-bizmount-88mm-diameter-magnetic-mount-bizmount-w-1-4-20-camera-screw","Public URL returned 429 during audit; excluded from public template/schema scoring to avoid false SEO failures."
"product","10","high","thin_content","iBOLT Moto-Vise™ Bizmount™ 88mm Diameter Magnetic Mount Bizmount™ w/ 1 / 4 20 Camera Screw","https://iboltmounts.com/products/ibolt-moto-vise-bizmount-88mm-diameter-magnetic-mount-bizmount-w-1-4-20-camera-screw","product body has 38 words; target is at least 80."
"product","10","medium","missing_product_type","iBOLT Moto-Vise™ Bizmount™ 88mm Diameter Magnetic Mount Bizmount™ w/ 1 / 4 20 Camera Screw","https://iboltmounts.com/products/ibolt-moto-vise-bizmount-88mm-diameter-magnetic-mount-bizmount-w-1-4-20-camera-screw","Product type is empty."
"product","10","medium","missing_product_tags","iBOLT Moto-Vise™ Bizmount™ 88mm Diameter Magnetic Mount Bizmount™ w/ 1 / 4 20 Camera Screw","https://iboltmounts.com/products/ibolt-moto-vise-bizmount-88mm-diameter-magnetic-mount-bizmount-w-1-4-20-camera-screw","Product tags are empty."
"product","10","low","public_fetch","3 Camera Slide Bar with Tablet Holder - 10 inch","https://iboltmounts.com/products/three-1-4-20-camera-screw-slider-bar-tripod-attachment-ibcm-34601","Public URL returned 429 during audit; excluded from public template/schema scoring to avoid false SEO failures."
"product","10","high","thin_content","3 Camera Slide Bar with Tablet Holder - 10 inch","https://iboltmounts.com/products/three-1-4-20-camera-screw-slider-bar-tripod-attachment-ibcm-34601","product body has 39 words; target is at least 80."
"product","10","medium","missing_product_type","3 Camera Slide Bar with Tablet Holder - 10 inch","https://iboltmounts.com/products/three-1-4-20-camera-screw-slider-bar-tripod-attachment-ibcm-34601","Product type is empty."
"product","10","medium","missing_product_tags","3 Camera Slide Bar with Tablet Holder - 10 inch","https://iboltmounts.com/products/three-1-4-20-camera-screw-slider-bar-tripod-attachment-ibcm-34601","Product tags are empty."
"product","10","low","public_fetch","Stream-Cast Clamp Bendable Overhead Phone Mount","https://iboltmounts.com/products/livestream-stream-cast-clamp-bendable-overhead-phone-camera-mount","Public URL returned 429 during audit; excluded from public template/schema scoring to avoid false SEO failures."
"product","10","high","thin_content","Stream-Cast Clamp Bendable Overhead Phone Mount","https://iboltmounts.com/products/livestream-stream-cast-clamp-bendable-overhead-phone-camera-mount","product body has 36 words; target is at least 80."
"product","10","medium","missing_product_type","Stream-Cast Clamp Bendable Overhead Phone Mount","https://iboltmounts.com/products/livestream-stream-cast-clamp-bendable-overhead-phone-camera-mount","Product type is empty."
"product","10","medium","missing_product_tags","Stream-Cast Clamp Bendable Overhead Phone Mount","https://iboltmounts.com/products/livestream-stream-cast-clamp-bendable-overhead-phone-camera-mount","Product tags are empty."
"product","10","low","public_fetch","Stream-Cast Clamp Adjustable Overhead Phone Mount","https://iboltmounts.com/products/livestream-stream-cast-clamp-adjustable-overhead-camera-phone-mount-ibsc-34605","Public URL returned 429 during audit; excluded from public template/schema scoring to avoid false SEO failures."
"product","10","high","thin_content","Stream-Cast Clamp Adjustable Overhead Phone Mount","https://iboltmounts.com/products/livestream-stream-cast-clamp-adjustable-overhead-camera-phone-mount-ibsc-34605","product body has 36 words; target is at least 80."
"product","10","medium","missing_product_type","Stream-Cast Clamp Adjustable Overhead Phone Mount","https://iboltmounts.com/products/livestream-stream-cast-clamp-adjustable-overhead-camera-phone-mount-ibsc-34605","Product type is empty."
"product","10","medium","missing_product_tags","Stream-Cast Clamp Adjustable Overhead Phone Mount","https://iboltmounts.com/products/livestream-stream-cast-clamp-adjustable-overhead-camera-phone-mount-ibsc-34605","Product tags are empty."
"product","10","low","public_fetch","Stream-Cast Stand Adjustable Overhead Phone Mount for Live Streaming","https://iboltmounts.com/products/livestreaming-overhead-phone-camera-stream-cast-stand-ibsc-34607","Public URL returned 429 during audit; excluded from public template/schema scoring to avoid false SEO failures."
"product","10","high","thin_content","Stream-Cast Stand Adjustable Overhead Phone Mount for Live Streaming","https://iboltmounts.com/products/livestreaming-overhead-phone-camera-stream-cast-stand-ibsc-34607","product body has 36 words; target is at least 80."
"product","10","medium","missing_product_type","Stream-Cast Stand Adjustable Overhead Phone Mount for Live Streaming","https://iboltmounts.com/products/livestreaming-overhead-phone-camera-stream-cast-stand-ibsc-34607","Product type is empty."
"product","10","medium","missing_product_tags","Stream-Cast Stand Adjustable Overhead Phone Mount for Live Streaming","https://iboltmounts.com/products/livestreaming-overhead-phone-camera-stream-cast-stand-ibsc-34607","Product tags are empty."
"product","10","low","public_fetch","IBOLT™ Fixed Install Charger- 30W 2-Port Quick Charge 3.0 and Standard USB-A","https://iboltmounts.com/products/fixed-install-hardwire-usb-charge-30w-2-port-quick-charge-3-0-standard-usb-a","Public URL returned 429 during audit; excluded from public template/schema scoring to avoid false SEO failures."
"product","10","high","thin_content","IBOLT™ Fixed Install Charger- 30W 2-Port Quick Charge 3.0 and Standard USB-A","https://iboltmounts.com/products/fixed-install-hardwire-usb-charge-30w-2-port-quick-charge-3-0-standard-usb-a","product body has 38 words; target is at least 80."
"product","10","medium","missing_product_type","IBOLT™ Fixed Install Charger- 30W 2-Port Quick Charge 3.0 and Standard USB-A","https://iboltmounts.com/products/fixed-install-hardwire-usb-charge-30w-2-port-quick-charge-3-0-standard-usb-a","Product type is empty."
"product","10","medium","missing_product_tags","IBOLT™ Fixed Install Charger- 30W 2-Port Quick Charge 3.0 and Standard USB-A","https://iboltmounts.com/products/fixed-install-hardwire-usb-charge-30w-2-port-quick-charge-3-0-standard-usb-a","Product tags are empty."
"product","10","low","public_fetch","xProDock™ NFC Holder Only","https://iboltmounts.com/products/xprodock-nfc-phone-holder-ibpb-33804","Public URL returned 429 during audit; excluded from public template/schema scoring to avoid false SEO failures."
"product","10","high","thin_content","xProDock™ NFC Holder Only","https://iboltmounts.com/products/xprodock-nfc-phone-holder-ibpb-33804","product body has 30 words; target is at least 80."
"product","10","medium","missing_product_type","xProDock™ NFC Holder Only","https://iboltmounts.com/products/xprodock-nfc-phone-holder-ibpb-33804","Product type is empty."
"product","10","medium","missing_product_tags","xProDock™ NFC Holder Only","https://iboltmounts.com/products/xprodock-nfc-phone-holder-ibpb-33804","Product tags are empty."
"product","10","low","public_fetch","sPro2™ Holder Only","https://iboltmounts.com/products/spro2-holder-car-docks-phone-mounts-holder","Public URL returned 429 during audit; excluded from public template/schema scoring to avoid false SEO failures."
"product","10","high","thin_content","sPro2™ Holder Only","https://iboltmounts.com/products/spro2-holder-car-docks-phone-mounts-holder","product body has 10 words; target is at least 80."
"product","10","medium","missing_product_type","sPro2™ Holder Only","https://iboltmounts.com/products/spro2-holder-car-docks-phone-mounts-holder","Product type is empty."
"product","10","medium","missing_product_tags","sPro2™ Holder Only","https://iboltmounts.com/products/spro2-holder-car-docks-phone-mounts-holder","Product tags are empty."
"product","10","low","public_fetch","miniProXL™ Vent Kit for all Smartphones","https://iboltmounts.com/products/minipro-xl-phone-holder-ibu-33425","Public URL returned 429 during audit; excluded from public template/schema scoring to avoid false SEO failures."
"product","10","high","thin_content","miniProXL™ Vent Kit for all Smartphones","https://iboltmounts.com/products/minipro-xl-phone-holder-ibu-33425","product body has 27 words; target is at least 80."
"product","10","medium","missing_product_type","miniProXL™ Vent Kit for all Smartphones","https://iboltmounts.com/products/minipro-xl-phone-holder-ibu-33425","Product type is empty."
"product","10","medium","missing_product_tags","miniProXL™ Vent Kit for all Smartphones","https://iboltmounts.com/products/minipro-xl-phone-holder-ibu-33425","Product tags are empty."
"article","9","medium","long_meta_description","Ball Mounts Explained: Complete Guide to 20mm, 25mm, and Universal Mounting Solutions","https://iboltmounts.com/blogs/news/ball-mounts-explained-complete-guide-to-20mm-25mm-and-universal-mounting-solutions","Meta description is 320 characters."
"article","9","medium","weak_heading_structure","Ball Mounts Explained: Complete Guide to 20mm, 25mm, and Universal Mounting Solutions","https://iboltmounts.com/blogs/news/ball-mounts-explained-complete-guide-to-20mm-25mm-and-universal-mounting-solutions","Only 1 H2 headings found."
"article","9","medium","missing_visible_faq","Ball Mounts Explained: Complete Guide to 20mm, 25mm, and Universal Mounting Solutions","https://iboltmounts.com/blogs/news/ball-mounts-explained-complete-guide-to-20mm-25mm-and-universal-mounting-solutions","No visible FAQ section detected."
"article","9","medium","article_no_product_links","Ball Mounts Explained: Complete Guide to 20mm, 25mm, and Universal Mounting Solutions","https://iboltmounts.com/blogs/news/ball-mounts-explained-complete-guide-to-20mm-25mm-and-universal-mounting-solutions","Article body has no product links."
"article","9","low","article_no_add_to_cart","Ball Mounts Explained: Complete Guide to 20mm, 25mm, and Universal Mounting Solutions","https://iboltmounts.com/blogs/news/ball-mounts-explained-complete-guide-to-20mm-25mm-and-universal-mounting-solutions","Article body has no direct add-to-cart link."
"article","9","medium","long_meta_description","TOP 5 TABLET MOUNTS FOR TRUCK DRIVERS","https://iboltmounts.com/blogs/news/top-5-tablet-mounts-for-truck-drivers","Meta description is 320 characters."
"article","9","medium","missing_visible_faq","TOP 5 TABLET MOUNTS FOR TRUCK DRIVERS","https://iboltmounts.com/blogs/news/top-5-tablet-mounts-for-truck-drivers","No visible FAQ section detected."
"article","9","medium","body_images_missing_alt","TOP 5 TABLET MOUNTS FOR TRUCK DRIVERS","https://iboltmounts.com/blogs/news/top-5-tablet-mounts-for-truck-drivers","20 of 20 body images are missing alt text."
"article","9","medium","article_no_product_links","TOP 5 TABLET MOUNTS FOR TRUCK DRIVERS","https://iboltmounts.com/blogs/news/top-5-tablet-mounts-for-truck-drivers","Article body has no product links."
"article","9","low","article_no_add_to_cart","TOP 5 TABLET MOUNTS FOR TRUCK DRIVERS","https://iboltmounts.com/blogs/news/top-5-tablet-mounts-for-truck-drivers","Article body has no direct add-to-cart link."
"article","9","medium","long_meta_description","What Do I need for an Overhead Livestream Setup?","https://iboltmounts.com/blogs/news/what-do-i-need-for-an-overhead-livestream-setup","Meta description is 320 characters."
"article","9","medium","missing_visible_faq","What Do I need for an Overhead Livestream Setup?","https://iboltmounts.com/blogs/news/what-do-i-need-for-an-overhead-livestream-setup","No visible FAQ section detected."
"article","9","medium","body_images_missing_alt","What Do I need for an Overhead Livestream Setup?","https://iboltmounts.com/blogs/news/what-do-i-need-for-an-overhead-livestream-setup","5 of 5 body images are missing alt text."
"article","9","medium","article_no_product_links","What Do I need for an Overhead Livestream Setup?","https://iboltmounts.com/blogs/news/what-do-i-need-for-an-overhead-livestream-setup","Article body has no product links."
"article","9","low","article_no_add_to_cart","What Do I need for an Overhead Livestream Setup?","https://iboltmounts.com/blogs/news/what-do-i-need-for-an-overhead-livestream-setup","Article body has no direct add-to-cart link."
"article","9","medium","long_meta_description","Mounts to take off-roading in your Jeep Wrangler","https://iboltmounts.com/blogs/news/mounts-to-take-off-roading-in-your-jeep-wrangler","Meta description is 320 characters."
"article","9","medium","missing_visible_faq","Mounts to take off-roading in your Jeep Wrangler","https://iboltmounts.com/blogs/news/mounts-to-take-off-roading-in-your-jeep-wrangler","No visible FAQ section detected."
"article","9","medium","body_images_missing_alt","Mounts to take off-roading in your Jeep Wrangler","https://iboltmounts.com/blogs/news/mounts-to-take-off-roading-in-your-jeep-wrangler","9 of 9 body images are missing alt text."
"article","9","medium","article_no_product_links","Mounts to take off-roading in your Jeep Wrangler","https://iboltmounts.com/blogs/news/mounts-to-take-off-roading-in-your-jeep-wrangler","Article body has no product links."
"article","9","low","article_no_add_to_cart","Mounts to take off-roading in your Jeep Wrangler","https://iboltmounts.com/blogs/news/mounts-to-take-off-roading-in-your-jeep-wrangler","Article body has no direct add-to-cart link."
"product","9","high","thin_content","iBOLT IncrediBOLT™ AMPS- 5.7 inch Dual Ball Drill Base Mount","https://iboltmounts.com/products/ibolt-incredibolt-amps-5-7-inch-dual-ball-drill-base-mount","product body has 17 words; target is at least 80."
"product","9","medium","missing_product_type","iBOLT IncrediBOLT™ AMPS- 5.7 inch Dual Ball Drill Base Mount","https://iboltmounts.com/products/ibolt-incredibolt-amps-5-7-inch-dual-ball-drill-base-mount","Product type is empty."
"product","9","medium","missing_product_tags","iBOLT IncrediBOLT™ AMPS- 5.7 inch Dual Ball Drill Base Mount","https://iboltmounts.com/products/ibolt-incredibolt-amps-5-7-inch-dual-ball-drill-base-mount","Product tags are empty."
"product","9","medium","long_meta_description","iBOLT™ 25mm / 1 inch Ball to Clamp Post / Pole / Handlebar Mount","https://iboltmounts.com/products/ibolt-25mm-1-inch-ball-to-clamp-post-pole-handlebar-mount-base-adapter","Meta description is 253 characters."
"product","9","high","thin_content","iBOLT™ 25mm / 1 inch Ball to Clamp Post / Pole / Handlebar Mount","https://iboltmounts.com/products/ibolt-25mm-1-inch-ball-to-clamp-post-pole-handlebar-mount-base-adapter","product body has 38 words; target is at least 80."
"product","9","medium","missing_product_type","iBOLT™ 25mm / 1 inch Ball to Clamp Post / Pole / Handlebar Mount","https://iboltmounts.com/products/ibolt-25mm-1-inch-ball-to-clamp-post-pole-handlebar-mount-base-adapter","Product type is empty."
"article","8","high","missing_faq_schema","Understanding Phone Clamp Mounts: A Practical Guide to Secure Device Positioning","https://iboltmounts.com/blogs/news/understanding-phone-clamp-mounts-a-practical-guide-to-secure-device-positioning","Visible FAQ content exists without FAQPage JSON-LD."
"article","8","medium","article_no_product_links","Understanding Phone Clamp Mounts: A Practical Guide to Secure Device Positioning","https://iboltmounts.com/blogs/news/understanding-phone-clamp-mounts-a-practical-guide-to-secure-device-positioning","Article body has no product links."
"article","8","low","article_no_add_to_cart","Understanding Phone Clamp Mounts: A Practical Guide to Secure Device Positioning","https://iboltmounts.com/blogs/news/understanding-phone-clamp-mounts-a-practical-guide-to-secure-device-positioning","Article body has no direct add-to-cart link."
"product","8","low","public_fetch","Build your own Mount","https://iboltmounts.com/products/cpb-order-c7b5c44b-53b9-4622-92ed-447530ec2b71","Public URL returned 429 during audit; excluded from public template/schema scoring to avoid false SEO failures."
"product","8","medium","thin_content","Build your own Mount","https://iboltmounts.com/products/cpb-order-c7b5c44b-53b9-4622-92ed-447530ec2b71","product body has 50 words; target is at least 80."
"product","8","high","product_no_images","Build your own Mount","https://iboltmounts.com/products/cpb-order-c7b5c44b-53b9-4622-92ed-447530ec2b71","Product has no images in Shopify Admin."
"product","8","medium","long_meta_description","iBOLT Clamp Base for 4-Hole AMPS Mounts","https://iboltmounts.com/products/ibolt-clamp-base-for-4-hole-amps-mounts","Meta description is 320 characters."
"product","8","medium","thin_content","iBOLT Clamp Base for 4-Hole AMPS Mounts","https://iboltmounts.com/products/ibolt-clamp-base-for-4-hole-amps-mounts","product body has 79 words; target is at least 80."
"product","8","medium","missing_product_type","iBOLT Clamp Base for 4-Hole AMPS Mounts","https://iboltmounts.com/products/ibolt-clamp-base-for-4-hole-amps-mounts","Product type is empty."
"product","8","medium","missing_product_tags","iBOLT Clamp Base for 4-Hole AMPS Mounts","https://iboltmounts.com/products/ibolt-clamp-base-for-4-hole-amps-mounts","Product tags are empty."
"product","8","medium","long_meta_description","iBOLT VESA 75x75 / 100x100 Monitor Pillar Mount with 38mm (1.5-inch) Ball Joint","https://iboltmounts.com/products/ibolt-vesa-75x75-100x100-monitor-pillar-mount-with-38mm-1-5-inch-ball-joint","Meta description is 320 characters."
"product","8","medium","thin_content","iBOLT VESA 75x75 / 100x100 Monitor Pillar Mount with 38mm (1.5-inch) Ball Joint","https://iboltmounts.com/products/ibolt-vesa-75x75-100x100-monitor-pillar-mount-with-38mm-1-5-inch-ball-joint","product body has 60 words; target is at least 80."
"product","8","medium","missing_product_type","iBOLT VESA 75x75 / 100x100 Monitor Pillar Mount with 38mm (1.5-inch) Ball Joint","https://iboltmounts.com/products/ibolt-vesa-75x75-100x100-monitor-pillar-mount-with-38mm-1-5-inch-ball-joint","Product type is empty."
"product","8","medium","missing_product_tags","iBOLT VESA 75x75 / 100x100 Monitor Pillar Mount with 38mm (1.5-inch) Ball Joint","https://iboltmounts.com/products/ibolt-vesa-75x75-100x100-monitor-pillar-mount-with-38mm-1-5-inch-ball-joint","Product tags are empty."
"product","8","low","public_fetch","iBOLT™ 25mm / 1 inch Heavy Duty Metal Ball Suction Cup Base","https://iboltmounts.com/products/ibolt-25mm-1-inch-heavy-duty-metal-ball-suction-cup-base","Public URL returned 429 during audit; excluded from public template/schema scoring to avoid false SEO failures."
"product","8","high","thin_content","iBOLT™ 25mm / 1 inch Heavy Duty Metal Ball Suction Cup Base","https://iboltmounts.com/products/ibolt-25mm-1-inch-heavy-duty-metal-ball-suction-cup-base","product body has 36 words; target is at least 80."
"product","8","medium","missing_product_type","iBOLT™ 25mm / 1 inch Heavy Duty Metal Ball Suction Cup Base","https://iboltmounts.com/products/ibolt-25mm-1-inch-heavy-duty-metal-ball-suction-cup-base","Product type is empty."
"product","8","low","public_fetch","iBOLT™ 25mm / 1 inch / B Size to 38mm / 1.5 inch / C Size Composite Extension Ball Adapter","https://iboltmounts.com/products/ibolt-25mm-1-inch-b-size-to-38mm-1-5-inch-c-size-composite-extension-ball-adapter","Public URL returned 429 during audit; excluded from public template/schema scoring to avoid false SEO failures."
"product","8","high","thin_content","iBOLT™ 25mm / 1 inch / B Size to 38mm / 1.5 inch / C Size Composite Extension Ball Adapter","https://iboltmounts.com/products/ibolt-25mm-1-inch-b-size-to-38mm-1-5-inch-c-size-composite-extension-ball-adapter","product body has 28 words; target is at least 80."
"product","8","medium","missing_product_type","iBOLT™ 25mm / 1 inch / B Size to 38mm / 1.5 inch / C Size Composite Extension Ball Adapter","https://iboltmounts.com/products/ibolt-25mm-1-inch-b-size-to-38mm-1-5-inch-c-size-composite-extension-ball-adapter","Product type is empty."
"product","8","low","public_fetch","iBOLT Composite 2.5"" Open Socket AMPS Drill Base Mount for 1-inch/ 25mm Ball Joints","https://iboltmounts.com/products/ibolt-composite-2-5-open-socket-amps-drill-base-mount-for-1-inch-25mm-ball-joints","Public URL returned 429 during audit; excluded from public template/schema scoring to avoid false SEO failures."
"product","8","high","thin_content","iBOLT Composite 2.5"" Open Socket AMPS Drill Base Mount for 1-inch/ 25mm Ball Joints","https://iboltmounts.com/products/ibolt-composite-2-5-open-socket-amps-drill-base-mount-for-1-inch-25mm-ball-joints","product body has 24 words; target is at least 80."
"product","8","medium","missing_product_type","iBOLT Composite 2.5"" Open Socket AMPS Drill Base Mount for 1-inch/ 25mm Ball Joints","https://iboltmounts.com/products/ibolt-composite-2-5-open-socket-amps-drill-base-mount-for-1-inch-25mm-ball-joints","Product type is empty."
"product","8","medium","long_meta_description","iBOLT Moto-Vise™ IncrediBOLT™ 360 Heavy Duty Phone Clamp / Handlebar / Rail Mount","https://iboltmounts.com/products/ibolt-moto-vise-incredibolt-360-heavy-duty-phone-clamp-handlebar-rail-mount","Meta description is 277 characters."
"product","8","medium","thin_content","iBOLT Moto-Vise™ IncrediBOLT™ 360 Heavy Duty Phone Clamp / Handlebar / Rail Mount","https://iboltmounts.com/products/ibolt-moto-vise-incredibolt-360-heavy-duty-phone-clamp-handlebar-rail-mount","product body has 63 words; target is at least 80."
"product","8","medium","missing_product_type","iBOLT Moto-Vise™ IncrediBOLT™ 360 Heavy Duty Phone Clamp / Handlebar / Rail Mount","https://iboltmounts.com/products/ibolt-moto-vise-incredibolt-360-heavy-duty-phone-clamp-handlebar-rail-mount","Product type is empty."
"product","8","medium","missing_product_tags","iBOLT Moto-Vise™ IncrediBOLT™ 360 Heavy Duty Phone Clamp / Handlebar / Rail Mount","https://iboltmounts.com/products/ibolt-moto-vise-incredibolt-360-heavy-duty-phone-clamp-handlebar-rail-mount","Product tags are empty."
"product","8","low","public_fetch","iBOLT™ Composite 6 inch Arm for 1-inch / 25mm / B Size Ball adapters","https://iboltmounts.com/products/ibolt-composite-6-inch-double-socket-arm-for-all-industry-standard-1-inch-25mm-b-size-ball-adapters","Public URL returned 429 during audit; excluded from public template/schema scoring to avoid false SEO failures."
"product","8","high","thin_content","iBOLT™ Composite 6 inch Arm for 1-inch / 25mm / B Size Ball adapters","https://iboltmounts.com/products/ibolt-composite-6-inch-double-socket-arm-for-all-industry-standard-1-inch-25mm-b-size-ball-adapters","product body has 35 words; target is at least 80."
"product","8","medium","missing_product_type","iBOLT™ Composite 6 inch Arm for 1-inch / 25mm / B Size Ball adapters","https://iboltmounts.com/products/ibolt-composite-6-inch-double-socket-arm-for-all-industry-standard-1-inch-25mm-b-size-ball-adapters","Product type is empty."
"product","8","medium","long_meta_title","iBOLT 88mm Diameter Magnetic Mount w/ 1 / 4 20 Camera Screw and GoPro Adapter","https://iboltmounts.com/products/ibolt-88mm-diameter-magnetic-mount-base-w-1-4-20-camera-screw-gopro-adapter","Public title is 98 characters."
"product","8","medium","thin_content","iBOLT 88mm Diameter Magnetic Mount w/ 1 / 4 20 Camera Screw and GoPro Adapter","https://iboltmounts.com/products/ibolt-88mm-diameter-magnetic-mount-base-w-1-4-20-camera-screw-gopro-adapter","product body has 46 words; target is at least 80."
"product","8","medium","missing_product_type","iBOLT 88mm Diameter Magnetic Mount w/ 1 / 4 20 Camera Screw and GoPro Adapter","https://iboltmounts.com/products/ibolt-88mm-diameter-magnetic-mount-base-w-1-4-20-camera-screw-gopro-adapter","Product type is empty."
"product","8","medium","missing_product_tags","iBOLT 88mm Diameter Magnetic Mount w/ 1 / 4 20 Camera Screw and GoPro Adapter","https://iboltmounts.com/products/ibolt-88mm-diameter-magnetic-mount-base-w-1-4-20-camera-screw-gopro-adapter","Product tags are empty."
"product","8","medium","long_meta_title","iBOLT 17mm Dual Ball Clamping Mount for Handlebars, Poles, Posts for Garmin GPS Systems and iBOLT Phone Holders","https://iboltmounts.com/products/ibolt-17mm-dual-ball-clamping-mount-for-handlebars-poles-posts-compatible-w-garmin-gps-systems-and-ibolt-phone-holders","Public title is 121 characters."
"product","8","medium","thin_content","iBOLT 17mm Dual Ball Clamping Mount for Handlebars, Poles, Posts for Garmin GPS Systems and iBOLT Phone Holders","https://iboltmounts.com/products/ibolt-17mm-dual-ball-clamping-mount-for-handlebars-poles-posts-compatible-w-garmin-gps-systems-and-ibolt-phone-holders","product body has 51 words; target is at least 80."
"product","8","medium","missing_product_type","iBOLT 17mm Dual Ball Clamping Mount for Handlebars, Poles, Posts for Garmin GPS Systems and iBOLT Phone Holders","https://iboltmounts.com/products/ibolt-17mm-dual-ball-clamping-mount-for-handlebars-poles-posts-compatible-w-garmin-gps-systems-and-ibolt-phone-holders","Product type is empty."
"product","8","medium","missing_product_tags","iBOLT 17mm Dual Ball Clamping Mount for Handlebars, Poles, Posts for Garmin GPS Systems and iBOLT Phone Holders","https://iboltmounts.com/products/ibolt-17mm-dual-ball-clamping-mount-for-handlebars-poles-posts-compatible-w-garmin-gps-systems-and-ibolt-phone-holders","Product tags are empty."
"product","8","medium","long_meta_description","iBOLT™ 38mm / 1.5 inch to VESA 75 x 75 Ball Adapter for monitors, displays, or tv’s","https://iboltmounts.com/products/ibolt-38mm-1-5-inch-to-vesa-75-x-75-ball-adapter-for-monitors-displays-or-tv-s","Meta description is 281 characters."
"product","8","medium","thin_content","iBOLT™ 38mm / 1.5 inch to VESA 75 x 75 Ball Adapter for monitors, displays, or tv’s","https://iboltmounts.com/products/ibolt-38mm-1-5-inch-to-vesa-75-x-75-ball-adapter-for-monitors-displays-or-tv-s","product body has 46 words; target is at least 80."
"product","8","medium","missing_product_type","iBOLT™ 38mm / 1.5 inch to VESA 75 x 75 Ball Adapter for monitors, displays, or tv’s","https://iboltmounts.com/products/ibolt-38mm-1-5-inch-to-vesa-75-x-75-ball-adapter-for-monitors-displays-or-tv-s","Product type is empty."
"product","8","medium","missing_product_tags","iBOLT™ 38mm / 1.5 inch to VESA 75 x 75 Ball Adapter for monitors, displays, or tv’s","https://iboltmounts.com/products/ibolt-38mm-1-5-inch-to-vesa-75-x-75-ball-adapter-for-monitors-displays-or-tv-s","Product tags are empty."
"product","8","medium","long_meta_description","iBOLT™ 22mm miniball VHB Adhesive Mount","https://iboltmounts.com/products/ibolt-22mm-miniball-vhb-adhesive-mount","Meta description is 263 characters."
"product","8","medium","thin_content","iBOLT™ 22mm miniball VHB Adhesive Mount","https://iboltmounts.com/products/ibolt-22mm-miniball-vhb-adhesive-mount","product body has 43 words; target is at least 80."
"product","8","medium","missing_product_type","iBOLT™ 22mm miniball VHB Adhesive Mount","https://iboltmounts.com/products/ibolt-22mm-miniball-vhb-adhesive-mount","Product type is empty."
"product","8","medium","missing_product_tags","iBOLT™ 22mm miniball VHB Adhesive Mount","https://iboltmounts.com/products/ibolt-22mm-miniball-vhb-adhesive-mount","Product tags are empty."
"product","8","medium","long_meta_description","iBOLT™ 38mm / 1.5 inch Composite AMPS to ¼ 20” Camera Screw Mount","https://iboltmounts.com/products/ibolt-38mm-1-5-inch-composite-amps-to-20-composite-camera-screw-5-inch-dual-ball-mount","Meta description is 255 characters."
"product","8","medium","thin_content","iBOLT™ 38mm / 1.5 inch Composite AMPS to ¼ 20” Camera Screw Mount","https://iboltmounts.com/products/ibolt-38mm-1-5-inch-composite-amps-to-20-composite-camera-screw-5-inch-dual-ball-mount","product body has 48 words; target is at least 80."
"product","8","medium","missing_product_type","iBOLT™ 38mm / 1.5 inch Composite AMPS to ¼ 20” Camera Screw Mount","https://iboltmounts.com/products/ibolt-38mm-1-5-inch-composite-amps-to-20-composite-camera-screw-5-inch-dual-ball-mount","Product type is empty."
"product","8","medium","missing_product_tags","iBOLT™ 38mm / 1.5 inch Composite AMPS to ¼ 20” Camera Screw Mount","https://iboltmounts.com/products/ibolt-38mm-1-5-inch-composite-amps-to-20-composite-camera-screw-5-inch-dual-ball-mount","Product tags are empty."
"product","8","low","public_fetch","iBOLT™ ¼ 20 Camera Screw to 25mm / 1 inch Ball Mount Adapter","https://iboltmounts.com/products/ibolt-20-camera-screw-to-25mm-1-inch-ball-mount-adapter-for-all-industry-standard-1-inch-25-mm-mounts","Public URL returned 429 during audit; excluded from public template/schema scoring to avoid false SEO failures."
"product","8","high","thin_content","iBOLT™ ¼ 20 Camera Screw to 25mm / 1 inch Ball Mount Adapter","https://iboltmounts.com/products/ibolt-20-camera-screw-to-25mm-1-inch-ball-mount-adapter-for-all-industry-standard-1-inch-25-mm-mounts","product body has 32 words; target is at least 80."
"product","8","medium","missing_product_type","iBOLT™ ¼ 20 Camera Screw to 25mm / 1 inch Ball Mount Adapter","https://iboltmounts.com/products/ibolt-20-camera-screw-to-25mm-1-inch-ball-mount-adapter-for-all-industry-standard-1-inch-25-mm-mounts","Product type is empty."
"product","8","medium","long_meta_description","iBOLT™ 25mm / 1 inch Composite Universal Marine Fish Finder to Metal AMPS 2.75 Dual Ball Mount","https://iboltmounts.com/products/ibolt-25mm-1-inch-composite-universal-marine-fish-finder-to-metal-amps2-75-inch-dual-ball-mount","Meta description is 328 characters."
"product","8","medium","thin_content","iBOLT™ 25mm / 1 inch Composite Universal Marine Fish Finder to Metal AMPS 2.75 Dual Ball Mount","https://iboltmounts.com/products/ibolt-25mm-1-inch-composite-universal-marine-fish-finder-to-metal-amps2-75-inch-dual-ball-mount","product body has 76 words; target is at least 80."
"product","8","medium","missing_product_type","iBOLT™ 25mm / 1 inch Composite Universal Marine Fish Finder to Metal AMPS 2.75 Dual Ball Mount","https://iboltmounts.com/products/ibolt-25mm-1-inch-composite-universal-marine-fish-finder-to-metal-amps2-75-inch-dual-ball-mount","Product type is empty."
"product","8","medium","missing_product_tags","iBOLT™ 25mm / 1 inch Composite Universal Marine Fish Finder to Metal AMPS 2.75 Dual Ball Mount","https://iboltmounts.com/products/ibolt-25mm-1-inch-composite-universal-marine-fish-finder-to-metal-amps2-75-inch-dual-ball-mount","Product tags are empty."
"product","8","low","public_fetch","iBOLT™ 25mm / 1 inch Ball Composite Universal Marine Fish Finder Mounting Plate","https://iboltmounts.com/products/ibolt-25mm-1-inch-ball-composite-universal-marine-fish-finder-mounting-plate","Public URL returned 429 during audit; excluded from public template/schema scoring to avoid false SEO failures."
"product","8","high","thin_content","iBOLT™ 25mm / 1 inch Ball Composite Universal Marine Fish Finder Mounting Plate","https://iboltmounts.com/products/ibolt-25mm-1-inch-ball-composite-universal-marine-fish-finder-mounting-plate","product body has 36 words; target is at least 80."
"product","8","medium","missing_product_type","iBOLT™ 25mm / 1 inch Ball Composite Universal Marine Fish Finder Mounting Plate","https://iboltmounts.com/products/ibolt-25mm-1-inch-ball-composite-universal-marine-fish-finder-mounting-plate","Product type is empty."
"product","8","low","public_fetch","iBOLT™ 38mm / 1.5 inch Ball Composite Universal Marine Fish Finder Mounting Plate","https://iboltmounts.com/products/ibolt-38mm-1-5-inch-ball-composite-universal-marine-fish-finder-mounting-plate","Public URL returned 429 during audit; excluded from public template/schema scoring to avoid false SEO failures."
"product","8","high","thin_content","iBOLT™ 38mm / 1.5 inch Ball Composite Universal Marine Fish Finder Mounting Plate","https://iboltmounts.com/products/ibolt-38mm-1-5-inch-ball-composite-universal-marine-fish-finder-mounting-plate","product body has 37 words; target is at least 80."
"product","8","medium","missing_product_type","iBOLT™ 38mm / 1.5 inch Ball Composite Universal Marine Fish Finder Mounting Plate","https://iboltmounts.com/products/ibolt-38mm-1-5-inch-ball-composite-universal-marine-fish-finder-mounting-plate","Product type is empty."
"product","8","medium","long_meta_description","iBOLT™ 38mm / 1.5 inch Metal AMPS to VESA 75 x 75 Mount for Monitors, displays, or tv’s","https://iboltmounts.com/products/ibamps-34233-ibolt-38mm-1-5-inch-metal-rectangular-amps-pattern-to-vesa-75-x-75-dual-ball-mount-for-monitors-displays-or-tv-s","Meta description is 264 characters."
"product","8","medium","thin_content","iBOLT™ 38mm / 1.5 inch Metal AMPS to VESA 75 x 75 Mount for Monitors, displays, or tv’s","https://iboltmounts.com/products/ibamps-34233-ibolt-38mm-1-5-inch-metal-rectangular-amps-pattern-to-vesa-75-x-75-dual-ball-mount-for-monitors-displays-or-tv-s","product body has 52 words; target is at least 80."
"product","8","medium","missing_product_type","iBOLT™ 38mm / 1.5 inch Metal AMPS to VESA 75 x 75 Mount for Monitors, displays, or tv’s","https://iboltmounts.com/products/ibamps-34233-ibolt-38mm-1-5-inch-metal-rectangular-amps-pattern-to-vesa-75-x-75-dual-ball-mount-for-monitors-displays-or-tv-s","Product type is empty."
"product","8","medium","missing_product_tags","iBOLT™ 38mm / 1.5 inch Metal AMPS to VESA 75 x 75 Mount for Monitors, displays, or tv’s","https://iboltmounts.com/products/ibamps-34233-ibolt-38mm-1-5-inch-metal-rectangular-amps-pattern-to-vesa-75-x-75-dual-ball-mount-for-monitors-displays-or-tv-s","Product tags are empty."
"product","8","low","public_fetch","iBOLT™ 20mm Metal AMPS Adapter Plate","https://iboltmounts.com/products/ibolt-20mm-metal-amps-adapter-plate-for-industry-standard-20mm-dual-ball-socket-mounting-arms","Public URL returned 429 during audit; excluded from public template/schema scoring to avoid false SEO failures."
"product","8","high","thin_content","iBOLT™ 20mm Metal AMPS Adapter Plate","https://iboltmounts.com/products/ibolt-20mm-metal-amps-adapter-plate-for-industry-standard-20mm-dual-ball-socket-mounting-arms","product body has 26 words; target is at least 80."
"product","8","medium","missing_product_type","iBOLT™ 20mm Metal AMPS Adapter Plate","https://iboltmounts.com/products/ibolt-20mm-metal-amps-adapter-plate-for-industry-standard-20mm-dual-ball-socket-mounting-arms","Product type is empty."
"product","8","low","public_fetch","iBOLT™ 20mm Metal Ball Suction Cup Base","https://iboltmounts.com/products/ibolt-20mm-metal-ball-suction-cup-base-for-industry-standard-20mm-dual-ball-socket-mounting-arms","Public URL returned 429 during audit; excluded from public template/schema scoring to avoid false SEO failures."
"product","8","high","thin_content","iBOLT™ 20mm Metal Ball Suction Cup Base","https://iboltmounts.com/products/ibolt-20mm-metal-ball-suction-cup-base-for-industry-standard-20mm-dual-ball-socket-mounting-arms","product body has 36 words; target is at least 80."
"product","8","medium","missing_product_type","iBOLT™ 20mm Metal Ball Suction Cup Base","https://iboltmounts.com/products/ibolt-20mm-metal-ball-suction-cup-base-for-industry-standard-20mm-dual-ball-socket-mounting-arms","Product type is empty."
"product","8","low","public_fetch","iBOLT™ FixedPro 360 20mm ball 4.5 inch Aluminum Extension arm","https://iboltmounts.com/products/ibolt-fixedpro-360-4-5-inch-aluminum-extension-arm-for-all-industry-standard-20mm-ball-joints-adapters-and-mounts","Public URL returned 429 during audit; excluded from public template/schema scoring to avoid false SEO failures."
"product","8","high","thin_content","iBOLT™ FixedPro 360 20mm ball 4.5 inch Aluminum Extension arm","https://iboltmounts.com/products/ibolt-fixedpro-360-4-5-inch-aluminum-extension-arm-for-all-industry-standard-20mm-ball-joints-adapters-and-mounts","product body has 29 words; target is at least 80."
"product","8","medium","missing_product_type","iBOLT™ FixedPro 360 20mm ball 4.5 inch Aluminum Extension arm","https://iboltmounts.com/products/ibolt-fixedpro-360-4-5-inch-aluminum-extension-arm-for-all-industry-standard-20mm-ball-joints-adapters-and-mounts","Product type is empty."
"product","8","low","public_fetch","iBOLT™ FixedPro 360 Multi-Angle 7 inch Aluminum arm","https://iboltmounts.com/products/ibolt-fixedpro-360-multi-angle-7-inch-aluminum-arm-for-industry-standard-20mm-ball-joints","Public URL returned 429 during audit; excluded from public template/schema scoring to avoid false SEO failures."
"product","8","high","thin_content","iBOLT™ FixedPro 360 Multi-Angle 7 inch Aluminum arm","https://iboltmounts.com/products/ibolt-fixedpro-360-multi-angle-7-inch-aluminum-arm-for-industry-standard-20mm-ball-joints","product body has 35 words; target is at least 80."
"product","8","medium","missing_product_type","iBOLT™ FixedPro 360 Multi-Angle 7 inch Aluminum arm","https://iboltmounts.com/products/ibolt-fixedpro-360-multi-angle-7-inch-aluminum-arm-for-industry-standard-20mm-ball-joints","Product type is empty."
"product","8","low","public_fetch","iBOLT™ 38mm / 1.5 inch Composite AMPS Adapter Plate","https://iboltmounts.com/products/ibolt-38mm-1-5-inch-composite-amps-adapter-plate-for-industry-standard-dual-ball-socket-mounting-arms","Public URL returned 429 during audit; excluded from public template/schema scoring to avoid false SEO failures."
"product","8","high","thin_content","iBOLT™ 38mm / 1.5 inch Composite AMPS Adapter Plate","https://iboltmounts.com/products/ibolt-38mm-1-5-inch-composite-amps-adapter-plate-for-industry-standard-dual-ball-socket-mounting-arms","product body has 36 words; target is at least 80."
"product","8","medium","missing_product_type","iBOLT™ 38mm / 1.5 inch Composite AMPS Adapter Plate","https://iboltmounts.com/products/ibolt-38mm-1-5-inch-composite-amps-adapter-plate-for-industry-standard-dual-ball-socket-mounting-arms","Product type is empty."
"product","8","low","public_fetch","iBOLT TabDock™ Bizmount™ VHB- Heavy Duty Strong VHB Adhesive Mount Compatible with 7”-10” Tablets (iPad, Samsung Tab, etc)","https://iboltmounts.com/products/ibolt-tabdock-bizmount-vhb-heavy-duty-strong-vhb-adhesive-mount","Public URL returned 429 during audit; excluded from public template/schema scoring to avoid false SEO failures."
"product","8","high","thin_content","iBOLT TabDock™ Bizmount™ VHB- Heavy Duty Strong VHB Adhesive Mount Compatible with 7”-10” Tablets (iPad, Samsung Tab, etc)","https://iboltmounts.com/products/ibolt-tabdock-bizmount-vhb-heavy-duty-strong-vhb-adhesive-mount","product body has 26 words; target is at least 80."
"product","8","medium","missing_product_type","iBOLT TabDock™ Bizmount™ VHB- Heavy Duty Strong VHB Adhesive Mount Compatible with 7”-10” Tablets (iPad, Samsung Tab, etc)","https://iboltmounts.com/products/ibolt-tabdock-bizmount-vhb-heavy-duty-strong-vhb-adhesive-mount","Product type is empty."
"product","8","low","public_fetch","iBOLT™ Aluminum 17mm AMPs Adapter Plate","https://iboltmounts.com/products/aluminum-17mm-amps-adapter-plate-for-garmin-gps-devices-smartphone-holders-and-other-industry-standard-17mm-adapters-22153","Public URL returned 429 during audit; excluded from public template/schema scoring to avoid false SEO failures."
"product","8","high","thin_content","iBOLT™ Aluminum 17mm AMPs Adapter Plate","https://iboltmounts.com/products/aluminum-17mm-amps-adapter-plate-for-garmin-gps-devices-smartphone-holders-and-other-industry-standard-17mm-adapters-22153","product body has 29 words; target is at least 80."
"product","8","medium","missing_product_type","iBOLT™ Aluminum 17mm AMPs Adapter Plate","https://iboltmounts.com/products/aluminum-17mm-amps-adapter-plate-for-garmin-gps-devices-smartphone-holders-and-other-industry-standard-17mm-adapters-22153","Product type is empty."
"product","8","low","public_fetch","iBOLT Moto-Vise™ XL AMPS Heavy Duty Metal Drill Base AMPS Mount","https://iboltmounts.com/products/moto-vise-xl-amps-heavy-duty-metal-vehicle-specific-drill-base-amps-mount-ibu-33521","Public URL returned 429 during audit; excluded from public template/schema scoring to avoid false SEO failures."
"product","8","high","thin_content","iBOLT Moto-Vise™ XL AMPS Heavy Duty Metal Drill Base AMPS Mount","https://iboltmounts.com/products/moto-vise-xl-amps-heavy-duty-metal-vehicle-specific-drill-base-amps-mount-ibu-33521","product body has 37 words; target is at least 80."
"product","8","medium","missing_product_type","iBOLT Moto-Vise™ XL AMPS Heavy Duty Metal Drill Base AMPS Mount","https://iboltmounts.com/products/moto-vise-xl-amps-heavy-duty-metal-vehicle-specific-drill-base-amps-mount-ibu-33521","Product type is empty."
"product","8","medium","long_meta_title","iBOLT™ Aluminum 3.75 inch Double Socket Arm for 1-inch / 25mm / B Size Ball","https://iboltmounts.com/products/aluminum-3-75-inch-double-socket-arm-industry-standard-1-inch-25mm-b-size-ball-mount-22193","Public title is 105 characters."
"product","8","medium","long_meta_description","iBOLT™ Aluminum 3.75 inch Double Socket Arm for 1-inch / 25mm / B Size Ball","https://iboltmounts.com/products/aluminum-3-75-inch-double-socket-arm-industry-standard-1-inch-25mm-b-size-ball-mount-22193","Meta description is 280 characters."
"product","8","medium","thin_content","iBOLT™ Aluminum 3.75 inch Double Socket Arm for 1-inch / 25mm / B Size Ball","https://iboltmounts.com/products/aluminum-3-75-inch-double-socket-arm-industry-standard-1-inch-25mm-b-size-ball-mount-22193","product body has 47 words; target is at least 80."
"product","8","medium","missing_product_type","iBOLT™ Aluminum 3.75 inch Double Socket Arm for 1-inch / 25mm / B Size Ball","https://iboltmounts.com/products/aluminum-3-75-inch-double-socket-arm-industry-standard-1-inch-25mm-b-size-ball-mount-22193","Product type is empty."
"product","8","low","public_fetch","iBOLT™ 17mm to 17mm Composite Ball Adapter","https://iboltmounts.com/products/ibolt-17mm-to-17mm-composite-ball-adapter-for-industry-standard-dual-ball-socket-mounting-arms","Public URL returned 429 during audit; excluded from public template/schema scoring to avoid false SEO failures."
"product","8","high","thin_content","iBOLT™ 17mm to 17mm Composite Ball Adapter","https://iboltmounts.com/products/ibolt-17mm-to-17mm-composite-ball-adapter-for-industry-standard-dual-ball-socket-mounting-arms","product body has 33 words; target is at least 80."
"product","8","medium","missing_product_type","iBOLT™ 17mm to 17mm Composite Ball Adapter","https://iboltmounts.com/products/ibolt-17mm-to-17mm-composite-ball-adapter-for-industry-standard-dual-ball-socket-mounting-arms","Product type is empty."
"product","8","low","public_fetch","iBOLT TabDock™ FixedPro 360 Suction- Heavy Duty Metal 8"" Multi-Angle Suction Cup Mount for All 7"" - 10"" Tablets","https://iboltmounts.com/products/ibolt-tabdock-fixedpro-360-suction-heavy-duty-metal-8-multi-angle-suction-cup-mount-for-all-7-10-tablets","Public URL returned 429 during audit; excluded from public template/schema scoring to avoid false SEO failures."
"product","8","high","thin_content","iBOLT TabDock™ FixedPro 360 Suction- Heavy Duty Metal 8"" Multi-Angle Suction Cup Mount for All 7"" - 10"" Tablets","https://iboltmounts.com/products/ibolt-tabdock-fixedpro-360-suction-heavy-duty-metal-8-multi-angle-suction-cup-mount-for-all-7-10-tablets","product body has 31 words; target is at least 80."
"product","8","medium","missing_product_type","iBOLT TabDock™ FixedPro 360 Suction- Heavy Duty Metal 8"" Multi-Angle Suction Cup Mount for All 7"" - 10"" Tablets","https://iboltmounts.com/products/ibolt-tabdock-fixedpro-360-suction-heavy-duty-metal-8-multi-angle-suction-cup-mount-for-all-7-10-tablets","Product type is empty."
"product","8","low","public_fetch","iBOLT™ (15 inch) 25mm / 1 inch to 25mm / 1 inch Flexible Extension Ball Adapter","https://iboltmounts.com/products/ibolt-15-inch-25mm-1-inch-to-25mm-1-inch-flexible-extension-ball-adapter-for-industry-standard-dual-ball-socket","Public URL returned 429 during audit; excluded from public template/schema scoring to avoid false SEO failures."
"product","8","high","thin_content","iBOLT™ (15 inch) 25mm / 1 inch to 25mm / 1 inch Flexible Extension Ball Adapter","https://iboltmounts.com/products/ibolt-15-inch-25mm-1-inch-to-25mm-1-inch-flexible-extension-ball-adapter-for-industry-standard-dual-ball-socket","product body has 33 words; target is at least 80."
"product","8","medium","missing_product_type","iBOLT™ (15 inch) 25mm / 1 inch to 25mm / 1 inch Flexible Extension Ball Adapter","https://iboltmounts.com/products/ibolt-15-inch-25mm-1-inch-to-25mm-1-inch-flexible-extension-ball-adapter-for-industry-standard-dual-ball-socket","Product type is empty."
"product","8","low","public_fetch","iBOLT™ (10 inch) 25mm / 1 inch to 25mm / 1 inch Flexible Extension Ball Adapter","https://iboltmounts.com/products/ibolt-10-inch-25mm-1-inch-to-25mm-1-inch-flexible-extension-ball-adapter","Public URL returned 429 during audit; excluded from public template/schema scoring to avoid false SEO failures."
"product","8","high","thin_content","iBOLT™ (10 inch) 25mm / 1 inch to 25mm / 1 inch Flexible Extension Ball Adapter","https://iboltmounts.com/products/ibolt-10-inch-25mm-1-inch-to-25mm-1-inch-flexible-extension-ball-adapter","product body has 32 words; target is at least 80."
"product","8","medium","missing_product_type","iBOLT™ (10 inch) 25mm / 1 inch to 25mm / 1 inch Flexible Extension Ball Adapter","https://iboltmounts.com/products/ibolt-10-inch-25mm-1-inch-to-25mm-1-inch-flexible-extension-ball-adapter","Product type is empty."
"product","8","low","public_fetch","iBolt Moto-Vise™ Bizmount™ Metal Handlebar Phone mount","https://iboltmounts.com/products/ibolt-moto-vise-bizmount-metal-handlebar-phone-motorcycle-pole-post-handlebar-mount-ibmc-34701","Public URL returned 429 during audit; excluded from public template/schema scoring to avoid false SEO failures."
"product","8","high","thin_content","iBolt Moto-Vise™ Bizmount™ Metal Handlebar Phone mount","https://iboltmounts.com/products/ibolt-moto-vise-bizmount-metal-handlebar-phone-motorcycle-pole-post-handlebar-mount-ibmc-34701","product body has 35 words; target is at least 80."
"product","8","medium","missing_product_type","iBolt Moto-Vise™ Bizmount™ Metal Handlebar Phone mount","https://iboltmounts.com/products/ibolt-moto-vise-bizmount-metal-handlebar-phone-motorcycle-pole-post-handlebar-mount-ibmc-34701","Product type is empty."
"product","8","low","public_fetch","iBOLT™ 25mm / 1 inch Composite AMPS Round Adapter Plate","https://iboltmounts.com/products/25mm-1-inch-round-composite-amps-plate-23528","Public URL returned 429 during audit; excluded from public template/schema scoring to avoid false SEO failures."
"product","8","high","thin_content","iBOLT™ 25mm / 1 inch Composite AMPS Round Adapter Plate","https://iboltmounts.com/products/25mm-1-inch-round-composite-amps-plate-23528","product body has 34 words; target is at least 80."
"product","8","medium","missing_product_type","iBOLT™ 25mm / 1 inch Composite AMPS Round Adapter Plate","https://iboltmounts.com/products/25mm-1-inch-round-composite-amps-plate-23528","Product type is empty."
"product","8","low","public_fetch","iBOLT Moto-Vise™ XL Holder w/ 25mm / 1-inch Ball","https://iboltmounts.com/products/ibolt-moto-vise-xl-smartphone-holder-25mm-1-inch-ball-ibpb-33893","Public URL returned 429 during audit; excluded from public template/schema scoring to avoid false SEO failures."
"product","8","high","thin_content","iBOLT Moto-Vise™ XL Holder w/ 25mm / 1-inch Ball","https://iboltmounts.com/products/ibolt-moto-vise-xl-smartphone-holder-25mm-1-inch-ball-ibpb-33893","product body has 33 words; target is at least 80."
"product","8","medium","missing_product_type","iBOLT Moto-Vise™ XL Holder w/ 25mm / 1-inch Ball","https://iboltmounts.com/products/ibolt-moto-vise-xl-smartphone-holder-25mm-1-inch-ball-ibpb-33893","Product type is empty."
"product","8","low","public_fetch","iBOLT Moto-Vise™ Holder w/ 25mm / 1-inch Ball","https://iboltmounts.com/products/heavy-duty-smartphone-motorcycle-moto-vise-holder-25mm-1-inch-ball-ibpb-33892","Public URL returned 429 during audit; excluded from public template/schema scoring to avoid false SEO failures."
"product","8","high","thin_content","iBOLT Moto-Vise™ Holder w/ 25mm / 1-inch Ball","https://iboltmounts.com/products/heavy-duty-smartphone-motorcycle-moto-vise-holder-25mm-1-inch-ball-ibpb-33892","product body has 32 words; target is at least 80."
"product","8","medium","missing_product_type","iBOLT Moto-Vise™ Holder w/ 25mm / 1-inch Ball","https://iboltmounts.com/products/heavy-duty-smartphone-motorcycle-moto-vise-holder-25mm-1-inch-ball-ibpb-33892","Product type is empty."
"product","8","low","public_fetch","iBOLT™ Barcode Scanner Holder w/ Industry Standard AMPS Connection","https://iboltmounts.com/products/forklift-barcode-scanner-holder-amps-pattern-21290","Public URL returned 429 during audit; excluded from public template/schema scoring to avoid false SEO failures."
"product","8","high","thin_content","iBOLT™ Barcode Scanner Holder w/ Industry Standard AMPS Connection","https://iboltmounts.com/products/forklift-barcode-scanner-holder-amps-pattern-21290","product body has 37 words; target is at least 80."
"product","8","medium","missing_product_type","iBOLT™ Barcode Scanner Holder w/ Industry Standard AMPS Connection","https://iboltmounts.com/products/forklift-barcode-scanner-holder-amps-pattern-21290","Product type is empty."
"product","8","low","public_fetch","iBOLT™ 25mm / 1 inch to 17mm Composite Ball Adapter","https://iboltmounts.com/products/ibolt-25mm-1-inch-to-17mm-composite-ball-adapter-for-industry-standard-dual-ball-socket","Public URL returned 429 during audit; excluded from public template/schema scoring to avoid false SEO failures."
"product","8","high","thin_content","iBOLT™ 25mm / 1 inch to 17mm Composite Ball Adapter","https://iboltmounts.com/products/ibolt-25mm-1-inch-to-17mm-composite-ball-adapter-for-industry-standard-dual-ball-socket","product body has 33 words; target is at least 80."
"product","8","medium","missing_product_type","iBOLT™ 25mm / 1 inch to 17mm Composite Ball Adapter","https://iboltmounts.com/products/ibolt-25mm-1-inch-to-17mm-composite-ball-adapter-for-industry-standard-dual-ball-socket","Product type is empty."
"product","8","low","public_fetch","iBOLT™ 25mm / 1 inch/B Size to 4 Prong Composite Ball Adapter","https://iboltmounts.com/products/ibolt-25mm-1-inch-b-size-to-4-prong-composite-ball-adapter-21226","Public URL returned 429 during audit; excluded from public template/schema scoring to avoid false SEO failures."
"product","8","high","thin_content","iBOLT™ 25mm / 1 inch/B Size to 4 Prong Composite Ball Adapter","https://iboltmounts.com/products/ibolt-25mm-1-inch-b-size-to-4-prong-composite-ball-adapter-21226","product body has 32 words; target is at least 80."
"product","8","medium","missing_product_type","iBOLT™ 25mm / 1 inch/B Size to 4 Prong Composite Ball Adapter","https://iboltmounts.com/products/ibolt-25mm-1-inch-b-size-to-4-prong-composite-ball-adapter-21226","Product type is empty."
"product","8","low","public_fetch","iBOLT TabDock™ Tablet Holder","https://iboltmounts.com/products/tabdock-universal-tablet-holder-21110","Public URL returned 429 during audit; excluded from public template/schema scoring to avoid false SEO failures."
"product","8","high","thin_content","iBOLT TabDock™ Tablet Holder","https://iboltmounts.com/products/tabdock-universal-tablet-holder-21110","product body has 26 words; target is at least 80."
"product","8","medium","missing_product_type","iBOLT TabDock™ Tablet Holder","https://iboltmounts.com/products/tabdock-universal-tablet-holder-21110","Product type is empty."
"product","8","low","public_fetch","iBOLT™ 3 Camera Slide Bar - for 1/4 "" 20 Accessories","https://iboltmounts.com/products/camera-screw-three-slider-bar-tripod-attachment-23522","Public URL returned 429 during audit; excluded from public template/schema scoring to avoid false SEO failures."
"product","8","high","thin_content","iBOLT™ 3 Camera Slide Bar - for 1/4 "" 20 Accessories","https://iboltmounts.com/products/camera-screw-three-slider-bar-tripod-attachment-23522","product body has 32 words; target is at least 80."
"product","8","medium","missing_product_type","iBOLT™ 3 Camera Slide Bar - for 1/4 "" 20 Accessories","https://iboltmounts.com/products/camera-screw-three-slider-bar-tripod-attachment-23522","Product type is empty."
"product","8","low","public_fetch","iBOLT™ 20mm ball to Metal VESA 75 / 100 adapter","https://iboltmounts.com/products/20mm-ball-vesa75-100-metal-vesa-mount-23510","Public URL returned 429 during audit; excluded from public template/schema scoring to avoid false SEO failures."
"product","8","high","thin_content","iBOLT™ 20mm ball to Metal VESA 75 / 100 adapter","https://iboltmounts.com/products/20mm-ball-vesa75-100-metal-vesa-mount-23510","product body has 32 words; target is at least 80."
"product","8","medium","missing_product_type","iBOLT™ 20mm ball to Metal VESA 75 / 100 adapter","https://iboltmounts.com/products/20mm-ball-vesa75-100-metal-vesa-mount-23510","Product type is empty."
"product","8","low","public_fetch","iBOLT™ 25MM/ 1 INCH/ B SIZE Car Wedge Mount","https://iboltmounts.com/products/25mm-1-inch-ball-b-size-adjustable-seat-wedge-mount-22173","Public URL returned 429 during audit; excluded from public template/schema scoring to avoid false SEO failures."
"product","8","high","thin_content","iBOLT™ 25MM/ 1 INCH/ B SIZE Car Wedge Mount","https://iboltmounts.com/products/25mm-1-inch-ball-b-size-adjustable-seat-wedge-mount-22173","product body has 30 words; target is at least 80."
"product","8","medium","missing_product_type","iBOLT™ 25MM/ 1 INCH/ B SIZE Car Wedge Mount","https://iboltmounts.com/products/25mm-1-inch-ball-b-size-adjustable-seat-wedge-mount-22173","Product type is empty."
"product","8","low","public_fetch","iBOLT miniProXL AMPS Car Mount- Low Profile Phone Holder with 4-Hole AMPS Drill or Adhesive Base- Comes with Multiple mounting Options","https://iboltmounts.com/products/minipro-amps-drill-base-phone-holder-ibu-33427","Public URL returned 429 during audit; excluded from public template/schema scoring to avoid false SEO failures."
"product","8","high","thin_content","iBOLT miniProXL AMPS Car Mount- Low Profile Phone Holder with 4-Hole AMPS Drill or Adhesive Base- Comes with Multiple mounting Options","https://iboltmounts.com/products/minipro-amps-drill-base-phone-holder-ibu-33427","product body has 34 words; target is at least 80."
"product","8","medium","missing_product_type","iBOLT miniProXL AMPS Car Mount- Low Profile Phone Holder with 4-Hole AMPS Drill or Adhesive Base- Comes with Multiple mounting Options","https://iboltmounts.com/products/minipro-amps-drill-base-phone-holder-ibu-33427","Product type is empty."
"product","8","low","public_fetch","17mm miniBall mount and Vent mount","https://iboltmounts.com/products/17mm-adhesive-mini-ball-vent-mount-holder","Public URL returned 429 during audit; excluded from public template/schema scoring to avoid false SEO failures."
"product","8","high","thin_content","17mm miniBall mount and Vent mount","https://iboltmounts.com/products/17mm-adhesive-mini-ball-vent-mount-holder","product body has 25 words; target is at least 80."
"product","8","medium","missing_product_type","17mm miniBall mount and Vent mount","https://iboltmounts.com/products/17mm-adhesive-mini-ball-vent-mount-holder","Product type is empty."
"product","8","low","public_fetch","iBOLT™ 6ft(2m) Micro USB to USB Charging Cable","https://iboltmounts.com/products/6ft-2m-micro-usb-to-usb-charging-cable-car-docks-phone-mounts-holder","Public URL returned 429 during audit; excluded from public template/schema scoring to avoid false SEO failures."
"product","8","high","thin_content","iBOLT™ 6ft(2m) Micro USB to USB Charging Cable","https://iboltmounts.com/products/6ft-2m-micro-usb-to-usb-charging-cable-car-docks-phone-mounts-holder","product body has 13 words; target is at least 80."
"product","8","medium","missing_product_type","iBOLT™ 6ft(2m) Micro USB to USB Charging Cable","https://iboltmounts.com/products/6ft-2m-micro-usb-to-usb-charging-cable-car-docks-phone-mounts-holder","Product type is empty."
"product","8","low","public_fetch","iBOLT™ 80mm Suction Cup Adhesive Dash Discs","https://iboltmounts.com/products/adhesive-dash-discs-suction-cup-phone-mounts-holder","Public URL returned 429 during audit; excluded from public template/schema scoring to avoid false SEO failures."
"product","8","high","thin_content","iBOLT™ 80mm Suction Cup Adhesive Dash Discs","https://iboltmounts.com/products/adhesive-dash-discs-suction-cup-phone-mounts-holder","product body has 39 words; target is at least 80."
"product","8","medium","missing_product_type","iBOLT™ 80mm Suction Cup Adhesive Dash Discs","https://iboltmounts.com/products/adhesive-dash-discs-suction-cup-phone-mounts-holder","Product type is empty."
"product","8","low","public_fetch","iBOLT™ 17mm Vent Mount for Phone Holders and Garmin Devices","https://iboltmounts.com/products/17mm-vent-mount-for-garmin-smartphone-holders","Public URL returned 429 during audit; excluded from public template/schema scoring to avoid false SEO failures."
"product","8","high","thin_content","iBOLT™ 17mm Vent Mount for Phone Holders and Garmin Devices","https://iboltmounts.com/products/17mm-vent-mount-for-garmin-smartphone-holders","product body has 21 words; target is at least 80."
"product","8","medium","missing_product_type","iBOLT™ 17mm Vent Mount for Phone Holders and Garmin Devices","https://iboltmounts.com/products/17mm-vent-mount-for-garmin-smartphone-holders","Product type is empty."
"product","8","low","public_fetch","iBOLT™ 17mm Tightening Ring","https://iboltmounts.com/products/17mm-ibolt-tightening-ring-car-docks-phone-mounts-holders","Public URL returned 429 during audit; excluded from public template/schema scoring to avoid false SEO failures."
"product","8","high","thin_content","iBOLT™ 17mm Tightening Ring","https://iboltmounts.com/products/17mm-ibolt-tightening-ring-car-docks-phone-mounts-holders","product body has 19 words; target is at least 80."
"product","8","medium","missing_product_type","iBOLT™ 17mm Tightening Ring","https://iboltmounts.com/products/17mm-ibolt-tightening-ring-car-docks-phone-mounts-holders","Product type is empty."
"product","8","low","public_fetch","2 meter Charge'n Sync Lightning Cable (Apple Approved)","https://iboltmounts.com/products/iphone-lightning-cable-iba-41400","Public URL returned 429 during audit; excluded from public template/schema scoring to avoid false SEO failures."
"product","8","high","thin_content","2 meter Charge'n Sync Lightning Cable (Apple Approved)","https://iboltmounts.com/products/iphone-lightning-cable-iba-41400","product body has 24 words; target is at least 80."
"product","8","medium","missing_product_type","2 meter Charge'n Sync Lightning Cable (Apple Approved)","https://iboltmounts.com/products/iphone-lightning-cable-iba-41400","Product type is empty."
"article","7","medium","long_meta_description","iBOLT vs Arkon: Operations Manager's Guide to Business Tablet Mounting Systems","https://iboltmounts.com/blogs/news/ibolt-vs-arkon-business-tablet-mount-guide","Meta description is 176 characters."
"article","7","high","missing_faq_schema","iBOLT vs Arkon: Operations Manager's Guide to Business Tablet Mounting Systems","https://iboltmounts.com/blogs/news/ibolt-vs-arkon-business-tablet-mount-guide","Visible FAQ content exists without FAQPage JSON-LD."
"collection","7","medium","long_meta_description","Electronic Logging Device (ELD) Mount","https://iboltmounts.com/collections/fleet-heavy-duty-eld-mandate-mounts","Meta description is 269 characters."
"collection","7","high","missing_faq_schema","Electronic Logging Device (ELD) Mount","https://iboltmounts.com/collections/fleet-heavy-duty-eld-mandate-mounts","Visible FAQ content exists without FAQPage JSON-LD."
"product","7","low","public_fetch","iBOLT™ 38mm / 1.5 inch Metal Rectangular AMPS to ¼ 20” Metal Camera Screw Mount","https://iboltmounts.com/products/ibolt-38mm-1-5-inch-metal-rectangular-amps-pattern-to-20-metal-camera-screw-dual-ball-mount-featuring-a-3-5-inch-composite-38mm-bizmount-arm","Public URL returned 429 during audit; excluded from public template/schema scoring to avoid false SEO failures."
"product","7","medium","thin_content","iBOLT™ 38mm / 1.5 inch Metal Rectangular AMPS to ¼ 20” Metal Camera Screw Mount","https://iboltmounts.com/products/ibolt-38mm-1-5-inch-metal-rectangular-amps-pattern-to-20-metal-camera-screw-dual-ball-mount-featuring-a-3-5-inch-composite-38mm-bizmount-arm","product body has 49 words; target is at least 80."
"product","7","medium","missing_product_type","iBOLT™ 38mm / 1.5 inch Metal Rectangular AMPS to ¼ 20” Metal Camera Screw Mount","https://iboltmounts.com/products/ibolt-38mm-1-5-inch-metal-rectangular-amps-pattern-to-20-metal-camera-screw-dual-ball-mount-featuring-a-3-5-inch-composite-38mm-bizmount-arm","Product type is empty."
"product","7","medium","missing_product_tags","iBOLT™ 38mm / 1.5 inch Metal Rectangular AMPS to ¼ 20” Metal Camera Screw Mount","https://iboltmounts.com/products/ibolt-38mm-1-5-inch-metal-rectangular-amps-pattern-to-20-metal-camera-screw-dual-ball-mount-featuring-a-3-5-inch-composite-38mm-bizmount-arm","Product tags are empty."
"product","7","low","public_fetch","iBOLT AMPS to VESA 75/100 Plate","https://iboltmounts.com/products/ibolt-amps-to-vesa-75-100-plate","Public URL returned 429 during audit; excluded from public template/schema scoring to avoid false SEO failures."
"product","7","medium","thin_content","iBOLT AMPS to VESA 75/100 Plate","https://iboltmounts.com/products/ibolt-amps-to-vesa-75-100-plate","product body has 54 words; target is at least 80."
"product","7","medium","missing_product_type","iBOLT AMPS to VESA 75/100 Plate","https://iboltmounts.com/products/ibolt-amps-to-vesa-75-100-plate","Product type is empty."
"product","7","medium","missing_product_tags","iBOLT AMPS to VESA 75/100 Plate","https://iboltmounts.com/products/ibolt-amps-to-vesa-75-100-plate","Product tags are empty."
"product","7","low","public_fetch","iBOLT 25mm / 1 inch to Dual 22mm Ball Adapter","https://iboltmounts.com/products/ibolt-25mm-1-inch-to-dual-17mm-metal-ball-adapter-copy","Public URL returned 429 during audit; excluded from public template/schema scoring to avoid false SEO failures."
"product","7","medium","thin_content","iBOLT 25mm / 1 inch to Dual 22mm Ball Adapter","https://iboltmounts.com/products/ibolt-25mm-1-inch-to-dual-17mm-metal-ball-adapter-copy","product body has 52 words; target is at least 80."
"product","7","medium","missing_product_type","iBOLT 25mm / 1 inch to Dual 22mm Ball Adapter","https://iboltmounts.com/products/ibolt-25mm-1-inch-to-dual-17mm-metal-ball-adapter-copy","Product type is empty."
"product","7","medium","missing_product_tags","iBOLT 25mm / 1 inch to Dual 22mm Ball Adapter","https://iboltmounts.com/products/ibolt-25mm-1-inch-to-dual-17mm-metal-ball-adapter-copy","Product tags are empty."
"product","7","low","public_fetch","iBOLT 25mm / 1 inch to Dual 17mm Metal Ball Adapter","https://iboltmounts.com/products/ibolt-25mm-1-inch-to-dual-metal-17mm-composite-ball-adapter","Public URL returned 429 during audit; excluded from public template/schema scoring to avoid false SEO failures."
"product","7","medium","thin_content","iBOLT 25mm / 1 inch to Dual 17mm Metal Ball Adapter","https://iboltmounts.com/products/ibolt-25mm-1-inch-to-dual-metal-17mm-composite-ball-adapter","product body has 46 words; target is at least 80."
"product","7","medium","missing_product_type","iBOLT 25mm / 1 inch to Dual 17mm Metal Ball Adapter","https://iboltmounts.com/products/ibolt-25mm-1-inch-to-dual-metal-17mm-composite-ball-adapter","Product type is empty."
"product","7","medium","missing_product_tags","iBOLT 25mm / 1 inch to Dual 17mm Metal Ball Adapter","https://iboltmounts.com/products/ibolt-25mm-1-inch-to-dual-metal-17mm-composite-ball-adapter","Product tags are empty."
"product","7","low","public_fetch","iBOLT 25mm / 1 inch to Dual 17mm Composite Ball Adapter","https://iboltmounts.com/products/ibolt-25mm-1-inch-to-dual-17mm-composite-ball-adapter","Public URL returned 429 during audit; excluded from public template/schema scoring to avoid false SEO failures."
"product","7","medium","thin_content","iBOLT 25mm / 1 inch to Dual 17mm Composite Ball Adapter","https://iboltmounts.com/products/ibolt-25mm-1-inch-to-dual-17mm-composite-ball-adapter","product body has 52 words; target is at least 80."
"product","7","medium","missing_product_type","iBOLT 25mm / 1 inch to Dual 17mm Composite Ball Adapter","https://iboltmounts.com/products/ibolt-25mm-1-inch-to-dual-17mm-composite-ball-adapter","Product type is empty."
"product","7","medium","missing_product_tags","iBOLT 25mm / 1 inch to Dual 17mm Composite Ball Adapter","https://iboltmounts.com/products/ibolt-25mm-1-inch-to-dual-17mm-composite-ball-adapter","Product tags are empty."
"product","7","low","public_fetch","iBOLT TabDock MagDock 360 Magnetic Tablet Mount – Heavy-Duty Forklift & Warehouse Holder","https://iboltmounts.com/products/ibolt-tabdock-magdock-360-magnetic-tablet-mount-heavy-duty-forklift-warehouse-holder","Public URL returned 429 during audit; excluded from public template/schema scoring to avoid false SEO failures."
"product","7","medium","thin_content","iBOLT TabDock MagDock 360 Magnetic Tablet Mount – Heavy-Duty Forklift & Warehouse Holder","https://iboltmounts.com/products/ibolt-tabdock-magdock-360-magnetic-tablet-mount-heavy-duty-forklift-warehouse-holder","product body has 78 words; target is at least 80."
"product","7","medium","missing_product_type","iBOLT TabDock MagDock 360 Magnetic Tablet Mount – Heavy-Duty Forklift & Warehouse Holder","https://iboltmounts.com/products/ibolt-tabdock-magdock-360-magnetic-tablet-mount-heavy-duty-forklift-warehouse-holder","Product type is empty."
"product","7","medium","missing_product_tags","iBOLT TabDock MagDock 360 Magnetic Tablet Mount – Heavy-Duty Forklift & Warehouse Holder","https://iboltmounts.com/products/ibolt-tabdock-magdock-360-magnetic-tablet-mount-heavy-duty-forklift-warehouse-holder","Product tags are empty."
"product","7","low","public_fetch","iBOLT 6ft USB-C to USB-C Charging Cable- iPro2 Holder Upgrade","https://iboltmounts.com/products/ibolt-6ft-usb-c-to-usb-c-charging-cable-ipor-2-holder-upgrade","Public URL returned 429 during audit; excluded from public template/schema scoring to avoid false SEO failures."
"product","7","medium","thin_content","iBOLT 6ft USB-C to USB-C Charging Cable- iPro2 Holder Upgrade","https://iboltmounts.com/products/ibolt-6ft-usb-c-to-usb-c-charging-cable-ipor-2-holder-upgrade","product body has 60 words; target is at least 80."
"product","7","medium","missing_product_type","iBOLT 6ft USB-C to USB-C Charging Cable- iPro2 Holder Upgrade","https://iboltmounts.com/products/ibolt-6ft-usb-c-to-usb-c-charging-cable-ipor-2-holder-upgrade","Product type is empty."
"product","7","medium","missing_product_tags","iBOLT 6ft USB-C to USB-C Charging Cable- iPro2 Holder Upgrade","https://iboltmounts.com/products/ibolt-6ft-usb-c-to-usb-c-charging-cable-ipor-2-holder-upgrade","Product tags are empty."
"product","7","low","public_fetch","iBOLT 22mm to 25mm Composite Ball Adapter","https://iboltmounts.com/products/ibolt-22mm-to-25mm-composite-ball-adapter","Public URL returned 429 during audit; excluded from public template/schema scoring to avoid false SEO failures."
"product","7","medium","thin_content","iBOLT 22mm to 25mm Composite Ball Adapter","https://iboltmounts.com/products/ibolt-22mm-to-25mm-composite-ball-adapter","product body has 65 words; target is at least 80."
"product","7","medium","missing_product_type","iBOLT 22mm to 25mm Composite Ball Adapter","https://iboltmounts.com/products/ibolt-22mm-to-25mm-composite-ball-adapter","Product type is empty."
"product","7","medium","missing_product_tags","iBOLT 22mm to 25mm Composite Ball Adapter","https://iboltmounts.com/products/ibolt-22mm-to-25mm-composite-ball-adapter","Product tags are empty."
"product","7","low","public_fetch","iBOLT™25mm / 1 inch Ball to Clamp Post / Pole / Handlebar Mount","https://iboltmounts.com/products/ibolt™25mm-1-inch-ball-to-clamp-post-pole-handlebar-mount","Public URL returned 429 during audit; excluded from public template/schema scoring to avoid false SEO failures."
"product","7","medium","thin_content","iBOLT™25mm / 1 inch Ball to Clamp Post / Pole / Handlebar Mount","https://iboltmounts.com/products/ibolt™25mm-1-inch-ball-to-clamp-post-pole-handlebar-mount","product body has 57 words; target is at least 80."
"product","7","medium","missing_product_type","iBOLT™25mm / 1 inch Ball to Clamp Post / Pole / Handlebar Mount","https://iboltmounts.com/products/ibolt™25mm-1-inch-ball-to-clamp-post-pole-handlebar-mount","Product type is empty."
"product","7","medium","missing_product_tags","iBOLT™25mm / 1 inch Ball to Clamp Post / Pole / Handlebar Mount","https://iboltmounts.com/products/ibolt™25mm-1-inch-ball-to-clamp-post-pole-handlebar-mount","Product tags are empty."
"product","7","low","public_fetch","iBOLT™ 38mm / 1.5 inch Ball to Clamp Post / Pole / Handlebar Mount","https://iboltmounts.com/products/ibolt™-38mm-1-5-inch-ball-to-clamp-post-pole-handlebar-mount","Public URL returned 429 during audit; excluded from public template/schema scoring to avoid false SEO failures."
"product","7","medium","thin_content","iBOLT™ 38mm / 1.5 inch Ball to Clamp Post / Pole / Handlebar Mount","https://iboltmounts.com/products/ibolt™-38mm-1-5-inch-ball-to-clamp-post-pole-handlebar-mount","product body has 70 words; target is at least 80."
"product","7","medium","missing_product_type","iBOLT™ 38mm / 1.5 inch Ball to Clamp Post / Pole / Handlebar Mount","https://iboltmounts.com/products/ibolt™-38mm-1-5-inch-ball-to-clamp-post-pole-handlebar-mount","Product type is empty."
"product","7","medium","missing_product_tags","iBOLT™ 38mm / 1.5 inch Ball to Clamp Post / Pole / Handlebar Mount","https://iboltmounts.com/products/ibolt™-38mm-1-5-inch-ball-to-clamp-post-pole-handlebar-mount","Product tags are empty."
"product","7","low","public_fetch","iBOLT miniProXL FlexiBOLT Phone Cup Holder Mount","https://iboltmounts.com/products/ibolt-miniproxl-flexibolt-phone-cup-holder-mount","Public URL returned 429 during audit; excluded from public template/schema scoring to avoid false SEO failures."
"product","7","medium","thin_content","iBOLT miniProXL FlexiBOLT Phone Cup Holder Mount","https://iboltmounts.com/products/ibolt-miniproxl-flexibolt-phone-cup-holder-mount","product body has 57 words; target is at least 80."
"product","7","medium","missing_product_type","iBOLT miniProXL FlexiBOLT Phone Cup Holder Mount","https://iboltmounts.com/products/ibolt-miniproxl-flexibolt-phone-cup-holder-mount","Product type is empty."
"product","7","medium","missing_product_tags","iBOLT miniProXL FlexiBOLT Phone Cup Holder Mount","https://iboltmounts.com/products/ibolt-miniproxl-flexibolt-phone-cup-holder-mount","Product tags are empty."
"product","7","low","public_fetch","iBOLT sPro2 Grip - Compact Clamp Mount","https://iboltmounts.com/products/ibolt-spro2-grip-compact-clamp-mount","Public URL returned 429 during audit; excluded from public template/schema scoring to avoid false SEO failures."
"product","7","medium","thin_content","iBOLT sPro2 Grip - Compact Clamp Mount","https://iboltmounts.com/products/ibolt-spro2-grip-compact-clamp-mount","product body has 63 words; target is at least 80."
"product","7","medium","missing_product_type","iBOLT sPro2 Grip - Compact Clamp Mount","https://iboltmounts.com/products/ibolt-spro2-grip-compact-clamp-mount","Product type is empty."
"product","7","medium","missing_product_tags","iBOLT sPro2 Grip - Compact Clamp Mount","https://iboltmounts.com/products/ibolt-spro2-grip-compact-clamp-mount","Product tags are empty."
"product","7","low","public_fetch","iBOLT TabDock miniBall VHB Adhesive Mount","https://iboltmounts.com/products/ibolt-tabdock-miniball-vhb-adhesive-mount","Public URL returned 429 during audit; excluded from public template/schema scoring to avoid false SEO failures."
"product","7","medium","thin_content","iBOLT TabDock miniBall VHB Adhesive Mount","https://iboltmounts.com/products/ibolt-tabdock-miniball-vhb-adhesive-mount","product body has 49 words; target is at least 80."
"product","7","medium","missing_product_type","iBOLT TabDock miniBall VHB Adhesive Mount","https://iboltmounts.com/products/ibolt-tabdock-miniball-vhb-adhesive-mount","Product type is empty."
"product","7","medium","missing_product_tags","iBOLT TabDock miniBall VHB Adhesive Mount","https://iboltmounts.com/products/ibolt-tabdock-miniball-vhb-adhesive-mount","Product tags are empty."
"product","7","low","public_fetch","iBolt 20mm to 20mm Metal Extension Ball Adapter","https://iboltmounts.com/products/ibolt-20mm-metal-ball-to-20-camera-screw-mount-adapter-for-all-industry-standard-20mm-mounts-1","Public URL returned 429 during audit; excluded from public template/schema scoring to avoid false SEO failures."
"product","7","medium","thin_content","iBolt 20mm to 20mm Metal Extension Ball Adapter","https://iboltmounts.com/products/ibolt-20mm-metal-ball-to-20-camera-screw-mount-adapter-for-all-industry-standard-20mm-mounts-1","product body has 68 words; target is at least 80."
"product","7","medium","missing_product_type","iBolt 20mm to 20mm Metal Extension Ball Adapter","https://iboltmounts.com/products/ibolt-20mm-metal-ball-to-20-camera-screw-mount-adapter-for-all-industry-standard-20mm-mounts-1","Product type is empty."
"product","7","medium","missing_product_tags","iBolt 20mm to 20mm Metal Extension Ball Adapter","https://iboltmounts.com/products/ibolt-20mm-metal-ball-to-20-camera-screw-mount-adapter-for-all-industry-standard-20mm-mounts-1","Product tags are empty."
"product","7","low","public_fetch","iBOLT SafeMag Suction Cup Mount- Compatible with Qi, MagSafe and Wireless charging pucks","https://iboltmounts.com/products/ibolt-safemag-suction-cup-mount-compatible-with-qi-magsafe-and-wireless-charging-pucks","Public URL returned 429 during audit; excluded from public template/schema scoring to avoid false SEO failures."
"product","7","medium","thin_content","iBOLT SafeMag Suction Cup Mount- Compatible with Qi, MagSafe and Wireless charging pucks","https://iboltmounts.com/products/ibolt-safemag-suction-cup-mount-compatible-with-qi-magsafe-and-wireless-charging-pucks","product body has 56 words; target is at least 80."
"product","7","medium","missing_product_type","iBOLT SafeMag Suction Cup Mount- Compatible with Qi, MagSafe and Wireless charging pucks","https://iboltmounts.com/products/ibolt-safemag-suction-cup-mount-compatible-with-qi-magsafe-and-wireless-charging-pucks","Product type is empty."
"product","7","medium","missing_product_tags","iBOLT SafeMag Suction Cup Mount- Compatible with Qi, MagSafe and Wireless charging pucks","https://iboltmounts.com/products/ibolt-safemag-suction-cup-mount-compatible-with-qi-magsafe-and-wireless-charging-pucks","Product tags are empty."
"product","7","low","public_fetch","iBOLT TabDock Bizmount Pillar Mount- Heavy Duty Forklift Tablet Mount for Warehouse Vehicles and 7-10 inch Tablets","https://iboltmounts.com/products/ibolt-tabdock-bizmount-pillar-mount-heavy-duty-forklift-tablet-mount-for-warehouse-vehicles-and-7-10-inch-tablets","Public URL returned 429 during audit; excluded from public template/schema scoring to avoid false SEO failures."
"product","7","medium","thin_content","iBOLT TabDock Bizmount Pillar Mount- Heavy Duty Forklift Tablet Mount for Warehouse Vehicles and 7-10 inch Tablets","https://iboltmounts.com/products/ibolt-tabdock-bizmount-pillar-mount-heavy-duty-forklift-tablet-mount-for-warehouse-vehicles-and-7-10-inch-tablets","product body has 49 words; target is at least 80."
"product","7","medium","missing_product_type","iBOLT TabDock Bizmount Pillar Mount- Heavy Duty Forklift Tablet Mount for Warehouse Vehicles and 7-10 inch Tablets","https://iboltmounts.com/products/ibolt-tabdock-bizmount-pillar-mount-heavy-duty-forklift-tablet-mount-for-warehouse-vehicles-and-7-10-inch-tablets","Product type is empty."
"product","7","medium","missing_product_tags","iBOLT TabDock Bizmount Pillar Mount- Heavy Duty Forklift Tablet Mount for Warehouse Vehicles and 7-10 inch Tablets","https://iboltmounts.com/products/ibolt-tabdock-bizmount-pillar-mount-heavy-duty-forklift-tablet-mount-for-warehouse-vehicles-and-7-10-inch-tablets","Product tags are empty."
"product","7","low","public_fetch","Security Hardware for 25mm Bizmount Set of 3 Bolts, 1 Hex Key","https://iboltmounts.com/products/security-hardware-for-25mm-bizmount-set-of-3-bolts-1-hex-key","Public URL returned 429 during audit; excluded from public template/schema scoring to avoid false SEO failures."
"product","7","medium","thin_content","Security Hardware for 25mm Bizmount Set of 3 Bolts, 1 Hex Key","https://iboltmounts.com/products/security-hardware-for-25mm-bizmount-set-of-3-bolts-1-hex-key","product body has 60 words; target is at least 80."
"product","7","medium","missing_product_type","Security Hardware for 25mm Bizmount Set of 3 Bolts, 1 Hex Key","https://iboltmounts.com/products/security-hardware-for-25mm-bizmount-set-of-3-bolts-1-hex-key","Product type is empty."
"product","7","medium","missing_product_tags","Security Hardware for 25mm Bizmount Set of 3 Bolts, 1 Hex Key","https://iboltmounts.com/products/security-hardware-for-25mm-bizmount-set-of-3-bolts-1-hex-key","Product tags are empty."
"product","7","low","public_fetch","iBOLT XL Barcode Scanner Forklift Pillar Mount for Warehouse Vehicles, Inventory Management, and Material Handling","https://iboltmounts.com/products/ibolt-xl-barcode-scanner-forklift-pillar-mount-for-warehouse-vehicles-inventory-management-and-material-handling","Public URL returned 429 during audit; excluded from public template/schema scoring to avoid false SEO failures."
"product","7","medium","thin_content","iBOLT XL Barcode Scanner Forklift Pillar Mount for Warehouse Vehicles, Inventory Management, and Material Handling","https://iboltmounts.com/products/ibolt-xl-barcode-scanner-forklift-pillar-mount-for-warehouse-vehicles-inventory-management-and-material-handling","product body has 53 words; target is at least 80."
"product","7","medium","missing_product_type","iBOLT XL Barcode Scanner Forklift Pillar Mount for Warehouse Vehicles, Inventory Management, and Material Handling","https://iboltmounts.com/products/ibolt-xl-barcode-scanner-forklift-pillar-mount-for-warehouse-vehicles-inventory-management-and-material-handling","Product type is empty."
"product","7","medium","missing_product_tags","iBOLT XL Barcode Scanner Forklift Pillar Mount for Warehouse Vehicles, Inventory Management, and Material Handling","https://iboltmounts.com/products/ibolt-xl-barcode-scanner-forklift-pillar-mount-for-warehouse-vehicles-inventory-management-and-material-handling","Product tags are empty."
"product","7","low","public_fetch","iBOLT TabDock IncrediBOLT 360 Heavy Duty Triple Suction Cup Mount","https://iboltmounts.com/products/ibolt-tabdock-incredibolt-360-heavy-duty-triple-suction-cup-mount","Public URL returned 429 during audit; excluded from public template/schema scoring to avoid false SEO failures."
"product","7","medium","thin_content","iBOLT TabDock IncrediBOLT 360 Heavy Duty Triple Suction Cup Mount","https://iboltmounts.com/products/ibolt-tabdock-incredibolt-360-heavy-duty-triple-suction-cup-mount","product body has 48 words; target is at least 80."
"product","7","medium","missing_product_type","iBOLT TabDock IncrediBOLT 360 Heavy Duty Triple Suction Cup Mount","https://iboltmounts.com/products/ibolt-tabdock-incredibolt-360-heavy-duty-triple-suction-cup-mount","Product type is empty."
"product","7","medium","missing_product_tags","iBOLT TabDock IncrediBOLT 360 Heavy Duty Triple Suction Cup Mount","https://iboltmounts.com/products/ibolt-tabdock-incredibolt-360-heavy-duty-triple-suction-cup-mount","Product tags are empty."
"product","7","low","public_fetch","iBOLT TabDock IncrediBOLT 360 Heavy Duty Dual Suction Cup Mount","https://iboltmounts.com/products/ibolt-tabdock-incredibolt-360-heavy-duty-dual-suction-cup-mount","Public URL returned 429 during audit; excluded from public template/schema scoring to avoid false SEO failures."
"product","7","medium","thin_content","iBOLT TabDock IncrediBOLT 360 Heavy Duty Dual Suction Cup Mount","https://iboltmounts.com/products/ibolt-tabdock-incredibolt-360-heavy-duty-dual-suction-cup-mount","product body has 48 words; target is at least 80."
"product","7","medium","missing_product_type","iBOLT TabDock IncrediBOLT 360 Heavy Duty Dual Suction Cup Mount","https://iboltmounts.com/products/ibolt-tabdock-incredibolt-360-heavy-duty-dual-suction-cup-mount","Product type is empty."
"product","7","medium","missing_product_tags","iBOLT TabDock IncrediBOLT 360 Heavy Duty Dual Suction Cup Mount","https://iboltmounts.com/products/ibolt-tabdock-incredibolt-360-heavy-duty-dual-suction-cup-mount","Product tags are empty."
"product","7","low","public_fetch","iBOLT Action Camera IncrediBOLT 360 Heavy Duty Triple Suction Cup Mount","https://iboltmounts.com/products/ibolt-action-camera-incredibolt-360-heavy-duty-triple-suction-cup-mount","Public URL returned 429 during audit; excluded from public template/schema scoring to avoid false SEO failures."
"product","7","medium","thin_content","iBOLT Action Camera IncrediBOLT 360 Heavy Duty Triple Suction Cup Mount","https://iboltmounts.com/products/ibolt-action-camera-incredibolt-360-heavy-duty-triple-suction-cup-mount","product body has 47 words; target is at least 80."
"product","7","medium","missing_product_type","iBOLT Action Camera IncrediBOLT 360 Heavy Duty Triple Suction Cup Mount","https://iboltmounts.com/products/ibolt-action-camera-incredibolt-360-heavy-duty-triple-suction-cup-mount","Product type is empty."
"product","7","medium","missing_product_tags","iBOLT Action Camera IncrediBOLT 360 Heavy Duty Triple Suction Cup Mount","https://iboltmounts.com/products/ibolt-action-camera-incredibolt-360-heavy-duty-triple-suction-cup-mount","Product tags are empty."
"product","7","low","public_fetch","iBOLT Action Camera IncrediBOLT 360 Heavy Duty Dual/Double Suction Cup Mount","https://iboltmounts.com/products/ibolt-action-camera-incredibolt-360-heavy-duty-dual-double-suction-cup-mount","Public URL returned 429 during audit; excluded from public template/schema scoring to avoid false SEO failures."
"product","7","medium","thin_content","iBOLT Action Camera IncrediBOLT 360 Heavy Duty Dual/Double Suction Cup Mount","https://iboltmounts.com/products/ibolt-action-camera-incredibolt-360-heavy-duty-dual-double-suction-cup-mount","product body has 47 words; target is at least 80."
"product","7","medium","missing_product_type","iBOLT Action Camera IncrediBOLT 360 Heavy Duty Dual/Double Suction Cup Mount","https://iboltmounts.com/products/ibolt-action-camera-incredibolt-360-heavy-duty-dual-double-suction-cup-mount","Product type is empty."
"product","7","medium","missing_product_tags","iBOLT Action Camera IncrediBOLT 360 Heavy Duty Dual/Double Suction Cup Mount","https://iboltmounts.com/products/ibolt-action-camera-incredibolt-360-heavy-duty-dual-double-suction-cup-mount","Product tags are empty."
"product","7","low","public_fetch","iBOLT Action Camera IncrediBOLT Heavy Duty Handlebar/Post/Pole/Rail Mount","https://iboltmounts.com/products/ibolt-action-camera-incredibolt-heavy-duty-handlebar-post-pole-rail-mount","Public URL returned 429 during audit; excluded from public template/schema scoring to avoid false SEO failures."
"product","7","medium","thin_content","iBOLT Action Camera IncrediBOLT Heavy Duty Handlebar/Post/Pole/Rail Mount","https://iboltmounts.com/products/ibolt-action-camera-incredibolt-heavy-duty-handlebar-post-pole-rail-mount","product body has 49 words; target is at least 80."
"product","7","medium","missing_product_type","iBOLT Action Camera IncrediBOLT Heavy Duty Handlebar/Post/Pole/Rail Mount","https://iboltmounts.com/products/ibolt-action-camera-incredibolt-heavy-duty-handlebar-post-pole-rail-mount","Product type is empty."
"product","7","medium","missing_product_tags","iBOLT Action Camera IncrediBOLT Heavy Duty Handlebar/Post/Pole/Rail Mount","https://iboltmounts.com/products/ibolt-action-camera-incredibolt-heavy-duty-handlebar-post-pole-rail-mount","Product tags are empty."
"product","7","low","public_fetch","iBOLT Action Camera / ¼ inch 20 Dual BizMount Cup Holder Mount","https://iboltmounts.com/products/ibolt-action-camera-inch-20-dual-bizmount-cup-holder-mount","Public URL returned 429 during audit; excluded from public template/schema scoring to avoid false SEO failures."
"product","7","medium","thin_content","iBOLT Action Camera / ¼ inch 20 Dual BizMount Cup Holder Mount","https://iboltmounts.com/products/ibolt-action-camera-inch-20-dual-bizmount-cup-holder-mount","product body has 47 words; target is at least 80."
"product","7","medium","missing_product_type","iBOLT Action Camera / ¼ inch 20 Dual BizMount Cup Holder Mount","https://iboltmounts.com/products/ibolt-action-camera-inch-20-dual-bizmount-cup-holder-mount","Product type is empty."
"product","7","medium","missing_product_tags","iBOLT Action Camera / ¼ inch 20 Dual BizMount Cup Holder Mount","https://iboltmounts.com/products/ibolt-action-camera-inch-20-dual-bizmount-cup-holder-mount","Product tags are empty."
"product","7","low","public_fetch","iBOLT Action Camera / ¼ inch 20 BizMount Cup Holder Mount","https://iboltmounts.com/products/ibolt-action-camera-inch-20-bizmount-cup-holder-mount","Public URL returned 429 during audit; excluded from public template/schema scoring to avoid false SEO failures."
"product","7","medium","thin_content","iBOLT Action Camera / ¼ inch 20 BizMount Cup Holder Mount","https://iboltmounts.com/products/ibolt-action-camera-inch-20-bizmount-cup-holder-mount","product body has 47 words; target is at least 80."
"product","7","medium","missing_product_type","iBOLT Action Camera / ¼ inch 20 BizMount Cup Holder Mount","https://iboltmounts.com/products/ibolt-action-camera-inch-20-bizmount-cup-holder-mount","Product type is empty."
"product","7","medium","missing_product_tags","iBOLT Action Camera / ¼ inch 20 BizMount Cup Holder Mount","https://iboltmounts.com/products/ibolt-action-camera-inch-20-bizmount-cup-holder-mount","Product tags are empty."
"product","7","low","public_fetch","iBOLT™ IncrediBOLT™ Flexpro Heavy Duty Seat Rail Mount w/ 4.25 inch arm & AMPS Plate Adapter","https://iboltmounts.com/products/ibolttm-incredibolttm-flexpro-heavy-duty-seat-rail-mount-w-4-25-inch-arm-amps-plate-adapter","Public URL returned 429 during audit; excluded from public template/schema scoring to avoid false SEO failures."
"product","7","medium","thin_content","iBOLT™ IncrediBOLT™ Flexpro Heavy Duty Seat Rail Mount w/ 4.25 inch arm & AMPS Plate Adapter","https://iboltmounts.com/products/ibolttm-incredibolttm-flexpro-heavy-duty-seat-rail-mount-w-4-25-inch-arm-amps-plate-adapter","product body has 56 words; target is at least 80."
"product","7","medium","missing_product_type","iBOLT™ IncrediBOLT™ Flexpro Heavy Duty Seat Rail Mount w/ 4.25 inch arm & AMPS Plate Adapter","https://iboltmounts.com/products/ibolttm-incredibolttm-flexpro-heavy-duty-seat-rail-mount-w-4-25-inch-arm-amps-plate-adapter","Product type is empty."
"product","7","medium","missing_product_tags","iBOLT™ IncrediBOLT™ Flexpro Heavy Duty Seat Rail Mount w/ 4.25 inch arm & AMPS Plate Adapter","https://iboltmounts.com/products/ibolttm-incredibolttm-flexpro-heavy-duty-seat-rail-mount-w-4-25-inch-arm-amps-plate-adapter","Product tags are empty."
"product","7","low","public_fetch","iBOLT™ Stream-Cast IncrediBOLT™ Stand Adjustable Overhead Phone Mount","https://iboltmounts.com/products/ibolttm-stream-cast-incredibolttm-stand-adjustable-overhead-phone-mount","Public URL returned 429 during audit; excluded from public template/schema scoring to avoid false SEO failures."
"product","7","medium","thin_content","iBOLT™ Stream-Cast IncrediBOLT™ Stand Adjustable Overhead Phone Mount","https://iboltmounts.com/products/ibolttm-stream-cast-incredibolttm-stand-adjustable-overhead-phone-mount","product body has 44 words; target is at least 80."
"product","7","medium","missing_product_type","iBOLT™ Stream-Cast IncrediBOLT™ Stand Adjustable Overhead Phone Mount","https://iboltmounts.com/products/ibolttm-stream-cast-incredibolttm-stand-adjustable-overhead-phone-mount","Product type is empty."
"product","7","medium","missing_product_tags","iBOLT™ Stream-Cast IncrediBOLT™ Stand Adjustable Overhead Phone Mount","https://iboltmounts.com/products/ibolttm-stream-cast-incredibolttm-stand-adjustable-overhead-phone-mount","Product tags are empty."
"product","7","low","public_fetch","iBOLT™ LockPro™ Drill Base Locking Tablet Stand- Point of Purchase/POS Mount","https://iboltmounts.com/products/ibolttm-lockprotm-drill-base-locking-tablet-stand-point-of-purchase-pos-mount","Public URL returned 429 during audit; excluded from public template/schema scoring to avoid false SEO failures."
"product","7","medium","thin_content","iBOLT™ LockPro™ Drill Base Locking Tablet Stand- Point of Purchase/POS Mount","https://iboltmounts.com/products/ibolttm-lockprotm-drill-base-locking-tablet-stand-point-of-purchase-pos-mount","product body has 69 words; target is at least 80."
"product","7","medium","missing_product_type","iBOLT™ LockPro™ Drill Base Locking Tablet Stand- Point of Purchase/POS Mount","https://iboltmounts.com/products/ibolttm-lockprotm-drill-base-locking-tablet-stand-point-of-purchase-pos-mount","Product type is empty."
"product","7","medium","missing_product_tags","iBOLT™ LockPro™ Drill Base Locking Tablet Stand- Point of Purchase/POS Mount","https://iboltmounts.com/products/ibolttm-lockprotm-drill-base-locking-tablet-stand-point-of-purchase-pos-mount","Product tags are empty."
"product","7","low","public_fetch","iBOLT LockPro™ IncrediBOLT™ 360 Pillar Mount- Heavy Duty Forklift Tablet Mount for Warehouse Vehicles and 7-10 inch Tablets","https://iboltmounts.com/products/ibolt-lockprotm-incredibolttm-360-pillar-mount-heavy-duty-forklift-tablet-mount-for-warehouse-vehicles-and-7-10-inch-tablets","Public URL returned 429 during audit; excluded from public template/schema scoring to avoid false SEO failures."
"product","7","medium","thin_content","iBOLT LockPro™ IncrediBOLT™ 360 Pillar Mount- Heavy Duty Forklift Tablet Mount for Warehouse Vehicles and 7-10 inch Tablets","https://iboltmounts.com/products/ibolt-lockprotm-incredibolttm-360-pillar-mount-heavy-duty-forklift-tablet-mount-for-warehouse-vehicles-and-7-10-inch-tablets","product body has 54 words; target is at least 80."
"product","7","medium","missing_product_type","iBOLT LockPro™ IncrediBOLT™ 360 Pillar Mount- Heavy Duty Forklift Tablet Mount for Warehouse Vehicles and 7-10 inch Tablets","https://iboltmounts.com/products/ibolt-lockprotm-incredibolttm-360-pillar-mount-heavy-duty-forklift-tablet-mount-for-warehouse-vehicles-and-7-10-inch-tablets","Product type is empty."
"product","7","medium","missing_product_tags","iBOLT LockPro™ IncrediBOLT™ 360 Pillar Mount- Heavy Duty Forklift Tablet Mount for Warehouse Vehicles and 7-10 inch Tablets","https://iboltmounts.com/products/ibolt-lockprotm-incredibolttm-360-pillar-mount-heavy-duty-forklift-tablet-mount-for-warehouse-vehicles-and-7-10-inch-tablets","Product tags are empty."
"product","7","low","public_fetch","iBOLT TabDock™ IncrediBOLT™ 360 Wedge - Heavy Duty Vehicle Console Seat Gap Mount for All 7"" - 10"" Tablets","https://iboltmounts.com/products/ibolt-tabdocktm-incredibolttm-360-wedge-heavy-duty-vehicle-console-seat-gap-mount-for-all-7-10-tablets","Public URL returned 429 during audit; excluded from public template/schema scoring to avoid false SEO failures."
"product","7","medium","thin_content","iBOLT TabDock™ IncrediBOLT™ 360 Wedge - Heavy Duty Vehicle Console Seat Gap Mount for All 7"" - 10"" Tablets","https://iboltmounts.com/products/ibolt-tabdocktm-incredibolttm-360-wedge-heavy-duty-vehicle-console-seat-gap-mount-for-all-7-10-tablets","product body has 50 words; target is at least 80."
"product","7","medium","missing_product_type","iBOLT TabDock™ IncrediBOLT™ 360 Wedge - Heavy Duty Vehicle Console Seat Gap Mount for All 7"" - 10"" Tablets","https://iboltmounts.com/products/ibolt-tabdocktm-incredibolttm-360-wedge-heavy-duty-vehicle-console-seat-gap-mount-for-all-7-10-tablets","Product type is empty."
"product","7","medium","missing_product_tags","iBOLT TabDock™ IncrediBOLT™ 360 Wedge - Heavy Duty Vehicle Console Seat Gap Mount for All 7"" - 10"" Tablets","https://iboltmounts.com/products/ibolt-tabdocktm-incredibolttm-360-wedge-heavy-duty-vehicle-console-seat-gap-mount-for-all-7-10-tablets","Product tags are empty."
"product","7","low","public_fetch","iBOLT TabDock™ IncrediBOLT™ VHB- Heavy Duty Strong VHB Adhesive Mount Compatible with 7”-10” Tablets","https://iboltmounts.com/products/ibolt-tabdocktm-incredibolttm-vhb-heavy-duty-strong-vhb-adhesive-mount-compatible-with-7-10-tablets","Public URL returned 429 during audit; excluded from public template/schema scoring to avoid false SEO failures."
"product","7","medium","thin_content","iBOLT TabDock™ IncrediBOLT™ VHB- Heavy Duty Strong VHB Adhesive Mount Compatible with 7”-10” Tablets","https://iboltmounts.com/products/ibolt-tabdocktm-incredibolttm-vhb-heavy-duty-strong-vhb-adhesive-mount-compatible-with-7-10-tablets","product body has 46 words; target is at least 80."
"product","7","medium","missing_product_type","iBOLT TabDock™ IncrediBOLT™ VHB- Heavy Duty Strong VHB Adhesive Mount Compatible with 7”-10” Tablets","https://iboltmounts.com/products/ibolt-tabdocktm-incredibolttm-vhb-heavy-duty-strong-vhb-adhesive-mount-compatible-with-7-10-tablets","Product type is empty."
"product","7","medium","missing_product_tags","iBOLT TabDock™ IncrediBOLT™ VHB- Heavy Duty Strong VHB Adhesive Mount Compatible with 7”-10” Tablets","https://iboltmounts.com/products/ibolt-tabdocktm-incredibolttm-vhb-heavy-duty-strong-vhb-adhesive-mount-compatible-with-7-10-tablets","Product tags are empty."
"product","7","low","public_fetch","iBOLT TabDock™ IncrediBOLT™ 360 Suction- Heavy Duty Metal 6 inch Multi-Angle Mount for All 7"" - 10"" Tablets for Commercial Vehicles, Trucks, and ELD Devices","https://iboltmounts.com/products/ibolt-tabdocktm-incredibolttm-360-suction-heavy-duty-metal-6-inch-multi-angle-mount-for-all-7-10-tablets-for-commercial-vehicles-trucks-and-eld-devices","Public URL returned 429 during audit; excluded from public template/schema scoring to avoid false SEO failures."
"product","7","medium","thin_content","iBOLT TabDock™ IncrediBOLT™ 360 Suction- Heavy Duty Metal 6 inch Multi-Angle Mount for All 7"" - 10"" Tablets for Commercial Vehicles, Trucks, and ELD Devices","https://iboltmounts.com/products/ibolt-tabdocktm-incredibolttm-360-suction-heavy-duty-metal-6-inch-multi-angle-mount-for-all-7-10-tablets-for-commercial-vehicles-trucks-and-eld-devices","product body has 68 words; target is at least 80."
"product","7","medium","missing_product_type","iBOLT TabDock™ IncrediBOLT™ 360 Suction- Heavy Duty Metal 6 inch Multi-Angle Mount for All 7"" - 10"" Tablets for Commercial Vehicles, Trucks, and ELD Devices","https://iboltmounts.com/products/ibolt-tabdocktm-incredibolttm-360-suction-heavy-duty-metal-6-inch-multi-angle-mount-for-all-7-10-tablets-for-commercial-vehicles-trucks-and-eld-devices","Product type is empty."
"product","7","medium","missing_product_tags","iBOLT TabDock™ IncrediBOLT™ 360 Suction- Heavy Duty Metal 6 inch Multi-Angle Mount for All 7"" - 10"" Tablets for Commercial Vehicles, Trucks, and ELD Devices","https://iboltmounts.com/products/ibolt-tabdocktm-incredibolttm-360-suction-heavy-duty-metal-6-inch-multi-angle-mount-for-all-7-10-tablets-for-commercial-vehicles-trucks-and-eld-devices","Product tags are empty."
"product","7","low","public_fetch","iBOLT Quad Tablet Tower TabDock™ Stand","https://iboltmounts.com/products/ibolt-quad-tablet-tower-stand","Public URL returned 429 during audit; excluded from public template/schema scoring to avoid false SEO failures."
"product","7","medium","thin_content","iBOLT Quad Tablet Tower TabDock™ Stand","https://iboltmounts.com/products/ibolt-quad-tablet-tower-stand","product body has 50 words; target is at least 80."
"product","7","medium","missing_product_type","iBOLT Quad Tablet Tower TabDock™ Stand","https://iboltmounts.com/products/ibolt-quad-tablet-tower-stand","Product type is empty."
"product","7","medium","missing_product_tags","iBOLT Quad Tablet Tower TabDock™ Stand","https://iboltmounts.com/products/ibolt-quad-tablet-tower-stand","Product tags are empty."
"product","7","low","public_fetch","iBOLT TabDock™ Dual XL Barcode Scanner Forklift Pillar Mount","https://iboltmounts.com/products/ibolt-tabdock-dual-xl-barcode-scanner-forklift-pillar-mount","Public URL returned 429 during audit; excluded from public template/schema scoring to avoid false SEO failures."
"product","7","medium","thin_content","iBOLT TabDock™ Dual XL Barcode Scanner Forklift Pillar Mount","https://iboltmounts.com/products/ibolt-tabdock-dual-xl-barcode-scanner-forklift-pillar-mount","product body has 63 words; target is at least 80."
"product","7","medium","missing_product_type","iBOLT TabDock™ Dual XL Barcode Scanner Forklift Pillar Mount","https://iboltmounts.com/products/ibolt-tabdock-dual-xl-barcode-scanner-forklift-pillar-mount","Product type is empty."
"product","7","medium","missing_product_tags","iBOLT TabDock™ Dual XL Barcode Scanner Forklift Pillar Mount","https://iboltmounts.com/products/ibolt-tabdock-dual-xl-barcode-scanner-forklift-pillar-mount","Product tags are empty."
"product","7","low","public_fetch","iBOLT VESA 75x75 mm/ 100x100 mm Dual XL Barcode Scanner Forklift Pillar Mount","https://iboltmounts.com/products/ibolt-vesa-75x75-mm-100x100-mm-dual-xl-barcode-scanner-forklift-pillar-mount","Public URL returned 429 during audit; excluded from public template/schema scoring to avoid false SEO failures."
"product","7","medium","thin_content","iBOLT VESA 75x75 mm/ 100x100 mm Dual XL Barcode Scanner Forklift Pillar Mount","https://iboltmounts.com/products/ibolt-vesa-75x75-mm-100x100-mm-dual-xl-barcode-scanner-forklift-pillar-mount","product body has 66 words; target is at least 80."
"product","7","medium","missing_product_type","iBOLT VESA 75x75 mm/ 100x100 mm Dual XL Barcode Scanner Forklift Pillar Mount","https://iboltmounts.com/products/ibolt-vesa-75x75-mm-100x100-mm-dual-xl-barcode-scanner-forklift-pillar-mount","Product type is empty."
"product","7","medium","missing_product_tags","iBOLT VESA 75x75 mm/ 100x100 mm Dual XL Barcode Scanner Forklift Pillar Mount","https://iboltmounts.com/products/ibolt-vesa-75x75-mm-100x100-mm-dual-xl-barcode-scanner-forklift-pillar-mount","Product tags are empty."
"product","7","low","public_fetch","iBOLT Moto-Vise™ Forklift BizMount™ Pillar Mount","https://iboltmounts.com/products/ibolt-motovise-forklift-bizmount-pillar-mount","Public URL returned 429 during audit; excluded from public template/schema scoring to avoid false SEO failures."
"product","7","medium","thin_content","iBOLT Moto-Vise™ Forklift BizMount™ Pillar Mount","https://iboltmounts.com/products/ibolt-motovise-forklift-bizmount-pillar-mount","product body has 43 words; target is at least 80."
"product","7","medium","missing_product_type","iBOLT Moto-Vise™ Forklift BizMount™ Pillar Mount","https://iboltmounts.com/products/ibolt-motovise-forklift-bizmount-pillar-mount","Product type is empty."
"product","7","medium","missing_product_tags","iBOLT Moto-Vise™ Forklift BizMount™ Pillar Mount","https://iboltmounts.com/products/ibolt-motovise-forklift-bizmount-pillar-mount","Product tags are empty."
"product","7","low","public_fetch","iBOLT Phone Dock'n Lock 2"" IncrediBOLT™ AMPS Drill Base Mount","https://iboltmounts.com/products/ibolt-phone-dock-n-lock-incredibolt-amps-drill-base-mount-for-phones","Public URL returned 429 during audit; excluded from public template/schema scoring to avoid false SEO failures."
"product","7","medium","thin_content","iBOLT Phone Dock'n Lock 2"" IncrediBOLT™ AMPS Drill Base Mount","https://iboltmounts.com/products/ibolt-phone-dock-n-lock-incredibolt-amps-drill-base-mount-for-phones","product body has 55 words; target is at least 80."
"product","7","medium","missing_product_type","iBOLT Phone Dock'n Lock 2"" IncrediBOLT™ AMPS Drill Base Mount","https://iboltmounts.com/products/ibolt-phone-dock-n-lock-incredibolt-amps-drill-base-mount-for-phones","Product type is empty."
"product","7","medium","missing_product_tags","iBOLT Phone Dock'n Lock 2"" IncrediBOLT™ AMPS Drill Base Mount","https://iboltmounts.com/products/ibolt-phone-dock-n-lock-incredibolt-amps-drill-base-mount-for-phones","Product tags are empty."
"product","7","low","public_fetch","iBOLT Moto-Vise™ IncrediBOLT™ Heavy Duty Phone Clamp / Handlebar / Rail Mount","https://iboltmounts.com/products/ibolt-moto-vise-incredibolt-heavy-duty-phone-clamp-handlebar-rail-mount","Public URL returned 429 during audit; excluded from public template/schema scoring to avoid false SEO failures."
"product","7","medium","thin_content","iBOLT Moto-Vise™ IncrediBOLT™ Heavy Duty Phone Clamp / Handlebar / Rail Mount","https://iboltmounts.com/products/ibolt-moto-vise-incredibolt-heavy-duty-phone-clamp-handlebar-rail-mount","product body has 62 words; target is at least 80."
"product","7","medium","missing_product_type","iBOLT Moto-Vise™ IncrediBOLT™ Heavy Duty Phone Clamp / Handlebar / Rail Mount","https://iboltmounts.com/products/ibolt-moto-vise-incredibolt-heavy-duty-phone-clamp-handlebar-rail-mount","Product type is empty."
"product","7","medium","missing_product_tags","iBOLT Moto-Vise™ IncrediBOLT™ Heavy Duty Phone Clamp / Handlebar / Rail Mount","https://iboltmounts.com/products/ibolt-moto-vise-incredibolt-heavy-duty-phone-clamp-handlebar-rail-mount","Product tags are empty."
"product","7","low","public_fetch","iBOLT TabDock™ IncrediBOLT™ AMPS w/ 2” Single Socket Arm Drill Base","https://iboltmounts.com/products/ibolt-tabdock-dynamount-amps-w-2-single-socket-arm-drill-base","Public URL returned 429 during audit; excluded from public template/schema scoring to avoid false SEO failures."
"product","7","medium","thin_content","iBOLT TabDock™ IncrediBOLT™ AMPS w/ 2” Single Socket Arm Drill Base","https://iboltmounts.com/products/ibolt-tabdock-dynamount-amps-w-2-single-socket-arm-drill-base","product body has 51 words; target is at least 80."
"product","7","medium","missing_product_type","iBOLT TabDock™ IncrediBOLT™ AMPS w/ 2” Single Socket Arm Drill Base","https://iboltmounts.com/products/ibolt-tabdock-dynamount-amps-w-2-single-socket-arm-drill-base","Product type is empty."
"product","7","medium","missing_product_tags","iBOLT TabDock™ IncrediBOLT™ AMPS w/ 2” Single Socket Arm Drill Base","https://iboltmounts.com/products/ibolt-tabdock-dynamount-amps-w-2-single-socket-arm-drill-base","Product tags are empty."
"product","7","low","public_fetch","iBOLT Garmin Striker 4 / Fish Finder IncrediBOLT™ 360 Clamp / Handlebar / Rail Mount","https://iboltmounts.com/products/ibolt-garmin-striker-4-fish-finder-incredibolt-360-clamp-handlebar-rail-mount","Public URL returned 429 during audit; excluded from public template/schema scoring to avoid false SEO failures."
"product","7","medium","thin_content","iBOLT Garmin Striker 4 / Fish Finder IncrediBOLT™ 360 Clamp / Handlebar / Rail Mount","https://iboltmounts.com/products/ibolt-garmin-striker-4-fish-finder-incredibolt-360-clamp-handlebar-rail-mount","product body has 73 words; target is at least 80."
"product","7","medium","missing_product_type","iBOLT Garmin Striker 4 / Fish Finder IncrediBOLT™ 360 Clamp / Handlebar / Rail Mount","https://iboltmounts.com/products/ibolt-garmin-striker-4-fish-finder-incredibolt-360-clamp-handlebar-rail-mount","Product type is empty."
"product","7","medium","missing_product_tags","iBOLT Garmin Striker 4 / Fish Finder IncrediBOLT™ 360 Clamp / Handlebar / Rail Mount","https://iboltmounts.com/products/ibolt-garmin-striker-4-fish-finder-incredibolt-360-clamp-handlebar-rail-mount","Product tags are empty."
"product","7","low","public_fetch","iBOLT GoPro / Action Camera IncrediBOLT™ 360 Clamp / Handlebar / Rail Mount","https://iboltmounts.com/products/ibolt-gopro-action-camera-incredibolt-clamp-handlebar-rail-mount-1","Public URL returned 429 during audit; excluded from public template/schema scoring to avoid false SEO failures."
"product","7","medium","thin_content","iBOLT GoPro / Action Camera IncrediBOLT™ 360 Clamp / Handlebar / Rail Mount","https://iboltmounts.com/products/ibolt-gopro-action-camera-incredibolt-clamp-handlebar-rail-mount-1","product body has 51 words; target is at least 80."
"product","7","medium","missing_product_type","iBOLT GoPro / Action Camera IncrediBOLT™ 360 Clamp / Handlebar / Rail Mount","https://iboltmounts.com/products/ibolt-gopro-action-camera-incredibolt-clamp-handlebar-rail-mount-1","Product type is empty."
"product","7","medium","missing_product_tags","iBOLT GoPro / Action Camera IncrediBOLT™ 360 Clamp / Handlebar / Rail Mount","https://iboltmounts.com/products/ibolt-gopro-action-camera-incredibolt-clamp-handlebar-rail-mount-1","Product tags are empty."
"product","7","low","public_fetch","iBOLT GoPro / Action Camera IncrediBOLT™ Clamp / Handlebar / Rail Mount","https://iboltmounts.com/products/ibolt-gopro-action-camera-dynamount-clamp-handlebar-rail-mount","Public URL returned 429 during audit; excluded from public template/schema scoring to avoid false SEO failures."
"product","7","medium","thin_content","iBOLT GoPro / Action Camera IncrediBOLT™ Clamp / Handlebar / Rail Mount","https://iboltmounts.com/products/ibolt-gopro-action-camera-dynamount-clamp-handlebar-rail-mount","product body has 49 words; target is at least 80."
"product","7","medium","missing_product_type","iBOLT GoPro / Action Camera IncrediBOLT™ Clamp / Handlebar / Rail Mount","https://iboltmounts.com/products/ibolt-gopro-action-camera-dynamount-clamp-handlebar-rail-mount","Product type is empty."
"product","7","medium","missing_product_tags","iBOLT GoPro / Action Camera IncrediBOLT™ Clamp / Handlebar / Rail Mount","https://iboltmounts.com/products/ibolt-gopro-action-camera-dynamount-clamp-handlebar-rail-mount","Product tags are empty."
"product","7","low","public_fetch","iBOLT Moto-Vise™ Heavy Duty Phone Handlebar / Rail Mount","https://iboltmounts.com/products/ibolt-moto-vise-heavy-duty-phone-handlebar-rail-mount","Public URL returned 429 during audit; excluded from public template/schema scoring to avoid false SEO failures."
"product","7","medium","thin_content","iBOLT Moto-Vise™ Heavy Duty Phone Handlebar / Rail Mount","https://iboltmounts.com/products/ibolt-moto-vise-heavy-duty-phone-handlebar-rail-mount","product body has 65 words; target is at least 80."
"product","7","medium","missing_product_type","iBOLT Moto-Vise™ Heavy Duty Phone Handlebar / Rail Mount","https://iboltmounts.com/products/ibolt-moto-vise-heavy-duty-phone-handlebar-rail-mount","Product type is empty."
"product","7","medium","missing_product_tags","iBOLT Moto-Vise™ Heavy Duty Phone Handlebar / Rail Mount","https://iboltmounts.com/products/ibolt-moto-vise-heavy-duty-phone-handlebar-rail-mount","Product tags are empty."
"product","7","low","public_fetch","iBOLT Universal Marine Fish Finder Dual Arm Handlebar/ Rail Mount","https://iboltmounts.com/products/ibolt-universal-marine-fish-finder-handlebar-rail-mount-1","Public URL returned 429 during audit; excluded from public template/schema scoring to avoid false SEO failures."
"product","7","medium","thin_content","iBOLT Universal Marine Fish Finder Dual Arm Handlebar/ Rail Mount","https://iboltmounts.com/products/ibolt-universal-marine-fish-finder-handlebar-rail-mount-1","product body has 75 words; target is at least 80."
"product","7","medium","missing_product_type","iBOLT Universal Marine Fish Finder Dual Arm Handlebar/ Rail Mount","https://iboltmounts.com/products/ibolt-universal-marine-fish-finder-handlebar-rail-mount-1","Product type is empty."
"product","7","medium","missing_product_tags","iBOLT Universal Marine Fish Finder Dual Arm Handlebar/ Rail Mount","https://iboltmounts.com/products/ibolt-universal-marine-fish-finder-handlebar-rail-mount-1","Product tags are empty."
"product","7","low","public_fetch","iBOLT GoPro/ Action Camera Selfie Pole Clamp, Handlebar, Rail Mount","https://iboltmounts.com/products/ibolt-gopro-action-camera-selfie-pole-clamp-handlebar-rail-mount","Public URL returned 429 during audit; excluded from public template/schema scoring to avoid false SEO failures."
"product","7","medium","thin_content","iBOLT GoPro/ Action Camera Selfie Pole Clamp, Handlebar, Rail Mount","https://iboltmounts.com/products/ibolt-gopro-action-camera-selfie-pole-clamp-handlebar-rail-mount","product body has 76 words; target is at least 80."
"product","7","medium","missing_product_type","iBOLT GoPro/ Action Camera Selfie Pole Clamp, Handlebar, Rail Mount","https://iboltmounts.com/products/ibolt-gopro-action-camera-selfie-pole-clamp-handlebar-rail-mount","Product type is empty."
"product","7","medium","missing_product_tags","iBOLT GoPro/ Action Camera Selfie Pole Clamp, Handlebar, Rail Mount","https://iboltmounts.com/products/ibolt-gopro-action-camera-selfie-pole-clamp-handlebar-rail-mount","Product tags are empty."
"product","7","low","public_fetch","iBOLT Garmin Striker 4 / Fish Finder Dual Arm Handlebar, Rail Mount","https://iboltmounts.com/products/ibolt-garmin-striker-4-fish-finder-dual-arm-handlebar-rail-mount","Public URL returned 429 during audit; excluded from public template/schema scoring to avoid false SEO failures."
"product","7","medium","thin_content","iBOLT Garmin Striker 4 / Fish Finder Dual Arm Handlebar, Rail Mount","https://iboltmounts.com/products/ibolt-garmin-striker-4-fish-finder-dual-arm-handlebar-rail-mount","product body has 74 words; target is at least 80."
"product","7","medium","missing_product_type","iBOLT Garmin Striker 4 / Fish Finder Dual Arm Handlebar, Rail Mount","https://iboltmounts.com/products/ibolt-garmin-striker-4-fish-finder-dual-arm-handlebar-rail-mount","Product type is empty."
"product","7","medium","missing_product_tags","iBOLT Garmin Striker 4 / Fish Finder Dual Arm Handlebar, Rail Mount","https://iboltmounts.com/products/ibolt-garmin-striker-4-fish-finder-dual-arm-handlebar-rail-mount","Product tags are empty."
"product","7","low","public_fetch","iBOLT Garmin Striker 4 / Fish Finder Handlebar, Rail Mount","https://iboltmounts.com/products/ibolt-garmin-striker-4-fish-finder-handlebar-rail-mount","Public URL returned 429 during audit; excluded from public template/schema scoring to avoid false SEO failures."
"product","7","medium","thin_content","iBOLT Garmin Striker 4 / Fish Finder Handlebar, Rail Mount","https://iboltmounts.com/products/ibolt-garmin-striker-4-fish-finder-handlebar-rail-mount","product body has 73 words; target is at least 80."
"product","7","medium","missing_product_type","iBOLT Garmin Striker 4 / Fish Finder Handlebar, Rail Mount","https://iboltmounts.com/products/ibolt-garmin-striker-4-fish-finder-handlebar-rail-mount","Product type is empty."
"product","7","medium","missing_product_tags","iBOLT Garmin Striker 4 / Fish Finder Handlebar, Rail Mount","https://iboltmounts.com/products/ibolt-garmin-striker-4-fish-finder-handlebar-rail-mount","Product tags are empty."
"product","7","low","public_fetch","iBOLT™ Dock'n Lock - Composite Locking Tablet Holder- AMPS Pattern Connection","https://iboltmounts.com/products/ibolt-dock-n-lock-composite-locking-tablet-holder-fits-7-to-10-inch-tablets-and-all-industry-standard-4-hole-amps-pattern-mounts-and-adapters","Public URL returned 429 during audit; excluded from public template/schema scoring to avoid false SEO failures."
"product","7","medium","thin_content","iBOLT™ Dock'n Lock - Composite Locking Tablet Holder- AMPS Pattern Connection","https://iboltmounts.com/products/ibolt-dock-n-lock-composite-locking-tablet-holder-fits-7-to-10-inch-tablets-and-all-industry-standard-4-hole-amps-pattern-mounts-and-adapters","product body has 51 words; target is at least 80."
"product","7","medium","missing_product_type","iBOLT™ Dock'n Lock - Composite Locking Tablet Holder- AMPS Pattern Connection","https://iboltmounts.com/products/ibolt-dock-n-lock-composite-locking-tablet-holder-fits-7-to-10-inch-tablets-and-all-industry-standard-4-hole-amps-pattern-mounts-and-adapters","Product type is empty."
"product","7","medium","missing_product_tags","iBOLT™ Dock'n Lock - Composite Locking Tablet Holder- AMPS Pattern Connection","https://iboltmounts.com/products/ibolt-dock-n-lock-composite-locking-tablet-holder-fits-7-to-10-inch-tablets-and-all-industry-standard-4-hole-amps-pattern-mounts-and-adapters","Product tags are empty."
"product","7","low","public_fetch","iBOLT ¼ 20” Camera Screw IncrediBOLT™ AMPS w/ 4.25” Double Socket Arm- Drill Base Mount","https://iboltmounts.com/products/ibolt-20-camera-screw-incredibolt-amps-w-4-25-double-socket-arm-drill-base-mount","Public URL returned 429 during audit; excluded from public template/schema scoring to avoid false SEO failures."
"product","7","medium","thin_content","iBOLT ¼ 20” Camera Screw IncrediBOLT™ AMPS w/ 4.25” Double Socket Arm- Drill Base Mount","https://iboltmounts.com/products/ibolt-20-camera-screw-incredibolt-amps-w-4-25-double-socket-arm-drill-base-mount","product body has 65 words; target is at least 80."
"product","7","medium","missing_product_type","iBOLT ¼ 20” Camera Screw IncrediBOLT™ AMPS w/ 4.25” Double Socket Arm- Drill Base Mount","https://iboltmounts.com/products/ibolt-20-camera-screw-incredibolt-amps-w-4-25-double-socket-arm-drill-base-mount","Product type is empty."
"product","7","medium","missing_product_tags","iBOLT ¼ 20” Camera Screw IncrediBOLT™ AMPS w/ 4.25” Double Socket Arm- Drill Base Mount","https://iboltmounts.com/products/ibolt-20-camera-screw-incredibolt-amps-w-4-25-double-socket-arm-drill-base-mount","Product tags are empty."
"product","7","low","public_fetch","iBOLT ¼ 20” Camera Screw IncrediBOLT™ 360 AMPS w/ 6” Multi-Angle Arm","https://iboltmounts.com/products/ibolt-20-camera-screw-incredibolt-360-amps-w-6-multi-angle-arm-drill-drill-base-mount","Public URL returned 429 during audit; excluded from public template/schema scoring to avoid false SEO failures."
"product","7","medium","thin_content","iBOLT ¼ 20” Camera Screw IncrediBOLT™ 360 AMPS w/ 6” Multi-Angle Arm","https://iboltmounts.com/products/ibolt-20-camera-screw-incredibolt-360-amps-w-6-multi-angle-arm-drill-drill-base-mount","product body has 64 words; target is at least 80."
"product","7","medium","missing_product_type","iBOLT ¼ 20” Camera Screw IncrediBOLT™ 360 AMPS w/ 6” Multi-Angle Arm","https://iboltmounts.com/products/ibolt-20-camera-screw-incredibolt-360-amps-w-6-multi-angle-arm-drill-drill-base-mount","Product type is empty."
"product","7","medium","missing_product_tags","iBOLT ¼ 20” Camera Screw IncrediBOLT™ 360 AMPS w/ 6” Multi-Angle Arm","https://iboltmounts.com/products/ibolt-20-camera-screw-incredibolt-360-amps-w-6-multi-angle-arm-drill-drill-base-mount","Product tags are empty."
"product","7","low","public_fetch","iBOLT ¼ 20” Camera Screw IncrediBOLT™ AMPS w/ 2” Single Socket Arm Drill Base Mount","https://iboltmounts.com/products/ibolt-20-camera-screw-incredibolt-amps-w-2-single-socket-arm-drill-base-mount","Public URL returned 429 during audit; excluded from public template/schema scoring to avoid false SEO failures."
"product","7","medium","thin_content","iBOLT ¼ 20” Camera Screw IncrediBOLT™ AMPS w/ 2” Single Socket Arm Drill Base Mount","https://iboltmounts.com/products/ibolt-20-camera-screw-incredibolt-amps-w-2-single-socket-arm-drill-base-mount","product body has 52 words; target is at least 80."
"product","7","medium","missing_product_type","iBOLT ¼ 20” Camera Screw IncrediBOLT™ AMPS w/ 2” Single Socket Arm Drill Base Mount","https://iboltmounts.com/products/ibolt-20-camera-screw-incredibolt-amps-w-2-single-socket-arm-drill-base-mount","Product type is empty."
"product","7","medium","missing_product_tags","iBOLT ¼ 20” Camera Screw IncrediBOLT™ AMPS w/ 2” Single Socket Arm Drill Base Mount","https://iboltmounts.com/products/ibolt-20-camera-screw-incredibolt-amps-w-2-single-socket-arm-drill-base-mount","Product tags are empty."
"product","7","low","public_fetch","iBOLT 88mm Diameter Magnetic Mount Base w/ 1 / 4 20 Camera Screw and Compatible with GoPro Adapter","https://iboltmounts.com/products/ibolt-88mm-diameter-magnetic-mount-base-w-1-4-20-camera-screw-and-compatible-with-gopro-adapter","Public URL returned 429 during audit; excluded from public template/schema scoring to avoid false SEO failures."
"product","7","medium","thin_content","iBOLT 88mm Diameter Magnetic Mount Base w/ 1 / 4 20 Camera Screw and Compatible with GoPro Adapter","https://iboltmounts.com/products/ibolt-88mm-diameter-magnetic-mount-base-w-1-4-20-camera-screw-and-compatible-with-gopro-adapter","product body has 46 words; target is at least 80."
"product","7","medium","missing_product_type","iBOLT 88mm Diameter Magnetic Mount Base w/ 1 / 4 20 Camera Screw and Compatible with GoPro Adapter","https://iboltmounts.com/products/ibolt-88mm-diameter-magnetic-mount-base-w-1-4-20-camera-screw-and-compatible-with-gopro-adapter","Product type is empty."
"product","7","medium","missing_product_tags","iBOLT 88mm Diameter Magnetic Mount Base w/ 1 / 4 20 Camera Screw and Compatible with GoPro Adapter","https://iboltmounts.com/products/ibolt-88mm-diameter-magnetic-mount-base-w-1-4-20-camera-screw-and-compatible-with-gopro-adapter","Product tags are empty."
"product","7","low","public_fetch","iBOLT™ 38mm / 1.5 inch Metal AMPS to VESA 75 x 75 / VESA 100 x 100 Mount","https://iboltmounts.com/products/ibolt-38mm-1-5-inch-metal-amps-to-vesa-75-x-75-vesa-100-x-100-5-inch-dual-ball-mount","Public URL returned 429 during audit; excluded from public template/schema scoring to avoid false SEO failures."
"product","7","medium","thin_content","iBOLT™ 38mm / 1.5 inch Metal AMPS to VESA 75 x 75 / VESA 100 x 100 Mount","https://iboltmounts.com/products/ibolt-38mm-1-5-inch-metal-amps-to-vesa-75-x-75-vesa-100-x-100-5-inch-dual-ball-mount","product body has 56 words; target is at least 80."
"product","7","medium","missing_product_type","iBOLT™ 38mm / 1.5 inch Metal AMPS to VESA 75 x 75 / VESA 100 x 100 Mount","https://iboltmounts.com/products/ibolt-38mm-1-5-inch-metal-amps-to-vesa-75-x-75-vesa-100-x-100-5-inch-dual-ball-mount","Product type is empty."
"product","7","medium","missing_product_tags","iBOLT™ 38mm / 1.5 inch Metal AMPS to VESA 75 x 75 / VESA 100 x 100 Mount","https://iboltmounts.com/products/ibolt-38mm-1-5-inch-metal-amps-to-vesa-75-x-75-vesa-100-x-100-5-inch-dual-ball-mount","Product tags are empty."
"product","7","low","public_fetch","iBOLT™ 38mm / 1.5 inch Metal AMPS to VESA 75 x 75 / VESA 100 x 100 Mount","https://iboltmounts.com/products/ibolt-38mm-1-5-inch-metal-rectangular-amps-to-vesa-75-x-75-vesa-100-x-100-8-5-inch-dual-ball-mount","Public URL returned 429 during audit; excluded from public template/schema scoring to avoid false SEO failures."
"product","7","medium","thin_content","iBOLT™ 38mm / 1.5 inch Metal AMPS to VESA 75 x 75 / VESA 100 x 100 Mount","https://iboltmounts.com/products/ibolt-38mm-1-5-inch-metal-rectangular-amps-to-vesa-75-x-75-vesa-100-x-100-8-5-inch-dual-ball-mount","product body has 57 words; target is at least 80."
"product","7","medium","missing_product_type","iBOLT™ 38mm / 1.5 inch Metal AMPS to VESA 75 x 75 / VESA 100 x 100 Mount","https://iboltmounts.com/products/ibolt-38mm-1-5-inch-metal-rectangular-amps-to-vesa-75-x-75-vesa-100-x-100-8-5-inch-dual-ball-mount","Product type is empty."
"product","7","medium","missing_product_tags","iBOLT™ 38mm / 1.5 inch Metal AMPS to VESA 75 x 75 / VESA 100 x 100 Mount","https://iboltmounts.com/products/ibolt-38mm-1-5-inch-metal-rectangular-amps-to-vesa-75-x-75-vesa-100-x-100-8-5-inch-dual-ball-mount","Product tags are empty."
"product","7","low","public_fetch","iBOLT™ ¼ 20” Camera Screw to GoPro Adapter","https://iboltmounts.com/products/ibolt-20-camera-screw-to-gopro-adapter","Public URL returned 429 during audit; excluded from public template/schema scoring to avoid false SEO failures."
"product","7","medium","thin_content","iBOLT™ ¼ 20” Camera Screw to GoPro Adapter","https://iboltmounts.com/products/ibolt-20-camera-screw-to-gopro-adapter","product body has 41 words; target is at least 80."
"product","7","medium","missing_product_type","iBOLT™ ¼ 20” Camera Screw to GoPro Adapter","https://iboltmounts.com/products/ibolt-20-camera-screw-to-gopro-adapter","Product type is empty."
"product","7","medium","missing_product_tags","iBOLT™ ¼ 20” Camera Screw to GoPro Adapter","https://iboltmounts.com/products/ibolt-20-camera-screw-to-gopro-adapter","Product tags are empty."
"product","7","low","public_fetch","iBOLT Dock’n Lock IncrediBOLT™ AMPS w/ 2” Single Socket Arm Locking Tablet Drill Base Mount","https://iboltmounts.com/products/ibolt-dock-n-lock-incredibolt-amps-w-2-single-socket-arm-locking-drill-base-mount","Public URL returned 429 during audit; excluded from public template/schema scoring to avoid false SEO failures."
"product","7","medium","thin_content","iBOLT Dock’n Lock IncrediBOLT™ AMPS w/ 2” Single Socket Arm Locking Tablet Drill Base Mount","https://iboltmounts.com/products/ibolt-dock-n-lock-incredibolt-amps-w-2-single-socket-arm-locking-drill-base-mount","product body has 76 words; target is at least 80."
"product","7","medium","missing_product_type","iBOLT Dock’n Lock IncrediBOLT™ AMPS w/ 2” Single Socket Arm Locking Tablet Drill Base Mount","https://iboltmounts.com/products/ibolt-dock-n-lock-incredibolt-amps-w-2-single-socket-arm-locking-drill-base-mount","Product type is empty."
"product","7","medium","missing_product_tags","iBOLT Dock’n Lock IncrediBOLT™ AMPS w/ 2” Single Socket Arm Locking Tablet Drill Base Mount","https://iboltmounts.com/products/ibolt-dock-n-lock-incredibolt-amps-w-2-single-socket-arm-locking-drill-base-mount","Product tags are empty."
"product","7","low","public_fetch","iBOLT 17mm Dual Ball to Round Metal AMPs Drill Base Mount for Garmin GPS and iBOLT Phone Holders","https://iboltmounts.com/products/ibolt-17mm-dual-ball-to-round-metal-amps-drill-base-mount-compatible-w-garmin-gps-and-ibolt-phone-holders","Public URL returned 429 during audit; excluded from public template/schema scoring to avoid false SEO failures."
"product","7","medium","thin_content","iBOLT 17mm Dual Ball to Round Metal AMPs Drill Base Mount for Garmin GPS and iBOLT Phone Holders","https://iboltmounts.com/products/ibolt-17mm-dual-ball-to-round-metal-amps-drill-base-mount-compatible-w-garmin-gps-and-ibolt-phone-holders","product body has 48 words; target is at least 80."
"product","7","medium","missing_product_type","iBOLT 17mm Dual Ball to Round Metal AMPs Drill Base Mount for Garmin GPS and iBOLT Phone Holders","https://iboltmounts.com/products/ibolt-17mm-dual-ball-to-round-metal-amps-drill-base-mount-compatible-w-garmin-gps-and-ibolt-phone-holders","Product type is empty."
"product","7","medium","missing_product_tags","iBOLT 17mm Dual Ball to Round Metal AMPs Drill Base Mount for Garmin GPS and iBOLT Phone Holders","https://iboltmounts.com/products/ibolt-17mm-dual-ball-to-round-metal-amps-drill-base-mount-compatible-w-garmin-gps-and-ibolt-phone-holders","Product tags are empty."
"product","7","low","public_fetch","iBOLT 17mm Dual Ball to Strong VHB Adhesive Mount Base compatible w/ Garmin GPS and iBOLT Phone Holders","https://iboltmounts.com/products/ibolt-17mm-dual-ball-to-strong-vhb-adhesive-mount-base-compatible-w-garmin-gps-and-ibolt-phone-holders","Public URL returned 429 during audit; excluded from public template/schema scoring to avoid false SEO failures."
"product","7","medium","thin_content","iBOLT 17mm Dual Ball to Strong VHB Adhesive Mount Base compatible w/ Garmin GPS and iBOLT Phone Holders","https://iboltmounts.com/products/ibolt-17mm-dual-ball-to-strong-vhb-adhesive-mount-base-compatible-w-garmin-gps-and-ibolt-phone-holders","product body has 48 words; target is at least 80."
"product","7","medium","missing_product_type","iBOLT 17mm Dual Ball to Strong VHB Adhesive Mount Base compatible w/ Garmin GPS and iBOLT Phone Holders","https://iboltmounts.com/products/ibolt-17mm-dual-ball-to-strong-vhb-adhesive-mount-base-compatible-w-garmin-gps-and-ibolt-phone-holders","Product type is empty."
"product","7","medium","missing_product_tags","iBOLT 17mm Dual Ball to Strong VHB Adhesive Mount Base compatible w/ Garmin GPS and iBOLT Phone Holders","https://iboltmounts.com/products/ibolt-17mm-dual-ball-to-strong-vhb-adhesive-mount-base-compatible-w-garmin-gps-and-ibolt-phone-holders","Product tags are empty."
"product","7","low","public_fetch","iBOLT 17mm Dual Ball to Cup Holder Mount Base compatible w/ Garmin GPS and iBOLT Phone Holders","https://iboltmounts.com/products/ibolt-17mm-dual-ball-to-cup-holder-mount-base-compatible-w-garmin-gps-and-ibolt-phone-holders","Public URL returned 429 during audit; excluded from public template/schema scoring to avoid false SEO failures."
"product","7","medium","thin_content","iBOLT 17mm Dual Ball to Cup Holder Mount Base compatible w/ Garmin GPS and iBOLT Phone Holders","https://iboltmounts.com/products/ibolt-17mm-dual-ball-to-cup-holder-mount-base-compatible-w-garmin-gps-and-ibolt-phone-holders","product body has 52 words; target is at least 80."
"product","7","medium","missing_product_type","iBOLT 17mm Dual Ball to Cup Holder Mount Base compatible w/ Garmin GPS and iBOLT Phone Holders","https://iboltmounts.com/products/ibolt-17mm-dual-ball-to-cup-holder-mount-base-compatible-w-garmin-gps-and-ibolt-phone-holders","Product type is empty."
"product","7","medium","missing_product_tags","iBOLT 17mm Dual Ball to Cup Holder Mount Base compatible w/ Garmin GPS and iBOLT Phone Holders","https://iboltmounts.com/products/ibolt-17mm-dual-ball-to-cup-holder-mount-base-compatible-w-garmin-gps-and-ibolt-phone-holders","Product tags are empty."
"product","7","low","public_fetch","iBOLT 17mm Dual Ball Vertical Clamp Mount for Handlebars, Poles, Posts for Garmin GPS Systems and iBOLT Phone Holders","https://iboltmounts.com/products/ibolt-17mm-dual-ball-vertical-clamp-mount-for-handlebars-poles-posts-compatible-w-garmin-gps-systems","Public URL returned 429 during audit; excluded from public template/schema scoring to avoid false SEO failures."
"product","7","medium","thin_content","iBOLT 17mm Dual Ball Vertical Clamp Mount for Handlebars, Poles, Posts for Garmin GPS Systems and iBOLT Phone Holders","https://iboltmounts.com/products/ibolt-17mm-dual-ball-vertical-clamp-mount-for-handlebars-poles-posts-compatible-w-garmin-gps-systems","product body has 53 words; target is at least 80."
"product","7","medium","missing_product_type","iBOLT 17mm Dual Ball Vertical Clamp Mount for Handlebars, Poles, Posts for Garmin GPS Systems and iBOLT Phone Holders","https://iboltmounts.com/products/ibolt-17mm-dual-ball-vertical-clamp-mount-for-handlebars-poles-posts-compatible-w-garmin-gps-systems","Product type is empty."
"product","7","medium","missing_product_tags","iBOLT 17mm Dual Ball Vertical Clamp Mount for Handlebars, Poles, Posts for Garmin GPS Systems and iBOLT Phone Holders","https://iboltmounts.com/products/ibolt-17mm-dual-ball-vertical-clamp-mount-for-handlebars-poles-posts-compatible-w-garmin-gps-systems","Product tags are empty."
"product","7","low","public_fetch","iBOLT 17mm Dual Ball Clamp Mount for Handlebars, Poles, Posts for Garmin GPS and iBOLT Phone Holders","https://iboltmounts.com/products/ibolt-17mm-dual-ball-horizontal-clamp-mount-for-handlebars-poles-posts","Public URL returned 429 during audit; excluded from public template/schema scoring to avoid false SEO failures."
"product","7","medium","thin_content","iBOLT 17mm Dual Ball Clamp Mount for Handlebars, Poles, Posts for Garmin GPS and iBOLT Phone Holders","https://iboltmounts.com/products/ibolt-17mm-dual-ball-horizontal-clamp-mount-for-handlebars-poles-posts","product body has 41 words; target is at least 80."
"product","7","medium","missing_product_type","iBOLT 17mm Dual Ball Clamp Mount for Handlebars, Poles, Posts for Garmin GPS and iBOLT Phone Holders","https://iboltmounts.com/products/ibolt-17mm-dual-ball-horizontal-clamp-mount-for-handlebars-poles-posts","Product type is empty."
"product","7","medium","missing_product_tags","iBOLT 17mm Dual Ball Clamp Mount for Handlebars, Poles, Posts for Garmin GPS and iBOLT Phone Holders","https://iboltmounts.com/products/ibolt-17mm-dual-ball-horizontal-clamp-mount-for-handlebars-poles-posts","Product tags are empty."
"product","7","low","public_fetch","iBOLT™ 1 inch / 25mm to 9mm Angled Bolt adapter for Motorcycle Mirror frames, Handlebar Pinch Bolts and more","https://iboltmounts.com/products/ibolt-1-inch-25mm-to-9mm-angled-bolt-adapter-for-motorcycle-mirror-frames-handlebar-pinch-bolts-and-more","Public URL returned 429 during audit; excluded from public template/schema scoring to avoid false SEO failures."
"product","7","medium","thin_content","iBOLT™ 1 inch / 25mm to 9mm Angled Bolt adapter for Motorcycle Mirror frames, Handlebar Pinch Bolts and more","https://iboltmounts.com/products/ibolt-1-inch-25mm-to-9mm-angled-bolt-adapter-for-motorcycle-mirror-frames-handlebar-pinch-bolts-and-more","product body has 40 words; target is at least 80."
"product","7","medium","missing_product_type","iBOLT™ 1 inch / 25mm to 9mm Angled Bolt adapter for Motorcycle Mirror frames, Handlebar Pinch Bolts and more","https://iboltmounts.com/products/ibolt-1-inch-25mm-to-9mm-angled-bolt-adapter-for-motorcycle-mirror-frames-handlebar-pinch-bolts-and-more","Product type is empty."
"product","7","medium","missing_product_tags","iBOLT™ 1 inch / 25mm to 9mm Angled Bolt adapter for Motorcycle Mirror frames, Handlebar Pinch Bolts and more","https://iboltmounts.com/products/ibolt-1-inch-25mm-to-9mm-angled-bolt-adapter-for-motorcycle-mirror-frames-handlebar-pinch-bolts-and-more","Product tags are empty."
"product","7","low","public_fetch","iBOLT™ 25mm / 1 inch Composite Diamond 2-Hole AMPS Adapter Plate","https://iboltmounts.com/products/ibolt-25mm-1-inch-composite-diamond-2-hole-amps-adapter-plate-for-industry-standard-dual-ball-socket-mounting-arms","Public URL returned 429 during audit; excluded from public template/schema scoring to avoid false SEO failures."
"product","7","medium","thin_content","iBOLT™ 25mm / 1 inch Composite Diamond 2-Hole AMPS Adapter Plate","https://iboltmounts.com/products/ibolt-25mm-1-inch-composite-diamond-2-hole-amps-adapter-plate-for-industry-standard-dual-ball-socket-mounting-arms","product body has 46 words; target is at least 80."
"product","7","medium","missing_product_type","iBOLT™ 25mm / 1 inch Composite Diamond 2-Hole AMPS Adapter Plate","https://iboltmounts.com/products/ibolt-25mm-1-inch-composite-diamond-2-hole-amps-adapter-plate-for-industry-standard-dual-ball-socket-mounting-arms","Product type is empty."
"product","7","medium","missing_product_tags","iBOLT™ 25mm / 1 inch Composite Diamond 2-Hole AMPS Adapter Plate","https://iboltmounts.com/products/ibolt-25mm-1-inch-composite-diamond-2-hole-amps-adapter-plate-for-industry-standard-dual-ball-socket-mounting-arms","Product tags are empty."
"product","7","low","public_fetch","iBOLT™ Security Hardware or 1 inch / 25mm Bizmount™ Arms","https://iboltmounts.com/products/ibolt-security-hardware-or-1-inch-25mm-bizmount-arms","Public URL returned 429 during audit; excluded from public template/schema scoring to avoid false SEO failures."
"product","7","medium","thin_content","iBOLT™ Security Hardware or 1 inch / 25mm Bizmount™ Arms","https://iboltmounts.com/products/ibolt-security-hardware-or-1-inch-25mm-bizmount-arms","product body has 44 words; target is at least 80."
"product","7","medium","missing_product_type","iBOLT™ Security Hardware or 1 inch / 25mm Bizmount™ Arms","https://iboltmounts.com/products/ibolt-security-hardware-or-1-inch-25mm-bizmount-arms","Product type is empty."
"product","7","medium","missing_product_tags","iBOLT™ Security Hardware or 1 inch / 25mm Bizmount™ Arms","https://iboltmounts.com/products/ibolt-security-hardware-or-1-inch-25mm-bizmount-arms","Product tags are empty."
"product","7","low","public_fetch","iBOLT™ 38mm / 1.5 inch Composite Rectangular AMPS to ¼ 20” Composite Camera Screw Mount","https://iboltmounts.com/products/ibolt-38mm-1-5-inch-composite-rectangular-amps-pattern-to-20-composite-camera-screw-dual-ball-mount-featuring-a-3-5-inch-composite-38mm-bizmount-arm","Public URL returned 429 during audit; excluded from public template/schema scoring to avoid false SEO failures."
"product","7","medium","thin_content","iBOLT™ 38mm / 1.5 inch Composite Rectangular AMPS to ¼ 20” Composite Camera Screw Mount","https://iboltmounts.com/products/ibolt-38mm-1-5-inch-composite-rectangular-amps-pattern-to-20-composite-camera-screw-dual-ball-mount-featuring-a-3-5-inch-composite-38mm-bizmount-arm","product body has 48 words; target is at least 80."
"product","7","medium","missing_product_type","iBOLT™ 38mm / 1.5 inch Composite Rectangular AMPS to ¼ 20” Composite Camera Screw Mount","https://iboltmounts.com/products/ibolt-38mm-1-5-inch-composite-rectangular-amps-pattern-to-20-composite-camera-screw-dual-ball-mount-featuring-a-3-5-inch-composite-38mm-bizmount-arm","Product type is empty."
"product","7","medium","missing_product_tags","iBOLT™ 38mm / 1.5 inch Composite Rectangular AMPS to ¼ 20” Composite Camera Screw Mount","https://iboltmounts.com/products/ibolt-38mm-1-5-inch-composite-rectangular-amps-pattern-to-20-composite-camera-screw-dual-ball-mount-featuring-a-3-5-inch-composite-38mm-bizmount-arm","Product tags are empty."
"product","7","low","public_fetch","iBOLT™ 38mm / 1.5 inch Composite Diamond AMPS to ¼ 20” Camera Screw Mount","https://iboltmounts.com/products/ibolt-38mm-1-5-inch-composite-diamond-amps-pattern-to-20-composite-camera-screw-dual-ball-mount-featuring-a-5-75-inch-composite-38mm-bizmount-arm","Public URL returned 429 during audit; excluded from public template/schema scoring to avoid false SEO failures."
"product","7","medium","thin_content","iBOLT™ 38mm / 1.5 inch Composite Diamond AMPS to ¼ 20” Camera Screw Mount","https://iboltmounts.com/products/ibolt-38mm-1-5-inch-composite-diamond-amps-pattern-to-20-composite-camera-screw-dual-ball-mount-featuring-a-5-75-inch-composite-38mm-bizmount-arm","product body has 48 words; target is at least 80."
"product","7","medium","missing_product_type","iBOLT™ 38mm / 1.5 inch Composite Diamond AMPS to ¼ 20” Camera Screw Mount","https://iboltmounts.com/products/ibolt-38mm-1-5-inch-composite-diamond-amps-pattern-to-20-composite-camera-screw-dual-ball-mount-featuring-a-5-75-inch-composite-38mm-bizmount-arm","Product type is empty."
"product","7","medium","missing_product_tags","iBOLT™ 38mm / 1.5 inch Composite Diamond AMPS to ¼ 20” Camera Screw Mount","https://iboltmounts.com/products/ibolt-38mm-1-5-inch-composite-diamond-amps-pattern-to-20-composite-camera-screw-dual-ball-mount-featuring-a-5-75-inch-composite-38mm-bizmount-arm","Product tags are empty."
"product","7","low","public_fetch","iBOLT™ 38mm / 1.5 inch Metal Circular AMPS Pattern to ¼ 20” Camera Screw Mount","https://iboltmounts.com/products/ibolt-38mm-1-5-inch-metal-circular-amps-pattern-to-20-composite-camera-screw-dual-ball-mount-featuring-a-5-inch-metal-38mm-bizmount-arm","Public URL returned 429 during audit; excluded from public template/schema scoring to avoid false SEO failures."
"product","7","medium","thin_content","iBOLT™ 38mm / 1.5 inch Metal Circular AMPS Pattern to ¼ 20” Camera Screw Mount","https://iboltmounts.com/products/ibolt-38mm-1-5-inch-metal-circular-amps-pattern-to-20-composite-camera-screw-dual-ball-mount-featuring-a-5-inch-metal-38mm-bizmount-arm","product body has 49 words; target is at least 80."
"product","7","medium","missing_product_type","iBOLT™ 38mm / 1.5 inch Metal Circular AMPS Pattern to ¼ 20” Camera Screw Mount","https://iboltmounts.com/products/ibolt-38mm-1-5-inch-metal-circular-amps-pattern-to-20-composite-camera-screw-dual-ball-mount-featuring-a-5-inch-metal-38mm-bizmount-arm","Product type is empty."
"product","7","medium","missing_product_tags","iBOLT™ 38mm / 1.5 inch Metal Circular AMPS Pattern to ¼ 20” Camera Screw Mount","https://iboltmounts.com/products/ibolt-38mm-1-5-inch-metal-circular-amps-pattern-to-20-composite-camera-screw-dual-ball-mount-featuring-a-5-inch-metal-38mm-bizmount-arm","Product tags are empty."
"product","7","low","public_fetch","iBOLT™ 38mm / 1.5 inch Metal AMPS to ¼ 20” Camera Screw Mount","https://iboltmounts.com/products/ibolt-38mm-1-5-inch-metal-rectangular-amps-pattern-to-20-composite-camera-screw-dual-ball-mount-featuring-a-3-5-inch-composite-38mm-bizmount-arm","Public URL returned 429 during audit; excluded from public template/schema scoring to avoid false SEO failures."
"product","7","medium","thin_content","iBOLT™ 38mm / 1.5 inch Metal AMPS to ¼ 20” Camera Screw Mount","https://iboltmounts.com/products/ibolt-38mm-1-5-inch-metal-rectangular-amps-pattern-to-20-composite-camera-screw-dual-ball-mount-featuring-a-3-5-inch-composite-38mm-bizmount-arm","product body has 48 words; target is at least 80."
"product","7","medium","missing_product_type","iBOLT™ 38mm / 1.5 inch Metal AMPS to ¼ 20” Camera Screw Mount","https://iboltmounts.com/products/ibolt-38mm-1-5-inch-metal-rectangular-amps-pattern-to-20-composite-camera-screw-dual-ball-mount-featuring-a-3-5-inch-composite-38mm-bizmount-arm","Product type is empty."
"product","7","medium","missing_product_tags","iBOLT™ 38mm / 1.5 inch Metal AMPS to ¼ 20” Camera Screw Mount","https://iboltmounts.com/products/ibolt-38mm-1-5-inch-metal-rectangular-amps-pattern-to-20-composite-camera-screw-dual-ball-mount-featuring-a-3-5-inch-composite-38mm-bizmount-arm","Product tags are empty."
"product","7","low","public_fetch","iBOLT™ 38mm / 1.5 inch Composite Diamond AMPS to ¼ 20” Composite Camera Screw Mount","https://iboltmounts.com/products/ibolt-38mm-1-5-inch-composite-diamond-amps-pattern-to-20-composite-camera-screw-dual-ball-mount-featuring-a-3-5-inch-composite-38mm-bizmount-arm","Public URL returned 429 during audit; excluded from public template/schema scoring to avoid false SEO failures."
"product","7","medium","thin_content","iBOLT™ 38mm / 1.5 inch Composite Diamond AMPS to ¼ 20” Composite Camera Screw Mount","https://iboltmounts.com/products/ibolt-38mm-1-5-inch-composite-diamond-amps-pattern-to-20-composite-camera-screw-dual-ball-mount-featuring-a-3-5-inch-composite-38mm-bizmount-arm","product body has 48 words; target is at least 80."
"product","7","medium","missing_product_type","iBOLT™ 38mm / 1.5 inch Composite Diamond AMPS to ¼ 20” Composite Camera Screw Mount","https://iboltmounts.com/products/ibolt-38mm-1-5-inch-composite-diamond-amps-pattern-to-20-composite-camera-screw-dual-ball-mount-featuring-a-3-5-inch-composite-38mm-bizmount-arm","Product type is empty."
"product","7","medium","missing_product_tags","iBOLT™ 38mm / 1.5 inch Composite Diamond AMPS to ¼ 20” Composite Camera Screw Mount","https://iboltmounts.com/products/ibolt-38mm-1-5-inch-composite-diamond-amps-pattern-to-20-composite-camera-screw-dual-ball-mount-featuring-a-3-5-inch-composite-38mm-bizmount-arm","Product tags are empty."
"product","7","low","public_fetch","iBOLT™ 38mm / 1.5 inch Metal AMPS to ¼ 20” Composite Camera Screw Mount","https://iboltmounts.com/products/ibolt-38mm-1-5-inch-metal-rectangular-amps-pattern-to-20-composite-camera-screw-dual-ball-mount-featuring-a-8-5-inch-aluminum-38mm-bizmount-arm","Public URL returned 429 during audit; excluded from public template/schema scoring to avoid false SEO failures."
"product","7","medium","thin_content","iBOLT™ 38mm / 1.5 inch Metal AMPS to ¼ 20” Composite Camera Screw Mount","https://iboltmounts.com/products/ibolt-38mm-1-5-inch-metal-rectangular-amps-pattern-to-20-composite-camera-screw-dual-ball-mount-featuring-a-8-5-inch-aluminum-38mm-bizmount-arm","product body has 48 words; target is at least 80."
"product","7","medium","missing_product_type","iBOLT™ 38mm / 1.5 inch Metal AMPS to ¼ 20” Composite Camera Screw Mount","https://iboltmounts.com/products/ibolt-38mm-1-5-inch-metal-rectangular-amps-pattern-to-20-composite-camera-screw-dual-ball-mount-featuring-a-8-5-inch-aluminum-38mm-bizmount-arm","Product type is empty."
"product","7","medium","missing_product_tags","iBOLT™ 38mm / 1.5 inch Metal AMPS to ¼ 20” Composite Camera Screw Mount","https://iboltmounts.com/products/ibolt-38mm-1-5-inch-metal-rectangular-amps-pattern-to-20-composite-camera-screw-dual-ball-mount-featuring-a-8-5-inch-aluminum-38mm-bizmount-arm","Product tags are empty."
"product","7","low","public_fetch","iBOLT™ 38mm / 1.5 inch Composite AMPS to ¼ 20” Composite Camera Screw Dual Ball Mount","https://iboltmounts.com/products/ibolt-38mm-1-5-inch-composite-amps-to-20-composite-camera-screw-dual-ball-mount","Public URL returned 429 during audit; excluded from public template/schema scoring to avoid false SEO failures."
"product","7","medium","thin_content","iBOLT™ 38mm / 1.5 inch Composite AMPS to ¼ 20” Composite Camera Screw Dual Ball Mount","https://iboltmounts.com/products/ibolt-38mm-1-5-inch-composite-amps-to-20-composite-camera-screw-dual-ball-mount","product body has 48 words; target is at least 80."
"product","7","medium","missing_product_type","iBOLT™ 38mm / 1.5 inch Composite AMPS to ¼ 20” Composite Camera Screw Dual Ball Mount","https://iboltmounts.com/products/ibolt-38mm-1-5-inch-composite-amps-to-20-composite-camera-screw-dual-ball-mount","Product type is empty."
"product","7","medium","missing_product_tags","iBOLT™ 38mm / 1.5 inch Composite AMPS to ¼ 20” Composite Camera Screw Dual Ball Mount","https://iboltmounts.com/products/ibolt-38mm-1-5-inch-composite-amps-to-20-composite-camera-screw-dual-ball-mount","Product tags are empty."
"product","7","low","public_fetch","iBOLT™ 38mm / 1.5 inch Metal Circular AMPS to ¼ 20” Composite Camera Screw Mount","https://iboltmounts.com/products/ibolt-38mm-1-5-inch-metal-circular-amps-pattern-to-20-composite-camera-screw-dual-ball-mount-featuring-a-5-75-inch-composite-38mm-bizmount-arm","Public URL returned 429 during audit; excluded from public template/schema scoring to avoid false SEO failures."
"product","7","medium","thin_content","iBOLT™ 38mm / 1.5 inch Metal Circular AMPS to ¼ 20” Composite Camera Screw Mount","https://iboltmounts.com/products/ibolt-38mm-1-5-inch-metal-circular-amps-pattern-to-20-composite-camera-screw-dual-ball-mount-featuring-a-5-75-inch-composite-38mm-bizmount-arm","product body has 49 words; target is at least 80."
"product","7","medium","missing_product_type","iBOLT™ 38mm / 1.5 inch Metal Circular AMPS to ¼ 20” Composite Camera Screw Mount","https://iboltmounts.com/products/ibolt-38mm-1-5-inch-metal-circular-amps-pattern-to-20-composite-camera-screw-dual-ball-mount-featuring-a-5-75-inch-composite-38mm-bizmount-arm","Product type is empty."
"product","7","medium","missing_product_tags","iBOLT™ 38mm / 1.5 inch Metal Circular AMPS to ¼ 20” Composite Camera Screw Mount","https://iboltmounts.com/products/ibolt-38mm-1-5-inch-metal-circular-amps-pattern-to-20-composite-camera-screw-dual-ball-mount-featuring-a-5-75-inch-composite-38mm-bizmount-arm","Product tags are empty."
"product","7","low","public_fetch","iBOLT™ 25mm / 1 inch Universal Marine Electronic Fish Finder to AMPS Mount","https://iboltmounts.com/products/ibolt-25mm-1-inch-composite-universal-marine-electronic-fish-finder-to-composite-rectangular-amps-pattern-drill-base-dual-ball-mount-featuring-a-2-75-inch-composite-25mm-1-inch-bizmount-arm","Public URL returned 429 during audit; excluded from public template/schema scoring to avoid false SEO failures."
"product","7","medium","thin_content","iBOLT™ 25mm / 1 inch Universal Marine Electronic Fish Finder to AMPS Mount","https://iboltmounts.com/products/ibolt-25mm-1-inch-composite-universal-marine-electronic-fish-finder-to-composite-rectangular-amps-pattern-drill-base-dual-ball-mount-featuring-a-2-75-inch-composite-25mm-1-inch-bizmount-arm","product body has 76 words; target is at least 80."
"product","7","medium","missing_product_type","iBOLT™ 25mm / 1 inch Universal Marine Electronic Fish Finder to AMPS Mount","https://iboltmounts.com/products/ibolt-25mm-1-inch-composite-universal-marine-electronic-fish-finder-to-composite-rectangular-amps-pattern-drill-base-dual-ball-mount-featuring-a-2-75-inch-composite-25mm-1-inch-bizmount-arm","Product type is empty."
"product","7","medium","missing_product_tags","iBOLT™ 25mm / 1 inch Universal Marine Electronic Fish Finder to AMPS Mount","https://iboltmounts.com/products/ibolt-25mm-1-inch-composite-universal-marine-electronic-fish-finder-to-composite-rectangular-amps-pattern-drill-base-dual-ball-mount-featuring-a-2-75-inch-composite-25mm-1-inch-bizmount-arm","Product tags are empty."
"product","7","low","public_fetch","iBOLT™ 38mm / 1.5 inch Composite Universal Marine Fish Finder to Metal AMPS Mount","https://iboltmounts.com/products/ibolt-38mm-1-5-inch-composite-universal-marine-fish-finder-to-metal-amps-drill-base-mount","Public URL returned 429 during audit; excluded from public template/schema scoring to avoid false SEO failures."
"product","7","medium","thin_content","iBOLT™ 38mm / 1.5 inch Composite Universal Marine Fish Finder to Metal AMPS Mount","https://iboltmounts.com/products/ibolt-38mm-1-5-inch-composite-universal-marine-fish-finder-to-metal-amps-drill-base-mount","product body has 76 words; target is at least 80."
"product","7","medium","missing_product_type","iBOLT™ 38mm / 1.5 inch Composite Universal Marine Fish Finder to Metal AMPS Mount","https://iboltmounts.com/products/ibolt-38mm-1-5-inch-composite-universal-marine-fish-finder-to-metal-amps-drill-base-mount","Product type is empty."
"product","7","medium","missing_product_tags","iBOLT™ 38mm / 1.5 inch Composite Universal Marine Fish Finder to Metal AMPS Mount","https://iboltmounts.com/products/ibolt-38mm-1-5-inch-composite-universal-marine-fish-finder-to-metal-amps-drill-base-mount","Product tags are empty."
"product","7","low","public_fetch","iBOLT™ 38mm / 1.5 inch Composite Universal Marine Fish Finder to Aluminum AMPS Mount","https://iboltmounts.com/products/ibolt-38mm-1-5-inch-composite-universal-marine-fish-finder-to-aluminum-amps-drill-base-mount","Public URL returned 429 during audit; excluded from public template/schema scoring to avoid false SEO failures."
"product","7","medium","thin_content","iBOLT™ 38mm / 1.5 inch Composite Universal Marine Fish Finder to Aluminum AMPS Mount","https://iboltmounts.com/products/ibolt-38mm-1-5-inch-composite-universal-marine-fish-finder-to-aluminum-amps-drill-base-mount","product body has 76 words; target is at least 80."
"product","7","medium","missing_product_type","iBOLT™ 38mm / 1.5 inch Composite Universal Marine Fish Finder to Aluminum AMPS Mount","https://iboltmounts.com/products/ibolt-38mm-1-5-inch-composite-universal-marine-fish-finder-to-aluminum-amps-drill-base-mount","Product type is empty."
"product","7","medium","missing_product_tags","iBOLT™ 38mm / 1.5 inch Composite Universal Marine Fish Finder to Aluminum AMPS Mount","https://iboltmounts.com/products/ibolt-38mm-1-5-inch-composite-universal-marine-fish-finder-to-aluminum-amps-drill-base-mount","Product tags are empty."
"product","7","low","public_fetch","iBOLT™ 38mm / 1.5 inch Composite Universal Marine Fish Finder to Composite AMPs Mount","https://iboltmounts.com/products/ibolt-38mm-1-5-inch-composite-universal-marine-fish-finder-to-composite-amps-drill-base-mount","Public URL returned 429 during audit; excluded from public template/schema scoring to avoid false SEO failures."
"product","7","medium","thin_content","iBOLT™ 38mm / 1.5 inch Composite Universal Marine Fish Finder to Composite AMPs Mount","https://iboltmounts.com/products/ibolt-38mm-1-5-inch-composite-universal-marine-fish-finder-to-composite-amps-drill-base-mount","product body has 76 words; target is at least 80."
"product","7","medium","missing_product_type","iBOLT™ 38mm / 1.5 inch Composite Universal Marine Fish Finder to Composite AMPs Mount","https://iboltmounts.com/products/ibolt-38mm-1-5-inch-composite-universal-marine-fish-finder-to-composite-amps-drill-base-mount","Product type is empty."
"product","7","medium","missing_product_tags","iBOLT™ 38mm / 1.5 inch Composite Universal Marine Fish Finder to Composite AMPs Mount","https://iboltmounts.com/products/ibolt-38mm-1-5-inch-composite-universal-marine-fish-finder-to-composite-amps-drill-base-mount","Product tags are empty."
"product","7","low","public_fetch","iBOLT™ 38mm / 1.5 inch Metal Rectangular AMPS to VESA 75 x 75 / VESA 100 x 100 Mount","https://iboltmounts.com/products/ibolt-38mm-1-5-inch-metal-rectangular-amps-pattern-to-vesa-75-x-75-vesa-100-x-100-5-75-inch-dual-ball-mount","Public URL returned 429 during audit; excluded from public template/schema scoring to avoid false SEO failures."
"product","7","medium","thin_content","iBOLT™ 38mm / 1.5 inch Metal Rectangular AMPS to VESA 75 x 75 / VESA 100 x 100 Mount","https://iboltmounts.com/products/ibolt-38mm-1-5-inch-metal-rectangular-amps-pattern-to-vesa-75-x-75-vesa-100-x-100-5-75-inch-dual-ball-mount","product body has 56 words; target is at least 80."
"product","7","medium","missing_product_type","iBOLT™ 38mm / 1.5 inch Metal Rectangular AMPS to VESA 75 x 75 / VESA 100 x 100 Mount","https://iboltmounts.com/products/ibolt-38mm-1-5-inch-metal-rectangular-amps-pattern-to-vesa-75-x-75-vesa-100-x-100-5-75-inch-dual-ball-mount","Product type is empty."
"product","7","medium","missing_product_tags","iBOLT™ 38mm / 1.5 inch Metal Rectangular AMPS to VESA 75 x 75 / VESA 100 x 100 Mount","https://iboltmounts.com/products/ibolt-38mm-1-5-inch-metal-rectangular-amps-pattern-to-vesa-75-x-75-vesa-100-x-100-5-75-inch-dual-ball-mount","Product tags are empty."
"product","7","low","public_fetch","iBOLT™ 38mm / 1.5 inch Universal Marine Electronic Fish Finder to Composite AMPS Mount","https://iboltmounts.com/products/ibolt-38mm-1-5-inch-composite-universal-marine-electronic-fish-finder-to-composite-rectangular-amps-pattern-drill-base-dual-ball-mount-featuring-a-8-5-inch-aluminum-38mm-bizmount-arm","Public URL returned 429 during audit; excluded from public template/schema scoring to avoid false SEO failures."
"product","7","medium","thin_content","iBOLT™ 38mm / 1.5 inch Universal Marine Electronic Fish Finder to Composite AMPS Mount","https://iboltmounts.com/products/ibolt-38mm-1-5-inch-composite-universal-marine-electronic-fish-finder-to-composite-rectangular-amps-pattern-drill-base-dual-ball-mount-featuring-a-8-5-inch-aluminum-38mm-bizmount-arm","product body has 76 words; target is at least 80."
"product","7","medium","missing_product_type","iBOLT™ 38mm / 1.5 inch Universal Marine Electronic Fish Finder to Composite AMPS Mount","https://iboltmounts.com/products/ibolt-38mm-1-5-inch-composite-universal-marine-electronic-fish-finder-to-composite-rectangular-amps-pattern-drill-base-dual-ball-mount-featuring-a-8-5-inch-aluminum-38mm-bizmount-arm","Product type is empty."
"product","7","medium","missing_product_tags","iBOLT™ 38mm / 1.5 inch Universal Marine Electronic Fish Finder to Composite AMPS Mount","https://iboltmounts.com/products/ibolt-38mm-1-5-inch-composite-universal-marine-electronic-fish-finder-to-composite-rectangular-amps-pattern-drill-base-dual-ball-mount-featuring-a-8-5-inch-aluminum-38mm-bizmount-arm","Product tags are empty."
"product","7","low","public_fetch","iBOLT™ 38mm / 1.5 inch Metal AMPS to VESA 75 x 75 / VESA 100 x 100 Mount for Monitors, displays, or tv’s","https://iboltmounts.com/products/ibolt-38mm-1-5-inch-metal-circular-amps-pattern-to-vesa-75-x-75-vesa-100-x-100-dual-ball-mount-for-monitors-displays-or-tv-s","Public URL returned 429 during audit; excluded from public template/schema scoring to avoid false SEO failures."
"product","7","medium","thin_content","iBOLT™ 38mm / 1.5 inch Metal AMPS to VESA 75 x 75 / VESA 100 x 100 Mount for Monitors, displays, or tv’s","https://iboltmounts.com/products/ibolt-38mm-1-5-inch-metal-circular-amps-pattern-to-vesa-75-x-75-vesa-100-x-100-dual-ball-mount-for-monitors-displays-or-tv-s","product body has 57 words; target is at least 80."
"product","7","medium","missing_product_type","iBOLT™ 38mm / 1.5 inch Metal AMPS to VESA 75 x 75 / VESA 100 x 100 Mount for Monitors, displays, or tv’s","https://iboltmounts.com/products/ibolt-38mm-1-5-inch-metal-circular-amps-pattern-to-vesa-75-x-75-vesa-100-x-100-dual-ball-mount-for-monitors-displays-or-tv-s","Product type is empty."
"product","7","medium","missing_product_tags","iBOLT™ 38mm / 1.5 inch Metal AMPS to VESA 75 x 75 / VESA 100 x 100 Mount for Monitors, displays, or tv’s","https://iboltmounts.com/products/ibolt-38mm-1-5-inch-metal-circular-amps-pattern-to-vesa-75-x-75-vesa-100-x-100-dual-ball-mount-for-monitors-displays-or-tv-s","Product tags are empty."
"product","7","low","public_fetch","iBOLT™ 38mm / 1.5 inch Metal Circular AMPS to ¼ 20” Metal Camera Screw Mount","https://iboltmounts.com/products/ibamps-34232-ibolt-38mm-1-5-inch-metal-circular-amps-pattern-to-20-metal-camera-screw-dual-ball-mount","Public URL returned 429 during audit; excluded from public template/schema scoring to avoid false SEO failures."
"product","7","medium","thin_content","iBOLT™ 38mm / 1.5 inch Metal Circular AMPS to ¼ 20” Metal Camera Screw Mount","https://iboltmounts.com/products/ibamps-34232-ibolt-38mm-1-5-inch-metal-circular-amps-pattern-to-20-metal-camera-screw-dual-ball-mount","product body has 49 words; target is at least 80."
"product","7","medium","missing_product_type","iBOLT™ 38mm / 1.5 inch Metal Circular AMPS to ¼ 20” Metal Camera Screw Mount","https://iboltmounts.com/products/ibamps-34232-ibolt-38mm-1-5-inch-metal-circular-amps-pattern-to-20-metal-camera-screw-dual-ball-mount","Product type is empty."
"product","7","medium","missing_product_tags","iBOLT™ 38mm / 1.5 inch Metal Circular AMPS to ¼ 20” Metal Camera Screw Mount","https://iboltmounts.com/products/ibamps-34232-ibolt-38mm-1-5-inch-metal-circular-amps-pattern-to-20-metal-camera-screw-dual-ball-mount","Product tags are empty."
"product","7","low","public_fetch","iBOLT™ 38mm / 1.5 inch Composite AMPS Pattern to ¼ 20” Metal Camera Screw Mount","https://iboltmounts.com/products/ibamps-34214-ibolt-38mm-1-5-inch-composite-rectangular-amps-pattern-to-20-metal-camera-screw-dual-ball-mount","Public URL returned 429 during audit; excluded from public template/schema scoring to avoid false SEO failures."
"product","7","medium","thin_content","iBOLT™ 38mm / 1.5 inch Composite AMPS Pattern to ¼ 20” Metal Camera Screw Mount","https://iboltmounts.com/products/ibamps-34214-ibolt-38mm-1-5-inch-composite-rectangular-amps-pattern-to-20-metal-camera-screw-dual-ball-mount","product body has 49 words; target is at least 80."
"product","7","medium","missing_product_type","iBOLT™ 38mm / 1.5 inch Composite AMPS Pattern to ¼ 20” Metal Camera Screw Mount","https://iboltmounts.com/products/ibamps-34214-ibolt-38mm-1-5-inch-composite-rectangular-amps-pattern-to-20-metal-camera-screw-dual-ball-mount","Product type is empty."
"product","7","medium","missing_product_tags","iBOLT™ 38mm / 1.5 inch Composite AMPS Pattern to ¼ 20” Metal Camera Screw Mount","https://iboltmounts.com/products/ibamps-34214-ibolt-38mm-1-5-inch-composite-rectangular-amps-pattern-to-20-metal-camera-screw-dual-ball-mount","Product tags are empty."
"product","7","low","public_fetch","iBOLT™ 38mm / 1.5 inch Metal AMPS Pattern to VESA 75 x 75 Mount for Monitors, displays, or tv’s","https://iboltmounts.com/products/ibamps-34211-ibolt-38mm-1-5-inch-metal-rectangular-amps-pattern-to-vesa-75-x-75-dual-ball-mount-for-monitors-displays-or-tv-s","Public URL returned 429 during audit; excluded from public template/schema scoring to avoid false SEO failures."
"product","7","medium","thin_content","iBOLT™ 38mm / 1.5 inch Metal AMPS Pattern to VESA 75 x 75 Mount for Monitors, displays, or tv’s","https://iboltmounts.com/products/ibamps-34211-ibolt-38mm-1-5-inch-metal-rectangular-amps-pattern-to-vesa-75-x-75-dual-ball-mount-for-monitors-displays-or-tv-s","product body has 52 words; target is at least 80."
"product","7","medium","missing_product_type","iBOLT™ 38mm / 1.5 inch Metal AMPS Pattern to VESA 75 x 75 Mount for Monitors, displays, or tv’s","https://iboltmounts.com/products/ibamps-34211-ibolt-38mm-1-5-inch-metal-rectangular-amps-pattern-to-vesa-75-x-75-dual-ball-mount-for-monitors-displays-or-tv-s","Product type is empty."
"product","7","medium","missing_product_tags","iBOLT™ 38mm / 1.5 inch Metal AMPS Pattern to VESA 75 x 75 Mount for Monitors, displays, or tv’s","https://iboltmounts.com/products/ibamps-34211-ibolt-38mm-1-5-inch-metal-rectangular-amps-pattern-to-vesa-75-x-75-dual-ball-mount-for-monitors-displays-or-tv-s","Product tags are empty."
"product","7","low","public_fetch","iBOLT™ 38mm / 1.5 inch Metal AMPS to VESA 75 x 75 / VESA 100 x 100 Mount for Monitors, displays, or tv’s","https://iboltmounts.com/products/ibamps-34269-ibolt-38mm-1-5-inch-metal-circular-amps-pattern-to-vesa-75-x-75-vesa-100-x-100-dual-ball-mount-for-monitors-displays-or-tv-s","Public URL returned 429 during audit; excluded from public template/schema scoring to avoid false SEO failures."
"product","7","medium","thin_content","iBOLT™ 38mm / 1.5 inch Metal AMPS to VESA 75 x 75 / VESA 100 x 100 Mount for Monitors, displays, or tv’s","https://iboltmounts.com/products/ibamps-34269-ibolt-38mm-1-5-inch-metal-circular-amps-pattern-to-vesa-75-x-75-vesa-100-x-100-dual-ball-mount-for-monitors-displays-or-tv-s","product body has 57 words; target is at least 80."
"product","7","medium","missing_product_type","iBOLT™ 38mm / 1.5 inch Metal AMPS to VESA 75 x 75 / VESA 100 x 100 Mount for Monitors, displays, or tv’s","https://iboltmounts.com/products/ibamps-34269-ibolt-38mm-1-5-inch-metal-circular-amps-pattern-to-vesa-75-x-75-vesa-100-x-100-dual-ball-mount-for-monitors-displays-or-tv-s","Product type is empty."
"product","7","medium","missing_product_tags","iBOLT™ 38mm / 1.5 inch Metal AMPS to VESA 75 x 75 / VESA 100 x 100 Mount for Monitors, displays, or tv’s","https://iboltmounts.com/products/ibamps-34269-ibolt-38mm-1-5-inch-metal-circular-amps-pattern-to-vesa-75-x-75-vesa-100-x-100-dual-ball-mount-for-monitors-displays-or-tv-s","Product tags are empty."
"product","7","low","public_fetch","iBOLT™ 38mm / 1.5 inch Metal AMPS to VESA 75 x 75 Dual Ball Mount for Monitors, displays, or tv’s","https://iboltmounts.com/products/ibolt-38mm-1-5-inch-metal-rectangular-amps-pattern-to-vesa-75-x-75-dual-ball-mount-for-monitors-displays-or-tv-s","Public URL returned 429 during audit; excluded from public template/schema scoring to avoid false SEO failures."
"product","7","medium","thin_content","iBOLT™ 38mm / 1.5 inch Metal AMPS to VESA 75 x 75 Dual Ball Mount for Monitors, displays, or tv’s","https://iboltmounts.com/products/ibolt-38mm-1-5-inch-metal-rectangular-amps-pattern-to-vesa-75-x-75-dual-ball-mount-for-monitors-displays-or-tv-s","product body has 52 words; target is at least 80."
"product","7","medium","missing_product_type","iBOLT™ 38mm / 1.5 inch Metal AMPS to VESA 75 x 75 Dual Ball Mount for Monitors, displays, or tv’s","https://iboltmounts.com/products/ibolt-38mm-1-5-inch-metal-rectangular-amps-pattern-to-vesa-75-x-75-dual-ball-mount-for-monitors-displays-or-tv-s","Product type is empty."
"product","7","medium","missing_product_tags","iBOLT™ 38mm / 1.5 inch Metal AMPS to VESA 75 x 75 Dual Ball Mount for Monitors, displays, or tv’s","https://iboltmounts.com/products/ibolt-38mm-1-5-inch-metal-rectangular-amps-pattern-to-vesa-75-x-75-dual-ball-mount-for-monitors-displays-or-tv-s","Product tags are empty."
"product","7","low","public_fetch","iBOLT™ 38mm / 1.5 inch Metal AMPS Pattern to ¼ 20” Metal Camera Screw Mount","https://iboltmounts.com/products/ibamps-34241-ibolt-38mm-1-5-inch-metal-rectangular-amps-pattern-to-20-metal-camera-screw-dual-ball-mount","Public URL returned 429 during audit; excluded from public template/schema scoring to avoid false SEO failures."
"product","7","medium","thin_content","iBOLT™ 38mm / 1.5 inch Metal AMPS Pattern to ¼ 20” Metal Camera Screw Mount","https://iboltmounts.com/products/ibamps-34241-ibolt-38mm-1-5-inch-metal-rectangular-amps-pattern-to-20-metal-camera-screw-dual-ball-mount","product body has 49 words; target is at least 80."
"product","7","medium","missing_product_type","iBOLT™ 38mm / 1.5 inch Metal AMPS Pattern to ¼ 20” Metal Camera Screw Mount","https://iboltmounts.com/products/ibamps-34241-ibolt-38mm-1-5-inch-metal-rectangular-amps-pattern-to-20-metal-camera-screw-dual-ball-mount","Product type is empty."
"product","7","medium","missing_product_tags","iBOLT™ 38mm / 1.5 inch Metal AMPS Pattern to ¼ 20” Metal Camera Screw Mount","https://iboltmounts.com/products/ibamps-34241-ibolt-38mm-1-5-inch-metal-rectangular-amps-pattern-to-20-metal-camera-screw-dual-ball-mount","Product tags are empty."
"product","7","low","public_fetch","iBOLT 17mm Clamp Mount for Handlebars, Poles, Posts- For GoPro Hero Action Cameras, ¼ 20"" Camera Screw","https://iboltmounts.com/products/ibolt-17mm-clamp-mount-for-handlebars-poles-posts-for-gopro-hero-action-cameras-20-camera-screw","Public URL returned 429 during audit; excluded from public template/schema scoring to avoid false SEO failures."
"product","7","medium","thin_content","iBOLT 17mm Clamp Mount for Handlebars, Poles, Posts- For GoPro Hero Action Cameras, ¼ 20"" Camera Screw","https://iboltmounts.com/products/ibolt-17mm-clamp-mount-for-handlebars-poles-posts-for-gopro-hero-action-cameras-20-camera-screw","product body has 55 words; target is at least 80."
"product","7","medium","missing_product_type","iBOLT 17mm Clamp Mount for Handlebars, Poles, Posts- For GoPro Hero Action Cameras, ¼ 20"" Camera Screw","https://iboltmounts.com/products/ibolt-17mm-clamp-mount-for-handlebars-poles-posts-for-gopro-hero-action-cameras-20-camera-screw","Product type is empty."
"product","7","medium","missing_product_tags","iBOLT 17mm Clamp Mount for Handlebars, Poles, Posts- For GoPro Hero Action Cameras, ¼ 20"" Camera Screw","https://iboltmounts.com/products/ibolt-17mm-clamp-mount-for-handlebars-poles-posts-for-gopro-hero-action-cameras-20-camera-screw","Product tags are empty."
"product","7","high","thin_content","iBOLT™ FixedPro 360 20mm ball 6.5 inch Aluminum Extension arm","https://iboltmounts.com/products/ibolt-fixedpro-360-6-5-inch-aluminum-extension-arm-for-all-industry-standard-20mm-ball-joints-adapters-and-mounts","product body has 29 words; target is at least 80."
"product","7","medium","missing_product_type","iBOLT™ FixedPro 360 20mm ball 6.5 inch Aluminum Extension arm","https://iboltmounts.com/products/ibolt-fixedpro-360-6-5-inch-aluminum-extension-arm-for-all-industry-standard-20mm-ball-joints-adapters-and-mounts","Product type is empty."
"product","7","low","public_fetch","iBOLT™ 17mm Clamp Mount for Handlebars, Poles, Posts","https://iboltmounts.com/products/ibolt-17mm-clamp-mount-for-handlebars-poles-posts-compatible-with-garmin-gps-systems-and-ibolt-smartphone-holders","Public URL returned 429 during audit; excluded from public template/schema scoring to avoid false SEO failures."
"product","7","medium","thin_content","iBOLT™ 17mm Clamp Mount for Handlebars, Poles, Posts","https://iboltmounts.com/products/ibolt-17mm-clamp-mount-for-handlebars-poles-posts-compatible-with-garmin-gps-systems-and-ibolt-smartphone-holders","product body has 50 words; target is at least 80."
"product","7","medium","missing_product_type","iBOLT™ 17mm Clamp Mount for Handlebars, Poles, Posts","https://iboltmounts.com/products/ibolt-17mm-clamp-mount-for-handlebars-poles-posts-compatible-with-garmin-gps-systems-and-ibolt-smartphone-holders","Product type is empty."
"product","7","medium","missing_product_tags","iBOLT™ 17mm Clamp Mount for Handlebars, Poles, Posts","https://iboltmounts.com/products/ibolt-17mm-clamp-mount-for-handlebars-poles-posts-compatible-with-garmin-gps-systems-and-ibolt-smartphone-holders","Product tags are empty."
"product","7","low","public_fetch","iBOLT ¼” 20 Camera Screw Bizmount™ Suction Cup Mount - for Industry Standard ¼” 20 Accessories","https://iboltmounts.com/products/ibolt-20-camera-screw-bizmount-suction-cup-mount-for-industry-standard-20-accessories-cameras-dash-cams-camera-flashes-etc","Public URL returned 429 during audit; excluded from public template/schema scoring to avoid false SEO failures."
"product","7","medium","thin_content","iBOLT ¼” 20 Camera Screw Bizmount™ Suction Cup Mount - for Industry Standard ¼” 20 Accessories","https://iboltmounts.com/products/ibolt-20-camera-screw-bizmount-suction-cup-mount-for-industry-standard-20-accessories-cameras-dash-cams-camera-flashes-etc","product body has 52 words; target is at least 80."
"product","7","medium","missing_product_type","iBOLT ¼” 20 Camera Screw Bizmount™ Suction Cup Mount - for Industry Standard ¼” 20 Accessories","https://iboltmounts.com/products/ibolt-20-camera-screw-bizmount-suction-cup-mount-for-industry-standard-20-accessories-cameras-dash-cams-camera-flashes-etc","Product type is empty."
"product","7","medium","missing_product_tags","iBOLT ¼” 20 Camera Screw Bizmount™ Suction Cup Mount - for Industry Standard ¼” 20 Accessories","https://iboltmounts.com/products/ibolt-20-camera-screw-bizmount-suction-cup-mount-for-industry-standard-20-accessories-cameras-dash-cams-camera-flashes-etc","Product tags are empty."
"product","7","low","public_fetch","iBOLT™ TabDock™ Suction Cup Extender -Holder /Mount for Your Windshield , Dashboard , or Desk","https://iboltmounts.com/products/ibolt-tabdock-suction-cup-extender-holder-mount-for-your-windshield-dashboard-or-desk","Public URL returned 429 during audit; excluded from public template/schema scoring to avoid false SEO failures."
"product","7","medium","thin_content","iBOLT™ TabDock™ Suction Cup Extender -Holder /Mount for Your Windshield , Dashboard , or Desk","https://iboltmounts.com/products/ibolt-tabdock-suction-cup-extender-holder-mount-for-your-windshield-dashboard-or-desk","product body has 51 words; target is at least 80."
"product","7","medium","missing_product_type","iBOLT™ TabDock™ Suction Cup Extender -Holder /Mount for Your Windshield , Dashboard , or Desk","https://iboltmounts.com/products/ibolt-tabdock-suction-cup-extender-holder-mount-for-your-windshield-dashboard-or-desk","Product type is empty."
"product","7","medium","missing_product_tags","iBOLT™ TabDock™ Suction Cup Extender -Holder /Mount for Your Windshield , Dashboard , or Desk","https://iboltmounts.com/products/ibolt-tabdock-suction-cup-extender-holder-mount-for-your-windshield-dashboard-or-desk","Product tags are empty."
"product","7","low","public_fetch","iBOLT Tablet Tower- Dock’n Lock POS Locking Drill Base Mount - with 3 Tablet Holders","https://iboltmounts.com/products/tablet-tower-multi-tablet-locking-stand-three-ipad-holders-point-of-sale-purchase-restaurant-ibrt-34701","Public URL returned 429 during audit; excluded from public template/schema scoring to avoid false SEO failures."
"product","7","medium","thin_content","iBOLT Tablet Tower- Dock’n Lock POS Locking Drill Base Mount - with 3 Tablet Holders","https://iboltmounts.com/products/tablet-tower-multi-tablet-locking-stand-three-ipad-holders-point-of-sale-purchase-restaurant-ibrt-34701","product body has 61 words; target is at least 80."
"product","7","medium","missing_product_type","iBOLT Tablet Tower- Dock’n Lock POS Locking Drill Base Mount - with 3 Tablet Holders","https://iboltmounts.com/products/tablet-tower-multi-tablet-locking-stand-three-ipad-holders-point-of-sale-purchase-restaurant-ibrt-34701","Product type is empty."
"product","7","medium","missing_product_tags","iBOLT Tablet Tower- Dock’n Lock POS Locking Drill Base Mount - with 3 Tablet Holders","https://iboltmounts.com/products/tablet-tower-multi-tablet-locking-stand-three-ipad-holders-point-of-sale-purchase-restaurant-ibrt-34701","Product tags are empty."
"product","7","low","public_fetch","iBOLT™ 25mm / 1 inch Ball Flexpro Seatrail Mount","https://iboltmounts.com/products/ibolt-25mm-1-inch-ball-flexpro-seatrail-mount-heavy-duty-floor-mount-for-industry-standard-25mm-1-inch-dual-ball-mounts-arms-cars-vans-large-trucks-great-for-telematics-and-fleets","Public URL returned 429 during audit; excluded from public template/schema scoring to avoid false SEO failures."
"product","7","medium","thin_content","iBOLT™ 25mm / 1 inch Ball Flexpro Seatrail Mount","https://iboltmounts.com/products/ibolt-25mm-1-inch-ball-flexpro-seatrail-mount-heavy-duty-floor-mount-for-industry-standard-25mm-1-inch-dual-ball-mounts-arms-cars-vans-large-trucks-great-for-telematics-and-fleets","product body has 56 words; target is at least 80."
"product","7","medium","missing_product_type","iBOLT™ 25mm / 1 inch Ball Flexpro Seatrail Mount","https://iboltmounts.com/products/ibolt-25mm-1-inch-ball-flexpro-seatrail-mount-heavy-duty-floor-mount-for-industry-standard-25mm-1-inch-dual-ball-mounts-arms-cars-vans-large-trucks-great-for-telematics-and-fleets","Product type is empty."
"product","7","medium","missing_product_tags","iBOLT™ 25mm / 1 inch Ball Flexpro Seatrail Mount","https://iboltmounts.com/products/ibolt-25mm-1-inch-ball-flexpro-seatrail-mount-heavy-duty-floor-mount-for-industry-standard-25mm-1-inch-dual-ball-mounts-arms-cars-vans-large-trucks-great-for-telematics-and-fleets","Product tags are empty."
"product","7","low","public_fetch","iBOLT Stream-Cast sPro2™ Phone Stand- Weighted Base Mount","https://iboltmounts.com/products/ibolt-stream-cast-spro2-phone-stand-weighted-base-mount-for-live-streaming-distance-learning-ibsc-34611","Public URL returned 429 during audit; excluded from public template/schema scoring to avoid false SEO failures."
"product","7","medium","thin_content","iBOLT Stream-Cast sPro2™ Phone Stand- Weighted Base Mount","https://iboltmounts.com/products/ibolt-stream-cast-spro2-phone-stand-weighted-base-mount-for-live-streaming-distance-learning-ibsc-34611","product body has 54 words; target is at least 80."
"product","7","medium","missing_product_type","iBOLT Stream-Cast sPro2™ Phone Stand- Weighted Base Mount","https://iboltmounts.com/products/ibolt-stream-cast-spro2-phone-stand-weighted-base-mount-for-live-streaming-distance-learning-ibsc-34611","Product type is empty."
"product","7","medium","missing_product_tags","iBOLT Stream-Cast sPro2™ Phone Stand- Weighted Base Mount","https://iboltmounts.com/products/ibolt-stream-cast-spro2-phone-stand-weighted-base-mount-for-live-streaming-distance-learning-ibsc-34611","Product tags are empty."
"product","7","low","public_fetch","iBOLT Stream-Cast TabDock™ Tablet Stand","https://iboltmounts.com/products/ibolt-stream-cast-tabdock-tablet-livestreaming-social-media-stand-ibsc-34614","Public URL returned 429 during audit; excluded from public template/schema scoring to avoid false SEO failures."
"product","7","medium","thin_content","iBOLT Stream-Cast TabDock™ Tablet Stand","https://iboltmounts.com/products/ibolt-stream-cast-tabdock-tablet-livestreaming-social-media-stand-ibsc-34614","product body has 55 words; target is at least 80."
"product","7","medium","missing_product_type","iBOLT Stream-Cast TabDock™ Tablet Stand","https://iboltmounts.com/products/ibolt-stream-cast-tabdock-tablet-livestreaming-social-media-stand-ibsc-34614","Product type is empty."
"product","7","medium","missing_product_tags","iBOLT Stream-Cast TabDock™ Tablet Stand","https://iboltmounts.com/products/ibolt-stream-cast-tabdock-tablet-livestreaming-social-media-stand-ibsc-34614","Product tags are empty."
"product","7","low","public_fetch","iBOLT Stream-Cast Dual Phone and Tablet Stand","https://iboltmounts.com/products/ibolt-stream-cast-dual-phone-and-tablet-holder-stand-ibsc-34612","Public URL returned 429 during audit; excluded from public template/schema scoring to avoid false SEO failures."
"product","7","medium","thin_content","iBOLT Stream-Cast Dual Phone and Tablet Stand","https://iboltmounts.com/products/ibolt-stream-cast-dual-phone-and-tablet-holder-stand-ibsc-34612","product body has 57 words; target is at least 80."
"product","7","medium","missing_product_type","iBOLT Stream-Cast Dual Phone and Tablet Stand","https://iboltmounts.com/products/ibolt-stream-cast-dual-phone-and-tablet-holder-stand-ibsc-34612","Product type is empty."
"product","7","medium","missing_product_tags","iBOLT Stream-Cast Dual Phone and Tablet Stand","https://iboltmounts.com/products/ibolt-stream-cast-dual-phone-and-tablet-holder-stand-ibsc-34612","Product tags are empty."
"product","7","low","public_fetch","iBOLT Stream-Cast Dual sPro2™ Phone Stand","https://iboltmounts.com/products/ibolt-stream-cast-dual-spro2-phone-holder-stand-livestreaming-ibsc-34613","Public URL returned 429 during audit; excluded from public template/schema scoring to avoid false SEO failures."
"product","7","medium","thin_content","iBOLT Stream-Cast Dual sPro2™ Phone Stand","https://iboltmounts.com/products/ibolt-stream-cast-dual-spro2-phone-holder-stand-livestreaming-ibsc-34613","product body has 54 words; target is at least 80."
"product","7","medium","missing_product_type","iBOLT Stream-Cast Dual sPro2™ Phone Stand","https://iboltmounts.com/products/ibolt-stream-cast-dual-spro2-phone-holder-stand-livestreaming-ibsc-34613","Product type is empty."
"product","7","medium","missing_product_tags","iBOLT Stream-Cast Dual sPro2™ Phone Stand","https://iboltmounts.com/products/ibolt-stream-cast-dual-spro2-phone-holder-stand-livestreaming-ibsc-34613","Product tags are empty."
"product","7","low","public_fetch","iBOLT Tripod miniPro XL Flexible 3-in-1 :11 inch Tripod for Smartphones, Cameras, and GoPros","https://iboltmounts.com/products/minipro-xl-flexilble-smartphone-gopro-camera-tripod-ibcm-3410","Public URL returned 429 during audit; excluded from public template/schema scoring to avoid false SEO failures."
"product","7","medium","thin_content","iBOLT Tripod miniPro XL Flexible 3-in-1 :11 inch Tripod for Smartphones, Cameras, and GoPros","https://iboltmounts.com/products/minipro-xl-flexilble-smartphone-gopro-camera-tripod-ibcm-3410","product body has 62 words; target is at least 80."
"product","7","medium","missing_product_type","iBOLT Tripod miniPro XL Flexible 3-in-1 :11 inch Tripod for Smartphones, Cameras, and GoPros","https://iboltmounts.com/products/minipro-xl-flexilble-smartphone-gopro-camera-tripod-ibcm-3410","Product type is empty."
"product","7","medium","missing_product_tags","iBOLT Tripod miniPro XL Flexible 3-in-1 :11 inch Tripod for Smartphones, Cameras, and GoPros","https://iboltmounts.com/products/minipro-xl-flexilble-smartphone-gopro-camera-tripod-ibcm-3410","Product tags are empty."
"product","7","low","public_fetch","iBOLT sPro2™ Headrest Viewer","https://iboltmounts.com/products/ibolt-spro2-headrest-viewer","Public URL returned 429 during audit; excluded from public template/schema scoring to avoid false SEO failures."
"product","7","medium","thin_content","iBOLT sPro2™ Headrest Viewer","https://iboltmounts.com/products/ibolt-spro2-headrest-viewer","product body has 60 words; target is at least 80."
"product","7","medium","missing_product_type","iBOLT sPro2™ Headrest Viewer","https://iboltmounts.com/products/ibolt-spro2-headrest-viewer","Product type is empty."
"product","7","medium","missing_product_tags","iBOLT sPro2™ Headrest Viewer","https://iboltmounts.com/products/ibolt-spro2-headrest-viewer","Product tags are empty."
"product","7","low","public_fetch","iBOLT Barcode Scanner Holder w/Industry Standard 1 inch / 25 mm Ball Connection","https://iboltmounts.com/products/ibolt-barcode-scanner-holder-1-inch-25-mm-ball-amps-pattern-ibfl-34502","Public URL returned 429 during audit; excluded from public template/schema scoring to avoid false SEO failures."
"product","7","medium","thin_content","iBOLT Barcode Scanner Holder w/Industry Standard 1 inch / 25 mm Ball Connection","https://iboltmounts.com/products/ibolt-barcode-scanner-holder-1-inch-25-mm-ball-amps-pattern-ibfl-34502","product body has 51 words; target is at least 80."
"product","7","medium","missing_product_type","iBOLT Barcode Scanner Holder w/Industry Standard 1 inch / 25 mm Ball Connection","https://iboltmounts.com/products/ibolt-barcode-scanner-holder-1-inch-25-mm-ball-amps-pattern-ibfl-34502","Product type is empty."
"product","7","medium","missing_product_tags","iBOLT Barcode Scanner Holder w/Industry Standard 1 inch / 25 mm Ball Connection","https://iboltmounts.com/products/ibolt-barcode-scanner-holder-1-inch-25-mm-ball-amps-pattern-ibfl-34502","Product tags are empty."
"product","7","low","public_fetch","iBOLT TabDock™ Bizmount™ Flexpro - Heavy Duty Seat Rail Mount","https://iboltmounts.com/products/tabdock-bizmount-flexpro-heavy-duty-tablet-metal-seat-rail-mount-1-inch-ball-ibbz-33957","Public URL returned 429 during audit; excluded from public template/schema scoring to avoid false SEO failures."
"product","7","medium","thin_content","iBOLT TabDock™ Bizmount™ Flexpro - Heavy Duty Seat Rail Mount","https://iboltmounts.com/products/tabdock-bizmount-flexpro-heavy-duty-tablet-metal-seat-rail-mount-1-inch-ball-ibbz-33957","product body has 65 words; target is at least 80."
"product","7","medium","missing_product_type","iBOLT TabDock™ Bizmount™ Flexpro - Heavy Duty Seat Rail Mount","https://iboltmounts.com/products/tabdock-bizmount-flexpro-heavy-duty-tablet-metal-seat-rail-mount-1-inch-ball-ibbz-33957","Product type is empty."
"product","7","medium","missing_product_tags","iBOLT TabDock™ Bizmount™ Flexpro - Heavy Duty Seat Rail Mount","https://iboltmounts.com/products/tabdock-bizmount-flexpro-heavy-duty-tablet-metal-seat-rail-mount-1-inch-ball-ibbz-33957","Product tags are empty."
"product","7","low","public_fetch","3 Camera Slide Bar with Phone Holder - 10 inch","https://iboltmounts.com/products/phone-slide-bar-camera-screw-tripod-attachment-ibcm-34602","Public URL returned 429 during audit; excluded from public template/schema scoring to avoid false SEO failures."
"product","7","medium","thin_content","3 Camera Slide Bar with Phone Holder - 10 inch","https://iboltmounts.com/products/phone-slide-bar-camera-screw-tripod-attachment-ibcm-34602","product body has 62 words; target is at least 80."
"product","7","medium","missing_product_type","3 Camera Slide Bar with Phone Holder - 10 inch","https://iboltmounts.com/products/phone-slide-bar-camera-screw-tripod-attachment-ibcm-34602","Product type is empty."
"product","7","medium","missing_product_tags","3 Camera Slide Bar with Phone Holder - 10 inch","https://iboltmounts.com/products/phone-slide-bar-camera-screw-tripod-attachment-ibcm-34602","Product tags are empty."
"product","7","low","public_fetch","3 Camera Phone & Tablet Slide Bar - 10 inch","https://iboltmounts.com/products/phone-tablet-slide-bar-camera-screw-tripod-attachment-ibcm-34603","Public URL returned 429 during audit; excluded from public template/schema scoring to avoid false SEO failures."
"product","7","medium","thin_content","3 Camera Phone & Tablet Slide Bar - 10 inch","https://iboltmounts.com/products/phone-tablet-slide-bar-camera-screw-tripod-attachment-ibcm-34603","product body has 45 words; target is at least 80."
"product","7","medium","missing_product_type","3 Camera Phone & Tablet Slide Bar - 10 inch","https://iboltmounts.com/products/phone-tablet-slide-bar-camera-screw-tripod-attachment-ibcm-34603","Product type is empty."
"product","7","medium","missing_product_tags","3 Camera Phone & Tablet Slide Bar - 10 inch","https://iboltmounts.com/products/phone-tablet-slide-bar-camera-screw-tripod-attachment-ibcm-34603","Product tags are empty."
"product","7","low","public_fetch","iBOLT™ Industry Standard 17mm Amps Plate","https://iboltmounts.com/products/17mm-garmin-compatible-amps-plate-21145","Public URL returned 429 during audit; excluded from public template/schema scoring to avoid false SEO failures."
"product","7","medium","thin_content","iBOLT™ Industry Standard 17mm Amps Plate","https://iboltmounts.com/products/17mm-garmin-compatible-amps-plate-21145","product body has 72 words; target is at least 80."
"product","7","medium","missing_product_type","iBOLT™ Industry Standard 17mm Amps Plate","https://iboltmounts.com/products/17mm-garmin-compatible-amps-plate-21145","Product type is empty."
"product","7","medium","missing_product_tags","iBOLT™ Industry Standard 17mm Amps Plate","https://iboltmounts.com/products/17mm-garmin-compatible-amps-plate-21145","Product tags are empty."
"article","6","low","public_fetch","Top 4 Locking Tablet Mounts to Keep Your Device Safe","https://iboltmounts.com/blogs/news/top-4-locking-tablet-mounts-to-keep-your-device-safe","Public URL returned 429 during audit; excluded from public template/schema scoring to avoid false SEO failures."
"article","6","medium","body_images_missing_alt","Top 4 Locking Tablet Mounts to Keep Your Device Safe","https://iboltmounts.com/blogs/news/top-4-locking-tablet-mounts-to-keep-your-device-safe","10 of 10 body images are missing alt text."
"article","6","medium","article_no_product_links","Top 4 Locking Tablet Mounts to Keep Your Device Safe","https://iboltmounts.com/blogs/news/top-4-locking-tablet-mounts-to-keep-your-device-safe","Article body has no product links."
"article","6","low","article_no_add_to_cart","Top 4 Locking Tablet Mounts to Keep Your Device Safe","https://iboltmounts.com/blogs/news/top-4-locking-tablet-mounts-to-keep-your-device-safe","Article body has no direct add-to-cart link."
"article","6","low","public_fetch","Tips for Creating Unboxing Videos with Your Phone","https://iboltmounts.com/blogs/news/tips-for-creating-unboxing-videos-with-your-phone","Public URL returned 429 during audit; excluded from public template/schema scoring to avoid false SEO failures."
"article","6","medium","body_images_missing_alt","Tips for Creating Unboxing Videos with Your Phone","https://iboltmounts.com/blogs/news/tips-for-creating-unboxing-videos-with-your-phone","2 of 2 body images are missing alt text."
"article","6","medium","article_no_product_links","Tips for Creating Unboxing Videos with Your Phone","https://iboltmounts.com/blogs/news/tips-for-creating-unboxing-videos-with-your-phone","Article body has no product links."
"article","6","low","article_no_add_to_cart","Tips for Creating Unboxing Videos with Your Phone","https://iboltmounts.com/blogs/news/tips-for-creating-unboxing-videos-with-your-phone","Article body has no direct add-to-cart link."
"article","6","low","public_fetch","How to mount a Fish Finder to your boat using iBOLT Mounts","https://iboltmounts.com/blogs/news/how-to-mount-a-fish-finder-to-your-boat-using-ibolt-mounts-1","Public URL returned 429 during audit; excluded from public template/schema scoring to avoid false SEO failures."
"article","6","medium","body_images_missing_alt","How to mount a Fish Finder to your boat using iBOLT Mounts","https://iboltmounts.com/blogs/news/how-to-mount-a-fish-finder-to-your-boat-using-ibolt-mounts-1","7 of 7 body images are missing alt text."
"article","6","medium","article_no_product_links","How to mount a Fish Finder to your boat using iBOLT Mounts","https://iboltmounts.com/blogs/news/how-to-mount-a-fish-finder-to-your-boat-using-ibolt-mounts-1","Article body has no product links."
"article","6","low","article_no_add_to_cart","How to mount a Fish Finder to your boat using iBOLT Mounts","https://iboltmounts.com/blogs/news/how-to-mount-a-fish-finder-to-your-boat-using-ibolt-mounts-1","Article body has no direct add-to-cart link."
"article","6","low","public_fetch","Top 5 Mounts for the Samsung Galaxy A7 Lite Tablet","https://iboltmounts.com/blogs/news/top-5-mounts-for-the-samsung-galaxy-a7-lite-tablet-1","Public URL returned 429 during audit; excluded from public template/schema scoring to avoid false SEO failures."
"article","6","medium","body_images_missing_alt","Top 5 Mounts for the Samsung Galaxy A7 Lite Tablet","https://iboltmounts.com/blogs/news/top-5-mounts-for-the-samsung-galaxy-a7-lite-tablet-1","10 of 10 body images are missing alt text."
"article","6","medium","article_no_product_links","Top 5 Mounts for the Samsung Galaxy A7 Lite Tablet","https://iboltmounts.com/blogs/news/top-5-mounts-for-the-samsung-galaxy-a7-lite-tablet-1","Article body has no product links."
"article","6","low","article_no_add_to_cart","Top 5 Mounts for the Samsung Galaxy A7 Lite Tablet","https://iboltmounts.com/blogs/news/top-5-mounts-for-the-samsung-galaxy-a7-lite-tablet-1","Article body has no direct add-to-cart link."
"article","6","low","public_fetch","iBOLT Mounts for Outdoor Recreation","https://iboltmounts.com/blogs/news/ibolt-mounts-for-outdoor-recreation","Public URL returned 429 during audit; excluded from public template/schema scoring to avoid false SEO failures."
"article","6","medium","body_images_missing_alt","iBOLT Mounts for Outdoor Recreation","https://iboltmounts.com/blogs/news/ibolt-mounts-for-outdoor-recreation","23 of 23 body images are missing alt text."
"article","6","medium","article_no_product_links","iBOLT Mounts for Outdoor Recreation","https://iboltmounts.com/blogs/news/ibolt-mounts-for-outdoor-recreation","Article body has no product links."
"article","6","low","article_no_add_to_cart","iBOLT Mounts for Outdoor Recreation","https://iboltmounts.com/blogs/news/ibolt-mounts-for-outdoor-recreation","Article body has no direct add-to-cart link."
"article","6","low","public_fetch","BEST IBOLT MOUNTAIN BIKE PHONE AND ACTION CAMERA MOUNTS","https://iboltmounts.com/blogs/news/best-ibolt-mountain-bike-phone-and-action-camera-mounts","Public URL returned 429 during audit; excluded from public template/schema scoring to avoid false SEO failures."
"article","6","medium","body_images_missing_alt","BEST IBOLT MOUNTAIN BIKE PHONE AND ACTION CAMERA MOUNTS","https://iboltmounts.com/blogs/news/best-ibolt-mountain-bike-phone-and-action-camera-mounts","9 of 9 body images are missing alt text."
"article","6","medium","article_no_product_links","BEST IBOLT MOUNTAIN BIKE PHONE AND ACTION CAMERA MOUNTS","https://iboltmounts.com/blogs/news/best-ibolt-mountain-bike-phone-and-action-camera-mounts","Article body has no product links."
"article","6","low","article_no_add_to_cart","BEST IBOLT MOUNTAIN BIKE PHONE AND ACTION CAMERA MOUNTS","https://iboltmounts.com/blogs/news/best-ibolt-mountain-bike-phone-and-action-camera-mounts","Article body has no direct add-to-cart link."
"article","6","low","public_fetch","IBOLT MOUNTS FOR BACK-TO-SCHOOL","https://iboltmounts.com/blogs/news/ibolt-mounts-for-back-to-school","Public URL returned 429 during audit; excluded from public template/schema scoring to avoid false SEO failures."
"article","6","medium","body_images_missing_alt","IBOLT MOUNTS FOR BACK-TO-SCHOOL","https://iboltmounts.com/blogs/news/ibolt-mounts-for-back-to-school","5 of 5 body images are missing alt text."
"article","6","medium","article_no_product_links","IBOLT MOUNTS FOR BACK-TO-SCHOOL","https://iboltmounts.com/blogs/news/ibolt-mounts-for-back-to-school","Article body has no product links."
"article","6","low","article_no_add_to_cart","IBOLT MOUNTS FOR BACK-TO-SCHOOL","https://iboltmounts.com/blogs/news/ibolt-mounts-for-back-to-school","Article body has no direct add-to-cart link."
"article","6","low","public_fetch","TOP 5 TABLET WALL MOUNTS","https://iboltmounts.com/blogs/news/top-5-ibolt-tablet-wall-mounts","Public URL returned 429 during audit; excluded from public template/schema scoring to avoid false SEO failures."
"article","6","medium","body_images_missing_alt","TOP 5 TABLET WALL MOUNTS","https://iboltmounts.com/blogs/news/top-5-ibolt-tablet-wall-mounts","10 of 10 body images are missing alt text."
"article","6","medium","article_no_product_links","TOP 5 TABLET WALL MOUNTS","https://iboltmounts.com/blogs/news/top-5-ibolt-tablet-wall-mounts","Article body has no product links."
"article","6","low","article_no_add_to_cart","TOP 5 TABLET WALL MOUNTS","https://iboltmounts.com/blogs/news/top-5-ibolt-tablet-wall-mounts","Article body has no direct add-to-cart link."
"article","6","low","public_fetch","How to spot imitation iBOLT products on Amazon","https://iboltmounts.com/blogs/news/how-to-spot-imitation-ibolt-products-on-amazon","Public URL returned 429 during audit; excluded from public template/schema scoring to avoid false SEO failures."
"article","6","medium","body_images_missing_alt","How to spot imitation iBOLT products on Amazon","https://iboltmounts.com/blogs/news/how-to-spot-imitation-ibolt-products-on-amazon","6 of 6 body images are missing alt text."
"article","6","medium","article_no_product_links","How to spot imitation iBOLT products on Amazon","https://iboltmounts.com/blogs/news/how-to-spot-imitation-ibolt-products-on-amazon","Article body has no product links."
"article","6","low","article_no_add_to_cart","How to spot imitation iBOLT products on Amazon","https://iboltmounts.com/blogs/news/how-to-spot-imitation-ibolt-products-on-amazon","Article body has no direct add-to-cart link."
"article","6","low","public_fetch","RESTAURANT TABLET HOLDER AND TABLET TOWERS FOR FOOD DELIVERY SERVICE APPS","https://iboltmounts.com/blogs/news/restaurant-tablet-holder-and-tablet-towers-for-food-delivery-service-apps","Public URL returned 429 during audit; excluded from public template/schema scoring to avoid false SEO failures."
"article","6","medium","body_images_missing_alt","RESTAURANT TABLET HOLDER AND TABLET TOWERS FOR FOOD DELIVERY SERVICE APPS","https://iboltmounts.com/blogs/news/restaurant-tablet-holder-and-tablet-towers-for-food-delivery-service-apps","13 of 13 body images are missing alt text."
"article","6","medium","article_no_product_links","RESTAURANT TABLET HOLDER AND TABLET TOWERS FOR FOOD DELIVERY SERVICE APPS","https://iboltmounts.com/blogs/news/restaurant-tablet-holder-and-tablet-towers-for-food-delivery-service-apps","Article body has no product links."
"article","6","low","article_no_add_to_cart","RESTAURANT TABLET HOLDER AND TABLET TOWERS FOR FOOD DELIVERY SERVICE APPS","https://iboltmounts.com/blogs/news/restaurant-tablet-holder-and-tablet-towers-for-food-delivery-service-apps","Article body has no direct add-to-cart link."
"article","6","low","public_fetch","TOP TABLET STANDS FOR STUDENTS GOING BACK TO SCHOOL","https://iboltmounts.com/blogs/news/the-best-tablet-stands-for-students-going-back-to-school","Public URL returned 429 during audit; excluded from public template/schema scoring to avoid false SEO failures."
"article","6","medium","body_images_missing_alt","TOP TABLET STANDS FOR STUDENTS GOING BACK TO SCHOOL","https://iboltmounts.com/blogs/news/the-best-tablet-stands-for-students-going-back-to-school","11 of 11 body images are missing alt text."
"article","6","medium","article_no_product_links","TOP TABLET STANDS FOR STUDENTS GOING BACK TO SCHOOL","https://iboltmounts.com/blogs/news/the-best-tablet-stands-for-students-going-back-to-school","Article body has no product links."
"article","6","low","article_no_add_to_cart","TOP TABLET STANDS FOR STUDENTS GOING BACK TO SCHOOL","https://iboltmounts.com/blogs/news/the-best-tablet-stands-for-students-going-back-to-school","Article body has no direct add-to-cart link."
"article","6","low","public_fetch","HOW TO USE IBOLT’S MODULAR MOUNTING SYSTEM","https://iboltmounts.com/blogs/news/how-to-use-ibolt-s-modular-mounting-system","Public URL returned 429 during audit; excluded from public template/schema scoring to avoid false SEO failures."
"article","6","medium","body_images_missing_alt","HOW TO USE IBOLT’S MODULAR MOUNTING SYSTEM","https://iboltmounts.com/blogs/news/how-to-use-ibolt-s-modular-mounting-system","12 of 13 body images are missing alt text."
"article","6","medium","article_no_product_links","HOW TO USE IBOLT’S MODULAR MOUNTING SYSTEM","https://iboltmounts.com/blogs/news/how-to-use-ibolt-s-modular-mounting-system","Article body has no product links."
"article","6","low","article_no_add_to_cart","HOW TO USE IBOLT’S MODULAR MOUNTING SYSTEM","https://iboltmounts.com/blogs/news/how-to-use-ibolt-s-modular-mounting-system","Article body has no direct add-to-cart link."
"article","6","low","public_fetch","HOW TO MOUNT A FISH FINDER TO YOUR BOAT USING IBOLT MOUNTS","https://iboltmounts.com/blogs/news/how-to-mount-a-fish-finder-to-your-boat-using-ibolt-mounts","Public URL returned 429 during audit; excluded from public template/schema scoring to avoid false SEO failures."
"article","6","medium","body_images_missing_alt","HOW TO MOUNT A FISH FINDER TO YOUR BOAT USING IBOLT MOUNTS","https://iboltmounts.com/blogs/news/how-to-mount-a-fish-finder-to-your-boat-using-ibolt-mounts","7 of 7 body images are missing alt text."
"article","6","medium","article_no_product_links","HOW TO MOUNT A FISH FINDER TO YOUR BOAT USING IBOLT MOUNTS","https://iboltmounts.com/blogs/news/how-to-mount-a-fish-finder-to-your-boat-using-ibolt-mounts","Article body has no product links."
"article","6","low","article_no_add_to_cart","HOW TO MOUNT A FISH FINDER TO YOUR BOAT USING IBOLT MOUNTS","https://iboltmounts.com/blogs/news/how-to-mount-a-fish-finder-to-your-boat-using-ibolt-mounts","Article body has no direct add-to-cart link."
"article","6","low","public_fetch","TOP 5 MOUNTS FOR THE SAMSUNG GALAXY A7 LITE TABLET","https://iboltmounts.com/blogs/news/top-5-mounts-for-the-samsung-galaxy-a7-lite-tablet","Public URL returned 429 during audit; excluded from public template/schema scoring to avoid false SEO failures."
"article","6","medium","body_images_missing_alt","TOP 5 MOUNTS FOR THE SAMSUNG GALAXY A7 LITE TABLET","https://iboltmounts.com/blogs/news/top-5-mounts-for-the-samsung-galaxy-a7-lite-tablet","9 of 9 body images are missing alt text."
"article","6","medium","article_no_product_links","TOP 5 MOUNTS FOR THE SAMSUNG GALAXY A7 LITE TABLET","https://iboltmounts.com/blogs/news/top-5-mounts-for-the-samsung-galaxy-a7-lite-tablet","Article body has no product links."
"article","6","low","article_no_add_to_cart","TOP 5 MOUNTS FOR THE SAMSUNG GALAXY A7 LITE TABLET","https://iboltmounts.com/blogs/news/top-5-mounts-for-the-samsung-galaxy-a7-lite-tablet","Article body has no direct add-to-cart link."
"article","6","low","public_fetch","EMBARKING ON A FISHING ADVENTURE: CHOOSING THE RIGHT MOUNT FOR YOUR FISH FINDER","https://iboltmounts.com/blogs/news/embarking-on-a-fishing-adventure-choosing-the-right-mount-for-your-fish-finder","Public URL returned 429 during audit; excluded from public template/schema scoring to avoid false SEO failures."
"article","6","medium","body_images_missing_alt","EMBARKING ON A FISHING ADVENTURE: CHOOSING THE RIGHT MOUNT FOR YOUR FISH FINDER","https://iboltmounts.com/blogs/news/embarking-on-a-fishing-adventure-choosing-the-right-mount-for-your-fish-finder","6 of 6 body images are missing alt text."
"article","6","medium","article_no_product_links","EMBARKING ON A FISHING ADVENTURE: CHOOSING THE RIGHT MOUNT FOR YOUR FISH FINDER","https://iboltmounts.com/blogs/news/embarking-on-a-fishing-adventure-choosing-the-right-mount-for-your-fish-finder","Article body has no product links."
"article","6","low","article_no_add_to_cart","EMBARKING ON A FISHING ADVENTURE: CHOOSING THE RIGHT MOUNT FOR YOUR FISH FINDER","https://iboltmounts.com/blogs/news/embarking-on-a-fishing-adventure-choosing-the-right-mount-for-your-fish-finder","Article body has no direct add-to-cart link."
"collection","6","low","public_fetch","1 inch ball adapters and mount phone holder","https://iboltmounts.com/collections/1-inch-ball-adapters-and-mounts","Public URL returned 429 during audit; excluded from public template/schema scoring to avoid false SEO failures."
"collection","6","high","thin_content","1 inch ball adapters and mount phone holder","https://iboltmounts.com/collections/1-inch-ball-adapters-and-mounts","collection body has 95 words; target is at least 180."
"collection","6","low","public_fetch","1.5 inch ball adapters and mounts","https://iboltmounts.com/collections/1-5-inch-ball-adapters-and-mounts","Public URL returned 429 during audit; excluded from public template/schema scoring to avoid false SEO failures."
"collection","6","high","thin_content","1.5 inch ball adapters and mounts","https://iboltmounts.com/collections/1-5-inch-ball-adapters-and-mounts","collection body has 0 words; target is at least 180."
"collection","6","low","public_fetch","1/4 20 Camera screw adapters and mounts","https://iboltmounts.com/collections/1-4-20-camera-screw-adapters-and-mounts2","Public URL returned 429 during audit; excluded from public template/schema scoring to avoid false SEO failures."
"collection","6","high","thin_content","1/4 20 Camera screw adapters and mounts","https://iboltmounts.com/collections/1-4-20-camera-screw-adapters-and-mounts2","collection body has 0 words; target is at least 180."
"collection","6","low","public_fetch","17mm ball adapters and mounts","https://iboltmounts.com/collections/17mm-ball-adapters-and-mount","Public URL returned 429 during audit; excluded from public template/schema scoring to avoid false SEO failures."
"collection","6","high","thin_content","17mm ball adapters and mounts","https://iboltmounts.com/collections/17mm-ball-adapters-and-mount","collection body has 0 words; target is at least 180."
"collection","6","low","public_fetch","22mm ball adapters and mounts","https://iboltmounts.com/collections/22mm-ball-adapters-and-mounts2","Public URL returned 429 during audit; excluded from public template/schema scoring to avoid false SEO failures."
"collection","6","high","thin_content","22mm ball adapters and mounts","https://iboltmounts.com/collections/22mm-ball-adapters-and-mounts2","collection body has 0 words; target is at least 180."
"collection","6","low","public_fetch","38mm AMPS to AMPS Mounts","https://iboltmounts.com/collections/38mm-amps-to-amps-mounts","Public URL returned 429 during audit; excluded from public template/schema scoring to avoid false SEO failures."
"collection","6","high","thin_content","38mm AMPS to AMPS Mounts","https://iboltmounts.com/collections/38mm-amps-to-amps-mounts","collection body has 0 words; target is at least 180."
"collection","6","low","public_fetch","Accessibility","https://iboltmounts.com/collections/accessibility1","Public URL returned 429 during audit; excluded from public template/schema scoring to avoid false SEO failures."
"collection","6","high","thin_content","Accessibility","https://iboltmounts.com/collections/accessibility1","collection body has 0 words; target is at least 180."
"collection","6","low","public_fetch","Accessories","https://iboltmounts.com/collections/accessories","Public URL returned 429 during audit; excluded from public template/schema scoring to avoid false SEO failures."
"collection","6","high","thin_content","Accessories","https://iboltmounts.com/collections/accessories","collection body has 0 words; target is at least 180."
"collection","6","low","public_fetch","Accessories","https://iboltmounts.com/collections/accessories1","Public URL returned 429 during audit; excluded from public template/schema scoring to avoid false SEO failures."
"collection","6","high","thin_content","Accessories","https://iboltmounts.com/collections/accessories1","collection body has 0 words; target is at least 180."
"collection","6","low","public_fetch","Agriculture","https://iboltmounts.com/collections/agriculture1","Public URL returned 429 during audit; excluded from public template/schema scoring to avoid false SEO failures."
"collection","6","high","thin_content","Agriculture","https://iboltmounts.com/collections/agriculture1","collection body has 0 words; target is at least 180."
"collection","6","low","public_fetch","Agriculture","https://iboltmounts.com/collections/agriculture","Public URL returned 429 during audit; excluded from public template/schema scoring to avoid false SEO failures."
"collection","6","high","thin_content","Agriculture","https://iboltmounts.com/collections/agriculture","collection body has 47 words; target is at least 180."
"collection","6","low","public_fetch","All Clamp Mounts","https://iboltmounts.com/collections/all-clamp-mounts","Public URL returned 429 during audit; excluded from public template/schema scoring to avoid false SEO failures."
"collection","6","high","thin_content","All Clamp Mounts","https://iboltmounts.com/collections/all-clamp-mounts","collection body has 0 words; target is at least 180."
"collection","6","low","public_fetch","All Components","https://iboltmounts.com/collections/all-components","Public URL returned 429 during audit; excluded from public template/schema scoring to avoid false SEO failures."
"collection","6","high","thin_content","All Components","https://iboltmounts.com/collections/all-components","collection body has 0 words; target is at least 180."
"collection","6","low","public_fetch","All mounts","https://iboltmounts.com/collections/all-mounts","Public URL returned 429 during audit; excluded from public template/schema scoring to avoid false SEO failures."
"collection","6","high","thin_content","All mounts","https://iboltmounts.com/collections/all-mounts","collection body has 43 words; target is at least 180."
"collection","6","low","public_fetch","AMPS Pattern Mounts and Adapters","https://iboltmounts.com/collections/amps-pattern-mounts-and-adapters2","Public URL returned 429 during audit; excluded from public template/schema scoring to avoid false SEO failures."
"collection","6","high","thin_content","AMPS Pattern Mounts and Adapters","https://iboltmounts.com/collections/amps-pattern-mounts-and-adapters2","collection body has 57 words; target is at least 180."
"collection","6","low","public_fetch","Android","https://iboltmounts.com/collections/android","Public URL returned 429 during audit; excluded from public template/schema scoring to avoid false SEO failures."
"collection","6","high","thin_content","Android","https://iboltmounts.com/collections/android","collection body has 4 words; target is at least 180."
"collection","6","low","public_fetch","Android microUSB","https://iboltmounts.com/collections/android-microusb1","Public URL returned 429 during audit; excluded from public template/schema scoring to avoid false SEO failures."
"collection","6","high","thin_content","Android microUSB","https://iboltmounts.com/collections/android-microusb1","collection body has 0 words; target is at least 180."
"collection","6","low","public_fetch","Android USB-C","https://iboltmounts.com/collections/android-usb-c1","Public URL returned 429 during audit; excluded from public template/schema scoring to avoid false SEO failures."
"collection","6","high","thin_content","Android USB-C","https://iboltmounts.com/collections/android-usb-c1","collection body has 0 words; target is at least 180."
"collection","6","low","public_fetch","Artists","https://iboltmounts.com/collections/artists","Public URL returned 429 during audit; excluded from public template/schema scoring to avoid false SEO failures."
"collection","6","high","thin_content","Artists","https://iboltmounts.com/collections/artists","collection body has 0 words; target is at least 180."
"collection","6","low","public_fetch","ATV","https://iboltmounts.com/collections/atv","Public URL returned 429 during audit; excluded from public template/schema scoring to avoid false SEO failures."
"collection","6","high","thin_content","ATV","https://iboltmounts.com/collections/atv","collection body has 0 words; target is at least 180."
"collection","6","low","public_fetch","Aviation","https://iboltmounts.com/collections/aviation1","Public URL returned 429 during audit; excluded from public template/schema scoring to avoid false SEO failures."
"collection","6","high","thin_content","Aviation","https://iboltmounts.com/collections/aviation1","collection body has 0 words; target is at least 180."
"collection","6","low","public_fetch","Backing plates","https://iboltmounts.com/collections/backing-plates","Public URL returned 429 during audit; excluded from public template/schema scoring to avoid false SEO failures."
"collection","6","high","thin_content","Backing plates","https://iboltmounts.com/collections/backing-plates","collection body has 0 words; target is at least 180."
"collection","6","low","public_fetch","Bakers","https://iboltmounts.com/collections/bakers-cookie-decorators","Public URL returned 429 during audit; excluded from public template/schema scoring to avoid false SEO failures."
"collection","6","high","thin_content","Bakers","https://iboltmounts.com/collections/bakers-cookie-decorators","collection body has 0 words; target is at least 180."
"collection","6","low","public_fetch","Bike","https://iboltmounts.com/collections/bike","Public URL returned 429 during audit; excluded from public template/schema scoring to avoid false SEO failures."
"collection","6","high","thin_content","Bike","https://iboltmounts.com/collections/bike","collection body has 0 words; target is at least 180."
"collection","6","low","public_fetch","Bloggers","https://iboltmounts.com/collections/social-media-live-stream-mounts-bloggers","Public URL returned 429 during audit; excluded from public template/schema scoring to avoid false SEO failures."
"collection","6","high","thin_content","Bloggers","https://iboltmounts.com/collections/social-media-live-stream-mounts-bloggers","collection body has 0 words; target is at least 180."
"collection","6","low","public_fetch","Buses","https://iboltmounts.com/collections/buses","Public URL returned 429 during audit; excluded from public template/schema scoring to avoid false SEO failures."
"collection","6","high","thin_content","Buses","https://iboltmounts.com/collections/buses","collection body has 0 words; target is at least 180."
"collection","6","low","public_fetch","Buy with Prime","https://iboltmounts.com/collections/buy-with-prime2","Public URL returned 429 during audit; excluded from public template/schema scoring to avoid false SEO failures."
"collection","6","high","thin_content","Buy with Prime","https://iboltmounts.com/collections/buy-with-prime2","collection body has 0 words; target is at least 180."
"collection","6","low","public_fetch","CATEGORIES","https://iboltmounts.com/collections/all-ibolt-products","Public URL returned 429 during audit; excluded from public template/schema scoring to avoid false SEO failures."
"collection","6","high","thin_content","CATEGORIES","https://iboltmounts.com/collections/all-ibolt-products","collection body has 6 words; target is at least 180."
"collection","6","low","public_fetch","CD Slot","https://iboltmounts.com/collections/cd-slot1","Public URL returned 429 during audit; excluded from public template/schema scoring to avoid false SEO failures."
"collection","6","high","thin_content","CD Slot","https://iboltmounts.com/collections/cd-slot1","collection body has 0 words; target is at least 180."
"collection","6","low","public_fetch","ChargingSolutions","https://iboltmounts.com/collections/charging-solutions","Public URL returned 429 during audit; excluded from public template/schema scoring to avoid false SEO failures."
"collection","6","high","thin_content","ChargingSolutions","https://iboltmounts.com/collections/charging-solutions","collection body has 0 words; target is at least 180."
"collection","6","low","public_fetch","Commercial Fleet","https://iboltmounts.com/collections/commercial-fleet1","Public URL returned 429 during audit; excluded from public template/schema scoring to avoid false SEO failures."
"collection","6","high","thin_content","Commercial Fleet","https://iboltmounts.com/collections/commercial-fleet1","collection body has 0 words; target is at least 180."
"collection","6","low","public_fetch","Components","https://iboltmounts.com/collections/components1","Public URL returned 429 during audit; excluded from public template/schema scoring to avoid false SEO failures."
"collection","6","high","thin_content","Components","https://iboltmounts.com/collections/components1","collection body has 0 words; target is at least 180."
"collection","6","low","public_fetch","Configurator","https://iboltmounts.com/collections/configurator","Public URL returned 429 during audit; excluded from public template/schema scoring to avoid false SEO failures."
"collection","6","high","thin_content","Configurator","https://iboltmounts.com/collections/configurator","collection body has 0 words; target is at least 180."
"collection","6","low","public_fetch","Connect Kits","https://iboltmounts.com/collections/connect-kits","Public URL returned 429 during audit; excluded from public template/schema scoring to avoid false SEO failures."
"collection","6","high","thin_content","Connect Kits","https://iboltmounts.com/collections/connect-kits","collection body has 11 words; target is at least 180."
"collection","6","low","public_fetch","Consoles","https://iboltmounts.com/collections/consoles","Public URL returned 429 during audit; excluded from public template/schema scoring to avoid false SEO failures."
"collection","6","high","thin_content","Consoles","https://iboltmounts.com/collections/consoles","collection body has 0 words; target is at least 180."
"collection","6","low","public_fetch","Content Creation","https://iboltmounts.com/collections/social-media-live-streaming-mounts","Public URL returned 429 during audit; excluded from public template/schema scoring to avoid false SEO failures."
"collection","6","high","thin_content","Content Creation","https://iboltmounts.com/collections/social-media-live-streaming-mounts","collection body has 42 words; target is at least 180."
"collection","6","low","public_fetch","Crafters","https://iboltmounts.com/collections/crafters","Public URL returned 429 during audit; excluded from public template/schema scoring to avoid false SEO failures."
"collection","6","high","thin_content","Crafters","https://iboltmounts.com/collections/crafters","collection body has 0 words; target is at least 180."
"collection","6","low","public_fetch","Cup Holder","https://iboltmounts.com/collections/tablet-cup-holder-mounts","Public URL returned 429 during audit; excluded from public template/schema scoring to avoid false SEO failures."
"collection","6","high","thin_content","Cup Holder","https://iboltmounts.com/collections/tablet-cup-holder-mounts","collection body has 36 words; target is at least 180."
"collection","6","low","public_fetch","Delivery Vans","https://iboltmounts.com/collections/delivery-vans","Public URL returned 429 during audit; excluded from public template/schema scoring to avoid false SEO failures."
"collection","6","high","thin_content","Delivery Vans","https://iboltmounts.com/collections/delivery-vans","collection body has 0 words; target is at least 180."
"collection","6","low","public_fetch","Desk","https://iboltmounts.com/collections/desk","Public URL returned 429 during audit; excluded from public template/schema scoring to avoid false SEO failures."
"collection","6","high","thin_content","Desk","https://iboltmounts.com/collections/desk","collection body has 0 words; target is at least 180."
"collection","6","low","public_fetch","Displays","https://iboltmounts.com/collections/displays","Public URL returned 429 during audit; excluded from public template/schema scoring to avoid false SEO failures."
"collection","6","high","thin_content","Displays","https://iboltmounts.com/collections/displays","collection body has 0 words; target is at least 180."
"collection","6","low","public_fetch","Distance Learning","https://iboltmounts.com/collections/distance-learning2","Public URL returned 429 during audit; excluded from public template/schema scoring to avoid false SEO failures."
"collection","6","high","thin_content","Distance Learning","https://iboltmounts.com/collections/distance-learning2","collection body has 0 words; target is at least 180."
"collection","6","low","public_fetch","DNA","https://iboltmounts.com/collections/dna","Public URL returned 429 during audit; excluded from public template/schema scoring to avoid false SEO failures."
"collection","6","high","thin_content","DNA","https://iboltmounts.com/collections/dna","collection body has 10 words; target is at least 180."
"collection","6","low","public_fetch","dock-n-play","https://iboltmounts.com/collections/dock-n-play","Public URL returned 429 during audit; excluded from public template/schema scoring to avoid false SEO failures."
"collection","6","high","thin_content","dock-n-play","https://iboltmounts.com/collections/dock-n-play","collection body has 0 words; target is at least 180."
"collection","6","low","public_fetch","Drill Base","https://iboltmounts.com/collections/drill-base-camera-mounts","Public URL returned 429 during audit; excluded from public template/schema scoring to avoid false SEO failures."
"collection","6","high","thin_content","Drill Base","https://iboltmounts.com/collections/drill-base-camera-mounts","collection body has 30 words; target is at least 180."
"collection","6","low","public_fetch","Drill base Mounts","https://iboltmounts.com/collections/drill-base-mounts2","Public URL returned 429 during audit; excluded from public template/schema scoring to avoid false SEO failures."
"collection","6","high","thin_content","Drill base Mounts","https://iboltmounts.com/collections/drill-base-mounts2","collection body has 0 words; target is at least 180."
"collection","6","low","public_fetch","Drill Base Phone Mount","https://iboltmounts.com/collections/phone-drill-base-mounts","Public URL returned 429 during audit; excluded from public template/schema scoring to avoid false SEO failures."
"collection","6","high","thin_content","Drill Base Phone Mount","https://iboltmounts.com/collections/phone-drill-base-mounts","collection body has 94 words; target is at least 180."
"collection","6","low","public_fetch","Education","https://iboltmounts.com/collections/education1","Public URL returned 429 during audit; excluded from public template/schema scoring to avoid false SEO failures."
"collection","6","high","thin_content","Education","https://iboltmounts.com/collections/education1","collection body has 0 words; target is at least 180."
"collection","6","low","public_fetch","Education","https://iboltmounts.com/collections/education","Public URL returned 429 during audit; excluded from public template/schema scoring to avoid false SEO failures."
"collection","6","high","thin_content","Education","https://iboltmounts.com/collections/education","collection body has 33 words; target is at least 180."
"collection","6","low","public_fetch","Everyday Commuter","https://iboltmounts.com/collections/commuter","Public URL returned 429 during audit; excluded from public template/schema scoring to avoid false SEO failures."
"collection","6","high","thin_content","Everyday Commuter","https://iboltmounts.com/collections/commuter","collection body has 74 words; target is at least 180."
"collection","6","low","public_fetch","Featured","https://iboltmounts.com/collections/featured1","Public URL returned 429 during audit; excluded from public template/schema scoring to avoid false SEO failures."
"collection","6","high","thin_content","Featured","https://iboltmounts.com/collections/featured1","collection body has 0 words; target is at least 180."
"collection","6","low","public_fetch","Fire","https://iboltmounts.com/collections/fire","Public URL returned 429 during audit; excluded from public template/schema scoring to avoid false SEO failures."
"collection","6","high","thin_content","Fire","https://iboltmounts.com/collections/fire","collection body has 0 words; target is at least 180."
"collection","6","low","public_fetch","Fish Finder Mounts","https://iboltmounts.com/collections/fish-finder-mounts2","Public URL returned 429 during audit; excluded from public template/schema scoring to avoid false SEO failures."
"collection","6","high","thin_content","Fish Finder Mounts","https://iboltmounts.com/collections/fish-finder-mounts2","collection body has 0 words; target is at least 180."
"collection","6","low","public_fetch","Forklift","https://iboltmounts.com/collections/heavy-duty-forklift-material-handling-tablet-mounts","Public URL returned 429 during audit; excluded from public template/schema scoring to avoid false SEO failures."
"collection","6","high","thin_content","Forklift","https://iboltmounts.com/collections/heavy-duty-forklift-material-handling-tablet-mounts","collection body has 72 words; target is at least 180."
"collection","6","low","public_fetch","Forklift","https://iboltmounts.com/collections/forklift-phone-mounts","Public URL returned 429 during audit; excluded from public template/schema scoring to avoid false SEO failures."
"collection","6","high","thin_content","Forklift","https://iboltmounts.com/collections/forklift-phone-mounts","collection body has 31 words; target is at least 180."
"collection","6","low","public_fetch","Garmin","https://iboltmounts.com/collections/garmin2","Public URL returned 429 during audit; excluded from public template/schema scoring to avoid false SEO failures."
"collection","6","high","thin_content","Garmin","https://iboltmounts.com/collections/garmin2","collection body has 0 words; target is at least 180."
"collection","6","low","public_fetch","Garmin Echo","https://iboltmounts.com/collections/garmin-echo2","Public URL returned 429 during audit; excluded from public template/schema scoring to avoid false SEO failures."
"collection","6","high","thin_content","Garmin Echo","https://iboltmounts.com/collections/garmin-echo2","collection body has 0 words; target is at least 180."
"collection","6","low","public_fetch","Garmin Striker 4","https://iboltmounts.com/collections/garmin-stricker-4-mounts","Public URL returned 429 during audit; excluded from public template/schema scoring to avoid false SEO failures."
"collection","6","high","thin_content","Garmin Striker 4","https://iboltmounts.com/collections/garmin-stricker-4-mounts","collection body has 51 words; target is at least 180."
"collection","6","low","public_fetch","Google","https://iboltmounts.com/collections/nexus2","Public URL returned 429 during audit; excluded from public template/schema scoring to avoid false SEO failures."
"collection","6","high","thin_content","Google","https://iboltmounts.com/collections/nexus2","collection body has 0 words; target is at least 180."
"collection","6","low","public_fetch","GoPro Adapters","https://iboltmounts.com/collections/gopro-adapters","Public URL returned 429 during audit; excluded from public template/schema scoring to avoid false SEO failures."
"collection","6","high","thin_content","GoPro Adapters","https://iboltmounts.com/collections/gopro-adapters","collection body has 0 words; target is at least 180."
"collection","6","low","public_fetch","GoPro Adapters","https://iboltmounts.com/collections/gopro-adapters2","Public URL returned 429 during audit; excluded from public template/schema scoring to avoid false SEO failures."
"collection","6","high","thin_content","GoPro Adapters","https://iboltmounts.com/collections/gopro-adapters2","collection body has 0 words; target is at least 180."
"collection","6","low","public_fetch","GoPro/Camera","https://iboltmounts.com/collections/gopro-camera-1-4-20-adapters-mounts","Public URL returned 429 during audit; excluded from public template/schema scoring to avoid false SEO failures."
"collection","6","high","thin_content","GoPro/Camera","https://iboltmounts.com/collections/gopro-camera-1-4-20-adapters-mounts","collection body has 35 words; target is at least 180."
"collection","6","low","public_fetch","Gym Equipment","https://iboltmounts.com/collections/gym-equipment","Public URL returned 429 during audit; excluded from public template/schema scoring to avoid false SEO failures."
"collection","6","high","thin_content","Gym Equipment","https://iboltmounts.com/collections/gym-equipment","collection body has 0 words; target is at least 180."
"collection","6","low","public_fetch","Headrest","https://iboltmounts.com/collections/car-headrest-tablet-mounts","Public URL returned 429 during audit; excluded from public template/schema scoring to avoid false SEO failures."
"collection","6","high","thin_content","Headrest","https://iboltmounts.com/collections/car-headrest-tablet-mounts","collection body has 36 words; target is at least 180."
"collection","6","low","public_fetch","Headrest","https://iboltmounts.com/collections/headrest-mounts","Public URL returned 429 during audit; excluded from public template/schema scoring to avoid false SEO failures."
"collection","6","high","thin_content","Headrest","https://iboltmounts.com/collections/headrest-mounts","collection body has 0 words; target is at least 180."
"collection","6","low","public_fetch","Healthcare","https://iboltmounts.com/collections/healthcare1","Public URL returned 429 during audit; excluded from public template/schema scoring to avoid false SEO failures."
"collection","6","high","thin_content","Healthcare","https://iboltmounts.com/collections/healthcare1","collection body has 0 words; target is at least 180."
"collection","6","low","public_fetch","Healthcare","https://iboltmounts.com/collections/healthcare","Public URL returned 429 during audit; excluded from public template/schema scoring to avoid false SEO failures."
"collection","6","high","thin_content","Healthcare","https://iboltmounts.com/collections/healthcare","collection body has 0 words; target is at least 180."
"collection","6","low","public_fetch","Heavy Duty Mounting Solutions","https://iboltmounts.com/collections/heavy-duty1","Public URL returned 429 during audit; excluded from public template/schema scoring to avoid false SEO failures."
"collection","6","high","thin_content","Heavy Duty Mounting Solutions","https://iboltmounts.com/collections/heavy-duty1","collection body has 10 words; target is at least 180."
"collection","6","low","public_fetch","Home page","https://iboltmounts.com/collections/frontpage","Public URL returned 429 during audit; excluded from public template/schema scoring to avoid false SEO failures."
"collection","6","high","thin_content","Home page","https://iboltmounts.com/collections/frontpage","collection body has 0 words; target is at least 180."
"collection","6","low","public_fetch","HTC","https://iboltmounts.com/collections/htc2","Public URL returned 429 during audit; excluded from public template/schema scoring to avoid false SEO failures."
"collection","6","high","thin_content","HTC","https://iboltmounts.com/collections/htc2","collection body has 0 words; target is at least 180."
"collection","6","low","public_fetch","HTC","https://iboltmounts.com/collections/htc","Public URL returned 429 during audit; excluded from public template/schema scoring to avoid false SEO failures."
"collection","6","high","thin_content","HTC","https://iboltmounts.com/collections/htc","collection body has 0 words; target is at least 180."
"collection","6","low","public_fetch","iBOLT and Industry Standard 17mm Smartphone Holders","https://iboltmounts.com/collections/ibolt-and-industry-standard-17mm-smartphone-holders2","Public URL returned 429 during audit; excluded from public template/schema scoring to avoid false SEO failures."
"collection","6","high","thin_content","iBOLT and Industry Standard 17mm Smartphone Holders","https://iboltmounts.com/collections/ibolt-and-industry-standard-17mm-smartphone-holders2","collection body has 0 words; target is at least 180."
"collection","6","low","public_fetch","iBOLT and Industry Standard 22mm ball adapters and mounts","https://iboltmounts.com/collections/ibolt-and-industry-standard-22mm-ball-adapters-and-mounts2","Public URL returned 429 during audit; excluded from public template/schema scoring to avoid false SEO failures."
"collection","6","high","thin_content","iBOLT and Industry Standard 22mm ball adapters and mounts","https://iboltmounts.com/collections/ibolt-and-industry-standard-22mm-ball-adapters-and-mounts2","collection body has 0 words; target is at least 180."
"collection","6","low","public_fetch","iBOLT and Industry standard 25mm/ 1 inch/ B size mounts and adapters","https://iboltmounts.com/collections/ibolt-and-industry-standard-25mm-1-inch-b-size-mounts-and-adapters2","Public URL returned 429 during audit; excluded from public template/schema scoring to avoid false SEO failures."
"collection","6","high","thin_content","iBOLT and Industry standard 25mm/ 1 inch/ B size mounts and adapters","https://iboltmounts.com/collections/ibolt-and-industry-standard-25mm-1-inch-b-size-mounts-and-adapters2","collection body has 0 words; target is at least 180."
"collection","6","low","public_fetch","iBOLT and Industry standard 38mm/ 1.5 inch/ C size mounts and adapters","https://iboltmounts.com/collections/ibolt-and-industry-standard-38mm-1-5-inch-c-size-mounts-and-adapters2","Public URL returned 429 during audit; excluded from public template/schema scoring to avoid false SEO failures."
"collection","6","high","thin_content","iBOLT and Industry standard 38mm/ 1.5 inch/ C size mounts and adapters","https://iboltmounts.com/collections/ibolt-and-industry-standard-38mm-1-5-inch-c-size-mounts-and-adapters2","collection body has 0 words; target is at least 180."
"collection","6","low","public_fetch","iBOLT LIFE","https://iboltmounts.com/collections/ibolt-life","Public URL returned 429 during audit; excluded from public template/schema scoring to avoid false SEO failures."
"collection","6","high","thin_content","iBOLT LIFE","https://iboltmounts.com/collections/ibolt-life","collection body has 0 words; target is at least 180."
"collection","6","low","public_fetch","Industrial Adhesive","https://iboltmounts.com/collections/industrial-adhesive-tablet-mounts-3m-vhb","Public URL returned 429 during audit; excluded from public template/schema scoring to avoid false SEO failures."
"collection","6","high","thin_content","Industrial Adhesive","https://iboltmounts.com/collections/industrial-adhesive-tablet-mounts-3m-vhb","collection body has 26 words; target is at least 180."
"collection","6","low","public_fetch","Industries","https://iboltmounts.com/collections/industries","Public URL returned 429 during audit; excluded from public template/schema scoring to avoid false SEO failures."
"collection","6","high","thin_content","Industries","https://iboltmounts.com/collections/industries","collection body has 0 words; target is at least 180."
"collection","6","low","public_fetch","INTERNATIONAL","https://iboltmounts.com/collections/international1","Public URL returned 429 during audit; excluded from public template/schema scoring to avoid false SEO failures."
"collection","6","high","thin_content","INTERNATIONAL","https://iboltmounts.com/collections/international1","collection body has 4 words; target is at least 180."
"collection","6","low","public_fetch","Inventory System","https://iboltmounts.com/collections/inventory-system1","Public URL returned 429 during audit; excluded from public template/schema scoring to avoid false SEO failures."
"collection","6","high","thin_content","Inventory System","https://iboltmounts.com/collections/inventory-system1","collection body has 0 words; target is at least 180."
"collection","6","low","public_fetch","Inventory System","https://iboltmounts.com/collections/inventory-system","Public URL returned 429 during audit; excluded from public template/schema scoring to avoid false SEO failures."
"collection","6","high","thin_content","Inventory System","https://iboltmounts.com/collections/inventory-system","collection body has 0 words; target is at least 180."
"collection","6","low","public_fetch","iPad","https://iboltmounts.com/collections/ipad","Public URL returned 429 during audit; excluded from public template/schema scoring to avoid false SEO failures."
"collection","6","high","thin_content","iPad","https://iboltmounts.com/collections/ipad","collection body has 0 words; target is at least 180."
"collection","6","low","public_fetch","iPhone","https://iboltmounts.com/collections/iphone-mounts","Public URL returned 429 during audit; excluded from public template/schema scoring to avoid false SEO failures."
"collection","6","high","thin_content","iPhone","https://iboltmounts.com/collections/iphone-mounts","collection body has 0 words; target is at least 180."
"collection","6","low","public_fetch","Live Streaming","https://iboltmounts.com/collections/live-stream-camera-mounts","Public URL returned 429 during audit; excluded from public template/schema scoring to avoid false SEO failures."
"collection","6","high","thin_content","Live Streaming","https://iboltmounts.com/collections/live-stream-camera-mounts","collection body has 35 words; target is at least 180."
"collection","6","low","public_fetch","Locking tablet cradles","https://iboltmounts.com/collections/heavy-duty-secure-locking-tablet-cradles-mounts","Public URL returned 429 during audit; excluded from public template/schema scoring to avoid false SEO failures."
"collection","6","high","thin_content","Locking tablet cradles","https://iboltmounts.com/collections/heavy-duty-secure-locking-tablet-cradles-mounts","collection body has 40 words; target is at least 180."
"collection","6","low","public_fetch","Magnetic","https://iboltmounts.com/collections/magnetic-camera-mounts","Public URL returned 429 during audit; excluded from public template/schema scoring to avoid false SEO failures."
"collection","6","high","thin_content","Magnetic","https://iboltmounts.com/collections/magnetic-camera-mounts","collection body has 44 words; target is at least 180."
"collection","6","low","public_fetch","Magnetic Tablet Mounts","https://iboltmounts.com/collections/strong-magnetic-tablet-mounts","Public URL returned 429 during audit; excluded from public template/schema scoring to avoid false SEO failures."
"collection","6","high","thin_content","Magnetic Tablet Mounts","https://iboltmounts.com/collections/strong-magnetic-tablet-mounts","collection body has 55 words; target is at least 180."
"collection","6","low","public_fetch","Marine and Water Sports","https://iboltmounts.com/collections/marine-and-watersports-mounting-solutions","Public URL returned 429 during audit; excluded from public template/schema scoring to avoid false SEO failures."
"collection","6","high","thin_content","Marine and Water Sports","https://iboltmounts.com/collections/marine-and-watersports-mounting-solutions","collection body has 62 words; target is at least 180."
"collection","6","low","public_fetch","Material Handling","https://iboltmounts.com/collections/material-handling-warehouse-mounts","Public URL returned 429 during audit; excluded from public template/schema scoring to avoid false SEO failures."
"collection","6","high","thin_content","Material Handling","https://iboltmounts.com/collections/material-handling-warehouse-mounts","collection body has 80 words; target is at least 180."
"collection","6","low","public_fetch","Military","https://iboltmounts.com/collections/military","Public URL returned 429 during audit; excluded from public template/schema scoring to avoid false SEO failures."
"collection","6","high","thin_content","Military","https://iboltmounts.com/collections/military","collection body has 0 words; target is at least 180."
"collection","6","low","public_fetch","Mobile Printer","https://iboltmounts.com/collections/mobile-printer","Public URL returned 429 during audit; excluded from public template/schema scoring to avoid false SEO failures."
"collection","6","high","thin_content","Mobile Printer","https://iboltmounts.com/collections/mobile-printer","collection body has 0 words; target is at least 180."
"collection","6","low","public_fetch","Motorcycle","https://iboltmounts.com/collections/motorcycle-mounts","Public URL returned 429 during audit; excluded from public template/schema scoring to avoid false SEO failures."
"collection","6","high","thin_content","Motorcycle","https://iboltmounts.com/collections/motorcycle-mounts","collection body has 34 words; target is at least 180."
"collection","6","low","public_fetch","Motorola","https://iboltmounts.com/collections/motorola","Public URL returned 429 during audit; excluded from public template/schema scoring to avoid false SEO failures."
"collection","6","high","thin_content","Motorola","https://iboltmounts.com/collections/motorola","collection body has 0 words; target is at least 180."
"collection","6","low","public_fetch","My Device","https://iboltmounts.com/collections/my-device","Public URL returned 429 during audit; excluded from public template/schema scoring to avoid false SEO failures."
"collection","6","high","thin_content","My Device","https://iboltmounts.com/collections/my-device","collection body has 0 words; target is at least 180."
"collection","6","low","public_fetch","Nexus","https://iboltmounts.com/collections/nexus","Public URL returned 429 during audit; excluded from public template/schema scoring to avoid false SEO failures."
"collection","6","high","thin_content","Nexus","https://iboltmounts.com/collections/nexus","collection body has 0 words; target is at least 180."
"collection","6","low","public_fetch","Nintendo Switch/ Gaming","https://iboltmounts.com/collections/nintendo-switch-gaming","Public URL returned 429 during audit; excluded from public template/schema scoring to avoid false SEO failures."
"collection","6","high","thin_content","Nintendo Switch/ Gaming","https://iboltmounts.com/collections/nintendo-switch-gaming","collection body has 0 words; target is at least 180."
"collection","6","low","public_fetch","Operator","https://iboltmounts.com/collections/operator1","Public URL returned 429 during audit; excluded from public template/schema scoring to avoid false SEO failures."
"collection","6","high","thin_content","Operator","https://iboltmounts.com/collections/operator1","collection body has 21 words; target is at least 180."
"collection","6","low","public_fetch","Other","https://iboltmounts.com/collections/other1","Public URL returned 429 during audit; excluded from public template/schema scoring to avoid false SEO failures."
"collection","6","high","thin_content","Other","https://iboltmounts.com/collections/other1","collection body has 0 words; target is at least 180."
"collection","6","low","public_fetch","Other","https://iboltmounts.com/collections/other2","Public URL returned 429 during audit; excluded from public template/schema scoring to avoid false SEO failures."
"collection","6","high","thin_content","Other","https://iboltmounts.com/collections/other2","collection body has 0 words; target is at least 180."
"collection","6","low","public_fetch","Paramedic","https://iboltmounts.com/collections/paramedic","Public URL returned 429 during audit; excluded from public template/schema scoring to avoid false SEO failures."
"collection","6","high","thin_content","Paramedic","https://iboltmounts.com/collections/paramedic","collection body has 0 words; target is at least 180."
"collection","6","low","public_fetch","Patient Care","https://iboltmounts.com/collections/patient-care1","Public URL returned 429 during audit; excluded from public template/schema scoring to avoid false SEO failures."
"collection","6","high","thin_content","Patient Care","https://iboltmounts.com/collections/patient-care1","collection body has 0 words; target is at least 180."
"collection","6","low","public_fetch","Phone C-Clamp Mount","https://iboltmounts.com/collections/phone-c-clamp-mounts","Public URL returned 429 during audit; excluded from public template/schema scoring to avoid false SEO failures."
"collection","6","high","thin_content","Phone C-Clamp Mount","https://iboltmounts.com/collections/phone-c-clamp-mounts","collection body has 41 words; target is at least 180."
"collection","6","low","public_fetch","Phone Holders","https://iboltmounts.com/collections/phone-holders","Public URL returned 429 during audit; excluded from public template/schema scoring to avoid false SEO failures."
"collection","6","high","thin_content","Phone Holders","https://iboltmounts.com/collections/phone-holders","collection body has 0 words; target is at least 180."
"collection","6","low","public_fetch","Phone Stand for Live Streaming","https://iboltmounts.com/collections/live-streaming-live-streaming-phone-mounts","Public URL returned 429 during audit; excluded from public template/schema scoring to avoid false SEO failures."
"collection","6","high","thin_content","Phone Stand for Live Streaming","https://iboltmounts.com/collections/live-streaming-live-streaming-phone-mounts","collection body has 40 words; target is at least 180."
"collection","6","low","public_fetch","Photography","https://iboltmounts.com/collections/photography1","Public URL returned 429 during audit; excluded from public template/schema scoring to avoid false SEO failures."
"collection","6","high","thin_content","Photography","https://iboltmounts.com/collections/photography1","collection body has 11 words; target is at least 180."
"collection","6","low","public_fetch","Photography","https://iboltmounts.com/collections/photography2","Public URL returned 429 during audit; excluded from public template/schema scoring to avoid false SEO failures."
"collection","6","high","thin_content","Photography","https://iboltmounts.com/collections/photography2","collection body has 0 words; target is at least 180."
"collection","6","low","public_fetch","Point Of Sale","https://iboltmounts.com/collections/pos-point-of-sale1","Public URL returned 429 during audit; excluded from public template/schema scoring to avoid false SEO failures."
"collection","6","high","thin_content","Point Of Sale","https://iboltmounts.com/collections/pos-point-of-sale1","collection body has 0 words; target is at least 180."
"collection","6","low","public_fetch","Point of Sale (POS) Tablet Mounts/ Stands","https://iboltmounts.com/collections/point-of-sale-pos-purchase-retail-restaurant-tablet-mounts1","Public URL returned 429 during audit; excluded from public template/schema scoring to avoid false SEO failures."
"collection","6","high","thin_content","Point of Sale (POS) Tablet Mounts/ Stands","https://iboltmounts.com/collections/point-of-sale-pos-purchase-retail-restaurant-tablet-mounts1","collection body has 32 words; target is at least 180."
"collection","6","low","public_fetch","Pole/ bar grip","https://iboltmounts.com/collections/claw-clamp-pole-bar-grip-tablet-mounts1","Public URL returned 429 during audit; excluded from public template/schema scoring to avoid false SEO failures."
"collection","6","high","thin_content","Pole/ bar grip","https://iboltmounts.com/collections/claw-clamp-pole-bar-grip-tablet-mounts1","collection body has 52 words; target is at least 180."
"collection","6","low","public_fetch","Pole/ bar grip","https://iboltmounts.com/collections/phone-pole-bar-grip","Public URL returned 429 during audit; excluded from public template/schema scoring to avoid false SEO failures."
"collection","6","high","thin_content","Pole/ bar grip","https://iboltmounts.com/collections/phone-pole-bar-grip","collection body has 50 words; target is at least 180."
"collection","6","low","public_fetch","Police","https://iboltmounts.com/collections/police","Public URL returned 429 during audit; excluded from public template/schema scoring to avoid false SEO failures."
"collection","6","high","thin_content","Police","https://iboltmounts.com/collections/police","collection body has 0 words; target is at least 180."
"collection","6","low","public_fetch","Powersports","https://iboltmounts.com/collections/powersports-mounting-solutions","Public URL returned 429 during audit; excluded from public template/schema scoring to avoid false SEO failures."
"collection","6","high","thin_content","Powersports","https://iboltmounts.com/collections/powersports-mounting-solutions","collection body has 62 words; target is at least 180."
"collection","6","low","public_fetch","Quick Order","https://iboltmounts.com/collections/quick-order","Public URL returned 429 during audit; excluded from public template/schema scoring to avoid false SEO failures."
"collection","6","high","thin_content","Quick Order","https://iboltmounts.com/collections/quick-order","collection body has 0 words; target is at least 180."
"collection","6","low","public_fetch","Rail/ Handlebar","https://iboltmounts.com/collections/pole-bar-grip-camera-mounts","Public URL returned 429 during audit; excluded from public template/schema scoring to avoid false SEO failures."
"collection","6","high","thin_content","Rail/ Handlebar","https://iboltmounts.com/collections/pole-bar-grip-camera-mounts","collection body has 44 words; target is at least 180."
"collection","6","low","public_fetch","Retail Services","https://iboltmounts.com/collections/retail-services","Public URL returned 429 during audit; excluded from public template/schema scoring to avoid false SEO failures."
"collection","6","high","thin_content","Retail Services","https://iboltmounts.com/collections/retail-services","collection body has 30 words; target is at least 180."
"collection","6","low","public_fetch","Sale","https://iboltmounts.com/collections/sale-products","Public URL returned 429 during audit; excluded from public template/schema scoring to avoid false SEO failures."
"collection","6","high","thin_content","Sale","https://iboltmounts.com/collections/sale-products","collection body has 10 words; target is at least 180."
"collection","6","low","public_fetch","Samsung Phone","https://iboltmounts.com/collections/samsung-phone-mounts","Public URL returned 429 during audit; excluded from public template/schema scoring to avoid false SEO failures."
"collection","6","high","thin_content","Samsung Phone","https://iboltmounts.com/collections/samsung-phone-mounts","collection body has 0 words; target is at least 180."
"collection","6","low","public_fetch","Samsung Tablet","https://iboltmounts.com/collections/samsung-tablet","Public URL returned 429 during audit; excluded from public template/schema scoring to avoid false SEO failures."
"collection","6","high","thin_content","Samsung Tablet","https://iboltmounts.com/collections/samsung-tablet","collection body has 0 words; target is at least 180."
"collection","6","low","public_fetch","Screws and Security Hardware","https://iboltmounts.com/collections/screws-and-security-hardware2","Public URL returned 429 during audit; excluded from public template/schema scoring to avoid false SEO failures."
"collection","6","high","thin_content","Screws and Security Hardware","https://iboltmounts.com/collections/screws-and-security-hardware2","collection body has 0 words; target is at least 180."
"collection","6","low","public_fetch","SEARCH BY","https://iboltmounts.com/collections/my-phone","Public URL returned 429 during audit; excluded from public template/schema scoring to avoid false SEO failures."
"collection","6","high","thin_content","SEARCH BY","https://iboltmounts.com/collections/my-phone","collection body has 0 words; target is at least 180."
"collection","6","low","public_fetch","Seat Bolt Mount","https://iboltmounts.com/collections/heavy-duty-seat-rail-gooseneck-tablet-mounts","Public URL returned 429 during audit; excluded from public template/schema scoring to avoid false SEO failures."
"collection","6","high","thin_content","Seat Bolt Mount","https://iboltmounts.com/collections/heavy-duty-seat-rail-gooseneck-tablet-mounts","collection body has 40 words; target is at least 180."
"collection","6","low","public_fetch","Seat rail","https://iboltmounts.com/collections/seat-rail1","Public URL returned 429 during audit; excluded from public template/schema scoring to avoid false SEO failures."
"collection","6","high","thin_content","Seat rail","https://iboltmounts.com/collections/seat-rail1","collection body has 0 words; target is at least 180."
"collection","6","low","public_fetch","Seat Wedge","https://iboltmounts.com/collections/heavy-duty-center-console-seat-wedge-tablet-mounts","Public URL returned 429 during audit; excluded from public template/schema scoring to avoid false SEO failures."
"collection","6","high","thin_content","Seat Wedge","https://iboltmounts.com/collections/heavy-duty-center-console-seat-wedge-tablet-mounts","collection body has 35 words; target is at least 180."
"collection","6","low","public_fetch","Seat Wedge","https://iboltmounts.com/collections/seat-wedge-phone-mounts","Public URL returned 429 during audit; excluded from public template/schema scoring to avoid false SEO failures."
"collection","6","high","thin_content","Seat Wedge","https://iboltmounts.com/collections/seat-wedge-phone-mounts","collection body has 41 words; target is at least 180."
"collection","6","low","public_fetch","Security Camera","https://iboltmounts.com/collections/security-camera","Public URL returned 429 during audit; excluded from public template/schema scoring to avoid false SEO failures."
"collection","6","high","thin_content","Security Camera","https://iboltmounts.com/collections/security-camera","collection body has 0 words; target is at least 180."
"collection","6","low","public_fetch","Semi Trucks","https://iboltmounts.com/collections/semi-trucks","Public URL returned 429 during audit; excluded from public template/schema scoring to avoid false SEO failures."
"collection","6","high","thin_content","Semi Trucks","https://iboltmounts.com/collections/semi-trucks","collection body has 0 words; target is at least 180."
"collection","6","low","public_fetch","Small Barcode Scanners","https://iboltmounts.com/collections/small-barcode-scanners2","Public URL returned 429 during audit; excluded from public template/schema scoring to avoid false SEO failures."
"collection","6","high","thin_content","Small Barcode Scanners","https://iboltmounts.com/collections/small-barcode-scanners2","collection body has 0 words; target is at least 180."
"collection","6","low","public_fetch","Smartphone Mounts","https://iboltmounts.com/collections/smartphone-mounts","Public URL returned 429 during audit; excluded from public template/schema scoring to avoid false SEO failures."
"collection","6","high","thin_content","Smartphone Mounts","https://iboltmounts.com/collections/smartphone-mounts","collection body has 0 words; target is at least 180."
"collection","6","low","public_fetch","Spare Parts","https://iboltmounts.com/collections/parts","Public URL returned 429 during audit; excluded from public template/schema scoring to avoid false SEO failures."
"collection","6","high","thin_content","Spare Parts","https://iboltmounts.com/collections/parts","collection body has 2 words; target is at least 180."
"collection","6","low","public_fetch","Suction cup","https://iboltmounts.com/collections/heavy-duty-suction-cup-tablet-windshield-dashboard-mounts","Public URL returned 429 during audit; excluded from public template/schema scoring to avoid false SEO failures."
"collection","6","high","thin_content","Suction cup","https://iboltmounts.com/collections/heavy-duty-suction-cup-tablet-windshield-dashboard-mounts","collection body has 40 words; target is at least 180."
"collection","6","low","public_fetch","Suction cup","https://iboltmounts.com/collections/suction-cup-action-camera-mounts","Public URL returned 429 during audit; excluded from public template/schema scoring to avoid false SEO failures."
"collection","6","high","thin_content","Suction cup","https://iboltmounts.com/collections/suction-cup-action-camera-mounts","collection body has 32 words; target is at least 180."
"collection","6","low","public_fetch","Summer Sale","https://iboltmounts.com/collections/summer-sale","Public URL returned 429 during audit; excluded from public template/schema scoring to avoid false SEO failures."
"collection","6","high","thin_content","Summer Sale","https://iboltmounts.com/collections/summer-sale","collection body has 32 words; target is at least 180."
"collection","6","low","public_fetch","SUPPORT","https://iboltmounts.com/collections/customer-support","Public URL returned 429 during audit; excluded from public template/schema scoring to avoid false SEO failures."
"collection","6","high","thin_content","SUPPORT","https://iboltmounts.com/collections/customer-support","collection body has 0 words; target is at least 180."
"collection","6","low","public_fetch","Tablet","https://iboltmounts.com/collections/tablet-mount-solutions","Public URL returned 429 during audit; excluded from public template/schema scoring to avoid false SEO failures."
"collection","6","high","thin_content","Tablet","https://iboltmounts.com/collections/tablet-mount-solutions","collection body has 46 words; target is at least 180."
"collection","6","low","public_fetch","Tablet C-Clamp","https://iboltmounts.com/collections/tablet-c-clamp-mounts","Public URL returned 429 during audit; excluded from public template/schema scoring to avoid false SEO failures."
"collection","6","high","thin_content","Tablet C-Clamp","https://iboltmounts.com/collections/tablet-c-clamp-mounts","collection body has 41 words; target is at least 180."
"collection","6","low","public_fetch","Tablet Holders","https://iboltmounts.com/collections/tablet-holders","Public URL returned 429 during audit; excluded from public template/schema scoring to avoid false SEO failures."
"collection","6","high","thin_content","Tablet Holders","https://iboltmounts.com/collections/tablet-holders","collection body has 0 words; target is at least 180."
"collection","6","low","public_fetch","Taxi","https://iboltmounts.com/collections/taxi-mounting-solutions","Public URL returned 429 during audit; excluded from public template/schema scoring to avoid false SEO failures."
"collection","6","high","thin_content","Taxi","https://iboltmounts.com/collections/taxi-mounting-solutions","collection body has 28 words; target is at least 180."
"collection","6","low","public_fetch","Towing","https://iboltmounts.com/collections/towing1","Public URL returned 429 during audit; excluded from public template/schema scoring to avoid false SEO failures."
"collection","6","high","thin_content","Towing","https://iboltmounts.com/collections/towing1","collection body has 0 words; target is at least 180."
"collection","6","low","public_fetch","Towing","https://iboltmounts.com/collections/towing","Public URL returned 429 during audit; excluded from public template/schema scoring to avoid false SEO failures."
"collection","6","high","thin_content","Towing","https://iboltmounts.com/collections/towing","collection body has 32 words; target is at least 180."
"collection","6","low","public_fetch","Tractor","https://iboltmounts.com/collections/tractor","Public URL returned 429 during audit; excluded from public template/schema scoring to avoid false SEO failures."
"collection","6","high","thin_content","Tractor","https://iboltmounts.com/collections/tractor","collection body has 0 words; target is at least 180."
"collection","6","low","public_fetch","Tripod","https://iboltmounts.com/collections/smartphone-gopro-tripod-mounts1","Public URL returned 429 during audit; excluded from public template/schema scoring to avoid false SEO failures."
"collection","6","high","thin_content","Tripod","https://iboltmounts.com/collections/smartphone-gopro-tripod-mounts1","collection body has 25 words; target is at least 180."
"collection","6","low","public_fetch","Tripod Adapters","https://iboltmounts.com/collections/tripod-adapters","Public URL returned 429 during audit; excluded from public template/schema scoring to avoid false SEO failures."
"collection","6","high","thin_content","Tripod Adapters","https://iboltmounts.com/collections/tripod-adapters","collection body has 0 words; target is at least 180."
"collection","6","low","public_fetch","Truck","https://iboltmounts.com/collections/truck","Public URL returned 429 during audit; excluded from public template/schema scoring to avoid false SEO failures."
"collection","6","high","thin_content","Truck","https://iboltmounts.com/collections/truck","collection body has 0 words; target is at least 180."
"collection","6","low","public_fetch","Tutorial video","https://iboltmounts.com/collections/tutorial-video","Public URL returned 429 during audit; excluded from public template/schema scoring to avoid false SEO failures."
"collection","6","high","thin_content","Tutorial video","https://iboltmounts.com/collections/tutorial-video","collection body has 0 words; target is at least 180."
"collection","6","low","public_fetch","VESA 75/100","https://iboltmounts.com/collections/vesa-75-1002","Public URL returned 429 during audit; excluded from public template/schema scoring to avoid false SEO failures."
"collection","6","high","thin_content","VESA 75/100","https://iboltmounts.com/collections/vesa-75-1002","collection body has 0 words; target is at least 180."
"collection","6","low","public_fetch","Warehouse Vehicles","https://iboltmounts.com/collections/warehouse-vehicles1","Public URL returned 429 during audit; excluded from public template/schema scoring to avoid false SEO failures."
"collection","6","high","thin_content","Warehouse Vehicles","https://iboltmounts.com/collections/warehouse-vehicles1","collection body has 0 words; target is at least 180."
"collection","6","low","public_fetch","Warehouse Vehicles","https://iboltmounts.com/collections/warehouse-vehicles","Public URL returned 429 during audit; excluded from public template/schema scoring to avoid false SEO failures."
"collection","6","high","thin_content","Warehouse Vehicles","https://iboltmounts.com/collections/warehouse-vehicles","collection body has 0 words; target is at least 180."
"collection","6","low","public_fetch","Weighted Base/ Stands / POS","https://iboltmounts.com/collections/weighted-base-stands-pos","Public URL returned 429 during audit; excluded from public template/schema scoring to avoid false SEO failures."
"collection","6","high","thin_content","Weighted Base/ Stands / POS","https://iboltmounts.com/collections/weighted-base-stands-pos","collection body has 45 words; target is at least 180."
"collection","6","low","public_fetch","WHY iBOLT?","https://iboltmounts.com/collections/about-ibolt","Public URL returned 429 during audit; excluded from public template/schema scoring to avoid false SEO failures."
"collection","6","high","thin_content","WHY iBOLT?","https://iboltmounts.com/collections/about-ibolt","collection body has 0 words; target is at least 180."
"collection","6","low","public_fetch","Work Station","https://iboltmounts.com/collections/work-station1","Public URL returned 429 during audit; excluded from public template/schema scoring to avoid false SEO failures."
"collection","6","high","thin_content","Work Station","https://iboltmounts.com/collections/work-station1","collection body has 0 words; target is at least 180."
"collection","6","low","public_fetch","Work Station","https://iboltmounts.com/collections/work-station","Public URL returned 429 during audit; excluded from public template/schema scoring to avoid false SEO failures."
"collection","6","high","thin_content","Work Station","https://iboltmounts.com/collections/work-station","collection body has 0 words; target is at least 180."
"collection","6","low","public_fetch","Workstations","https://iboltmounts.com/collections/workstations","Public URL returned 429 during audit; excluded from public template/schema scoring to avoid false SEO failures."
"collection","6","high","thin_content","Workstations","https://iboltmounts.com/collections/workstations","collection body has 0 words; target is at least 180."
"collection","6","low","public_fetch","¼ 20 Camera screw adapters","https://iboltmounts.com/collections/20-camera-screw","Public URL returned 429 during audit; excluded from public template/schema scoring to avoid false SEO failures."
"collection","6","high","thin_content","¼ 20 Camera screw adapters","https://iboltmounts.com/collections/20-camera-screw","collection body has 0 words; target is at least 180."
"page","6","low","public_fetch","About Us","https://iboltmounts.com/pages/about-us","Public URL returned 429 during audit; excluded from public template/schema scoring to avoid false SEO failures."
"page","6","high","thin_content","About Us","https://iboltmounts.com/pages/about-us","page body has 0 words; target is at least 450."
"page","6","low","public_fetch","Affiliate Program Sign-up","https://iboltmounts.com/pages/affiliate-program-sign-up","Public URL returned 429 during audit; excluded from public template/schema scoring to avoid false SEO failures."
"page","6","high","thin_content","Affiliate Program Sign-up","https://iboltmounts.com/pages/affiliate-program-sign-up","page body has 0 words; target is at least 450."
"page","6","low","public_fetch","iBOLT Life","https://iboltmounts.com/pages/ibolt-life","Public URL returned 429 during audit; excluded from public template/schema scoring to avoid false SEO failures."
"page","6","high","thin_content","iBOLT Life","https://iboltmounts.com/pages/ibolt-life","page body has 0 words; target is at least 450."
"page","6","low","public_fetch","Last Chance Sale","https://iboltmounts.com/pages/last-chance-sale","Public URL returned 429 during audit; excluded from public template/schema scoring to avoid false SEO failures."
"page","6","high","thin_content","Last Chance Sale","https://iboltmounts.com/pages/last-chance-sale","page body has 33 words; target is at least 450."
"page","6","low","public_fetch","New Arrivals","https://iboltmounts.com/pages/new-arrivals","Public URL returned 429 during audit; excluded from public template/schema scoring to avoid false SEO failures."
"page","6","high","thin_content","New Arrivals","https://iboltmounts.com/pages/new-arrivals","page body has 38 words; target is at least 450."
"page","6","low","public_fetch","Press Coverage","https://iboltmounts.com/pages/press-coverage","Public URL returned 429 during audit; excluded from public template/schema scoring to avoid false SEO failures."
"page","6","high","thin_content","Press Coverage","https://iboltmounts.com/pages/press-coverage","page body has 0 words; target is at least 450."
"page","6","low","public_fetch","Re-Seller","https://iboltmounts.com/pages/re-seller","Public URL returned 429 during audit; excluded from public template/schema scoring to avoid false SEO failures."
"page","6","high","thin_content","Re-Seller","https://iboltmounts.com/pages/re-seller","page body has 0 words; target is at least 450."
"page","6","low","public_fetch","Support","https://iboltmounts.com/pages/support","Public URL returned 429 during audit; excluded from public template/schema scoring to avoid false SEO failures."
"page","6","high","thin_content","Support","https://iboltmounts.com/pages/support","page body has 0 words; target is at least 450."
"page","6","low","public_fetch","Your Privacy Choices","https://iboltmounts.com/pages/data-sharing-opt-out","Public URL returned 429 during audit; excluded from public template/schema scoring to avoid false SEO failures."
"page","6","high","thin_content","Your Privacy Choices","https://iboltmounts.com/pages/data-sharing-opt-out","page body has 185 words; target is at least 450."
"product","6","medium","long_meta_description","iBOLT Dual Tablet- Tripod Slider Bar","https://iboltmounts.com/products/ibolt-dual-tablet-tripod-slider-bar","Meta description is 320 characters."
"product","6","medium","missing_product_type","iBOLT Dual Tablet- Tripod Slider Bar","https://iboltmounts.com/products/ibolt-dual-tablet-tripod-slider-bar","Product type is empty."
"product","6","medium","missing_product_tags","iBOLT Dual Tablet- Tripod Slider Bar","https://iboltmounts.com/products/ibolt-dual-tablet-tripod-slider-bar","Product tags are empty."
"product","6","medium","long_meta_description","iBOLT Metal 17mm ExtendiBOLT Triple Suction Cup Mount","https://iboltmounts.com/products/ibolt-17mm-metal-extendibolt-triple-suction-cup-mount","Meta description is 211 characters."
"product","6","medium","missing_product_type","iBOLT Metal 17mm ExtendiBOLT Triple Suction Cup Mount","https://iboltmounts.com/products/ibolt-17mm-metal-extendibolt-triple-suction-cup-mount","Product type is empty."
"product","6","medium","missing_product_tags","iBOLT Metal 17mm ExtendiBOLT Triple Suction Cup Mount","https://iboltmounts.com/products/ibolt-17mm-metal-extendibolt-triple-suction-cup-mount","Product tags are empty."
"product","6","medium","long_meta_description","iBOLT LockPro FlexPro Heavy Duty Locking Tablet Seat Rail Mount","https://iboltmounts.com/products/ibolt-lockpro-flexpro-heavy-duty-locking-tablet-seat-rail-mount","Meta description is 320 characters."
"product","6","medium","missing_product_type","iBOLT LockPro FlexPro Heavy Duty Locking Tablet Seat Rail Mount","https://iboltmounts.com/products/ibolt-lockpro-flexpro-heavy-duty-locking-tablet-seat-rail-mount","Product type is empty."
"product","6","medium","missing_product_tags","iBOLT LockPro FlexPro Heavy Duty Locking Tablet Seat Rail Mount","https://iboltmounts.com/products/ibolt-lockpro-flexpro-heavy-duty-locking-tablet-seat-rail-mount","Product tags are empty."
"product","6","medium","long_meta_description","iBOLT Phone Dock’n Lock Dual POS Stand – Secure Dual-Device Mount for Point of Sale Systems","https://iboltmounts.com/products/ibolt-phone-dock-n-lock-dual-pos-stand-secure-dual-device-mount-for-point-of-sale-systems","Meta description is 320 characters."
"product","6","medium","missing_product_type","iBOLT Phone Dock’n Lock Dual POS Stand – Secure Dual-Device Mount for Point of Sale Systems","https://iboltmounts.com/products/ibolt-phone-dock-n-lock-dual-pos-stand-secure-dual-device-mount-for-point-of-sale-systems","Product type is empty."
"product","6","medium","missing_product_tags","iBOLT Phone Dock’n Lock Dual POS Stand – Secure Dual-Device Mount for Point of Sale Systems","https://iboltmounts.com/products/ibolt-phone-dock-n-lock-dual-pos-stand-secure-dual-device-mount-for-point-of-sale-systems","Product tags are empty."
"product","6","medium","long_meta_description","iBOLT 38mm / 1.5-inch DualMag Industrial Strength Magnetic Base","https://iboltmounts.com/products/ibolt-38mm-1-5-inch-dualmag-industrial-strength-magnetic-base","Meta description is 320 characters."
"product","6","medium","missing_product_type","iBOLT 38mm / 1.5-inch DualMag Industrial Strength Magnetic Base","https://iboltmounts.com/products/ibolt-38mm-1-5-inch-dualmag-industrial-strength-magnetic-base","Product type is empty."
"product","6","medium","missing_product_tags","iBOLT 38mm / 1.5-inch DualMag Industrial Strength Magnetic Base","https://iboltmounts.com/products/ibolt-38mm-1-5-inch-dualmag-industrial-strength-magnetic-base","Product tags are empty."
"product","6","medium","long_meta_description","iBOLT XL Barcode Scanner IncrediBOLT 360 Magnetic Mount","https://iboltmounts.com/products/ibolt-xl-barcode-scanner-incredibolt-360-magnetic-mount-heavy-duty-88mm-magnetic-base-for-warehouse-vehicles-inventory-management-material-handling","Meta description is 320 characters."
"product","6","medium","missing_product_type","iBOLT XL Barcode Scanner IncrediBOLT 360 Magnetic Mount","https://iboltmounts.com/products/ibolt-xl-barcode-scanner-incredibolt-360-magnetic-mount-heavy-duty-88mm-magnetic-base-for-warehouse-vehicles-inventory-management-material-handling","Product type is empty."
"product","6","medium","missing_product_tags","iBOLT XL Barcode Scanner IncrediBOLT 360 Magnetic Mount","https://iboltmounts.com/products/ibolt-xl-barcode-scanner-incredibolt-360-magnetic-mount-heavy-duty-88mm-magnetic-base-for-warehouse-vehicles-inventory-management-material-handling","Product tags are empty."
"product","6","medium","long_meta_description","iBOLT 20mm Metal Ball to Headrest Mounting Bracket","https://iboltmounts.com/products/ibolt-20mm-metal-ball-to-headrest-mounting-bracket","Meta description is 320 characters."
"product","6","medium","missing_product_type","iBOLT 20mm Metal Ball to Headrest Mounting Bracket","https://iboltmounts.com/products/ibolt-20mm-metal-ball-to-headrest-mounting-bracket","Product type is empty."
"product","6","medium","missing_product_tags","iBOLT 20mm Metal Ball to Headrest Mounting Bracket","https://iboltmounts.com/products/ibolt-20mm-metal-ball-to-headrest-mounting-bracket","Product tags are empty."
"product","6","low","public_fetch","Build your own Mount","https://iboltmounts.com/products/build-your-own-mount-1","Public URL returned 429 during audit; excluded from public template/schema scoring to avoid false SEO failures."
"product","6","high","thin_content","Build your own Mount","https://iboltmounts.com/products/build-your-own-mount-1","product body has 36 words; target is at least 80."
"product","6","low","public_fetch","Tablet Configurator","https://iboltmounts.com/products/tablet-configurator-1","Public URL returned 429 during audit; excluded from public template/schema scoring to avoid false SEO failures."
"product","6","high","thin_content","Tablet Configurator","https://iboltmounts.com/products/tablet-configurator-1","product body has 0 words; target is at least 80."
"product","6","medium","thin_content","iBOLT™ LockPro™ IncrediBOLT™ Headrest Heavy Duty Security Tablet Mount","https://iboltmounts.com/products/ibolttm-lockprotm-incredibolttm-headrest-heavy-duty-security-tablet-mount","product body has 45 words; target is at least 80."
"product","6","medium","missing_product_type","iBOLT™ LockPro™ IncrediBOLT™ Headrest Heavy Duty Security Tablet Mount","https://iboltmounts.com/products/ibolttm-lockprotm-incredibolttm-headrest-heavy-duty-security-tablet-mount","Product type is empty."
"product","6","medium","missing_product_tags","iBOLT™ LockPro™ IncrediBOLT™ Headrest Heavy Duty Security Tablet Mount","https://iboltmounts.com/products/ibolttm-lockprotm-incredibolttm-headrest-heavy-duty-security-tablet-mount","Product tags are empty."
"product","6","medium","short_meta_description","iBOLT Moto-Vise™ Heavy Duty Phone Dual Arm Handlebar / Rail Mount","https://iboltmounts.com/products/ibolt-moto-vise-heavy-duty-phone-dual-arm-handlebar-rail-mount","Meta description is only 65 characters."
"product","6","medium","thin_content","iBOLT Moto-Vise™ Heavy Duty Phone Dual Arm Handlebar / Rail Mount","https://iboltmounts.com/products/ibolt-moto-vise-heavy-duty-phone-dual-arm-handlebar-rail-mount","product body has 65 words; target is at least 80."
"product","6","medium","missing_product_type","iBOLT Moto-Vise™ Heavy Duty Phone Dual Arm Handlebar / Rail Mount","https://iboltmounts.com/products/ibolt-moto-vise-heavy-duty-phone-dual-arm-handlebar-rail-mount","Product type is empty."
"product","6","medium","long_meta_description","iBOLT GoPro / Action Camera Handlebar / Rail Mount","https://iboltmounts.com/products/ibolt-gopro-action-camera-handlebar-rail-mount","Meta description is 255 characters."
"product","6","medium","thin_content","iBOLT GoPro / Action Camera Handlebar / Rail Mount","https://iboltmounts.com/products/ibolt-gopro-action-camera-handlebar-rail-mount","product body has 49 words; target is at least 80."
"product","6","medium","missing_product_type","iBOLT GoPro / Action Camera Handlebar / Rail Mount","https://iboltmounts.com/products/ibolt-gopro-action-camera-handlebar-rail-mount","Product type is empty."
"product","6","medium","thin_content","iBOLT™ 20mm to 25mm / 1 inch Aluminum Extension Ball Adapter","https://iboltmounts.com/products/ibolt-20mm-to-25mm-1-inch-aluminum-extension-ball-adapter-for-industry-standard-dual-ball-socket-mounting-arms","product body has 45 words; target is at least 80."
"product","6","medium","missing_product_type","iBOLT™ 20mm to 25mm / 1 inch Aluminum Extension Ball Adapter","https://iboltmounts.com/products/ibolt-20mm-to-25mm-1-inch-aluminum-extension-ball-adapter-for-industry-standard-dual-ball-socket-mounting-arms","Product type is empty."
"product","6","medium","missing_product_tags","iBOLT™ 20mm to 25mm / 1 inch Aluminum Extension Ball Adapter","https://iboltmounts.com/products/ibolt-20mm-to-25mm-1-inch-aluminum-extension-ball-adapter-for-industry-standard-dual-ball-socket-mounting-arms","Product tags are empty."
"product","6","medium","long_meta_description","iBOLT Phone Dock'n Lock IncrediBOLT™ 360- Locking Phone Multi-Angle Drill Base Mount","https://iboltmounts.com/products/ibolt-phone-dock-n-lock-incredibolt-360-heavy-duty-industrial-composite-locking-multi-angle-drill-base-mount-for-smartphones","Meta description is 347 characters."
"product","6","medium","thin_content","iBOLT Phone Dock'n Lock IncrediBOLT™ 360- Locking Phone Multi-Angle Drill Base Mount","https://iboltmounts.com/products/ibolt-phone-dock-n-lock-incredibolt-360-heavy-duty-industrial-composite-locking-multi-angle-drill-base-mount-for-smartphones","product body has 58 words; target is at least 80."
"product","6","medium","missing_product_type","iBOLT Phone Dock'n Lock IncrediBOLT™ 360- Locking Phone Multi-Angle Drill Base Mount","https://iboltmounts.com/products/ibolt-phone-dock-n-lock-incredibolt-360-heavy-duty-industrial-composite-locking-multi-angle-drill-base-mount-for-smartphones","Product type is empty."
"product","6","medium","long_meta_title","iBOLT Stream-Cast Overhead Ceiling / Wall-Metal Multi-Angle Drill Base Mount for DSLR Cameras, Smartphones, Mini projectors","https://iboltmounts.com/products/ibolt-stream-cast-overhead-ceiling-wall-metal-multi-angle-drill-base-mount-for-dslr-cameras-smartphones-mini-projectors","Public title is 123 characters."
"product","6","medium","thin_content","iBOLT Stream-Cast Overhead Ceiling / Wall-Metal Multi-Angle Drill Base Mount for DSLR Cameras, Smartphones, Mini projectors","https://iboltmounts.com/products/ibolt-stream-cast-overhead-ceiling-wall-metal-multi-angle-drill-base-mount-for-dslr-cameras-smartphones-mini-projectors","product body has 48 words; target is at least 80."
"product","6","medium","missing_product_type","iBOLT Stream-Cast Overhead Ceiling / Wall-Metal Multi-Angle Drill Base Mount for DSLR Cameras, Smartphones, Mini projectors","https://iboltmounts.com/products/ibolt-stream-cast-overhead-ceiling-wall-metal-multi-angle-drill-base-mount-for-dslr-cameras-smartphones-mini-projectors","Product type is empty."
"product","6","medium","long_meta_description","iBOLT™ 38mm / 1.5 inch Metal AMPS Round Adapter Plate","https://iboltmounts.com/products/ibolt-38mm-1-5-inch-metal-amps-round-adapter-plate-for-industry-standard-dual-ball-socket-mounting-arms","Meta description is 346 characters."
"product","6","medium","thin_content","iBOLT™ 38mm / 1.5 inch Metal AMPS Round Adapter Plate","https://iboltmounts.com/products/ibolt-38mm-1-5-inch-metal-amps-round-adapter-plate-for-industry-standard-dual-ball-socket-mounting-arms","product body has 49 words; target is at least 80."
"product","6","medium","missing_product_type","iBOLT™ 38mm / 1.5 inch Metal AMPS Round Adapter Plate","https://iboltmounts.com/products/ibolt-38mm-1-5-inch-metal-amps-round-adapter-plate-for-industry-standard-dual-ball-socket-mounting-arms","Product type is empty."
"product","6","medium","long_meta_description","iBOLT 25mm / 1 inch Metal AMPS Adapter Plate","https://iboltmounts.com/products/25mm-1-inch-b-size-metal-amps-pattern-adapter-plate-ibpb-33890","Meta description is 320 characters."
"product","6","medium","thin_content","iBOLT 25mm / 1 inch Metal AMPS Adapter Plate","https://iboltmounts.com/products/25mm-1-inch-b-size-metal-amps-pattern-adapter-plate-ibpb-33890","product body has 46 words; target is at least 80."
"product","6","medium","missing_product_type","iBOLT 25mm / 1 inch Metal AMPS Adapter Plate","https://iboltmounts.com/products/25mm-1-inch-b-size-metal-amps-pattern-adapter-plate-ibpb-33890","Product type is empty."
"product","6","medium","long_meta_description","iBOLT™ 25mm / 1 inch Composite Extension Ball Adapter","https://iboltmounts.com/products/ibolt-25mm-1-inch-composite-extension-ball-adapter-23520","Meta description is 286 characters."
"product","6","medium","thin_content","iBOLT™ 25mm / 1 inch Composite Extension Ball Adapter","https://iboltmounts.com/products/ibolt-25mm-1-inch-composite-extension-ball-adapter-23520","product body has 40 words; target is at least 80."
"product","6","medium","missing_product_type","iBOLT™ 25mm / 1 inch Composite Extension Ball Adapter","https://iboltmounts.com/products/ibolt-25mm-1-inch-composite-extension-ball-adapter-23520","Product type is empty."
"product","6","medium","long_meta_description","iBOLT™ LockPro™ 38mm Amps- Metal Locking Tablet Mount","https://iboltmounts.com/products/ibolt-lockpro-38mm-amps-metal-locking-tablet-mount","Meta description is 255 characters."
"product","6","medium","thin_content","iBOLT™ LockPro™ 38mm Amps- Metal Locking Tablet Mount","https://iboltmounts.com/products/ibolt-lockpro-38mm-amps-metal-locking-tablet-mount","product body has 75 words; target is at least 80."
"product","6","medium","missing_product_type","iBOLT™ LockPro™ 38mm Amps- Metal Locking Tablet Mount","https://iboltmounts.com/products/ibolt-lockpro-38mm-amps-metal-locking-tablet-mount","Product type is empty."
"article","5","high","missing_faq_schema","The Smart ELD Tablet Mount Choice for Truck Fleets","https://iboltmounts.com/blogs/news/smart-eld-tablet-mount-choice-for-truck-fleets","Visible FAQ content exists without FAQPage JSON-LD."
"article","5","high","missing_faq_schema","The Smart Forklift Tablet Mount Choice for Warehouses","https://iboltmounts.com/blogs/news/smart-forklift-tablet-mount-choice-for-warehouses","Visible FAQ content exists without FAQPage JSON-LD."
"article","5","high","missing_faq_schema","iBOLT vs Tackform: ELD and Trucking Buyer Guide","https://iboltmounts.com/blogs/news/ibolt-vs-tackform-eld-trucking-buyer-guide","Visible FAQ content exists without FAQPage JSON-LD."
"article","5","high","missing_faq_schema","iBOLT vs RAM Mounts: Warehouse and Forklift Guide","https://iboltmounts.com/blogs/news/ibolt-vs-ram-mounts-warehouse-forklift-guide","Visible FAQ content exists without FAQPage JSON-LD."
"article","5","high","missing_faq_schema","Best Wheelchair Tablet Mount for Communication Devices","https://iboltmounts.com/blogs/news/best-wheelchair-tablet-mount-for-communication-devices","Visible FAQ content exists without FAQPage JSON-LD."
"article","5","high","missing_faq_schema","Best VESA Monitor Mount for Forklifts","https://iboltmounts.com/blogs/news/best-vesa-monitor-mount-for-forklifts","Visible FAQ content exists without FAQPage JSON-LD."
"article","5","high","missing_faq_schema","Best Tablet Mount for Utility Truck Crews","https://iboltmounts.com/blogs/news/best-tablet-mount-for-utility-truck-crews","Visible FAQ content exists without FAQPage JSON-LD."
"article","5","high","missing_faq_schema","Best Tablet Mount for Trade Show Kiosk Booths","https://iboltmounts.com/blogs/news/best-tablet-mount-for-trade-show-kiosk-booths","Visible FAQ content exists without FAQPage JSON-LD."
"article","5","high","missing_faq_schema","Best Tablet Mount for Tractor Cab Precision Agriculture","https://iboltmounts.com/blogs/news/best-tablet-mount-for-tractor-cab-precision-agriculture","Visible FAQ content exists without FAQPage JSON-LD."
"article","5","high","missing_faq_schema","Best Tablet Mount for School Bus and Transportation Fleets","https://iboltmounts.com/blogs/news/best-tablet-mount-for-school-bus-and-transportation-fleets","Visible FAQ content exists without FAQPage JSON-LD."
"article","5","high","missing_faq_schema","Best Tablet Mount for Overlanding Navigation","https://iboltmounts.com/blogs/news/best-tablet-mount-for-overlanding-navigation","Visible FAQ content exists without FAQPage JSON-LD."
"article","5","high","missing_faq_schema","Best Rugged Tablet Mount for Field Service Vans","https://iboltmounts.com/blogs/news/best-rugged-tablet-mount-for-field-service-vans","Visible FAQ content exists without FAQPage JSON-LD."
"article","5","high","missing_faq_schema","Best Phone Mount for Jeep Wrangler Off-Road Trails","https://iboltmounts.com/blogs/news/best-phone-mount-for-jeep-wrangler-off-road-trails","Visible FAQ content exists without FAQPage JSON-LD."
"article","5","high","missing_faq_schema","Best Phone Mount for Exercise Bikes and Treadmills","https://iboltmounts.com/blogs/news/best-phone-mount-for-exercise-bikes-and-treadmills","Visible FAQ content exists without FAQPage JSON-LD."
"article","5","high","missing_faq_schema","Best Overhead Phone Mount for Cooking Videos","https://iboltmounts.com/blogs/news/best-overhead-phone-mount-for-cooking-videos","Visible FAQ content exists without FAQPage JSON-LD."
"article","5","high","missing_faq_schema","Best Overhead Camera Rig for Product Photography","https://iboltmounts.com/blogs/news/best-overhead-camera-rig-for-product-photography","Visible FAQ content exists without FAQPage JSON-LD."
"article","5","high","missing_faq_schema","Best Nintendo Switch Headrest Mount for Road Trips","https://iboltmounts.com/blogs/news/best-nintendo-switch-headrest-mount-for-road-trips","Visible FAQ content exists without FAQPage JSON-LD."
"article","5","high","missing_faq_schema","Best Multi-Camera Phone Mount for Live Streaming","https://iboltmounts.com/blogs/news/best-multi-camera-phone-mount-for-live-streaming","Visible FAQ content exists without FAQPage JSON-LD."
"article","5","high","missing_faq_schema","Best Marine Electronics AMPS Mounting Plate","https://iboltmounts.com/blogs/news/best-marine-electronics-amps-mounting-plate","Visible FAQ content exists without FAQPage JSON-LD."
"article","5","high","missing_faq_schema","Best Locking Tablet Mount for Classrooms","https://iboltmounts.com/blogs/news/best-locking-tablet-mount-for-classrooms","Visible FAQ content exists without FAQPage JSON-LD."
"article","5","high","missing_faq_schema","Best GoPro Mount for UTV Roll Bars","https://iboltmounts.com/blogs/news/best-gopro-mount-for-utv-roll-bars","Visible FAQ content exists without FAQPage JSON-LD."
"article","5","high","missing_faq_schema","Best Garmin Striker 4 Mount for Kayak Fishing","https://iboltmounts.com/blogs/news/best-garmin-striker-4-mount-for-kayak-fishing","Visible FAQ content exists without FAQPage JSON-LD."
"article","5","high","missing_faq_schema","Best Fish Finder Mount for Pontoon Boat Rails","https://iboltmounts.com/blogs/news/best-fish-finder-mount-for-pontoon-boat-rails","Visible FAQ content exists without FAQPage JSON-LD."
"article","5","high","missing_faq_schema","Best Boat Phone Mount for Rough Water","https://iboltmounts.com/blogs/news/best-boat-phone-mount-for-rough-water","Visible FAQ content exists without FAQPage JSON-LD."
"article","5","high","missing_faq_schema","iBOLT vs iOttie for Delivery Driving","https://iboltmounts.com/blogs/news/ibolt-vs-iottie-for-delivery-driving","Visible FAQ content exists without FAQPage JSON-LD."
"article","5","high","missing_faq_schema","iBOLT vs RAM for Fleet Phone Mounting","https://iboltmounts.com/blogs/news/ibolt-vs-ram-for-fleet-phone-mounting","Visible FAQ content exists without FAQPage JSON-LD."
"article","5","high","missing_faq_schema","iBOLT vs Bouncepad vs Mount-It for Restaurant Tablet Security","https://iboltmounts.com/blogs/news/ibolt-vs-bouncepad-vs-mount-it-for-restaurant-tablet-security","Visible FAQ content exists without FAQPage JSON-LD."
"article","5","high","missing_faq_schema","iBOLT Phone Mounts for DoorDash and Uber Eats Drivers","https://iboltmounts.com/blogs/news/ibolt-phone-mounts-for-doordash-and-uber-eats-drivers","Visible FAQ content exists without FAQPage JSON-LD."
"article","5","high","missing_faq_schema","iBOLT Dock'n Lock for Restaurant Counters","https://iboltmounts.com/blogs/news/ibolt-dockn-lock-for-restaurant-counters","Visible FAQ content exists without FAQPage JSON-LD."
"article","5","high","missing_faq_schema","Why Delivery Drivers Need a Commercial-Grade Phone Mount","https://iboltmounts.com/blogs/news/why-delivery-drivers-need-a-commercial-grade-phone-mount","Visible FAQ content exists without FAQPage JSON-LD."
"article","5","high","missing_faq_schema","Magnetic vs Clamp Phone Mounts for Delivery Work","https://iboltmounts.com/blogs/news/magnetic-vs-clamp-phone-mounts-for-delivery-work","Visible FAQ content exists without FAQPage JSON-LD."
"article","5","high","missing_faq_schema","How to Set Up Multiple Tablets for DoorDash, Uber Eats, and Grubhub","https://iboltmounts.com/blogs/news/how-to-set-up-multiple-tablets-for-doordash-uber-eats-and-grubhub","Visible FAQ content exists without FAQPage JSON-LD."
"article","5","high","missing_faq_schema","Best Tablet Mount for Restaurant POS and Delivery Apps","https://iboltmounts.com/blogs/news/best-tablet-mount-for-restaurant-pos-and-delivery-apps","Visible FAQ content exists without FAQPage JSON-LD."
"article","5","high","missing_faq_schema","Best Phone Mount for Instacart and Grocery Delivery Drivers","https://iboltmounts.com/blogs/news/best-phone-mount-for-instacart-and-grocery-delivery-drivers","Visible FAQ content exists without FAQPage JSON-LD."
"article","5","high","missing_faq_schema","Best Phone Mount for Construction Vehicles and Work Trucks","https://iboltmounts.com/blogs/news/best-phone-mount-for-construction-vehicles-and-work-trucks","Visible FAQ content exists without FAQPage JSON-LD."
"article","5","high","missing_faq_schema","Best Phone Mount for Amazon Flex and Delivery Vans","https://iboltmounts.com/blogs/news/best-phone-mount-for-amazon-flex-and-delivery-vans","Visible FAQ content exists without FAQPage JSON-LD."
"article","5","high","missing_faq_schema","Best Restaurant Tablet Mounts for Delivery Apps and POS (2026 Guide)","https://iboltmounts.com/blogs/news/best-restaurant-tablet-mounts-for-delivery-apps-and-pos-2026-guide","Visible FAQ content exists without FAQPage JSON-LD."
"article","5","high","missing_faq_schema","iBOLT Modular Mounting System: 300+ Parts, Unlimited Configurations (2026 Guide)","https://iboltmounts.com/blogs/news/ibolt-modular-mounting-system-300-parts-unlimited-configurations-2026-guide","Visible FAQ content exists without FAQPage JSON-LD."
"article","5","high","missing_faq_schema","How to Mount a Tablet to a Forklift: Complete Guide (2026)","https://iboltmounts.com/blogs/news/how-to-mount-a-tablet-to-a-forklift-complete-guide-2026","Visible FAQ content exists without FAQPage JSON-LD."
"article","5","high","missing_faq_schema","Why Modular Mounting Systems Beat One-Piece Mounts: The Case for iBOLT's 300+ Part Ecosystem","https://iboltmounts.com/blogs/news/why-modular-mounting-systems-beat-one-piece-mounts-the-case-for-ibolts-300-part-ecosystem","Visible FAQ content exists without FAQPage JSON-LD."
"article","5","high","missing_faq_schema","iBOLT vs RAM Mount: Which Is Better for Warehouses, Forklifts, and Commercial Use? (2026)","https://iboltmounts.com/blogs/news/ibolt-vs-ram-mount-which-is-better-for-warehouses-forklifts-and-commercial-use-2026","Visible FAQ content exists without FAQPage JSON-LD."
"article","5","high","missing_faq_schema","Best Restaurant Tablet Mounts and POS Stands (2026 Comparison)","https://iboltmounts.com/blogs/news/best-restaurant-tablet-mounts-and-pos-stands-2026-comparison","Visible FAQ content exists without FAQPage JSON-LD."
"article","5","high","missing_faq_schema","Best Forklift Tablet Mounts for Warehouses (2026 Comparison)","https://iboltmounts.com/blogs/news/best-forklift-tablet-mounts-for-warehouses-2026-comparison","Visible FAQ content exists without FAQPage JSON-LD."
"article","5","high","missing_faq_schema","Best Tablet and Phone Mounts for Trucks and ELD Compliance (2026)","https://iboltmounts.com/blogs/news/best-tablet-and-phone-mounts-for-trucks-and-eld-compliance-2026","Visible FAQ content exists without FAQPage JSON-LD."
"article","5","high","missing_faq_schema","Best Barcode Scanner Mounts for Forklifts and Warehouses (2026)","https://iboltmounts.com/blogs/news/best-barcode-scanner-mounts-for-forklifts-and-warehouses-2026","Visible FAQ content exists without FAQPage JSON-LD."
"product","5","low","public_fetch","iBOLT ComfortiBOLT Bedside Mount Kit – Tablet & Phone Holder","https://iboltmounts.com/products/ibolt-comfortibolt-bedside-mount-kit-tablet-phone-holder","Public URL returned 429 during audit; excluded from public template/schema scoring to avoid false SEO failures."
"product","5","medium","missing_product_type","iBOLT ComfortiBOLT Bedside Mount Kit – Tablet & Phone Holder","https://iboltmounts.com/products/ibolt-comfortibolt-bedside-mount-kit-tablet-phone-holder","Product type is empty."
"product","5","medium","missing_product_tags","iBOLT ComfortiBOLT Bedside Mount Kit – Tablet & Phone Holder","https://iboltmounts.com/products/ibolt-comfortibolt-bedside-mount-kit-tablet-phone-holder","Product tags are empty."
"product","5","low","public_fetch","iBOLT XL Forklift Barcode Scanner Holder 38mm Mount","https://iboltmounts.com/products/ibolt-xl-forklift-barcode-scanner-holder-38mm-mount","Public URL returned 429 during audit; excluded from public template/schema scoring to avoid false SEO failures."
"product","5","medium","missing_product_type","iBOLT XL Forklift Barcode Scanner Holder 38mm Mount","https://iboltmounts.com/products/ibolt-xl-forklift-barcode-scanner-holder-38mm-mount","Product type is empty."
"product","5","medium","missing_product_tags","iBOLT XL Forklift Barcode Scanner Holder 38mm Mount","https://iboltmounts.com/products/ibolt-xl-forklift-barcode-scanner-holder-38mm-mount","Product tags are empty."
"product","5","low","public_fetch","iBOLT VESA 75x75 / 100x100 Monitor Pillar Mount with 38mm (1.5-inch) Ball Joint","https://iboltmounts.com/products/ibolt-vesa-75x75-100x100-monitor-pillar-mount-with-38mm-1-5-inch-ball-joint-copy","Public URL returned 429 during audit; excluded from public template/schema scoring to avoid false SEO failures."
"product","5","medium","missing_product_type","iBOLT VESA 75x75 / 100x100 Monitor Pillar Mount with 38mm (1.5-inch) Ball Joint","https://iboltmounts.com/products/ibolt-vesa-75x75-100x100-monitor-pillar-mount-with-38mm-1-5-inch-ball-joint-copy","Product type is empty."
"product","5","medium","missing_product_tags","iBOLT VESA 75x75 / 100x100 Monitor Pillar Mount with 38mm (1.5-inch) Ball Joint","https://iboltmounts.com/products/ibolt-vesa-75x75-100x100-monitor-pillar-mount-with-38mm-1-5-inch-ball-joint-copy","Product tags are empty."
"product","5","low","public_fetch","iBOLT Universal Marine & Electronics Mounting Plate","https://iboltmounts.com/products/ibolt-universal-marine-electronics-mounting-plate","Public URL returned 429 during audit; excluded from public template/schema scoring to avoid false SEO failures."
"product","5","medium","missing_product_type","iBOLT Universal Marine & Electronics Mounting Plate","https://iboltmounts.com/products/ibolt-universal-marine-electronics-mounting-plate","Product type is empty."
"product","5","medium","missing_product_tags","iBOLT Universal Marine & Electronics Mounting Plate","https://iboltmounts.com/products/ibolt-universal-marine-electronics-mounting-plate","Product tags are empty."
"product","5","low","public_fetch","iBOLT 17mm ExtendiBOLT Triple Suction Cup Mount","https://iboltmounts.com/products/ibolt-17mm-extendibolt-triple-suction-cup-mount","Public URL returned 429 during audit; excluded from public template/schema scoring to avoid false SEO failures."
"product","5","medium","missing_product_type","iBOLT 17mm ExtendiBOLT Triple Suction Cup Mount","https://iboltmounts.com/products/ibolt-17mm-extendibolt-triple-suction-cup-mount","Product type is empty."
"product","5","medium","missing_product_tags","iBOLT 17mm ExtendiBOLT Triple Suction Cup Mount","https://iboltmounts.com/products/ibolt-17mm-extendibolt-triple-suction-cup-mount","Product tags are empty."
"product","5","low","public_fetch","iBOLT TabDock ExtendiBOLT Dual Suction Cup Mount","https://iboltmounts.com/products/ibolt-tabdock-extendibolt-dual-suction-cup-mount","Public URL returned 429 during audit; excluded from public template/schema scoring to avoid false SEO failures."
"product","5","medium","missing_product_type","iBOLT TabDock ExtendiBOLT Dual Suction Cup Mount","https://iboltmounts.com/products/ibolt-tabdock-extendibolt-dual-suction-cup-mount","Product type is empty."
"product","5","medium","missing_product_tags","iBOLT TabDock ExtendiBOLT Dual Suction Cup Mount","https://iboltmounts.com/products/ibolt-tabdock-extendibolt-dual-suction-cup-mount","Product tags are empty."
"product","5","low","public_fetch","iBOLT TabDock ExtendiBOLT Triple Suction Cup Mount","https://iboltmounts.com/products/ibolt-tabdock-extendibolt-triple-suction-cup-mount","Public URL returned 429 during audit; excluded from public template/schema scoring to avoid false SEO failures."
"product","5","medium","missing_product_type","iBOLT TabDock ExtendiBOLT Triple Suction Cup Mount","https://iboltmounts.com/products/ibolt-tabdock-extendibolt-triple-suction-cup-mount","Product type is empty."
"product","5","medium","missing_product_tags","iBOLT TabDock ExtendiBOLT Triple Suction Cup Mount","https://iboltmounts.com/products/ibolt-tabdock-extendibolt-triple-suction-cup-mount","Product tags are empty."
"product","5","low","public_fetch","iBOLT VESA 100x100 triMag Magnetic Monitor Mount","https://iboltmounts.com/products/ibolt-vesa-trimag-magnetic-monitor-mount-heavy-duty-screen-mount-with-38mm-ball-joints-and-vesa-75x75-100x100-plate-for-forklifts-warehouse-vehicles-and-material-handling-equipment","Public URL returned 429 during audit; excluded from public template/schema scoring to avoid false SEO failures."
"product","5","medium","missing_product_type","iBOLT VESA 100x100 triMag Magnetic Monitor Mount","https://iboltmounts.com/products/ibolt-vesa-trimag-magnetic-monitor-mount-heavy-duty-screen-mount-with-38mm-ball-joints-and-vesa-75x75-100x100-plate-for-forklifts-warehouse-vehicles-and-material-handling-equipment","Product type is empty."
"product","5","medium","missing_product_tags","iBOLT VESA 100x100 triMag Magnetic Monitor Mount","https://iboltmounts.com/products/ibolt-vesa-trimag-magnetic-monitor-mount-heavy-duty-screen-mount-with-38mm-ball-joints-and-vesa-75x75-100x100-plate-for-forklifts-warehouse-vehicles-and-material-handling-equipment","Product tags are empty."
"product","5","low","public_fetch","iBOLT AMPS Forklift Pillar Mount with 57mm (2.25-inch) Ball Joint and 5.25"" Metal Arm","https://iboltmounts.com/products/ibolt-amps-monitor-pillar-mount-with-57mm-2-25-inch-ball-joint","Public URL returned 429 during audit; excluded from public template/schema scoring to avoid false SEO failures."
"product","5","medium","missing_product_type","iBOLT AMPS Forklift Pillar Mount with 57mm (2.25-inch) Ball Joint and 5.25"" Metal Arm","https://iboltmounts.com/products/ibolt-amps-monitor-pillar-mount-with-57mm-2-25-inch-ball-joint","Product type is empty."
"product","5","medium","missing_product_tags","iBOLT AMPS Forklift Pillar Mount with 57mm (2.25-inch) Ball Joint and 5.25"" Metal Arm","https://iboltmounts.com/products/ibolt-amps-monitor-pillar-mount-with-57mm-2-25-inch-ball-joint","Product tags are empty."
"product","5","low","public_fetch","iBOLT VESA 75x75 / 100x100 Monitor Pillar Mount with 57mm (2.25-inch) Ball Joint","https://iboltmounts.com/products/ibolt-vesa-75x75-100x100-monitor-pillar-mount-with-57mm-2-5-inch-ball-joint","Public URL returned 429 during audit; excluded from public template/schema scoring to avoid false SEO failures."
"product","5","medium","missing_product_type","iBOLT VESA 75x75 / 100x100 Monitor Pillar Mount with 57mm (2.25-inch) Ball Joint","https://iboltmounts.com/products/ibolt-vesa-75x75-100x100-monitor-pillar-mount-with-57mm-2-5-inch-ball-joint","Product type is empty."
"product","5","medium","missing_product_tags","iBOLT VESA 75x75 / 100x100 Monitor Pillar Mount with 57mm (2.25-inch) Ball Joint","https://iboltmounts.com/products/ibolt-vesa-75x75-100x100-monitor-pillar-mount-with-57mm-2-5-inch-ball-joint","Product tags are empty."
"product","5","low","public_fetch","iBOLT 20mm Clamp - Secure Mount for ATVs, UTVs & Ag Equipment","https://iboltmounts.com/products/ibolt-20mm-clamp-secure-mount-for-atvs-utvs-ag-equipment","Public URL returned 429 during audit; excluded from public template/schema scoring to avoid false SEO failures."
"product","5","medium","missing_product_type","iBOLT 20mm Clamp - Secure Mount for ATVs, UTVs & Ag Equipment","https://iboltmounts.com/products/ibolt-20mm-clamp-secure-mount-for-atvs-utvs-ag-equipment","Product type is empty."
"product","5","medium","missing_product_tags","iBOLT 20mm Clamp - Secure Mount for ATVs, UTVs & Ag Equipment","https://iboltmounts.com/products/ibolt-20mm-clamp-secure-mount-for-atvs-utvs-ag-equipment","Product tags are empty."
"product","5","low","public_fetch","iBOLT 1/4 20 Camera Screw IncrediBOLT Suction Cup Mount – Secure, Adjustable Mount for Cameras & Accessories","https://iboltmounts.com/products/ibolt-1-4-20-camera-screw-incredibolt-suction-cup-mount-secure-adjustable-mount-for-cameras-accessories","Public URL returned 429 during audit; excluded from public template/schema scoring to avoid false SEO failures."
"product","5","medium","missing_product_type","iBOLT 1/4 20 Camera Screw IncrediBOLT Suction Cup Mount – Secure, Adjustable Mount for Cameras & Accessories","https://iboltmounts.com/products/ibolt-1-4-20-camera-screw-incredibolt-suction-cup-mount-secure-adjustable-mount-for-cameras-accessories","Product type is empty."
"product","5","medium","missing_product_tags","iBOLT 1/4 20 Camera Screw IncrediBOLT Suction Cup Mount – Secure, Adjustable Mount for Cameras & Accessories","https://iboltmounts.com/products/ibolt-1-4-20-camera-screw-incredibolt-suction-cup-mount-secure-adjustable-mount-for-cameras-accessories","Product tags are empty."
"product","5","low","public_fetch","iBOLT TabDock POS Tablet Stand","https://iboltmounts.com/products/ibolt-tabdock-pos-tablet-stand","Public URL returned 429 during audit; excluded from public template/schema scoring to avoid false SEO failures."
"product","5","medium","missing_product_type","iBOLT TabDock POS Tablet Stand","https://iboltmounts.com/products/ibolt-tabdock-pos-tablet-stand","Product type is empty."
"product","5","medium","missing_product_tags","iBOLT TabDock POS Tablet Stand","https://iboltmounts.com/products/ibolt-tabdock-pos-tablet-stand","Product tags are empty."
"product","5","low","public_fetch","iBOLT Dock’n Lock POS Tablet Stand","https://iboltmounts.com/products/ibolt-dock-n-lock-pos-tablet-stand","Public URL returned 429 during audit; excluded from public template/schema scoring to avoid false SEO failures."
"product","5","medium","missing_product_type","iBOLT Dock’n Lock POS Tablet Stand","https://iboltmounts.com/products/ibolt-dock-n-lock-pos-tablet-stand","Product type is empty."
"product","5","medium","missing_product_tags","iBOLT Dock’n Lock POS Tablet Stand","https://iboltmounts.com/products/ibolt-dock-n-lock-pos-tablet-stand","Product tags are empty."
"product","5","low","public_fetch","iBOLT Dock’n Lock POS Phone Stand","https://iboltmounts.com/products/ibolt-dock-n-lock-pos-phone-stand","Public URL returned 429 during audit; excluded from public template/schema scoring to avoid false SEO failures."
"product","5","medium","missing_product_type","iBOLT Dock’n Lock POS Phone Stand","https://iboltmounts.com/products/ibolt-dock-n-lock-pos-phone-stand","Product type is empty."
"product","5","medium","missing_product_tags","iBOLT Dock’n Lock POS Phone Stand","https://iboltmounts.com/products/ibolt-dock-n-lock-pos-phone-stand","Product tags are empty."
"product","5","low","public_fetch","iBOLT 25mm/ 1-inch dualMag Industrial Strength Magnetic Base","https://iboltmounts.com/products/ibolt-25mm-1-inch-dualmag-industrial-strength-magnetic-base","Public URL returned 429 during audit; excluded from public template/schema scoring to avoid false SEO failures."
"product","5","medium","missing_product_type","iBOLT 25mm/ 1-inch dualMag Industrial Strength Magnetic Base","https://iboltmounts.com/products/ibolt-25mm-1-inch-dualmag-industrial-strength-magnetic-base","Product type is empty."
"product","5","medium","missing_product_tags","iBOLT 25mm/ 1-inch dualMag Industrial Strength Magnetic Base","https://iboltmounts.com/products/ibolt-25mm-1-inch-dualmag-industrial-strength-magnetic-base","Product tags are empty."
"product","5","low","public_fetch","iBOLT XL Barcode Scanner triMag Low-Profile Strong Magnetic Mount","https://iboltmounts.com/products/ibolt-xl-barcode-scanner-dualmag-low-profile-strong-magnetic-mount","Public URL returned 429 during audit; excluded from public template/schema scoring to avoid false SEO failures."
"product","5","medium","missing_product_type","iBOLT XL Barcode Scanner triMag Low-Profile Strong Magnetic Mount","https://iboltmounts.com/products/ibolt-xl-barcode-scanner-dualmag-low-profile-strong-magnetic-mount","Product type is empty."
"product","5","medium","missing_product_tags","iBOLT XL Barcode Scanner triMag Low-Profile Strong Magnetic Mount","https://iboltmounts.com/products/ibolt-xl-barcode-scanner-dualmag-low-profile-strong-magnetic-mount","Product tags are empty."
"product","5","low","public_fetch","iBOLT XL Barcode Scanner BizMount Magnetic Mount","https://iboltmounts.com/products/ibolt-xl-barcode-scanner-bizmount-magnetic-mount-heavy-duty-88mm-magnetic-base-for-warehouse-vehicles-inventory-management-material-handling","Public URL returned 429 during audit; excluded from public template/schema scoring to avoid false SEO failures."
"product","5","medium","missing_product_type","iBOLT XL Barcode Scanner BizMount Magnetic Mount","https://iboltmounts.com/products/ibolt-xl-barcode-scanner-bizmount-magnetic-mount-heavy-duty-88mm-magnetic-base-for-warehouse-vehicles-inventory-management-material-handling","Product type is empty."
"product","5","medium","missing_product_tags","iBOLT XL Barcode Scanner BizMount Magnetic Mount","https://iboltmounts.com/products/ibolt-xl-barcode-scanner-bizmount-magnetic-mount-heavy-duty-88mm-magnetic-base-for-warehouse-vehicles-inventory-management-material-handling","Product tags are empty."
"product","5","low","public_fetch","iBOLT XL Barcode Scanner Magnetic Mount – Heavy-Duty 88mm Magnetic Base for Warehouse Vehicles, Inventory Management & Material Handling","https://iboltmounts.com/products/ibolt-xl-barcode-scanner-magnetic-mount-heavy-duty-88mm-magnetic-base-for-warehouse-vehicles-inventory-management-material-handling","Public URL returned 429 during audit; excluded from public template/schema scoring to avoid false SEO failures."
"product","5","medium","missing_product_type","iBOLT XL Barcode Scanner Magnetic Mount – Heavy-Duty 88mm Magnetic Base for Warehouse Vehicles, Inventory Management & Material Handling","https://iboltmounts.com/products/ibolt-xl-barcode-scanner-magnetic-mount-heavy-duty-88mm-magnetic-base-for-warehouse-vehicles-inventory-management-material-handling","Product type is empty."
"product","5","medium","missing_product_tags","iBOLT XL Barcode Scanner Magnetic Mount – Heavy-Duty 88mm Magnetic Base for Warehouse Vehicles, Inventory Management & Material Handling","https://iboltmounts.com/products/ibolt-xl-barcode-scanner-magnetic-mount-heavy-duty-88mm-magnetic-base-for-warehouse-vehicles-inventory-management-material-handling","Product tags are empty."
"product","5","low","public_fetch","iBOLT TabDock BizMount dualMag Low-Profile Strong Magnetic Mount for 7 to 10 inch Tablets","https://iboltmounts.com/products/ibolt-tabdock-bizmount-dualmag-low-profile-strong-magnetic-mount-for-7-to-10-inch-tablets","Public URL returned 429 during audit; excluded from public template/schema scoring to avoid false SEO failures."
"product","5","medium","missing_product_type","iBOLT TabDock BizMount dualMag Low-Profile Strong Magnetic Mount for 7 to 10 inch Tablets","https://iboltmounts.com/products/ibolt-tabdock-bizmount-dualmag-low-profile-strong-magnetic-mount-for-7-to-10-inch-tablets","Product type is empty."
"product","5","medium","missing_product_tags","iBOLT TabDock BizMount dualMag Low-Profile Strong Magnetic Mount for 7 to 10 inch Tablets","https://iboltmounts.com/products/ibolt-tabdock-bizmount-dualmag-low-profile-strong-magnetic-mount-for-7-to-10-inch-tablets","Product tags are empty."
"product","5","low","public_fetch","iBOLT TabDock AccessiBOLT Universal Wheelchair Multi-Arm Mobility Tablet Mount","https://iboltmounts.com/products/ibolt-tabdock-accessibolt-universal-wheelchair-multi-arm-mobility-tablet-mount","Public URL returned 429 during audit; excluded from public template/schema scoring to avoid false SEO failures."
"product","5","medium","missing_product_type","iBOLT TabDock AccessiBOLT Universal Wheelchair Multi-Arm Mobility Tablet Mount","https://iboltmounts.com/products/ibolt-tabdock-accessibolt-universal-wheelchair-multi-arm-mobility-tablet-mount","Product type is empty."
"product","5","medium","missing_product_tags","iBOLT TabDock AccessiBOLT Universal Wheelchair Multi-Arm Mobility Tablet Mount","https://iboltmounts.com/products/ibolt-tabdock-accessibolt-universal-wheelchair-multi-arm-mobility-tablet-mount","Product tags are empty."
"product","5","low","public_fetch","iBOLT TabDock AccessiBOLT Universal Wheelchair Mobility Tablet Mount","https://iboltmounts.com/products/ibolt-tabdock-accessibolt-universal-wheelchair-mobility-tablet-mount","Public URL returned 429 during audit; excluded from public template/schema scoring to avoid false SEO failures."
"product","5","medium","missing_product_type","iBOLT TabDock AccessiBOLT Universal Wheelchair Mobility Tablet Mount","https://iboltmounts.com/products/ibolt-tabdock-accessibolt-universal-wheelchair-mobility-tablet-mount","Product type is empty."
"product","5","medium","missing_product_tags","iBOLT TabDock AccessiBOLT Universal Wheelchair Mobility Tablet Mount","https://iboltmounts.com/products/ibolt-tabdock-accessibolt-universal-wheelchair-mobility-tablet-mount","Product tags are empty."
"product","5","low","public_fetch","iBOLT AccessiBOLT Dock’n Lock Wheelchair Multi-Angle Mobility Tablet Mount","https://iboltmounts.com/products/ibolt-accessibolt-dock-n-lock-wheelchair-multi-angle-mobility-tablet-mount","Public URL returned 429 during audit; excluded from public template/schema scoring to avoid false SEO failures."
"product","5","medium","missing_product_type","iBOLT AccessiBOLT Dock’n Lock Wheelchair Multi-Angle Mobility Tablet Mount","https://iboltmounts.com/products/ibolt-accessibolt-dock-n-lock-wheelchair-multi-angle-mobility-tablet-mount","Product type is empty."
"product","5","medium","missing_product_tags","iBOLT AccessiBOLT Dock’n Lock Wheelchair Multi-Angle Mobility Tablet Mount","https://iboltmounts.com/products/ibolt-accessibolt-dock-n-lock-wheelchair-multi-angle-mobility-tablet-mount","Product tags are empty."
"product","5","low","public_fetch","iBOLT AccessiBOLT Dock’n Lock Wheelchair Mobility Tablet Mount","https://iboltmounts.com/products/ibolt-accessibolt-dock-n-lock-wheelchair-mobility-tablet-mount","Public URL returned 429 during audit; excluded from public template/schema scoring to avoid false SEO failures."
"product","5","medium","missing_product_type","iBOLT AccessiBOLT Dock’n Lock Wheelchair Mobility Tablet Mount","https://iboltmounts.com/products/ibolt-accessibolt-dock-n-lock-wheelchair-mobility-tablet-mount","Product type is empty."
"product","5","medium","missing_product_tags","iBOLT AccessiBOLT Dock’n Lock Wheelchair Mobility Tablet Mount","https://iboltmounts.com/products/ibolt-accessibolt-dock-n-lock-wheelchair-mobility-tablet-mount","Product tags are empty."
"product","5","low","public_fetch","iBOLT 20mm Metal Ball to ¼ 20 Camera Screw Mount Adapter - for All Industry Standard 20mm mounts","https://iboltmounts.com/products/ibolt-20mm-metal-ball-to-20-camera-screw-mount-adapter-for-all-industry-standard-20mm-mounts","Public URL returned 429 during audit; excluded from public template/schema scoring to avoid false SEO failures."
"product","5","medium","missing_product_type","iBOLT 20mm Metal Ball to ¼ 20 Camera Screw Mount Adapter - for All Industry Standard 20mm mounts","https://iboltmounts.com/products/ibolt-20mm-metal-ball-to-20-camera-screw-mount-adapter-for-all-industry-standard-20mm-mounts","Product type is empty."
"product","5","medium","missing_product_tags","iBOLT 20mm Metal Ball to ¼ 20 Camera Screw Mount Adapter - for All Industry Standard 20mm mounts","https://iboltmounts.com/products/ibolt-20mm-metal-ball-to-20-camera-screw-mount-adapter-for-all-industry-standard-20mm-mounts","Product tags are empty."
"product","5","low","public_fetch","cPro Holder with Integrated USB-C Cable","https://iboltmounts.com/products/cpro-holder-with-integrated-usb-c-cable","Public URL returned 429 during audit; excluded from public template/schema scoring to avoid false SEO failures."
"product","5","medium","missing_product_type","cPro Holder with Integrated USB-C Cable","https://iboltmounts.com/products/cpro-holder-with-integrated-usb-c-cable","Product type is empty."
"product","5","medium","missing_product_tags","cPro Holder with Integrated USB-C Cable","https://iboltmounts.com/products/cpro-holder-with-integrated-usb-c-cable","Product tags are empty."
"product","5","low","public_fetch","iBOLT ChargeDock USB-C AMPS Ultimate Magnetic Vehicle Dock/Mount/Holder w/ 2m USB Certified Type C to USB-A Charging Cable","https://iboltmounts.com/products/ibolt-chargedock-usb-c-amps-ultimate-magnetic-vehicle-dock-mount-holder-w-2m-usb-certified-type-c-to-usb-a-charging-cable","Public URL returned 429 during audit; excluded from public template/schema scoring to avoid false SEO failures."
"product","5","medium","missing_product_type","iBOLT ChargeDock USB-C AMPS Ultimate Magnetic Vehicle Dock/Mount/Holder w/ 2m USB Certified Type C to USB-A Charging Cable","https://iboltmounts.com/products/ibolt-chargedock-usb-c-amps-ultimate-magnetic-vehicle-dock-mount-holder-w-2m-usb-certified-type-c-to-usb-a-charging-cable","Product type is empty."
"product","5","medium","missing_product_tags","iBOLT ChargeDock USB-C AMPS Ultimate Magnetic Vehicle Dock/Mount/Holder w/ 2m USB Certified Type C to USB-A Charging Cable","https://iboltmounts.com/products/ibolt-chargedock-usb-c-amps-ultimate-magnetic-vehicle-dock-mount-holder-w-2m-usb-certified-type-c-to-usb-a-charging-cable","Product tags are empty."
"product","5","low","public_fetch","iBOLT Action Camera / ¼ inch 20 to 25mm / 1 inch/B Size Ball Adapter","https://iboltmounts.com/products/ibolt-action-camera-inch-20-to-25mm-1-inch-b-size-ball-adapter","Public URL returned 429 during audit; excluded from public template/schema scoring to avoid false SEO failures."
"product","5","medium","missing_product_type","iBOLT Action Camera / ¼ inch 20 to 25mm / 1 inch/B Size Ball Adapter","https://iboltmounts.com/products/ibolt-action-camera-inch-20-to-25mm-1-inch-b-size-ball-adapter","Product type is empty."
"product","5","medium","missing_product_tags","iBOLT Action Camera / ¼ inch 20 to 25mm / 1 inch/B Size Ball Adapter","https://iboltmounts.com/products/ibolt-action-camera-inch-20-to-25mm-1-inch-b-size-ball-adapter","Product tags are empty."
"product","5","low","public_fetch","iBOLT miniProXL AccessiBOLT Seat Track- for 2.2""-3.7"" screen phones- Great for Wheelchairs, Rehab Chairs, and Mobility Devices with a Track System","https://iboltmounts.com/products/ibolt-miniproxl-accessibolt-seat-track-for-2-2-3-7-screen-phones-great-for-wheelchairs-rehab-chairs-and-mobility-devices-with-a-track-system","Public URL returned 429 during audit; excluded from public template/schema scoring to avoid false SEO failures."
"product","5","medium","missing_product_type","iBOLT miniProXL AccessiBOLT Seat Track- for 2.2""-3.7"" screen phones- Great for Wheelchairs, Rehab Chairs, and Mobility Devices with a Track System","https://iboltmounts.com/products/ibolt-miniproxl-accessibolt-seat-track-for-2-2-3-7-screen-phones-great-for-wheelchairs-rehab-chairs-and-mobility-devices-with-a-track-system","Product type is empty."
"product","5","medium","missing_product_tags","iBOLT miniProXL AccessiBOLT Seat Track- for 2.2""-3.7"" screen phones- Great for Wheelchairs, Rehab Chairs, and Mobility Devices with a Track System","https://iboltmounts.com/products/ibolt-miniproxl-accessibolt-seat-track-for-2-2-3-7-screen-phones-great-for-wheelchairs-rehab-chairs-and-mobility-devices-with-a-track-system","Product tags are empty."
"product","5","low","public_fetch","iBOLT Diamond AMPS Plate AccessiBOLT ArmTrack- Great for Wheelchairs, Rehab Chairs, and Mobility Devices with a Track System","https://iboltmounts.com/products/ibolt-diamond-amps-plate-accessibolt-armtrack-great-for-wheelchairs-rehab-chairs-and-mobility-devices-with-a-track-system","Public URL returned 429 during audit; excluded from public template/schema scoring to avoid false SEO failures."
"product","5","medium","missing_product_type","iBOLT Diamond AMPS Plate AccessiBOLT ArmTrack- Great for Wheelchairs, Rehab Chairs, and Mobility Devices with a Track System","https://iboltmounts.com/products/ibolt-diamond-amps-plate-accessibolt-armtrack-great-for-wheelchairs-rehab-chairs-and-mobility-devices-with-a-track-system","Product type is empty."
"product","5","medium","missing_product_tags","iBOLT Diamond AMPS Plate AccessiBOLT ArmTrack- Great for Wheelchairs, Rehab Chairs, and Mobility Devices with a Track System","https://iboltmounts.com/products/ibolt-diamond-amps-plate-accessibolt-armtrack-great-for-wheelchairs-rehab-chairs-and-mobility-devices-with-a-track-system","Product tags are empty."
"product","5","low","public_fetch","iBOLT miniProXL AccessiBOLT ArmTrack- for Wheelchairs, Rehab Chairs, and Mobility Devices with a Track System","https://iboltmounts.com/products/ibolt-miniproxl-accessibolt-armtrack-for-wheelchairs-rehab-chairs-and-mobility-devices-with-a-track-system","Public URL returned 429 during audit; excluded from public template/schema scoring to avoid false SEO failures."
"product","5","medium","missing_product_type","iBOLT miniProXL AccessiBOLT ArmTrack- for Wheelchairs, Rehab Chairs, and Mobility Devices with a Track System","https://iboltmounts.com/products/ibolt-miniproxl-accessibolt-armtrack-for-wheelchairs-rehab-chairs-and-mobility-devices-with-a-track-system","Product type is empty."
"product","5","medium","missing_product_tags","iBOLT miniProXL AccessiBOLT ArmTrack- for Wheelchairs, Rehab Chairs, and Mobility Devices with a Track System","https://iboltmounts.com/products/ibolt-miniproxl-accessibolt-armtrack-for-wheelchairs-rehab-chairs-and-mobility-devices-with-a-track-system","Product tags are empty."
"product","5","low","public_fetch","iBOLT AccessiBOLT ArmTrack- for Wheelchairs, Rehab Chairs, and Mobility Devices with a Track System","https://iboltmounts.com/products/ibolt-armtrack-for-wheelchairs-rehab-chairs-and-mobility-devices-with-a-track-system","Public URL returned 429 during audit; excluded from public template/schema scoring to avoid false SEO failures."
"product","5","medium","missing_product_type","iBOLT AccessiBOLT ArmTrack- for Wheelchairs, Rehab Chairs, and Mobility Devices with a Track System","https://iboltmounts.com/products/ibolt-armtrack-for-wheelchairs-rehab-chairs-and-mobility-devices-with-a-track-system","Product type is empty."
"product","5","medium","missing_product_tags","iBOLT AccessiBOLT ArmTrack- for Wheelchairs, Rehab Chairs, and Mobility Devices with a Track System","https://iboltmounts.com/products/ibolt-armtrack-for-wheelchairs-rehab-chairs-and-mobility-devices-with-a-track-system","Product tags are empty."
"product","5","low","public_fetch","iBOLT VESA 75x75 mm/ 100x100 mm IncrediBOLT™ Forklift Mount","https://iboltmounts.com/products/ibolt-vesa-75x75-mm-100x100-mm-incredibolt-forklift-mount","Public URL returned 429 during audit; excluded from public template/schema scoring to avoid false SEO failures."
"product","5","medium","missing_product_type","iBOLT VESA 75x75 mm/ 100x100 mm IncrediBOLT™ Forklift Mount","https://iboltmounts.com/products/ibolt-vesa-75x75-mm-100x100-mm-incredibolt-forklift-mount","Product type is empty."
"product","5","medium","missing_product_tags","iBOLT VESA 75x75 mm/ 100x100 mm IncrediBOLT™ Forklift Mount","https://iboltmounts.com/products/ibolt-vesa-75x75-mm-100x100-mm-incredibolt-forklift-mount","Product tags are empty."
"product","5","low","public_fetch","iBOLT VESA 75x75 mm/ 100x100 mm Monitor Pillar Mount","https://iboltmounts.com/products/ibolt-vesa-75x75-mm-100x100-mm-monitor-pillar-mount","Public URL returned 429 during audit; excluded from public template/schema scoring to avoid false SEO failures."
"product","5","medium","missing_product_type","iBOLT VESA 75x75 mm/ 100x100 mm Monitor Pillar Mount","https://iboltmounts.com/products/ibolt-vesa-75x75-mm-100x100-mm-monitor-pillar-mount","Product type is empty."
"product","5","medium","missing_product_tags","iBOLT VESA 75x75 mm/ 100x100 mm Monitor Pillar Mount","https://iboltmounts.com/products/ibolt-vesa-75x75-mm-100x100-mm-monitor-pillar-mount","Product tags are empty."
"product","5","low","public_fetch","iBOLT Dock’n Lock Bizmount™- Forklift Locking Tablet Mount","https://iboltmounts.com/products/ibolt-dock-n-lock-bizmount-forklift-locking-tablet-mount","Public URL returned 429 during audit; excluded from public template/schema scoring to avoid false SEO failures."
"product","5","medium","thin_content","iBOLT Dock’n Lock Bizmount™- Forklift Locking Tablet Mount","https://iboltmounts.com/products/ibolt-dock-n-lock-bizmount-forklift-locking-tablet-mount","product body has 67 words; target is at least 80."
"product","5","medium","missing_product_type","iBOLT Dock’n Lock Bizmount™- Forklift Locking Tablet Mount","https://iboltmounts.com/products/ibolt-dock-n-lock-bizmount-forklift-locking-tablet-mount","Product type is empty."
"product","5","low","public_fetch","iBOLT TabDock IncrediBOLT™ 360 Forklift Tablet Mount","https://iboltmounts.com/products/ibolt-tabdock-incredibolt-360-forklift-tablet-mount","Public URL returned 429 during audit; excluded from public template/schema scoring to avoid false SEO failures."
"product","5","medium","thin_content","iBOLT TabDock IncrediBOLT™ 360 Forklift Tablet Mount","https://iboltmounts.com/products/ibolt-tabdock-incredibolt-360-forklift-tablet-mount","product body has 50 words; target is at least 80."
"product","5","medium","missing_product_type","iBOLT TabDock IncrediBOLT™ 360 Forklift Tablet Mount","https://iboltmounts.com/products/ibolt-tabdock-incredibolt-360-forklift-tablet-mount","Product type is empty."
"product","5","low","public_fetch","iBOLT XL Barcode Scanner IncrediBOLT™ 360 Forklift Pillar Mount","https://iboltmounts.com/products/ibolt-xl-barcode-scanner-incredibolt-360-forklift-pillar-mount","Public URL returned 429 during audit; excluded from public template/schema scoring to avoid false SEO failures."
"product","5","medium","thin_content","iBOLT XL Barcode Scanner IncrediBOLT™ 360 Forklift Pillar Mount","https://iboltmounts.com/products/ibolt-xl-barcode-scanner-incredibolt-360-forklift-pillar-mount","product body has 53 words; target is at least 80."
"product","5","medium","missing_product_type","iBOLT XL Barcode Scanner IncrediBOLT™ 360 Forklift Pillar Mount","https://iboltmounts.com/products/ibolt-xl-barcode-scanner-incredibolt-360-forklift-pillar-mount","Product type is empty."
"product","5","low","public_fetch","iBOLT XL Barcode Scanner Magnetic Forklift Mount","https://iboltmounts.com/products/ibolt-xl-barcode-scanner-magnetic-forklift-mount","Public URL returned 429 during audit; excluded from public template/schema scoring to avoid false SEO failures."
"product","5","medium","missing_product_type","iBOLT XL Barcode Scanner Magnetic Forklift Mount","https://iboltmounts.com/products/ibolt-xl-barcode-scanner-magnetic-forklift-mount","Product type is empty."
"product","5","medium","missing_product_tags","iBOLT XL Barcode Scanner Magnetic Forklift Mount","https://iboltmounts.com/products/ibolt-xl-barcode-scanner-magnetic-forklift-mount","Product tags are empty."
"product","5","low","public_fetch","iBOLT TabDock™ IncrediBOLT™ 360 AMPS Tablet Mount","https://iboltmounts.com/products/ibolt-tabdock-dynamount-360-amps-tablet-mount","Public URL returned 429 during audit; excluded from public template/schema scoring to avoid false SEO failures."
"product","5","medium","thin_content","iBOLT TabDock™ IncrediBOLT™ 360 AMPS Tablet Mount","https://iboltmounts.com/products/ibolt-tabdock-dynamount-360-amps-tablet-mount","product body has 71 words; target is at least 80."
"product","5","medium","missing_product_type","iBOLT TabDock™ IncrediBOLT™ 360 AMPS Tablet Mount","https://iboltmounts.com/products/ibolt-tabdock-dynamount-360-amps-tablet-mount","Product type is empty."
"product","5","low","public_fetch","iBOLT Dock'n Lock IncrediBOLT™ 360 AMPS Locking Tablet Mount","https://iboltmounts.com/products/ibolt-dock-n-lock-incredibolt-360-amps-locking-tablet-mount","Public URL returned 429 during audit; excluded from public template/schema scoring to avoid false SEO failures."
"product","5","medium","thin_content","iBOLT Dock'n Lock IncrediBOLT™ 360 AMPS Locking Tablet Mount","https://iboltmounts.com/products/ibolt-dock-n-lock-incredibolt-360-amps-locking-tablet-mount","product body has 75 words; target is at least 80."
"product","5","medium","missing_product_type","iBOLT Dock'n Lock IncrediBOLT™ 360 AMPS Locking Tablet Mount","https://iboltmounts.com/products/ibolt-dock-n-lock-incredibolt-360-amps-locking-tablet-mount","Product type is empty."
"product","5","low","public_fetch","iBOLT Dock'n Lock Incredibolt™ 360 AMPS Locking Tablet Mount","https://iboltmounts.com/products/ibolt-dock-n-lock-incredibolt-360-amps","Public URL returned 429 during audit; excluded from public template/schema scoring to avoid false SEO failures."
"product","5","medium","thin_content","iBOLT Dock'n Lock Incredibolt™ 360 AMPS Locking Tablet Mount","https://iboltmounts.com/products/ibolt-dock-n-lock-incredibolt-360-amps","product body has 76 words; target is at least 80."
"product","5","medium","missing_product_type","iBOLT Dock'n Lock Incredibolt™ 360 AMPS Locking Tablet Mount","https://iboltmounts.com/products/ibolt-dock-n-lock-incredibolt-360-amps","Product type is empty."
"product","5","low","public_fetch","iBOLT Universal Marine Fish Finder IncrediBOLT™ Clamp / Handlebar/ Rail Mount","https://iboltmounts.com/products/ibolt-universal-marine-fish-finder-incredibolt-clamp-handlebar-rail-mount","Public URL returned 429 during audit; excluded from public template/schema scoring to avoid false SEO failures."
"product","5","medium","thin_content","iBOLT Universal Marine Fish Finder IncrediBOLT™ Clamp / Handlebar/ Rail Mount","https://iboltmounts.com/products/ibolt-universal-marine-fish-finder-incredibolt-clamp-handlebar-rail-mount","product body has 75 words; target is at least 80."
"product","5","medium","missing_product_type","iBOLT Universal Marine Fish Finder IncrediBOLT™ Clamp / Handlebar/ Rail Mount","https://iboltmounts.com/products/ibolt-universal-marine-fish-finder-incredibolt-clamp-handlebar-rail-mount","Product type is empty."
"product","5","low","public_fetch","iBOLT Universal Marine Fish Finder Handlebar/ Rail Mount","https://iboltmounts.com/products/ibolt-universal-marine-fish-finder-handlebar-rail-mount","Public URL returned 429 during audit; excluded from public template/schema scoring to avoid false SEO failures."
"product","5","medium","thin_content","iBOLT Universal Marine Fish Finder Handlebar/ Rail Mount","https://iboltmounts.com/products/ibolt-universal-marine-fish-finder-handlebar-rail-mount","product body has 74 words; target is at least 80."
"product","5","medium","missing_product_type","iBOLT Universal Marine Fish Finder Handlebar/ Rail Mount","https://iboltmounts.com/products/ibolt-universal-marine-fish-finder-handlebar-rail-mount","Product type is empty."
"product","5","low","public_fetch","iBOLT GoPro / Action Camera Dual Arm Handlebar / Rail Mount","https://iboltmounts.com/products/ibolt-gopro-action-camera-dual-arm-handlebar-rail-mount","Public URL returned 429 during audit; excluded from public template/schema scoring to avoid false SEO failures."
"product","5","medium","thin_content","iBOLT GoPro / Action Camera Dual Arm Handlebar / Rail Mount","https://iboltmounts.com/products/ibolt-gopro-action-camera-dual-arm-handlebar-rail-mount","product body has 51 words; target is at least 80."
"product","5","medium","missing_product_type","iBOLT GoPro / Action Camera Dual Arm Handlebar / Rail Mount","https://iboltmounts.com/products/ibolt-gopro-action-camera-dual-arm-handlebar-rail-mount","Product type is empty."
"product","5","low","public_fetch","iBOLT 17mm Dual Ball to “Sticky” Suction Cup Mount Base compatible w/ Garmin GPS and iBOLT Phone Holders","https://iboltmounts.com/products/ibolt-17mm-dual-ball-to-sticky-suction-cup-mount-base-compatible-w-garmin-gps-and-ibolt-phone-holders","Public URL returned 429 during audit; excluded from public template/schema scoring to avoid false SEO failures."
"product","5","medium","thin_content","iBOLT 17mm Dual Ball to “Sticky” Suction Cup Mount Base compatible w/ Garmin GPS and iBOLT Phone Holders","https://iboltmounts.com/products/ibolt-17mm-dual-ball-to-sticky-suction-cup-mount-base-compatible-w-garmin-gps-and-ibolt-phone-holders","product body has 49 words; target is at least 80."
"product","5","medium","missing_product_type","iBOLT 17mm Dual Ball to “Sticky” Suction Cup Mount Base compatible w/ Garmin GPS and iBOLT Phone Holders","https://iboltmounts.com/products/ibolt-17mm-dual-ball-to-sticky-suction-cup-mount-base-compatible-w-garmin-gps-and-ibolt-phone-holders","Product type is empty."
"product","5","low","public_fetch","iBOLT 17mm Dual Ball to AMPs Drill Base Mount compatible w/ Garmin GPS and iBOLT Phone Holders","https://iboltmounts.com/products/ibolt-17mm-dual-ball-to-amps-drill-base-mount-base-compatible-w-garmin-gps-and-ibolt-phone-holders","Public URL returned 429 during audit; excluded from public template/schema scoring to avoid false SEO failures."
"product","5","medium","thin_content","iBOLT 17mm Dual Ball to AMPs Drill Base Mount compatible w/ Garmin GPS and iBOLT Phone Holders","https://iboltmounts.com/products/ibolt-17mm-dual-ball-to-amps-drill-base-mount-base-compatible-w-garmin-gps-and-ibolt-phone-holders","product body has 48 words; target is at least 80."
"product","5","medium","missing_product_type","iBOLT 17mm Dual Ball to AMPs Drill Base Mount compatible w/ Garmin GPS and iBOLT Phone Holders","https://iboltmounts.com/products/ibolt-17mm-dual-ball-to-amps-drill-base-mount-base-compatible-w-garmin-gps-and-ibolt-phone-holders","Product type is empty."
"product","5","low","public_fetch","iBOLT Stream-Cast Overhead Camera Rig Desk Mount for DSLR Cameras for Top Down and Front Facing Photography","https://iboltmounts.com/products/ibolt-stream-cast-overhead-camera-rig-desk-mount-for-dslr-cameras-for-top-down-and-front-facing-photography","Public URL returned 429 during audit; excluded from public template/schema scoring to avoid false SEO failures."
"product","5","medium","thin_content","iBOLT Stream-Cast Overhead Camera Rig Desk Mount for DSLR Cameras for Top Down and Front Facing Photography","https://iboltmounts.com/products/ibolt-stream-cast-overhead-camera-rig-desk-mount-for-dslr-cameras-for-top-down-and-front-facing-photography","product body has 53 words; target is at least 80."
"product","5","medium","missing_product_type","iBOLT Stream-Cast Overhead Camera Rig Desk Mount for DSLR Cameras for Top Down and Front Facing Photography","https://iboltmounts.com/products/ibolt-stream-cast-overhead-camera-rig-desk-mount-for-dslr-cameras-for-top-down-and-front-facing-photography","Product type is empty."
"product","5","low","public_fetch","iBOLT™ 25mm / 1 inch Composite Universal Marine Electronic Fish Finder Drill Base Mount","https://iboltmounts.com/products/ibolt-25mm-1-inch-composite-universal-marine-electronic-fish-finder-to-composite-rectangular-amps-pattern-drill-base-dual-ball-mount","Public URL returned 429 during audit; excluded from public template/schema scoring to avoid false SEO failures."
"product","5","medium","thin_content","iBOLT™ 25mm / 1 inch Composite Universal Marine Electronic Fish Finder Drill Base Mount","https://iboltmounts.com/products/ibolt-25mm-1-inch-composite-universal-marine-electronic-fish-finder-to-composite-rectangular-amps-pattern-drill-base-dual-ball-mount","product body has 76 words; target is at least 80."
"product","5","medium","missing_product_type","iBOLT™ 25mm / 1 inch Composite Universal Marine Electronic Fish Finder Drill Base Mount","https://iboltmounts.com/products/ibolt-25mm-1-inch-composite-universal-marine-electronic-fish-finder-to-composite-rectangular-amps-pattern-drill-base-dual-ball-mount","Product type is empty."
"product","5","low","public_fetch","iBOLT™ Mounts- 3.5 inch Composite Arm for 38 mm / 1.5 inch Ball Joint","https://iboltmounts.com/products/ibolt-mounts-3-5-inch-composite-dual-ball-socket-arm-for-38-mm-1-5-inch-ball-joint-adapters-and-bases","Public URL returned 429 during audit; excluded from public template/schema scoring to avoid false SEO failures."
"product","5","medium","thin_content","iBOLT™ Mounts- 3.5 inch Composite Arm for 38 mm / 1.5 inch Ball Joint","https://iboltmounts.com/products/ibolt-mounts-3-5-inch-composite-dual-ball-socket-arm-for-38-mm-1-5-inch-ball-joint-adapters-and-bases","product body has 48 words; target is at least 80."
"product","5","medium","missing_product_type","iBOLT™ Mounts- 3.5 inch Composite Arm for 38 mm / 1.5 inch Ball Joint","https://iboltmounts.com/products/ibolt-mounts-3-5-inch-composite-dual-ball-socket-arm-for-38-mm-1-5-inch-ball-joint-adapters-and-bases","Product type is empty."
"product","5","low","public_fetch","iBOLT™ Mounts- 8.5 inch Metal Arm for 38 mm / 1.5 inch Ball Joint","https://iboltmounts.com/products/ibolt-mounts-8-5-inch-metal-dual-ball-socket-arm-for-38-mm-1-5-inch-ball-joint-adapters-and-bases","Public URL returned 429 during audit; excluded from public template/schema scoring to avoid false SEO failures."
"product","5","medium","thin_content","iBOLT™ Mounts- 8.5 inch Metal Arm for 38 mm / 1.5 inch Ball Joint","https://iboltmounts.com/products/ibolt-mounts-8-5-inch-metal-dual-ball-socket-arm-for-38-mm-1-5-inch-ball-joint-adapters-and-bases","product body has 48 words; target is at least 80."
"product","5","medium","missing_product_type","iBOLT™ Mounts- 8.5 inch Metal Arm for 38 mm / 1.5 inch Ball Joint","https://iboltmounts.com/products/ibolt-mounts-8-5-inch-metal-dual-ball-socket-arm-for-38-mm-1-5-inch-ball-joint-adapters-and-bases","Product type is empty."
"product","5","low","public_fetch","iBOLT™ Mounts- 6 inch Composite Arm for 38 mm / 1.5 inch Ball Joint","https://iboltmounts.com/products/ibolt-mounts-6-inch-composite-dual-ball-socket-arm-for-38-mm-1-5-inch-ball-joint-adapters-and-bases","Public URL returned 429 during audit; excluded from public template/schema scoring to avoid false SEO failures."
"product","5","medium","thin_content","iBOLT™ Mounts- 6 inch Composite Arm for 38 mm / 1.5 inch Ball Joint","https://iboltmounts.com/products/ibolt-mounts-6-inch-composite-dual-ball-socket-arm-for-38-mm-1-5-inch-ball-joint-adapters-and-bases","product body has 53 words; target is at least 80."
"product","5","medium","missing_product_type","iBOLT™ Mounts- 6 inch Composite Arm for 38 mm / 1.5 inch Ball Joint","https://iboltmounts.com/products/ibolt-mounts-6-inch-composite-dual-ball-socket-arm-for-38-mm-1-5-inch-ball-joint-adapters-and-bases","Product type is empty."
"product","5","low","public_fetch","iBOLT sPro2™ AMPS- drill base phone and tablet mounting solution","https://iboltmounts.com/products/ibolt-spro2-amps-drill-base-phone-and-tablet-mounting-solution","Public URL returned 429 during audit; excluded from public template/schema scoring to avoid false SEO failures."
"product","5","medium","thin_content","iBOLT sPro2™ AMPS- drill base phone and tablet mounting solution","https://iboltmounts.com/products/ibolt-spro2-amps-drill-base-phone-and-tablet-mounting-solution","product body has 67 words; target is at least 80."
"product","5","medium","missing_product_type","iBOLT sPro2™ AMPS- drill base phone and tablet mounting solution","https://iboltmounts.com/products/ibolt-spro2-amps-drill-base-phone-and-tablet-mounting-solution","Product type is empty."
"product","5","low","public_fetch","iBOLT™ 38mm / 1.5 inch Ball Metal AMPS Adapter Plate","https://iboltmounts.com/products/ibolt-38mm-1-5-inch-ball-metal-amps-adapter-plate","Public URL returned 429 during audit; excluded from public template/schema scoring to avoid false SEO failures."
"product","5","medium","thin_content","iBOLT™ 38mm / 1.5 inch Ball Metal AMPS Adapter Plate","https://iboltmounts.com/products/ibolt-38mm-1-5-inch-ball-metal-amps-adapter-plate","product body has 47 words; target is at least 80."
"product","5","medium","missing_product_type","iBOLT™ 38mm / 1.5 inch Ball Metal AMPS Adapter Plate","https://iboltmounts.com/products/ibolt-38mm-1-5-inch-ball-metal-amps-adapter-plate","Product type is empty."
"product","5","low","public_fetch","iBOLT™ 38mm / 1.5 inch Composite AMPS Round Adapter Plate","https://iboltmounts.com/products/ibolt-38mm-1-5-inch-composite-amps-round-adapter-plate","Public URL returned 429 during audit; excluded from public template/schema scoring to avoid false SEO failures."
"product","5","medium","thin_content","iBOLT™ 38mm / 1.5 inch Composite AMPS Round Adapter Plate","https://iboltmounts.com/products/ibolt-38mm-1-5-inch-composite-amps-round-adapter-plate","product body has 47 words; target is at least 80."
"product","5","medium","missing_product_type","iBOLT™ 38mm / 1.5 inch Composite AMPS Round Adapter Plate","https://iboltmounts.com/products/ibolt-38mm-1-5-inch-composite-amps-round-adapter-plate","Product type is empty."
"product","5","low","public_fetch","iBOLT™ sPro2™ Accessibility Clamp Mount for Wheelchairs / Exercise Equipment","https://iboltmounts.com/products/ibolt-spro2-phone-tablet-accessibility-post-pole-rail-handlebar-clamp-mount-for-wheelchairs-exercise-equipment-ibac-34702","Public URL returned 429 during audit; excluded from public template/schema scoring to avoid false SEO failures."
"product","5","medium","thin_content","iBOLT™ sPro2™ Accessibility Clamp Mount for Wheelchairs / Exercise Equipment","https://iboltmounts.com/products/ibolt-spro2-phone-tablet-accessibility-post-pole-rail-handlebar-clamp-mount-for-wheelchairs-exercise-equipment-ibac-34702","product body has 47 words; target is at least 80."
"product","5","medium","missing_product_type","iBOLT™ sPro2™ Accessibility Clamp Mount for Wheelchairs / Exercise Equipment","https://iboltmounts.com/products/ibolt-spro2-phone-tablet-accessibility-post-pole-rail-handlebar-clamp-mount-for-wheelchairs-exercise-equipment-ibac-34702","Product type is empty."
"product","5","low","public_fetch","iBOLT TabDock™ MagDock- Heavy Duty Magnetic Mount for All 7”-10” Tablets- Great for fridges, Restaurants, Automotive, Workout Equipment","https://iboltmounts.com/products/ibolt-tabdock-magdock-heavy-duty-magnetic-mount-for-fridges-restaurants-automotive-workout-equipment","Public URL returned 429 during audit; excluded from public template/schema scoring to avoid false SEO failures."
"product","5","medium","thin_content","iBOLT TabDock™ MagDock- Heavy Duty Magnetic Mount for All 7”-10” Tablets- Great for fridges, Restaurants, Automotive, Workout Equipment","https://iboltmounts.com/products/ibolt-tabdock-magdock-heavy-duty-magnetic-mount-for-fridges-restaurants-automotive-workout-equipment","product body has 44 words; target is at least 80."
"product","5","medium","missing_product_type","iBOLT TabDock™ MagDock- Heavy Duty Magnetic Mount for All 7”-10” Tablets- Great for fridges, Restaurants, Automotive, Workout Equipment","https://iboltmounts.com/products/ibolt-tabdock-magdock-heavy-duty-magnetic-mount-for-fridges-restaurants-automotive-workout-equipment","Product type is empty."
"product","5","low","public_fetch","iBOLT 25mm / 1 inch Ball Flexpro Seatrail Mount w/ 3 inch arm","https://iboltmounts.com/products/ibolt-25mm-1-inch-ball-flexpro-seatrail-mount-w-3-inch-arm-heavy-duty-floor-mount-for-industry-standard-25mm-1-inch-dual-ball-mounts-cars-vans-large-trucks-great-for-telematics-and-fleets","Public URL returned 429 during audit; excluded from public template/schema scoring to avoid false SEO failures."
"product","5","medium","thin_content","iBOLT 25mm / 1 inch Ball Flexpro Seatrail Mount w/ 3 inch arm","https://iboltmounts.com/products/ibolt-25mm-1-inch-ball-flexpro-seatrail-mount-w-3-inch-arm-heavy-duty-floor-mount-for-industry-standard-25mm-1-inch-dual-ball-mounts-cars-vans-large-trucks-great-for-telematics-and-fleets","product body has 56 words; target is at least 80."
"product","5","medium","missing_product_type","iBOLT 25mm / 1 inch Ball Flexpro Seatrail Mount w/ 3 inch arm","https://iboltmounts.com/products/ibolt-25mm-1-inch-ball-flexpro-seatrail-mount-w-3-inch-arm-heavy-duty-floor-mount-for-industry-standard-25mm-1-inch-dual-ball-mounts-cars-vans-large-trucks-great-for-telematics-and-fleets","Product type is empty."
"product","5","low","public_fetch","iBOLT™ Aluminum 6 inch Arm for 1-inch / 25mm / B Size Ball adapters","https://iboltmounts.com/products/ibolt-aluminum-6-inch-double-socket-arm-industry-standard-1-inch-25mm-b-size-ball-adapters-mounts-22112","Public URL returned 429 during audit; excluded from public template/schema scoring to avoid false SEO failures."
"product","5","medium","thin_content","iBOLT™ Aluminum 6 inch Arm for 1-inch / 25mm / B Size Ball adapters","https://iboltmounts.com/products/ibolt-aluminum-6-inch-double-socket-arm-industry-standard-1-inch-25mm-b-size-ball-adapters-mounts-22112","product body has 46 words; target is at least 80."
"product","5","medium","missing_product_type","iBOLT™ Aluminum 6 inch Arm for 1-inch / 25mm / B Size Ball adapters","https://iboltmounts.com/products/ibolt-aluminum-6-inch-double-socket-arm-industry-standard-1-inch-25mm-b-size-ball-adapters-mounts-22112","Product type is empty."
"product","5","low","public_fetch","iBOLT Stream-Cast Creator Custom mount kit with over 60 variations- great for live streaming tutorial videos and photos","https://iboltmounts.com/products/ibolt-stream-cast-creator-custom-mount-kit-with-over-60-variations-live-streaming-tutorial-videos-ibsc-34615","Public URL returned 429 during audit; excluded from public template/schema scoring to avoid false SEO failures."
"product","5","medium","thin_content","iBOLT Stream-Cast Creator Custom mount kit with over 60 variations- great for live streaming tutorial videos and photos","https://iboltmounts.com/products/ibolt-stream-cast-creator-custom-mount-kit-with-over-60-variations-live-streaming-tutorial-videos-ibsc-34615","product body has 56 words; target is at least 80."
"product","5","medium","missing_product_type","iBOLT Stream-Cast Creator Custom mount kit with over 60 variations- great for live streaming tutorial videos and photos","https://iboltmounts.com/products/ibolt-stream-cast-creator-custom-mount-kit-with-over-60-variations-live-streaming-tutorial-videos-ibsc-34615","Product type is empty."
"product","5","low","public_fetch","iBOLT™ TabDock™ Flexpro - Heavy Duty Floor Mount for All 7"" - 10"" Tablets","https://iboltmounts.com/products/ibolt-tabdock-flexpro-heavy-duty-seat-rail-gooseneck-tablet-eld-floor-mount-ibbz-33762","Public URL returned 429 during audit; excluded from public template/schema scoring to avoid false SEO failures."
"product","5","medium","thin_content","iBOLT™ TabDock™ Flexpro - Heavy Duty Floor Mount for All 7"" - 10"" Tablets","https://iboltmounts.com/products/ibolt-tabdock-flexpro-heavy-duty-seat-rail-gooseneck-tablet-eld-floor-mount-ibbz-33762","product body has 52 words; target is at least 80."
"product","5","medium","missing_product_type","iBOLT™ TabDock™ Flexpro - Heavy Duty Floor Mount for All 7"" - 10"" Tablets","https://iboltmounts.com/products/ibolt-tabdock-flexpro-heavy-duty-seat-rail-gooseneck-tablet-eld-floor-mount-ibbz-33762","Product type is empty."
"product","5","low","public_fetch","iBOLT™ 5 inch Metal Dual Ball Socket Arm for 38 mm / 1.5 inch Ball Joint","https://iboltmounts.com/products/5-inch-metal-dual-ball-socket-arm-for-38-mm-1-5-inch-c-size-ball-mount-22184","Public URL returned 429 during audit; excluded from public template/schema scoring to avoid false SEO failures."
"product","5","medium","thin_content","iBOLT™ 5 inch Metal Dual Ball Socket Arm for 38 mm / 1.5 inch Ball Joint","https://iboltmounts.com/products/5-inch-metal-dual-ball-socket-arm-for-38-mm-1-5-inch-c-size-ball-mount-22184","product body has 47 words; target is at least 80."
"product","5","medium","missing_product_type","iBOLT™ 5 inch Metal Dual Ball Socket Arm for 38 mm / 1.5 inch Ball Joint","https://iboltmounts.com/products/5-inch-metal-dual-ball-socket-arm-for-38-mm-1-5-inch-c-size-ball-mount-22184","Product type is empty."
"product","5","low","public_fetch","iBOLT™ Aluminum 2.75 inch Double Socket Arm for 1-inch / 25mm / B Size Ball adapters","https://iboltmounts.com/products/aluminum-2-75-inch-double-socket-arm-industry-standard-1-inch-25mm-b-size-ball-adapters-mounts-22202","Public URL returned 429 during audit; excluded from public template/schema scoring to avoid false SEO failures."
"product","5","medium","thin_content","iBOLT™ Aluminum 2.75 inch Double Socket Arm for 1-inch / 25mm / B Size Ball adapters","https://iboltmounts.com/products/aluminum-2-75-inch-double-socket-arm-industry-standard-1-inch-25mm-b-size-ball-adapters-mounts-22202","product body has 44 words; target is at least 80."
"product","5","medium","missing_product_type","iBOLT™ Aluminum 2.75 inch Double Socket Arm for 1-inch / 25mm / B Size Ball adapters","https://iboltmounts.com/products/aluminum-2-75-inch-double-socket-arm-industry-standard-1-inch-25mm-b-size-ball-adapters-mounts-22202","Product type is empty."
"product","5","low","public_fetch","iBOLT™ Composite 2.75 inch Bizmount™ Double Socket Arm for 1-inch / 25mm / B Size Ball","https://iboltmounts.com/products/composite-2-75-inch-double-socket-arm-for-all-industry-standard-1-inch-25mm-b-size-ball-22156","Public URL returned 429 during audit; excluded from public template/schema scoring to avoid false SEO failures."
"product","5","medium","thin_content","iBOLT™ Composite 2.75 inch Bizmount™ Double Socket Arm for 1-inch / 25mm / B Size Ball","https://iboltmounts.com/products/composite-2-75-inch-double-socket-arm-for-all-industry-standard-1-inch-25mm-b-size-ball-22156","product body has 47 words; target is at least 80."
"product","5","medium","missing_product_type","iBOLT™ Composite 2.75 inch Bizmount™ Double Socket Arm for 1-inch / 25mm / B Size Ball","https://iboltmounts.com/products/composite-2-75-inch-double-socket-arm-for-all-industry-standard-1-inch-25mm-b-size-ball-22156","Product type is empty."
"product","5","low","public_fetch","iBOLT™ Composite 3.75 inch BizMount™ Double Socket Arm for 1-inch / 25mm/ B Size","https://iboltmounts.com/products/composite-3-75-inch-double-socket-arm-for-all-industry-standard-1-inch-25mm-b-size-ball-22158","Public URL returned 429 during audit; excluded from public template/schema scoring to avoid false SEO failures."
"product","5","medium","thin_content","iBOLT™ Composite 3.75 inch BizMount™ Double Socket Arm for 1-inch / 25mm/ B Size","https://iboltmounts.com/products/composite-3-75-inch-double-socket-arm-for-all-industry-standard-1-inch-25mm-b-size-ball-22158","product body has 47 words; target is at least 80."
"product","5","medium","missing_product_type","iBOLT™ Composite 3.75 inch BizMount™ Double Socket Arm for 1-inch / 25mm/ B Size","https://iboltmounts.com/products/composite-3-75-inch-double-socket-arm-for-all-industry-standard-1-inch-25mm-b-size-ball-22158","Product type is empty."
"product","5","low","public_fetch","iBOLT™ Metal VESA 75 / VESA 100 to 25mm Ball / 1-inch Adapter","https://iboltmounts.com/products/ibolt-metal-vesa-75-vesa-100-to-25mm-ball-1-inch-adapter-mounts-vesa","Public URL returned 429 during audit; excluded from public template/schema scoring to avoid false SEO failures."
"product","5","medium","thin_content","iBOLT™ Metal VESA 75 / VESA 100 to 25mm Ball / 1-inch Adapter","https://iboltmounts.com/products/ibolt-metal-vesa-75-vesa-100-to-25mm-ball-1-inch-adapter-mounts-vesa","product body has 50 words; target is at least 80."
"product","5","medium","missing_product_type","iBOLT™ Metal VESA 75 / VESA 100 to 25mm Ball / 1-inch Adapter","https://iboltmounts.com/products/ibolt-metal-vesa-75-vesa-100-to-25mm-ball-1-inch-adapter-mounts-vesa","Product type is empty."
"product","5","low","public_fetch","iBOLT™ 25mm / 1 inch Metal AMPS Round Adapter Plate","https://iboltmounts.com/products/ibolt-25mm-1-inch-metal-amps-round-adapter-plate-for-industry-standard-dual-ball-socket","Public URL returned 429 during audit; excluded from public template/schema scoring to avoid false SEO failures."
"product","5","medium","thin_content","iBOLT™ 25mm / 1 inch Metal AMPS Round Adapter Plate","https://iboltmounts.com/products/ibolt-25mm-1-inch-metal-amps-round-adapter-plate-for-industry-standard-dual-ball-socket","product body has 48 words; target is at least 80."
"product","5","medium","missing_product_type","iBOLT™ 25mm / 1 inch Metal AMPS Round Adapter Plate","https://iboltmounts.com/products/ibolt-25mm-1-inch-metal-amps-round-adapter-plate-for-industry-standard-dual-ball-socket","Product type is empty."
"product","5","low","public_fetch","iBOLT TabDock™ Grip- Post/Pole Mount","https://iboltmounts.com/products/ibolt-tabdock-grip-post-pole-mount-fits-7-10-inch-tablets-and-posts-18mm-35mm-in-diameter","Public URL returned 429 during audit; excluded from public template/schema scoring to avoid false SEO failures."
"product","5","medium","thin_content","iBOLT TabDock™ Grip- Post/Pole Mount","https://iboltmounts.com/products/ibolt-tabdock-grip-post-pole-mount-fits-7-10-inch-tablets-and-posts-18mm-35mm-in-diameter","product body has 67 words; target is at least 80."
"product","5","medium","missing_product_type","iBOLT TabDock™ Grip- Post/Pole Mount","https://iboltmounts.com/products/ibolt-tabdock-grip-post-pole-mount-fits-7-10-inch-tablets-and-posts-18mm-35mm-in-diameter","Product type is empty."
"product","5","low","public_fetch","iBOLT™ 25mm / 1 inch Ball to Strong VHB Adhesive Mount","https://iboltmounts.com/products/ibolt-25mm-1-inch-ball-to-strong-vhb-adhesive-mount-base-adapter","Public URL returned 429 during audit; excluded from public template/schema scoring to avoid false SEO failures."
"product","5","medium","thin_content","iBOLT™ 25mm / 1 inch Ball to Strong VHB Adhesive Mount","https://iboltmounts.com/products/ibolt-25mm-1-inch-ball-to-strong-vhb-adhesive-mount-base-adapter","product body has 46 words; target is at least 80."
"product","5","medium","missing_product_type","iBOLT™ 25mm / 1 inch Ball to Strong VHB Adhesive Mount","https://iboltmounts.com/products/ibolt-25mm-1-inch-ball-to-strong-vhb-adhesive-mount-base-adapter","Product type is empty."
"product","5","low","public_fetch","iBOLT Tabdock™ Slim Suction Cup Extender","https://iboltmounts.com/products/ibolt-tabdock-slim-suction-cup-extender","Public URL returned 429 during audit; excluded from public template/schema scoring to avoid false SEO failures."
"product","5","medium","thin_content","iBOLT Tabdock™ Slim Suction Cup Extender","https://iboltmounts.com/products/ibolt-tabdock-slim-suction-cup-extender","product body has 76 words; target is at least 80."
"product","5","medium","missing_product_type","iBOLT Tabdock™ Slim Suction Cup Extender","https://iboltmounts.com/products/ibolt-tabdock-slim-suction-cup-extender","Product type is empty."
"product","5","low","public_fetch","iBOLT™ Triple 25mm / 1 inch - Three Metal Ball Joint Extension Adapter","https://iboltmounts.com/products/ibolt-triple-25mm-1-inch-to-25mm-1-inch-three-metal-ball-joint-extension-adapter","Public URL returned 429 during audit; excluded from public template/schema scoring to avoid false SEO failures."
"product","5","medium","thin_content","iBOLT™ Triple 25mm / 1 inch - Three Metal Ball Joint Extension Adapter","https://iboltmounts.com/products/ibolt-triple-25mm-1-inch-to-25mm-1-inch-three-metal-ball-joint-extension-adapter","product body has 41 words; target is at least 80."
"product","5","medium","missing_product_type","iBOLT™ Triple 25mm / 1 inch - Three Metal Ball Joint Extension Adapter","https://iboltmounts.com/products/ibolt-triple-25mm-1-inch-to-25mm-1-inch-three-metal-ball-joint-extension-adapter","Product type is empty."
"product","5","low","public_fetch","iBOLT™ 25mm / 1 inch to 25mm / 1 inch Metal Extension Ball Adapter","https://iboltmounts.com/products/ibolt-25mm-1-inch-to-25mm-1-inch-metal-extension-ball-adapter","Public URL returned 429 during audit; excluded from public template/schema scoring to avoid false SEO failures."
"product","5","medium","thin_content","iBOLT™ 25mm / 1 inch to 25mm / 1 inch Metal Extension Ball Adapter","https://iboltmounts.com/products/ibolt-25mm-1-inch-to-25mm-1-inch-metal-extension-ball-adapter","product body has 41 words; target is at least 80."
"product","5","medium","missing_product_type","iBOLT™ 25mm / 1 inch to 25mm / 1 inch Metal Extension Ball Adapter","https://iboltmounts.com/products/ibolt-25mm-1-inch-to-25mm-1-inch-metal-extension-ball-adapter","Product type is empty."
"product","5","low","public_fetch","iBOLT™ TabDock™ AccessiBOLT™Mount for Wheelchairs/Exercise Equipment","https://iboltmounts.com/products/ibolt-tabdock-accessibility-post-pole-rail-handlebar-mount-for-wheelchairs-exercise-equipment","Public URL returned 429 during audit; excluded from public template/schema scoring to avoid false SEO failures."
"product","5","medium","thin_content","iBOLT™ TabDock™ AccessiBOLT™Mount for Wheelchairs/Exercise Equipment","https://iboltmounts.com/products/ibolt-tabdock-accessibility-post-pole-rail-handlebar-mount-for-wheelchairs-exercise-equipment","product body has 48 words; target is at least 80."
"product","5","medium","missing_product_type","iBOLT™ TabDock™ AccessiBOLT™Mount for Wheelchairs/Exercise Equipment","https://iboltmounts.com/products/ibolt-tabdock-accessibility-post-pole-rail-handlebar-mount-for-wheelchairs-exercise-equipment","Product type is empty."
"product","5","low","public_fetch","iBOLT™ sPro2™ AccessiBOLT™ Post/Pole/Rail/Handlebar Mount for Wheelchairs/Exercise Equipment","https://iboltmounts.com/products/ibolt-spro2-accessibility-post-pole-rail-handlebar-mount-for-wheelchairs-exercise-equipment","Public URL returned 429 during audit; excluded from public template/schema scoring to avoid false SEO failures."
"product","5","medium","thin_content","iBOLT™ sPro2™ AccessiBOLT™ Post/Pole/Rail/Handlebar Mount for Wheelchairs/Exercise Equipment","https://iboltmounts.com/products/ibolt-spro2-accessibility-post-pole-rail-handlebar-mount-for-wheelchairs-exercise-equipment","product body has 49 words; target is at least 80."
"product","5","medium","missing_product_type","iBOLT™ sPro2™ AccessiBOLT™ Post/Pole/Rail/Handlebar Mount for Wheelchairs/Exercise Equipment","https://iboltmounts.com/products/ibolt-spro2-accessibility-post-pole-rail-handlebar-mount-for-wheelchairs-exercise-equipment","Product type is empty."
"product","5","low","public_fetch","iBOLT Moto-Vise™ Bizmount™ Clamp- Heavy Duty Smartphone clamp/claw mount","https://iboltmounts.com/products/ibolt-moto-vise-bizmount-clamp-heavy-duty-phone-claw-clamp-motorcycle-excercise-equipment-ibmc-34700","Public URL returned 429 during audit; excluded from public template/schema scoring to avoid false SEO failures."
"product","5","medium","thin_content","iBOLT Moto-Vise™ Bizmount™ Clamp- Heavy Duty Smartphone clamp/claw mount","https://iboltmounts.com/products/ibolt-moto-vise-bizmount-clamp-heavy-duty-phone-claw-clamp-motorcycle-excercise-equipment-ibmc-34700","product body has 49 words; target is at least 80."
"product","5","medium","missing_product_type","iBOLT Moto-Vise™ Bizmount™ Clamp- Heavy Duty Smartphone clamp/claw mount","https://iboltmounts.com/products/ibolt-moto-vise-bizmount-clamp-heavy-duty-phone-claw-clamp-motorcycle-excercise-equipment-ibmc-34700","Product type is empty."
"product","5","low","public_fetch","iBOLT Forklift and Warehouse Vehicle Pillar Bracket/Mount w/Barcode Scanner Holder","https://iboltmounts.com/products/forklift-and-warehouse-vehicle-pillar-bracket-mount-barcode-scanner-holder-ibfl-34503","Public URL returned 429 during audit; excluded from public template/schema scoring to avoid false SEO failures."
"product","5","medium","thin_content","iBOLT Forklift and Warehouse Vehicle Pillar Bracket/Mount w/Barcode Scanner Holder","https://iboltmounts.com/products/forklift-and-warehouse-vehicle-pillar-bracket-mount-barcode-scanner-holder-ibfl-34503","product body has 50 words; target is at least 80."
"product","5","medium","missing_product_type","iBOLT Forklift and Warehouse Vehicle Pillar Bracket/Mount w/Barcode Scanner Holder","https://iboltmounts.com/products/forklift-and-warehouse-vehicle-pillar-bracket-mount-barcode-scanner-holder-ibfl-34503","Product type is empty."
"product","5","low","public_fetch","iBOLT 25mm / 1 inch Composite AMPS Adapter Plate","https://iboltmounts.com/products/ibolt-25mm-1-inch-composite-amps-adapter-plate-dual-ball-socket-mounting-arms","Public URL returned 429 during audit; excluded from public template/schema scoring to avoid false SEO failures."
"product","5","medium","thin_content","iBOLT 25mm / 1 inch Composite AMPS Adapter Plate","https://iboltmounts.com/products/ibolt-25mm-1-inch-composite-amps-adapter-plate-dual-ball-socket-mounting-arms","product body has 46 words; target is at least 80."
"product","5","medium","missing_product_type","iBOLT 25mm / 1 inch Composite AMPS Adapter Plate","https://iboltmounts.com/products/ibolt-25mm-1-inch-composite-amps-adapter-plate-dual-ball-socket-mounting-arms","Product type is empty."
"product","5","low","public_fetch","iBOLT™ Dock'n Lock Bizmount™ AMPS 38mm Locking Tablet Mount","https://iboltmounts.com/products/heavy-duty-composite-locking-tablet-cradle-dock-n-lock-ibbz-33935","Public URL returned 429 during audit; excluded from public template/schema scoring to avoid false SEO failures."
"product","5","medium","thin_content","iBOLT™ Dock'n Lock Bizmount™ AMPS 38mm Locking Tablet Mount","https://iboltmounts.com/products/heavy-duty-composite-locking-tablet-cradle-dock-n-lock-ibbz-33935","product body has 76 words; target is at least 80."
"product","5","medium","missing_product_type","iBOLT™ Dock'n Lock Bizmount™ AMPS 38mm Locking Tablet Mount","https://iboltmounts.com/products/heavy-duty-composite-locking-tablet-cradle-dock-n-lock-ibbz-33935","Product type is empty."
"product","5","low","public_fetch","Metal Forklift Pillar Bracket/Mount","https://iboltmounts.com/products/heavy-duty-metal-forklift-pillar-bracket-amps-pattern-ibfl-34500","Public URL returned 429 during audit; excluded from public template/schema scoring to avoid false SEO failures."
"product","5","medium","thin_content","Metal Forklift Pillar Bracket/Mount","https://iboltmounts.com/products/heavy-duty-metal-forklift-pillar-bracket-amps-pattern-ibfl-34500","product body has 52 words; target is at least 80."
"product","5","medium","missing_product_type","Metal Forklift Pillar Bracket/Mount","https://iboltmounts.com/products/heavy-duty-metal-forklift-pillar-bracket-amps-pattern-ibfl-34500","Product type is empty."
"product","5","low","public_fetch","Overhead Guard Metal Forklift Bracket","https://iboltmounts.com/products/heavy-duty-forklift-overhead-cage-bracket-amps-pattern-metal-plates-ibfl-34501","Public URL returned 429 during audit; excluded from public template/schema scoring to avoid false SEO failures."
"product","5","medium","thin_content","Overhead Guard Metal Forklift Bracket","https://iboltmounts.com/products/heavy-duty-forklift-overhead-cage-bracket-amps-pattern-metal-plates-ibfl-34501","product body has 53 words; target is at least 80."
"product","5","medium","missing_product_type","Overhead Guard Metal Forklift Bracket","https://iboltmounts.com/products/heavy-duty-forklift-overhead-cage-bracket-amps-pattern-metal-plates-ibfl-34501","Product type is empty."
"product","5","low","public_fetch","iBOLT™ 25mm/ 1 inch Ball to ¼ 20 Camera Screw Mount Adapter","https://iboltmounts.com/products/1-inch-25mm-b-size-ball-1-4-20-camera-screw-mount-adapter","Public URL returned 429 during audit; excluded from public template/schema scoring to avoid false SEO failures."
"product","5","medium","thin_content","iBOLT™ 25mm/ 1 inch Ball to ¼ 20 Camera Screw Mount Adapter","https://iboltmounts.com/products/1-inch-25mm-b-size-ball-1-4-20-camera-screw-mount-adapter","product body has 40 words; target is at least 80."
"product","5","medium","missing_product_type","iBOLT™ 25mm/ 1 inch Ball to ¼ 20 Camera Screw Mount Adapter","https://iboltmounts.com/products/1-inch-25mm-b-size-ball-1-4-20-camera-screw-mount-adapter","Product type is empty."
"product","5","low","public_fetch","iBOLT™ 25MM/ 1 INCH/ B SIZE Metal C-Clamp Mount","https://iboltmounts.com/products/25mm-1-inch-ball-b-size-adjustable-clamp-mount-22174","Public URL returned 429 during audit; excluded from public template/schema scoring to avoid false SEO failures."
"product","5","medium","thin_content","iBOLT™ 25MM/ 1 INCH/ B SIZE Metal C-Clamp Mount","https://iboltmounts.com/products/25mm-1-inch-ball-b-size-adjustable-clamp-mount-22174","product body has 53 words; target is at least 80."
"product","5","medium","missing_product_type","iBOLT™ 25MM/ 1 INCH/ B SIZE Metal C-Clamp Mount","https://iboltmounts.com/products/25mm-1-inch-ball-b-size-adjustable-clamp-mount-22174","Product type is empty."
"product","5","low","public_fetch","iBOLT™ 25mm/ 1 inch/ B Size Adjustable Cupholder Mount","https://iboltmounts.com/products/25mm-1-inch-ball-b-size-adjustable-cupholder-mount-22159","Public URL returned 429 during audit; excluded from public template/schema scoring to avoid false SEO failures."
"product","5","medium","thin_content","iBOLT™ 25mm/ 1 inch/ B Size Adjustable Cupholder Mount","https://iboltmounts.com/products/25mm-1-inch-ball-b-size-adjustable-cupholder-mount-22159","product body has 46 words; target is at least 80."
"product","5","medium","missing_product_type","iBOLT™ 25mm/ 1 inch/ B Size Adjustable Cupholder Mount","https://iboltmounts.com/products/25mm-1-inch-ball-b-size-adjustable-cupholder-mount-22159","Product type is empty."
"product","5","low","public_fetch","iBOLT™ 4 Hole AMPS Pattern Metal Backing Plate","https://iboltmounts.com/products/industry-standard-amps-packing-plate","Public URL returned 429 during audit; excluded from public template/schema scoring to avoid false SEO failures."
"product","5","medium","thin_content","iBOLT™ 4 Hole AMPS Pattern Metal Backing Plate","https://iboltmounts.com/products/industry-standard-amps-packing-plate","product body has 61 words; target is at least 80."
"product","5","medium","missing_product_type","iBOLT™ 4 Hole AMPS Pattern Metal Backing Plate","https://iboltmounts.com/products/industry-standard-amps-packing-plate","Product type is empty."
"product","5","low","public_fetch","iBOLT™ TabDock™ AMPs","https://iboltmounts.com/products/tabdock-amps-heavy-duty-drill-base-tablet-mount-ibbz-33791","Public URL returned 429 during audit; excluded from public template/schema scoring to avoid false SEO failures."
"product","5","medium","thin_content","iBOLT™ TabDock™ AMPs","https://iboltmounts.com/products/tabdock-amps-heavy-duty-drill-base-tablet-mount-ibbz-33791","product body has 40 words; target is at least 80."
"product","5","medium","missing_product_type","iBOLT™ TabDock™ AMPs","https://iboltmounts.com/products/tabdock-amps-heavy-duty-drill-base-tablet-mount-ibbz-33791","Product type is empty."
"product","5","low","public_fetch","Switch Headrest","https://iboltmounts.com/products/nintendo-switch-headrest-mount-holder","Public URL returned 429 during audit; excluded from public template/schema scoring to avoid false SEO failures."
"product","5","medium","thin_content","Switch Headrest","https://iboltmounts.com/products/nintendo-switch-headrest-mount-holder","product body has 71 words; target is at least 80."
"product","5","medium","missing_product_type","Switch Headrest","https://iboltmounts.com/products/nintendo-switch-headrest-mount-holder","Product type is empty."
"product","5","low","public_fetch","TabDock™ FixedPro 360","https://iboltmounts.com/products/tabdock-fixedpro-360-heavy-duty-metal-drill-base-tablet-mount-ibbz-33768","Public URL returned 429 during audit; excluded from public template/schema scoring to avoid false SEO failures."
"product","5","medium","thin_content","TabDock™ FixedPro 360","https://iboltmounts.com/products/tabdock-fixedpro-360-heavy-duty-metal-drill-base-tablet-mount-ibbz-33768","product body has 73 words; target is at least 80."
"product","5","medium","missing_product_type","TabDock™ FixedPro 360","https://iboltmounts.com/products/tabdock-fixedpro-360-heavy-duty-metal-drill-base-tablet-mount-ibbz-33768","Product type is empty."
"product","5","low","public_fetch","iBOLT™ TabStand Pro","https://iboltmounts.com/products/tabstand-pro-weighted-base-tablet-stand-ibbz-33769","Public URL returned 429 during audit; excluded from public template/schema scoring to avoid false SEO failures."
"product","5","medium","thin_content","iBOLT™ TabStand Pro","https://iboltmounts.com/products/tabstand-pro-weighted-base-tablet-stand-ibbz-33769","product body has 79 words; target is at least 80."
"product","5","medium","missing_product_type","iBOLT™ TabStand Pro","https://iboltmounts.com/products/tabstand-pro-weighted-base-tablet-stand-ibbz-33769","Product type is empty."
"product","5","low","public_fetch","TabDock™ 2 Drive","https://iboltmounts.com/products/tabdock-2-drive-suction-cup-drill-base-tablet-mount-ibt-33501","Public URL returned 429 during audit; excluded from public template/schema scoring to avoid false SEO failures."
"product","5","medium","thin_content","TabDock™ 2 Drive","https://iboltmounts.com/products/tabdock-2-drive-suction-cup-drill-base-tablet-mount-ibt-33501","product body has 43 words; target is at least 80."
"product","5","medium","missing_product_type","TabDock™ 2 Drive","https://iboltmounts.com/products/tabdock-2-drive-suction-cup-drill-base-tablet-mount-ibt-33501","Product type is empty."
"product","5","low","public_fetch","iBOLT™ ROK 3 Suction Mount","https://iboltmounts.com/products/17mm-rok-3-suction-mount-car-docks-phone-mounts-holder-22112","Public URL returned 429 during audit; excluded from public template/schema scoring to avoid false SEO failures."
"product","5","medium","thin_content","iBOLT™ ROK 3 Suction Mount","https://iboltmounts.com/products/17mm-rok-3-suction-mount-car-docks-phone-mounts-holder-22112","product body has 42 words; target is at least 80."
"product","5","medium","missing_product_type","iBOLT™ ROK 3 Suction Mount","https://iboltmounts.com/products/17mm-rok-3-suction-mount-car-docks-phone-mounts-holder-22112","Product type is empty."
"product","5","low","public_fetch","iBOLT™ iPro2 for iPhone 14 pro","https://iboltmounts.com/products/iphone-charging-phone-holder-dock-iba-33450","Public URL returned 429 during audit; excluded from public template/schema scoring to avoid false SEO failures."
"product","5","medium","thin_content","iBOLT™ iPro2 for iPhone 14 pro","https://iboltmounts.com/products/iphone-charging-phone-holder-dock-iba-33450","product body has 62 words; target is at least 80."
"product","5","medium","missing_product_type","iBOLT™ iPro2 for iPhone 14 pro","https://iboltmounts.com/products/iphone-charging-phone-holder-dock-iba-33450","Product type is empty."
"product","5","low","public_fetch","sPro2™ Windshield Dash and Vent Combo Kit","https://iboltmounts.com/products/spro2-phone-holder-ibu-33415","Public URL returned 429 during audit; excluded from public template/schema scoring to avoid false SEO failures."
"product","5","medium","thin_content","sPro2™ Windshield Dash and Vent Combo Kit","https://iboltmounts.com/products/spro2-phone-holder-ibu-33415","product body has 47 words; target is at least 80."
"product","5","medium","missing_product_type","sPro2™ Windshield Dash and Vent Combo Kit","https://iboltmounts.com/products/spro2-phone-holder-ibu-33415","Product type is empty."
"article","4","low","public_fetch","ELD Mounts Explained: A Practical Guide to Electronic Logging Device Mounting Solutions","https://iboltmounts.com/blogs/news/eld-mounts-explained-a-practical-guide-to-electronic-logging-device-mounting-solutions","Public URL returned 429 during audit; excluded from public template/schema scoring to avoid false SEO failures."
"article","4","medium","article_no_product_links","ELD Mounts Explained: A Practical Guide to Electronic Logging Device Mounting Solutions","https://iboltmounts.com/blogs/news/eld-mounts-explained-a-practical-guide-to-electronic-logging-device-mounting-solutions","Article body has no product links."
"article","4","low","article_no_add_to_cart","ELD Mounts Explained: A Practical Guide to Electronic Logging Device Mounting Solutions","https://iboltmounts.com/blogs/news/eld-mounts-explained-a-practical-guide-to-electronic-logging-device-mounting-solutions","Article body has no direct add-to-cart link."
"article","4","low","public_fetch","Choosing the Right Phone Holder for Streaming: A Complete Guide","https://iboltmounts.com/blogs/news/choosing-the-right-phone-holder-for-streaming-a-complete-guide","Public URL returned 429 during audit; excluded from public template/schema scoring to avoid false SEO failures."
"article","4","medium","article_no_product_links","Choosing the Right Phone Holder for Streaming: A Complete Guide","https://iboltmounts.com/blogs/news/choosing-the-right-phone-holder-for-streaming-a-complete-guide","Article body has no product links."
"article","4","low","article_no_add_to_cart","Choosing the Right Phone Holder for Streaming: A Complete Guide","https://iboltmounts.com/blogs/news/choosing-the-right-phone-holder-for-streaming-a-complete-guide","Article body has no direct add-to-cart link."
"article","4","medium","h1_count","iBOLT Launches Next-Generation Industrial Forklift Mounting System","https://iboltmounts.com/blogs/news/ibolt-launches-next-generation-industrial-forklift-mounting-system","Expected one H1, found 2."
"article","4","medium","missing_visible_faq","iBOLT Launches Next-Generation Industrial Forklift Mounting System","https://iboltmounts.com/blogs/news/ibolt-launches-next-generation-industrial-forklift-mounting-system","No visible FAQ section detected."
"article","4","medium","h1_count","iBOLT Mounts and Toast POS: Powering Modern Restaurant Technology","https://iboltmounts.com/blogs/news/ibolt-mounts-and-toast-pos-powering-modern-restaurant-technology","Expected one H1, found 2."
"article","4","medium","missing_visible_faq","iBOLT Mounts and Toast POS: Powering Modern Restaurant Technology","https://iboltmounts.com/blogs/news/ibolt-mounts-and-toast-pos-powering-modern-restaurant-technology","No visible FAQ section detected."
"article","4","medium","h1_count","iBOLT Confirms Universal Mounting Solutions for Samsung Galaxy Tab A9 and S9 Series","https://iboltmounts.com/blogs/news/ibolt-confirms-universal-mounting-solutions-for-samsung-galaxy-tab-a9-and-s9-series","Expected one H1, found 2."
"article","4","medium","missing_visible_faq","iBOLT Confirms Universal Mounting Solutions for Samsung Galaxy Tab A9 and S9 Series","https://iboltmounts.com/blogs/news/ibolt-confirms-universal-mounting-solutions-for-samsung-galaxy-tab-a9-and-s9-series","No visible FAQ section detected."
"article","4","medium","h1_count","iBOLT Mounts Supports ELD Compliance for America's Commercial Fleets","https://iboltmounts.com/blogs/news/ibolt-mounts-supports-eld-compliance-for-americas-commercial-fleets","Expected one H1, found 2."
"article","4","medium","missing_visible_faq","iBOLT Mounts Supports ELD Compliance for America's Commercial Fleets","https://iboltmounts.com/blogs/news/ibolt-mounts-supports-eld-compliance-for-americas-commercial-fleets","No visible FAQ section detected."
"article","4","medium","h1_count","iBOLT LockPro Series: Industrial-Grade Security for Unattended Tablets in Warehouses and Retail","https://iboltmounts.com/blogs/news/ibolt-lockpro-series-industrial-grade-security-for-unattended-tablets-in-warehouses-and-retail","Expected one H1, found 2."
"article","4","medium","missing_visible_faq","iBOLT LockPro Series: Industrial-Grade Security for Unattended Tablets in Warehouses and Retail","https://iboltmounts.com/blogs/news/ibolt-lockpro-series-industrial-grade-security-for-unattended-tablets-in-warehouses-and-retail","No visible FAQ section detected."
"article","4","medium","h1_count","iBOLT Confirms Universal Mounting Solutions for Apple iPad 10th Generation and iPad Air M2","https://iboltmounts.com/blogs/news/ibolt-confirms-universal-mounting-solutions-for-apple-ipad-10th-generation-and-ipad-air-m2","Expected one H1, found 2."
"article","4","medium","missing_visible_faq","iBOLT Confirms Universal Mounting Solutions for Apple iPad 10th Generation and iPad Air M2","https://iboltmounts.com/blogs/news/ibolt-confirms-universal-mounting-solutions-for-apple-ipad-10th-generation-and-ipad-air-m2","No visible FAQ section detected."
"article","4","medium","h1_count","iBOLT Confirms Barcode Scanner Mounting Solutions Compatible with Honeywell, Zebra, and Symbol Scanners","https://iboltmounts.com/blogs/news/ibolt-confirms-barcode-scanner-mounting-solutions-compatible-with-honeywell-zebra-and-symbol-scanners","Expected one H1, found 2."
"article","4","medium","missing_visible_faq","iBOLT Confirms Barcode Scanner Mounting Solutions Compatible with Honeywell, Zebra, and Symbol Scanners","https://iboltmounts.com/blogs/news/ibolt-confirms-barcode-scanner-mounting-solutions-compatible-with-honeywell-zebra-and-symbol-scanners","No visible FAQ section detected."
"article","4","medium","h1_count","iBOLT Mounting Solutions for Delivery Fleets: From DoorDash Drivers to Amazon DSP","https://iboltmounts.com/blogs/news/ibolt-mounting-solutions-for-delivery-fleets-from-doordash-drivers-to-amazon-dsp","Expected one H1, found 2."
"article","4","medium","missing_visible_faq","iBOLT Mounting Solutions for Delivery Fleets: From DoorDash Drivers to Amazon DSP","https://iboltmounts.com/blogs/news/ibolt-mounting-solutions-for-delivery-fleets-from-doordash-drivers-to-amazon-dsp","No visible FAQ section detected."
"article","4","low","public_fetch","USING IBOLT’S STREAM-CAST CREATOR CUSTOM MOUNT KIT FOR MULTIPLE ANGLE SHOTS","https://iboltmounts.com/blogs/news/using-ibolt-s-stream-cast-creator-custom-mount-kit-for-multiple-angle-shots","Public URL returned 429 during audit; excluded from public template/schema scoring to avoid false SEO failures."
"article","4","medium","body_images_missing_alt","USING IBOLT’S STREAM-CAST CREATOR CUSTOM MOUNT KIT FOR MULTIPLE ANGLE SHOTS","https://iboltmounts.com/blogs/news/using-ibolt-s-stream-cast-creator-custom-mount-kit-for-multiple-angle-shots","2 of 2 body images are missing alt text."
"article","4","low","article_no_add_to_cart","USING IBOLT’S STREAM-CAST CREATOR CUSTOM MOUNT KIT FOR MULTIPLE ANGLE SHOTS","https://iboltmounts.com/blogs/news/using-ibolt-s-stream-cast-creator-custom-mount-kit-for-multiple-angle-shots","Article body has no direct add-to-cart link."
"product","4","medium","missing_product_type","iBOLT 22mm ExtendiBOLT Triple Suction Cup Mount","https://iboltmounts.com/products/ibolt-22mm-extendibolt-triple-suction-cup-mount-heavy-duty-triple-suction-cup-mount","Product type is empty."
"product","4","medium","missing_product_tags","iBOLT 22mm ExtendiBOLT Triple Suction Cup Mount","https://iboltmounts.com/products/ibolt-22mm-extendibolt-triple-suction-cup-mount-heavy-duty-triple-suction-cup-mount","Product tags are empty."
"article","3","low","public_fetch","WHAT SIZE IS THE BALL MOUNT ON A GARMIN GPS AND HOW DO I FIND A COMPATIBLE MOUNT?","https://iboltmounts.com/blogs/news/what-size-is-the-ball-mount-on-a-garmin-gps-and-how-do-i-find-a-compatible-mount","Public URL returned 429 during audit; excluded from public template/schema scoring to avoid false SEO failures."
"article","3","medium","body_images_missing_alt","WHAT SIZE IS THE BALL MOUNT ON A GARMIN GPS AND HOW DO I FIND A COMPATIBLE MOUNT?","https://iboltmounts.com/blogs/news/what-size-is-the-ball-mount-on-a-garmin-gps-and-how-do-i-find-a-compatible-mount","26 of 26 body images are missing alt text."
"product","3","low","public_fetch","iBOLT Dock’n Lock Bizmount™- Forklift Locking Tablet 38mm Mount","https://iboltmounts.com/products/ibolt-dock-n-lock-bizmount™-forklift-locking-tablet-38mm-mount","Public URL returned 429 during audit; excluded from public template/schema scoring to avoid false SEO failures."
"product","3","medium","missing_product_type","iBOLT Dock’n Lock Bizmount™- Forklift Locking Tablet 38mm Mount","https://iboltmounts.com/products/ibolt-dock-n-lock-bizmount™-forklift-locking-tablet-38mm-mount","Product type is empty."
"product","3","low","public_fetch","iBOLT™ 25mm / 1 inch Ball to “Sticky-Suction” Cup Mount","https://iboltmounts.com/products/ibolt-25mm-1-inch-ball-to-sticky-suction-cup-windshield-dashboard-mount-base-adapter","Public URL returned 429 during audit; excluded from public template/schema scoring to avoid false SEO failures."
"product","3","medium","thin_content","iBOLT™ 25mm / 1 inch Ball to “Sticky-Suction” Cup Mount","https://iboltmounts.com/products/ibolt-25mm-1-inch-ball-to-sticky-suction-cup-windshield-dashboard-mount-base-adapter","product body has 56 words; target is at least 80."
"product","3","low","public_fetch","iBOLT™ Dock'n Lock Bizmount™ AMPS- Heavy Duty Industrial Composite Locking drill base Mount for all 7"" - 10"" tablets","https://iboltmounts.com/products/ibolt-dock-n-lock-bizmount-heavy-duty-industrial-composite-locking-drill-base-mount","Public URL returned 429 during audit; excluded from public template/schema scoring to avoid false SEO failures."
"product","3","medium","missing_product_type","iBOLT™ Dock'n Lock Bizmount™ AMPS- Heavy Duty Industrial Composite Locking drill base Mount for all 7"" - 10"" tablets","https://iboltmounts.com/products/ibolt-dock-n-lock-bizmount-heavy-duty-industrial-composite-locking-drill-base-mount","Product type is empty."
"product","3","low","public_fetch","iBOLT Tablet Tower- TabDock™ POS Wall Mount - with 3 Tablet Holders","https://iboltmounts.com/products/ibolt-tablet-tower-tabdock-point-of-purchase-pos-wall-mount-with-3-tablet-holders","Public URL returned 429 during audit; excluded from public template/schema scoring to avoid false SEO failures."
"product","3","medium","missing_product_type","iBOLT Tablet Tower- TabDock™ POS Wall Mount - with 3 Tablet Holders","https://iboltmounts.com/products/ibolt-tablet-tower-tabdock-point-of-purchase-pos-wall-mount-with-3-tablet-holders","Product type is empty."
"product","3","low","public_fetch","iBOLTÖ Tablet Tower- TabDock™ POS Wall Mount - with 5 Tablet Holders","https://iboltmounts.com/products/ibolt-tabdock-point-of-purchase-pos-wall-mount-with-5-tablet-holders","Public URL returned 429 during audit; excluded from public template/schema scoring to avoid false SEO failures."
"product","3","medium","missing_product_type","iBOLTÖ Tablet Tower- TabDock™ POS Wall Mount - with 5 Tablet Holders","https://iboltmounts.com/products/ibolt-tabdock-point-of-purchase-pos-wall-mount-with-5-tablet-holders","Product type is empty."
"product","3","low","public_fetch","iBOLT™ TabDock™ Bizmount™ Clamp Heavy Duty Post/Pole Mount","https://iboltmounts.com/products/ibolt-tabdock-bizmount-clamp-heavy-duty-post-pole-mount","Public URL returned 429 during audit; excluded from public template/schema scoring to avoid false SEO failures."
"product","3","medium","missing_product_type","iBOLT™ TabDock™ Bizmount™ Clamp Heavy Duty Post/Pole Mount","https://iboltmounts.com/products/ibolt-tabdock-bizmount-clamp-heavy-duty-post-pole-mount","Product type is empty."
"product","3","low","public_fetch","iBOLT Tablet Tower- TabDock™ POS Clamp Mount - with 4 Tablet Holders","https://iboltmounts.com/products/multi-tablet-stand-four-ipad-holders-point-of-sale-purchase-restaurant-ibrt-34707","Public URL returned 429 during audit; excluded from public template/schema scoring to avoid false SEO failures."
"product","3","medium","missing_product_type","iBOLT Tablet Tower- TabDock™ POS Clamp Mount - with 4 Tablet Holders","https://iboltmounts.com/products/multi-tablet-stand-four-ipad-holders-point-of-sale-purchase-restaurant-ibrt-34707","Product type is empty."
"product","3","low","public_fetch","iBOLT™ xProDock™ NFC Bizmount™ - Phone Holder/Mount with Heavy Duty Suction Cup Base and 1.5m USB-C Cable","https://iboltmounts.com/products/ibolt-xprodock-nfc-bizmount-phone-holder-mount-heavy-duty-suction-cup-base-and-1-5m-usb-c-cable-ibbz-33969","Public URL returned 429 during audit; excluded from public template/schema scoring to avoid false SEO failures."
"product","3","medium","missing_product_type","iBOLT™ xProDock™ NFC Bizmount™ - Phone Holder/Mount with Heavy Duty Suction Cup Base and 1.5m USB-C Cable","https://iboltmounts.com/products/ibolt-xprodock-nfc-bizmount-phone-holder-mount-heavy-duty-suction-cup-base-and-1-5m-usb-c-cable-ibbz-33969","Product type is empty."
"product","3","low","public_fetch","iBOLT™ Tablet Tower- TabDock™ POS Clamp Mount - with 3 Tablet Holders","https://iboltmounts.com/products/tablet-tower-multi-tablet-stand-ipad-point-of-sale-purchase-restaurant-triple-ibrt-34700","Public URL returned 429 during audit; excluded from public template/schema scoring to avoid false SEO failures."
"product","3","medium","missing_product_type","iBOLT™ Tablet Tower- TabDock™ POS Clamp Mount - with 3 Tablet Holders","https://iboltmounts.com/products/tablet-tower-multi-tablet-stand-ipad-point-of-sale-purchase-restaurant-triple-ibrt-34700","Product type is empty."
"product","3","low","public_fetch","iBOLT™ xProDock™ NFC BizMount™ Suction Cup","https://iboltmounts.com/products/heavy-duty-smartphone-suction-cup-mount-xprodock-bizmount-ibbz-33785","Public URL returned 429 during audit; excluded from public template/schema scoring to avoid false SEO failures."
"product","3","medium","missing_product_type","iBOLT™ xProDock™ NFC BizMount™ Suction Cup","https://iboltmounts.com/products/heavy-duty-smartphone-suction-cup-mount-xprodock-bizmount-ibbz-33785","Product type is empty."
"product","3","low","public_fetch","iBOLT™ xProDock™ Bizmount™ Amps","https://iboltmounts.com/products/xprodock-bizmount-amps-smartphone-drill-base-mount-ibbz-33931","Public URL returned 429 during audit; excluded from public template/schema scoring to avoid false SEO failures."
"product","3","medium","missing_product_type","iBOLT™ xProDock™ Bizmount™ Amps","https://iboltmounts.com/products/xprodock-bizmount-amps-smartphone-drill-base-mount-ibbz-33931","Product type is empty."
"product","3","low","public_fetch","iBOLT™ xProDock™ Bizmount™ Wedge","https://iboltmounts.com/products/xprodock-bizmount-wedge-smartphone-seat-wedge-mount-ibbz-33930","Public URL returned 429 during audit; excluded from public template/schema scoring to avoid false SEO failures."
"product","3","medium","missing_product_type","iBOLT™ xProDock™ Bizmount™ Wedge","https://iboltmounts.com/products/xprodock-bizmount-wedge-smartphone-seat-wedge-mount-ibbz-33930","Product type is empty."
"product","3","low","public_fetch","iBOLT™ TabDock™ Bizmount™ Clamp","https://iboltmounts.com/products/tabdock-bizmount-heavy-duty-tablet-clamp-mount-ibbz-33910","Public URL returned 429 during audit; excluded from public template/schema scoring to avoid false SEO failures."
"product","3","medium","missing_product_type","iBOLT™ TabDock™ Bizmount™ Clamp","https://iboltmounts.com/products/tabdock-bizmount-heavy-duty-tablet-clamp-mount-ibbz-33910","Product type is empty."
"product","3","low","public_fetch","iBOLT™ TabDock™ Bizmount™ Wedge","https://iboltmounts.com/products/tabdock-bizmount-seat-wedge-tablet-mount-ibbz-33795","Public URL returned 429 during audit; excluded from public template/schema scoring to avoid false SEO failures."
"product","3","medium","missing_product_type","iBOLT™ TabDock™ Bizmount™ Wedge","https://iboltmounts.com/products/tabdock-bizmount-seat-wedge-tablet-mount-ibbz-33795","Product type is empty."
"product","3","low","public_fetch","iBOLT™ TabDock™ Bizmount™ AMPs","https://iboltmounts.com/products/tabdock-bizmount-amps-heavy-duty-drill-base-tablet-mount-ibbz-33921","Public URL returned 429 during audit; excluded from public template/schema scoring to avoid false SEO failures."
"product","3","medium","missing_product_type","iBOLT™ TabDock™ Bizmount™ AMPs","https://iboltmounts.com/products/tabdock-bizmount-amps-heavy-duty-drill-base-tablet-mount-ibbz-33921","Product type is empty."
"product","3","low","public_fetch","TabDock™ Bizmount™ Console- Heavy Duty Cup Holder Mount for Tablets","https://iboltmounts.com/products/tabdock-bizmount-console-heavy-duty-cup-holder-mount-ibbz-33784","Public URL returned 429 during audit; excluded from public template/schema scoring to avoid false SEO failures."
"product","3","medium","missing_product_type","TabDock™ Bizmount™ Console- Heavy Duty Cup Holder Mount for Tablets","https://iboltmounts.com/products/tabdock-bizmount-console-heavy-duty-cup-holder-mount-ibbz-33784","Product type is empty."
"product","3","low","public_fetch","iBOLT™ LockPro™ Metal Locking Tablet Drill Base Mount","https://iboltmounts.com/products/ibolt-lockpro-metal-locking-tablet-drill-base-mount-ibbz-33779","Public URL returned 429 during audit; excluded from public template/schema scoring to avoid false SEO failures."
"product","3","medium","missing_product_type","iBOLT™ LockPro™ Metal Locking Tablet Drill Base Mount","https://iboltmounts.com/products/ibolt-lockpro-metal-locking-tablet-drill-base-mount-ibbz-33779","Product type is empty."
"product","3","low","public_fetch","iBOLT™ Tabdock™ Clamp","https://iboltmounts.com/products/tabdock-tablet-clamp-mount-ibbz-33764","Public URL returned 429 during audit; excluded from public template/schema scoring to avoid false SEO failures."
"product","3","medium","missing_product_type","iBOLT™ Tabdock™ Clamp","https://iboltmounts.com/products/tabdock-tablet-clamp-mount-ibbz-33764","Product type is empty."
"product","3","low","public_fetch","TabDock™ FlexPro Clamp","https://iboltmounts.com/products/tabdock-flexpro-tablet-gooseneck-clamp-ibbz-33763","Public URL returned 429 during audit; excluded from public template/schema scoring to avoid false SEO failures."
"product","3","medium","missing_product_type","TabDock™ FlexPro Clamp","https://iboltmounts.com/products/tabdock-flexpro-tablet-gooseneck-clamp-ibbz-33763","Product type is empty."
"product","3","low","public_fetch","iBOLT™ TabDock™ Bizmount™ Suction Cup Mount","https://iboltmounts.com/products/tabdock-bizmount-heavy-duty-tablet-suction-cup-mount-ibbz-33754","Public URL returned 429 during audit; excluded from public template/schema scoring to avoid false SEO failures."
"product","3","medium","missing_product_type","iBOLT™ TabDock™ Bizmount™ Suction Cup Mount","https://iboltmounts.com/products/tabdock-bizmount-heavy-duty-tablet-suction-cup-mount-ibbz-33754","Product type is empty."
"article","2","medium","h1_count","Rough Water Phone Mount for Boat: Heavy-Duty Solutions That Handle the Chop","https://iboltmounts.com/blogs/how-to-mount-a-fish-finder-to-your-boat-using-ibolt-mounts/rough-water-phone-mount-for-boat-heavy-duty-solutions-that-handle-the-chop","Expected one H1, found 2."
"article","2","medium","h1_count","Garmin GPS Mount Compatibility: Finding the Right Mount for Your Boat, Truck, or Vehicle","https://iboltmounts.com/blogs/how-to-mount-a-fish-finder-to-your-boat-using-ibolt-mounts/garmin-gps-mount-compatibility-finding-the-right-mount-for-your-boat-truck-or-vehicle","Expected one H1, found 2."
"article","2","medium","h1_count","Pontoon Boat Mounts: Complete Guide to Fish Finder, Phone & GPS Mounting Solutions","https://iboltmounts.com/blogs/how-to-mount-a-fish-finder-to-your-boat-using-ibolt-mounts/pontoon-boat-mounts-complete-guide-to-fish-finder-phone-gps-mounting-solutions","Expected one H1, found 2."
"article","2","medium","h1_count","Best Boat Phone Mount for Rough Water: How to Keep Your Phone Secure on the Chop","https://iboltmounts.com/blogs/how-to-mount-a-fish-finder-to-your-boat-using-ibolt-mounts/best-boat-phone-mount-for-rough-water-how-to-keep-your-phone-secure-on-the-chop","Expected one H1, found 2."
"article","2","medium","h1_count","Best Fish Finder Mounts That Stay Put and Do Not Bounce Loose","https://iboltmounts.com/blogs/how-to-mount-a-fish-finder-to-your-boat-using-ibolt-mounts/best-fish-finder-mounts-that-stay-put-and-do-not-bounce-loose","Expected one H1, found 2."
"article","2","medium","h1_count","Kayak Fish Finder Mount Setup: A Complete Guide to Secure, Removable Electronics Mounting","https://iboltmounts.com/blogs/how-to-mount-a-fish-finder-to-your-boat-using-ibolt-mounts/kayak-fish-finder-mount-setup-a-complete-guide-to-secure-removable-electronics-mounting","Expected one H1, found 2."
"article","2","medium","h1_count","Pontoon Fish Finder Rail Mount Compatibility: How to Match Your Mount to Your Boat","https://iboltmounts.com/blogs/how-to-mount-a-fish-finder-to-your-boat-using-ibolt-mounts/pontoon-fish-finder-rail-mount-compatibility-how-to-match-your-mount-to-your-boat","Expected one H1, found 2."
"article","2","medium","h1_count","Best No-Drill Fish Finder Mounts for Aluminum Boats and Jon Boats","https://iboltmounts.com/blogs/how-to-mount-a-fish-finder-to-your-boat-using-ibolt-mounts/best-no-drill-fish-finder-mounts-for-aluminum-boats-and-jon-boats","Expected one H1, found 2."
"article","2","medium","h1_count","RAM vs Scotty vs YakAttack Fish Finder Mounts: How Do They Really Compare (And What They're Missing)","https://iboltmounts.com/blogs/how-to-mount-a-fish-finder-to-your-boat-using-ibolt-mounts/ram-vs-scotty-vs-yakattack-fish-finder-mounts-how-do-they-really-compare-and-what-theyre-missing","Expected one H1, found 2."
"article","2","medium","h1_count","Best Garmin Fish Finder Mount: How to Choose the Right Setup for Your Boat or Kayak","https://iboltmounts.com/blogs/how-to-mount-a-fish-finder-to-your-boat-using-ibolt-mounts/best-garmin-fish-finder-mount-how-to-choose-the-right-setup-for-your-boat-or-kayak","Expected one H1, found 2."
"article","2","medium","h1_count","AMPS VESA Ball Mount Sizes: Complete Guide to Device Mounting Standards","https://iboltmounts.com/blogs/news/amps-vesa-ball-mount-sizes-complete-guide-to-device-mounting-standards","Expected one H1, found 2."
"article","2","medium","h1_count","ELD Tablet Mounting Guide: How to Choose the Right Mount for Fleet Compliance","https://iboltmounts.com/blogs/news/eld-tablet-mounting-guide-how-to-choose-the-right-mount-for-fleet-compliance","Expected one H1, found 2."
"article","2","medium","h1_count","Complete Guide to Forklift Tablet Scanner Mounts: Boost Warehouse Productivity with Industrial Mounting Solutions","https://iboltmounts.com/blogs/news/complete-guide-to-forklift-tablet-scanner-mounts-boost-warehouse-productivity-with-industrial-mounting-solutions","Expected one H1, found 2."
"article","2","medium","h1_count","Best Tablet Mounts for Delivery Apps: Complete Setup Guide for Restaurants","https://iboltmounts.com/blogs/news/best-tablet-mounts-for-delivery-apps-complete-setup-guide-for-restaurants","Expected one H1, found 2."
"article","2","medium","h1_count","Restaurant Tablet Mount Setup: Complete Guide for Toast, Square & Delivery Apps","https://iboltmounts.com/blogs/news/restaurant-tablet-mount-setup-complete-guide-for-toast-square-delivery-apps","Expected one H1, found 2."
"article","2","medium","h1_count","The Complete Guide to Overhead Livestream Setup: Best Phone and Camera Mounts for Content Creators","https://iboltmounts.com/blogs/news/the-complete-guide-to-overhead-livestream-setup-best-phone-and-camera-mounts-for-content-creators","Expected one H1, found 2."
"article","2","medium","h1_count","Overhead Camera Mount for Product Photography: Complete Setup Guide","https://iboltmounts.com/blogs/news/overhead-camera-mount-for-product-photography-complete-setup-guide","Expected one H1, found 2."
"article","2","medium","h1_count","Best Restaurant Tablet Mount in 2026: POS Stands, Delivery App Stations, and Multi-Tablet Solutions Compared","https://iboltmounts.com/blogs/news/best-restaurant-tablet-mount-in-2026-pos-stands-delivery-app-stations-and-multi-tablet-solutions-compared","Expected one H1, found 2."
"article","2","medium","h1_count","Best Drill Base Phone Mount for Construction Vehicles and Work Trucks","https://iboltmounts.com/blogs/news/best-drill-base-phone-mount-for-construction-vehicles-and-work-trucks","Expected one H1, found 2."
"article","2","medium","h1_count","iBOLT vs ProClip vs RAM: Which Phone Mount Actually Survives Delivery Van Life?","https://iboltmounts.com/blogs/news/ibolt-vs-proclip-vs-ram-which-phone-mount-actually-survives-delivery-van-life","Expected one H1, found 2."
"article","2","medium","h1_count","Fleet Phone Mount Standardization Checklist: How to Deploy the Right Mounts Across Every Vehicle","https://iboltmounts.com/blogs/news/fleet-phone-mount-standardization-checklist-how-to-deploy-the-right-mounts-across-every-vehicle","Expected one H1, found 2."
"article","2","medium","h1_count","Best Phone and Action Camera Mounts for UTV Trails, Jeeps, and Overlanding Rigs","https://iboltmounts.com/blogs/news/best-phone-and-action-camera-mounts-for-utv-trails-jeeps-and-overlanding-rigs","Expected one H1, found 2."
"article","2","medium","h1_count","Best Multi-Camera Desk Mount for Live Streaming: How to Build a Pro Setup With Your Phone","https://iboltmounts.com/blogs/news/best-multi-camera-desk-mount-for-live-streaming-how-to-build-a-pro-setup-with-your-phone","Expected one H1, found 2."
"article","2","medium","h1_count","Phone vs Camera Overhead Rig for Product Photography: Which Setup Actually Works Better?","https://iboltmounts.com/blogs/news/phone-vs-camera-overhead-rig-for-product-photography-which-setup-actually-works-better","Expected one H1, found 2."
"article","2","medium","h1_count","Best Overhead Camera Mount for Product Videos: The Complete Setup Guide for Sellers","https://iboltmounts.com/blogs/news/best-overhead-camera-mount-for-product-videos-the-complete-setup-guide-for-sellers","Expected one H1, found 2."
"page","2","medium","h1_count","AMPS Mounting System and AMPS Mounting Plates","https://iboltmounts.com/pages/amps-mounting-system-amps-mounting-plates","Expected one H1, found 2."
"page","2","medium","h1_count","Fleet and ELD Mounting Systems","https://iboltmounts.com/pages/fleet-eld-mounting-systems","Expected one H1, found 2."
"product","2","medium","missing_product_type","iBOLT™ xProDock™ Bizmount™ Console- Phone Cup Holder Mount","https://iboltmounts.com/products/xprodock-bizmount-console-heavy-duty-phone-cup-holder-mount","Product type is empty."
"article","1","low","public_fetch","Best Locking Tablet Stand for Food Trucks and Quick-Service Restaurants","https://iboltmounts.com/blogs/news/best-locking-tablet-stand-for-food-trucks-and-quick-service-restaurants","Public URL returned 429 during audit; excluded from public template/schema scoring to avoid false SEO failures."
"article","1","low","public_fetch","Best Locking Phone Mount for Shared Delivery Vehicles","https://iboltmounts.com/blogs/news/best-locking-phone-mount-for-shared-delivery-vehicles","Public URL returned 429 during audit; excluded from public template/schema scoring to avoid false SEO failures."
"article","1","low","public_fetch","Best Drill-Base Phone Mount for Semi Trucks","https://iboltmounts.com/blogs/news/best-drill-base-phone-mount-for-semi-trucks","Public URL returned 429 during audit; excluded from public template/schema scoring to avoid false SEO failures."
"article","1","low","public_fetch","iBOLT Tablet Tower System Featured at National Restaurant Association Show 2026","https://iboltmounts.com/blogs/news/ibolt-tablet-tower-system-featured-at-national-restaurant-association-show-2026","Public URL returned 429 during audit; excluded from public template/schema scoring to avoid false SEO failures."
"article","1","low","public_fetch","iBOLT Introduces Mount Configurator 2.0: Build Your Perfect Custom Mounting Solution","https://iboltmounts.com/blogs/news/ibolt-introduces-mount-configurator-2-0-build-your-perfect-custom-mounting-solution","Public URL returned 429 during audit; excluded from public template/schema scoring to avoid false SEO failures."
"collection","1","low","public_fetch","Barcode Scanners","https://iboltmounts.com/collections/barcode-scanners","Public URL returned 429 during audit; excluded from public template/schema scoring to avoid false SEO failures."
"collection","1","low","public_fetch","BUILD YOUR OWN MOUNT","https://iboltmounts.com/collections/configurator1","Public URL returned 429 during audit; excluded from public template/schema scoring to avoid false SEO failures."
"collection","1","low","public_fetch","Point of Sale","https://iboltmounts.com/collections/point-of-sale","Public URL returned 429 during audit; excluded from public template/schema scoring to avoid false SEO failures."
"page","1","low","public_fetch","Forklift Tablet Mounting Solutions","https://iboltmounts.com/pages/forklift-tablet-mounting-solutions","Public URL returned 429 during audit; excluded from public template/schema scoring to avoid false SEO failures."
"page","1","low","public_fetch","Live Streaming Phone and Camera Mounts","https://iboltmounts.com/pages/live-streaming-phone-camera-mounts","Public URL returned 429 during audit; excluded from public template/schema scoring to avoid false SEO failures."
"page","1","low","public_fetch","Phone Clamp, Clip, Screw, Ball, and Socket Mount Guide","https://iboltmounts.com/pages/phone-clamp-clip-screw-ball-socket-mount-guide","Public URL returned 429 during audit; excluded from public template/schema scoring to avoid false SEO failures."
"page","1","low","public_fetch","Restaurant Tablet Mounts and Multi-Tablet Delivery Stations","https://iboltmounts.com/pages/restaurant-tablet-mounts-multi-tablet-delivery-stations","Public URL returned 429 during audit; excluded from public template/schema scoring to avoid false SEO failures."