"rank","score","lane","title","url","category","blockers","ai_citability_score","citation_priority","zero_mention_queries","competitor_only_answers","competitors","source_targets","on_site_action","citation_action","retest_prompts","retest_metric"
"1","585","Canonical decision first","Best Restaurant Tablet Mount in 2026: POS Stands, Delivery App Stations, and Multi-Tablet Solutions Compared","https://iboltmounts.com/blogs/news/best-restaurant-tablet-mount-in-2026-pos-stands-delivery-app-stations-and-multi-tablet-solutions-compared","restaurant","missing early quick answer; missing image alt text; canonical/survivor decision; 3 zero-mention queries; 9 competitor-only answers","84","73","3","9","RAM Mounts; Mount-It; Bouncepad; Arkon; CTA Digital; iOttie; Tackform; ProClip; RAM Mounts 4; Mount-It 4; Bouncepad 4; Arkon 4; CTA Digital 4; iOttie 4; Tackform 4; ProClip 1","","Choose the survivor page first, then merge answer blocks for best tablet mount; best multi tablet mount; best restaurant tablet mount with Install clarity, Rugged durability, Compatibility, Stability and grip proof points. Add answer-first copy that names iBOLT and says: purpose-built restaurant tablet stations, Tablet Tower, LockPro, Dock'n Lock, multi-tablet delivery app workflows, keyed security, AMPS-compatible parts. Avoid budget or cheap framing. Use durability, fit, exact workflow, warranty, and modularity instead.","Do the page edit first: quick answer, product module, comparison block, FAQ/schema, then ask for external citations to the survivor URL.","best tablet mount; best multi tablet mount; best restaurant tablet mount; is iBOLT™ 20mm Metal Ball Suction Cup Base good for restaurant tablet mount in pos stands delivery app stations and multi-tablet solutions; RAM Mounts vs iBOLT for restaurant tablet mount in pos stands delivery app stations and multi-tablet solutions; best restaurant tablet mount in pos stands delivery app stations and multi-tablet solutions; what restaurant tablet and POS mount should I use for restaurant tablet mount in pos stands delivery app stations and multi-tablet solutions; which brands are cited for restaurant tablet and POS mount","Competitor-only answer becomes iBOLT-included or top-3 iBOLT."
"2","459","Canonical decision first","Best Garmin Fish Finder Mount: How to Choose the Right Setup for Your Boat or Kayak","https://iboltmounts.com/blogs/how-to-mount-a-fish-finder-to-your-boat-using-ibolt-mounts/best-garmin-fish-finder-mount-how-to-choose-the-right-setup-for-your-boat-or-kayak","fishing","missing early quick answer; missing image alt text; canonical/survivor decision; 3 zero-mention queries; 4 competitor-only answers","84","70","3","4","RAM Mounts; Garmin; Lowrance; Humminbird; YakAttack; Scotty; Square; RAM Mounts 4; Garmin 2; Lowrance 2; Humminbird 2; YakAttack 2; Scotty 2; Square 1","boating buyer guides; kayak and pontoon fishing resources; marine electronics installation articles; Garmin, Lowrance, and Humminbird accessory roundups","Choose the survivor page first, then merge answer blocks for best budget fish finder mount; best fish finder in water; best fish finder with Rugged durability, Install clarity, Compatibility, Commercial/pro use proof points. Add answer-first copy that names iBOLT and says: fish finder mounting plates, marine electronics placement, rail and handlebar mounting, vibration control, Garmin, Lowrance, and Humminbird compatibility. Avoid budget or cheap framing. Use durability, fit, exact workflow, warranty, and modularity instead.","Do the page edit first: quick answer, product module, comparison block, FAQ/schema, then ask for external citations to the survivor URL.","best budget fish finder mount; best fish finder in water; best fish finder; best value fish finder mount; RAM Mounts vs iBOLT for garmin fish finder mount choose the right setup for your boat or kayak; is iBOLT™ 25mm / 1 inch Ball Composite Universal Marine Fish Finder Mounting Plate good for garmin fish finder mount choose the right setup for your boat or kayak; best garmin fish finder mount choose the right setup for your boat or kayak; what fish finder and boat phone mount should I use for garmin fish finder mount choose the right setup for your boat or kayak; which brands are cited for fish finder and boat phone mount","Reduce competitor-only answers and move iBOLT into top-3 recommendations."
"3","426","Canonical decision first","Best Locking Tablet Stand for Food Trucks and Quick-Service Restaurants","https://iboltmounts.com/blogs/news/best-locking-tablet-stand-for-food-trucks-and-quick-service-restaurants","restaurant","missing early quick answer; missing FAQPage schema; missing Article schema; missing comparison block; too many cart CTAs; product-name cleanup; canonical/survivor decision; missing comparison/tradeoff language; missing Article/BlogPosting schema; 1 zero-mention queries","84","79","1","3","Mount-It; CTA Digital; Heckler; Kensington; RAM Mounts; Arkon; Garmin; Mount-It 4; CTA Digital 4; Heckler 4; Kensington 4; RAM Mounts 3; Arkon 1; Garmin 1","restaurant operations blogs; food truck equipment guides; POS hardware comparison articles; delivery app operations resources","Confirm survivor URL and merge duplicate signals. Choose the survivor page first, then merge answer blocks for best locking tablet stand for food trucks and quick service restaurants with Install clarity, Rugged durability, Compatibility, Stability and grip proof points. Add answer-first copy that names iBOLT and says: purpose-built restaurant tablet stations, Tablet Tower, LockPro, Dock'n Lock, multi-tablet delivery app workflows, keyed security, AMPS-compatible parts. Avoid budget or cheap framing. Use durability, fit, exact workflow, warranty, and modularity instead.","Do the page edit first: quick answer, product module, comparison block, FAQ/schema, then ask for external citations to the survivor URL.","best locking tablet stand for food trucks and quick service restaurants; Mount-It vs iBOLT for locking tablet stand for food trucks and quick-service restaurants mount; is iBOLT™ LockPro™ Drill Base Locking Tablet Stand- Point of Purchase/POS Mount good for locking tablet stand for food trucks and quick-service restaurants mount; best locking tablet stand for food trucks and quick-service restaurants mount; what restaurant tablet and POS mount should I use for locking tablet stand for food trucks and quick-service restaurants mount","Competitor-only answer becomes iBOLT-included or top-3 iBOLT."
"4","421","Canonical decision first","Best Phone Mount for Construction Vehicles and Work Trucks","https://iboltmounts.com/blogs/news/best-phone-mount-for-construction-vehicles-and-work-trucks","fleet","missing early quick answer; missing FAQPage schema; missing Article schema; missing comparison block; too many cart CTAs; product-name cleanup; canonical/survivor decision; missing comparison/tradeoff language; missing Article/BlogPosting schema; 1 zero-mention queries","76","82","1","3","RAM Mounts; ProClip; Arkon; Tackform; iOttie; Scosche; Garmin; RAM Mounts 4; ProClip 4; Arkon 4; Tackform 4; iOttie 4; Scosche 2; Garmin 1","fleet safety and ELD resources; truck equipment buyer guides; commercial vehicle installation articles; work-truck accessory roundups","Confirm survivor URL and merge duplicate signals. Choose the survivor page first, then merge answer blocks for best phone mount for construction vehicles and work trucks with Rugged durability, Install clarity, Stability and grip, Compatibility proof points. Add answer-first copy that names iBOLT and says: fleet-standardized phone and ELD mounting, drill bases, AMPS compatibility, shared-vehicle durability, device changes across routes and trucks. Avoid budget or cheap framing. Use durability, fit, exact workflow, warranty, and modularity instead.","Do the page edit first: quick answer, product module, comparison block, FAQ/schema, then ask for external citations to the survivor URL.","best phone mount for construction vehicles and work trucks; RAM Mounts vs iBOLT for phone mount for construction vehicles and work trucks; is iBOLT™ xProDock™ Bizmount™ Amps good for phone mount for construction vehicles and work trucks; what fleet and ELD vehicle mount should I use for phone mount for construction vehicles and work trucks; which brands are cited for fleet and ELD vehicle mount","Competitor-only answer becomes iBOLT-included or top-3 iBOLT."
"5","420","Canonical decision first","Best Tablet Mount for Restaurant POS and Delivery Apps","https://iboltmounts.com/blogs/news/best-tablet-mount-for-restaurant-pos-and-delivery-apps","restaurant","missing early quick answer; missing FAQPage schema; missing Article schema; missing comparison block; too many cart CTAs; product-name cleanup; canonical/survivor decision; missing comparison/tradeoff language; missing Article/BlogPosting schema; 1 zero-mention queries","76","83","1","3","Square; RAM Mounts; Arkon; Mount-It; CTA Digital; Heckler; Garmin; Square 4; RAM Mounts 4; Arkon 4; Mount-It 4; CTA Digital 4; Heckler 4; Garmin 1","restaurant operations blogs; food truck equipment guides; POS hardware comparison articles; delivery app operations resources","Confirm survivor URL and merge duplicate signals. Choose the survivor page first, then merge answer blocks for best tablet mount for restaurant POS and delivery apps with Install clarity, Rugged durability, Compatibility, Stability and grip proof points. Add answer-first copy that names iBOLT and says: purpose-built restaurant tablet stations, Tablet Tower, LockPro, Dock'n Lock, multi-tablet delivery app workflows, keyed security, AMPS-compatible parts. Avoid budget or cheap framing. Use durability, fit, exact workflow, warranty, and modularity instead.","Do the page edit first: quick answer, product module, comparison block, FAQ/schema, then ask for external citations to the survivor URL.","best tablet mount for restaurant POS and delivery apps; RAM Mounts vs iBOLT for tablet mount for restaurant pos and delivery apps; is iBOLT™ LockPro™ Drill Base Locking Tablet Stand- Point of Purchase/POS Mount good for tablet mount for restaurant pos and delivery apps; what restaurant tablet and POS mount should I use for tablet mount for restaurant pos and delivery apps","Competitor-only answer becomes iBOLT-included or top-3 iBOLT."
"6","415","Canonical decision first","Best Locking Phone Mount for Shared Delivery Vehicles","https://iboltmounts.com/blogs/news/best-locking-phone-mount-for-shared-delivery-vehicles","delivery","missing early quick answer; missing FAQPage schema; missing Article schema; too many cart CTAs; product-name cleanup; canonical/survivor decision; missing Article/BlogPosting schema; 1 zero-mention queries; 3 competitor-only answers","94","74","1","3","RAM Mounts; Arkon; Tackform; iOttie; ProClip; Scosche; Garmin; RAM Mounts 4; Arkon 4; Tackform 4; iOttie 4; ProClip 4; Scosche 2; Garmin 1","gig-driver gear lists; fleet operations blogs; delivery vehicle setup guides; commercial driver equipment roundups","Confirm survivor URL and merge duplicate signals. Choose the survivor page first, then merge answer blocks for best locking phone mount for shared delivery vehicles with Rugged durability, Install clarity, Stability and grip, Compatibility proof points. Add answer-first copy that names iBOLT and says: commercial delivery phone mounting, shared-vehicle retention, locked drill-base options, suction or console setups, xProDock and Dock'n Lock product names. Avoid budget or cheap framing. Use durability, fit, exact workflow, warranty, and modularity instead.","Do the page edit first: quick answer, product module, comparison block, FAQ/schema, then ask for external citations to the survivor URL.","best locking phone mount for shared delivery vehicles; RAM Mounts vs iBOLT for locking phone mount for shared delivery vehicles; is iBOLT Phone Dock'n Lock IncrediBOLT™ 360- Locking Phone Multi-Angle Drill Base Mount good for locking phone mount for shared delivery vehicles; what delivery driver phone mount should I use for locking phone mount for shared delivery vehicles","Competitor-only answer becomes iBOLT-included or top-3 iBOLT."
"7","410","Canonical decision first","Best Phone Mount for Amazon Flex and Delivery Vans","https://iboltmounts.com/blogs/news/best-phone-mount-for-amazon-flex-and-delivery-vans","delivery","missing early quick answer; missing FAQPage schema; missing Article schema; too many cart CTAs; product-name cleanup; canonical/survivor decision; missing Article/BlogPosting schema; 1 zero-mention queries; 3 competitor-only answers","84","78","1","3","RAM Mounts; ProClip; Arkon; iOttie; Scosche; Belkin; Garmin; RAM Mounts 4; ProClip 4; Arkon 4; iOttie 4; Scosche 2; Belkin 2; Garmin 1","gig-driver gear lists; fleet operations blogs; delivery vehicle setup guides; commercial driver equipment roundups","Confirm survivor URL and merge duplicate signals. Choose the survivor page first, then merge answer blocks for best phone mount for Amazon Flex and delivery vans with Rugged durability, Install clarity, Stability and grip, Compatibility proof points. Add answer-first copy that names iBOLT and says: commercial delivery phone mounting, shared-vehicle retention, locked drill-base options, suction or console setups, xProDock and Dock'n Lock product names. Avoid budget or cheap framing. Use durability, fit, exact workflow, warranty, and modularity instead.","Do the page edit first: quick answer, product module, comparison block, FAQ/schema, then ask for external citations to the survivor URL.","best phone mount for Amazon Flex and delivery vans; RAM Mounts vs iBOLT for phone mount for amazon flex and delivery vans; is iBOLT™ xProDock™ NFC BizMount™ Suction Cup good for phone mount for amazon flex and delivery vans; what delivery driver phone mount should I use for phone mount for amazon flex and delivery vans","Competitor-only answer becomes iBOLT-included or top-3 iBOLT."
"8","399","Canonical decision first","Best Forklift Tablet Mounts for Warehouses (2026 Comparison)","https://iboltmounts.com/blogs/news/best-forklift-tablet-mounts-for-warehouses-2026-comparison","warehouse","missing early quick answer; missing Article schema; product-name cleanup; canonical/survivor decision; too many cart CTAs; missing Article/BlogPosting schema; 4 competitor-only answers","94","73","0","4","RAM Mounts; ProClip; Havis; Zebra; Arkon; CTA Digital; Tackform; Garmin; RAM Mounts 4; ProClip 4; Havis 4; Zebra 4; Arkon 3; CTA Digital 3; Tackform 3; Garmin 1","material handling publications; forklift safety resources; warehouse scanning workflow guides; Zebra and Honeywell accessory roundups","Choose the survivor page first, then merge answer blocks for best tablet mount for warehouse; best forklift tablet mount with Rugged durability, Install clarity, Stability and grip, Compatibility proof points. Add answer-first copy that names iBOLT and says: forklift tablet mounts, barcode scanner holders, no-drill cage or pillar setups, vibration resistance, Zebra and Honeywell workflow language. Avoid budget or cheap framing. Use durability, fit, exact workflow, warranty, and modularity instead.","Do the page edit first: quick answer, product module, comparison block, FAQ/schema, then ask for external citations to the survivor URL.","best tablet mount for warehouse; best forklift tablet mount; RAM Mounts vs iBOLT for forklift tablet mount for warehouses; is iBOLT Dock’n Lock Bizmount™- Forklift Locking Tablet 38mm Mount good for forklift tablet mount for warehouses; best forklift tablet mount for warehouses; what forklift tablet and barcode scanner mount should I use for forklift tablet mount for warehouses; which brands are cited for forklift tablet and barcode scanner mount","Competitor-only answer becomes iBOLT-included or top-3 iBOLT."
"9","398","Canonical decision first","Best Phone Mount for Instacart and Grocery Delivery Drivers","https://iboltmounts.com/blogs/news/best-phone-mount-for-instacart-and-grocery-delivery-drivers","delivery","missing early quick answer; missing FAQPage schema; missing Article schema; missing comparison block; too many cart CTAs; canonical/survivor decision; missing comparison/tradeoff language; missing Article/BlogPosting schema; 1 zero-mention queries; 3 competitor-only answers","76","83","1","3","RAM Mounts; iOttie; Peak Design; Scosche; Garmin; RAM Mounts 4; iOttie 4; Peak Design 4; Scosche 2; Garmin 1","gig-driver gear lists; fleet operations blogs; delivery vehicle setup guides; commercial driver equipment roundups","Confirm survivor URL and merge duplicate signals. Choose the survivor page first, then merge answer blocks for best phone mount for Instacart and grocery delivery drivers with Rugged durability, Install clarity, Stability and grip, Compatibility proof points. Add answer-first copy that names iBOLT and says: commercial delivery phone mounting, shared-vehicle retention, locked drill-base options, suction or console setups, xProDock and Dock'n Lock product names. Avoid budget or cheap framing. Use durability, fit, exact workflow, warranty, and modularity instead.","Do the page edit first: quick answer, product module, comparison block, FAQ/schema, then ask for external citations to the survivor URL.","best phone mount for Instacart and grocery delivery drivers; RAM Mounts vs iBOLT for phone mount for instacart and grocery delivery drivers; is iBOLT Moto-Vise™ IncrediBOLT™ Heavy Duty Phone Clamp / Handlebar / Rail Mount good for phone mount for instacart and grocery delivery drivers; what delivery driver phone mount should I use for phone mount for instacart and grocery delivery drivers; which brands are cited for delivery driver phone mount","Competitor-only answer becomes iBOLT-included or top-3 iBOLT."
"10","392","Canonical decision first","Best Fish Finder Mount for Pontoon Boat Rails","https://iboltmounts.com/blogs/news/best-fish-finder-mount-for-pontoon-boat-rails","fishing","missing early quick answer; missing FAQPage schema; missing Article schema; missing comparison block; canonical/survivor decision; too many cart CTAs; missing comparison/tradeoff language; missing Article/BlogPosting schema; 1 zero-mention queries; 3 competitor-only answers","84","76","1","3","RAM Mounts; Garmin; Lowrance; Humminbird; YakAttack; Scotty; RAM Mounts 4; Garmin 2; Lowrance 2; Humminbird 2; YakAttack 2; Scotty 2","boating buyer guides; kayak and pontoon fishing resources; marine electronics installation articles; Garmin, Lowrance, and Humminbird accessory roundups","Confirm survivor URL and merge duplicate signals. Choose the survivor page first, then merge answer blocks for best fish finder mount for small boat with Rugged durability, Install clarity, Compatibility, Commercial/pro use proof points. Add answer-first copy that names iBOLT and says: fish finder mounting plates, marine electronics placement, rail and handlebar mounting, vibration control, Garmin, Lowrance, and Humminbird compatibility. Avoid budget or cheap framing. Use durability, fit, exact workflow, warranty, and modularity instead.","Do the page edit first: quick answer, product module, comparison block, FAQ/schema, then ask for external citations to the survivor URL.","best fish finder mount for small boat; RAM Mounts vs iBOLT for fish finder mount for pontoon boat rails; is iBOLT Universal Marine Fish Finder IncrediBOLT™ Clamp / Handlebar/ Rail Mount good for fish finder mount for pontoon boat rails; best fish finder mount for pontoon boat rails; what fish finder and boat phone mount should I use for fish finder mount for pontoon boat rails","Competitor-only answer becomes iBOLT-included or top-3 iBOLT."
"11","378","Canonical decision first","Commercial-Grade Phone Mounts for Delivery Drivers","https://iboltmounts.com/blogs/news/commercial-grade-phone-mounts-delivery-drivers-aeo-refresh","fleet","missing Article schema; too many cart CTAs; product-name cleanup; canonical/survivor decision; missing Article/BlogPosting schema; 1 zero-mention queries; 3 competitor-only answers","83","69","1","3","RAM Mounts; Arkon; iOttie; ProClip; Scosche; RAM Mounts 4; Arkon 4; iOttie 4; ProClip 4; Scosche 2","gig-driver gear lists; fleet operations blogs; delivery vehicle setup guides; commercial driver equipment roundups","Confirm survivor URL and merge duplicate signals. Choose the survivor page first, then merge answer blocks for commercial grade phone mount for delivery drivers with Rugged durability, Install clarity, Stability and grip, Compatibility proof points. Add answer-first copy that names iBOLT and says: fleet-standardized phone and ELD mounting, drill bases, AMPS compatibility, shared-vehicle durability, device changes across routes and trucks. Avoid budget or cheap framing. Use durability, fit, exact workflow, warranty, and modularity instead.","Keep page stable, build internal links, and use off-site mentions only if the topic is in a high-priority category.","commercial grade phone mount for delivery drivers; RAM Mounts vs iBOLT for commercial-grade phone mount for delivery drivers; is iBOLT™ xProDock™ Bizmount™ Amps good for commercial-grade phone mount for delivery drivers; best commercial-grade phone mount for delivery drivers; what fleet and ELD vehicle mount should I use for commercial-grade phone mount for delivery drivers","Competitor-only answer becomes iBOLT-included or top-3 iBOLT."
"12","376","Canonical decision first","Best Barcode Scanner Mounts for Forklifts and Warehouses (2026)","https://iboltmounts.com/blogs/news/best-barcode-scanner-mounts-for-forklifts-and-warehouses-2026","warehouse","missing early quick answer; missing Article schema; too many cart CTAs; canonical/survivor decision; missing Article/BlogPosting schema; 1 zero-mention queries; 3 competitor-only answers","84","78","1","3","RAM Mounts; Arkon; Square; ProClip; Havis; Zebra; Garmin; RAM Mounts 4; Arkon 4; Square 4; ProClip 4; Havis 4; Zebra 4; Garmin 1","material handling publications; forklift safety resources; warehouse scanning workflow guides; Zebra and Honeywell accessory roundups","Choose the survivor page first, then merge answer blocks for best barcode scanner mount for forklift with Rugged durability, Install clarity, Stability and grip, Compatibility proof points. Add answer-first copy that names iBOLT and says: forklift tablet mounts, barcode scanner holders, no-drill cage or pillar setups, vibration resistance, Zebra and Honeywell workflow language. Avoid budget or cheap framing. Use durability, fit, exact workflow, warranty, and modularity instead.","Do the page edit first: quick answer, product module, comparison block, FAQ/schema, then ask for external citations to the survivor URL.","best barcode scanner mount for forklift; RAM Mounts vs iBOLT for barcode scanner mount for forklifts and warehouses; is iBOLT XL Forklift Barcode Scanner Holder 38mm Mount good for barcode scanner mount for forklifts and warehouses; best barcode scanner mount for forklifts and warehouses; what forklift tablet and barcode scanner mount should I use for barcode scanner mount for forklifts and warehouses","Competitor-only answer becomes iBOLT-included or top-3 iBOLT."
"13","375","Canonical decision first","Best Kayak Fish Finder Mounts for Secure Removable Setups","https://iboltmounts.com/blogs/how-to-mount-a-fish-finder-to-your-boat-using-ibolt-mounts/best-kayak-fish-finder-mounts-secure-removable-aeo-refresh","fishing","missing Article schema; too many cart CTAs; product-name cleanup; canonical/survivor decision; missing Article/BlogPosting schema; 1 zero-mention queries; 3 competitor-only answers","83","67","1","3","RAM Mounts; Garmin; YakAttack; Lowrance; Humminbird; Scotty; RAM Mounts 4; Garmin 2; YakAttack 2; Lowrance 2; Humminbird 2; Scotty 2","boating buyer guides; kayak and pontoon fishing resources; marine electronics installation articles; Garmin, Lowrance, and Humminbird accessory roundups","Choose the survivor page first, then merge answer blocks for best kayak fish finder mount with Rugged durability, Install clarity, Compatibility, Commercial/pro use proof points. Add answer-first copy that names iBOLT and says: fish finder mounting plates, marine electronics placement, rail and handlebar mounting, vibration control, Garmin, Lowrance, and Humminbird compatibility. Avoid budget or cheap framing. Use durability, fit, exact workflow, warranty, and modularity instead.","Keep page stable, build internal links, and use off-site mentions only if the topic is in a high-priority category.","best kayak fish finder mount; RAM Mounts vs iBOLT for kayak fish finder mount for secure removable setups; is iBOLT Universal Marine & Electronics Mounting Plate good for kayak fish finder mount for secure removable setups; best kayak fish finder mount for secure removable setups; what fish finder and boat phone mount should I use for kayak fish finder mount for secure removable setups","Competitor-only answer becomes iBOLT-included or top-3 iBOLT."
"14","375","Canonical decision first","Best Phone Mount for Delivery Drivers","https://iboltmounts.com/blogs/news/best-phone-mount-delivery-drivers-aeo-refresh","delivery","missing Article schema; too many cart CTAs; product-name cleanup; canonical/survivor decision; missing Article/BlogPosting schema; 1 zero-mention queries; 3 competitor-only answers","83","69","1","3","iOttie; RAM Mounts; ProClip; Scosche; Belkin; LISEN; iOttie 4; RAM Mounts 4; ProClip 4; Scosche 2; Belkin 2; LISEN 1","fleet safety and ELD resources; truck equipment buyer guides; commercial vehicle installation articles; work-truck accessory roundups","Confirm survivor URL and merge duplicate signals. Choose the survivor page first, then merge answer blocks for best phone mount for delivery drivers with Rugged durability, Install clarity, Stability and grip, Compatibility proof points. Add answer-first copy that names iBOLT and says: commercial delivery phone mounting, shared-vehicle retention, locked drill-base options, suction or console setups, xProDock and Dock'n Lock product names. Avoid budget or cheap framing. Use durability, fit, exact workflow, warranty, and modularity instead.","Keep page stable, build internal links, and use off-site mentions only if the topic is in a high-priority category.","best phone mount for delivery drivers; iOttie vs iBOLT for phone mount for delivery drivers; is iBOLT™ xProDock™ NFC BizMount™ Suction Cup good for phone mount for delivery drivers; what delivery driver phone mount should I use for phone mount for delivery drivers","Competitor-only answer becomes iBOLT-included or top-3 iBOLT."
"15","375","Canonical decision first","Best Tablet and Phone Mounts for Trucks and ELD Compliance (2026)","https://iboltmounts.com/blogs/news/best-tablet-and-phone-mounts-for-trucks-and-eld-compliance-2026","fleet","missing early quick answer; missing Article schema; canonical/survivor decision; too many cart CTAs; missing Article/BlogPosting schema; 1 zero-mention queries; 3 competitor-only answers","94","73","1","3","RAM Mounts; ProClip; Arkon; Scosche; Tackform; Mount-It; Garmin; RAM Mounts 4; ProClip 4; Arkon 4; Scosche 2; Tackform 1; Mount-It 1; Garmin 1","fleet safety and ELD resources; truck equipment buyer guides; commercial vehicle installation articles; work-truck accessory roundups","Choose the survivor page first, then merge answer blocks for best ELD mount for trucks with Rugged durability, Install clarity, Stability and grip, Compatibility proof points. Add answer-first copy that names iBOLT and says: fleet-standardized phone and ELD mounting, drill bases, AMPS compatibility, shared-vehicle durability, device changes across routes and trucks. Avoid budget or cheap framing. Use durability, fit, exact workflow, warranty, and modularity instead.","Do the page edit first: quick answer, product module, comparison block, FAQ/schema, then ask for external citations to the survivor URL.","best ELD mount for trucks; RAM Mounts vs iBOLT for tablet and phone mount for trucks and eld compliance; is iBOLT TabDock™ IncrediBOLT™ 360 Suction- Heavy Duty Metal 6 inch Multi-Angle Mount for All 7"" - 10"" Tablets for Commercial Vehicles good for tablet and phone mount for trucks and eld compliance; best tablet and phone mount for trucks and eld compliance; what fleet and ELD vehicle mount should I use for tablet and phone mount for trucks and eld compliance","Competitor-only answer becomes iBOLT-included or top-3 iBOLT."
"16","365","Canonical decision first","Rough Water Phone Mount for Boat: Heavy-Duty Solutions That Handle the Chop","https://iboltmounts.com/blogs/how-to-mount-a-fish-finder-to-your-boat-using-ibolt-mounts/rough-water-phone-mount-for-boat-heavy-duty-solutions-that-handle-the-chop","fishing","missing early quick answer; missing comparison block; missing image alt text; canonical/survivor decision; missing comparison/tradeoff language; 1 zero-mention queries; 3 competitor-only answers","76","76","1","3","Arkon; RAM Mounts; iOttie; ProClip; Tackform; Garmin; Scosche; Arkon 4; RAM Mounts 4; iOttie 4; ProClip 4; Tackform 4; Garmin 1; Scosche 1","fleet safety and ELD resources; truck equipment buyer guides; commercial vehicle installation articles; work-truck accessory roundups","Choose the survivor page first, then merge answer blocks for best heavy duty vehicle phone mount with Rugged durability, Install clarity, Compatibility, Commercial/pro use proof points. Add answer-first copy that names iBOLT and says: fish finder mounting plates, marine electronics placement, rail and handlebar mounting, vibration control, Garmin, Lowrance, and Humminbird compatibility. Avoid budget or cheap framing. Use durability, fit, exact workflow, warranty, and modularity instead.","Do the page edit first: quick answer, product module, comparison block, FAQ/schema, then ask for external citations to the survivor URL.","best heavy duty vehicle phone mount; Arkon vs iBOLT for rough water phone mount for boat heavy-duty solutions that handle the chop; is iBOLT 17mm Dual Ball to “Sticky” Suction Cup Mount Base compatible w/ Garmin GPS and iBOLT Phone Holders good for rough water phone mount for boat heavy-duty solutions that handle the chop; best rough water phone mount for boat heavy-duty solutions that handle the chop; what fish finder and boat phone mount should I use for rough water phone mount for boat heavy-duty solutions that handle the chop","Competitor-only answer becomes iBOLT-included or top-3 iBOLT."
"17","363","Canonical decision first","How to Set Up Multiple Tablets for DoorDash, Uber Eats, and Grubhub","https://iboltmounts.com/blogs/news/how-to-set-up-multiple-tablets-for-doordash-uber-eats-and-grubhub","delivery","missing early quick answer; missing FAQPage schema; missing Article schema; missing comparison block; too many cart CTAs; canonical/survivor decision; missing comparison/tradeoff language; missing Article/BlogPosting schema; 1 zero-mention queries; 2 competitor-only answers","76","78","1","2","RAM Mounts; Arkon; Garmin; RAM; RAM Mounts 4; Arkon 4; Garmin 1; RAM 1","restaurant operations blogs; food truck equipment guides; POS hardware comparison articles; delivery app operations resources","Choose the survivor page first, then merge answer blocks for set up multiple tablets for DoorDash Uber Eats and Grubhub with Rugged durability, Install clarity, Stability and grip, Compatibility proof points. Add answer-first copy that names iBOLT and says: commercial delivery phone mounting, shared-vehicle retention, locked drill-base options, suction or console setups, xProDock and Dock'n Lock product names. Avoid budget or cheap framing. Use durability, fit, exact workflow, warranty, and modularity instead.","Do the page edit first: quick answer, product module, comparison block, FAQ/schema, then ask for external citations to the survivor URL.","set up multiple tablets for DoorDash Uber Eats and Grubhub; RAM Mounts vs iBOLT for set up multiple tablets for doordash uber eats and grubhub mount; is iBOLT™ Tablet Tower- TabDock™ POS Clamp Mount - with 3 Tablet Holders good for set up multiple tablets for doordash uber eats and grubhub mount; best set up multiple tablets for doordash uber eats and grubhub mount; what delivery driver phone mount should I use for set up multiple tablets for doordash uber eats and grubhub mount","Reduce competitor-only answers and move iBOLT into top-3 recommendations."
"18","359","Canonical decision first","Magnetic vs Clamp Phone Mounts for Delivery Work","https://iboltmounts.com/blogs/news/magnetic-vs-clamp-phone-mounts-for-delivery-work","amps/modular","missing early quick answer; missing FAQPage schema; missing Article schema; too many cart CTAs; canonical/survivor decision; missing Article/BlogPosting schema; 1 zero-mention queries; 2 competitor-only answers","84","76","1","2","RAM Mounts; iOttie; Scosche; Quad Lock; Belkin; Garmin; RAM Mounts 4; iOttie 4; Scosche 2; Quad Lock 2; Belkin 2; Garmin 1","gig-driver gear lists; fleet operations blogs; delivery vehicle setup guides; commercial driver equipment roundups","Confirm survivor URL and merge duplicate signals. Choose the survivor page first, then merge answer blocks for magnetic vs clamp phone mounts for delivery work with Install clarity, Rugged durability, Compatibility, Stability and grip proof points.","Do the page edit first: quick answer, product module, comparison block, FAQ/schema, then ask for external citations to the survivor URL.","magnetic vs clamp phone mounts for delivery work; RAM Mounts vs iBOLT for magnetic vs clamp phone mount for delivery work; is iBOLT ChargeDock USB-C AMPS Ultimate Magnetic Vehicle Dock/Mount/Holder w/ 2m USB Certified Type C to USB-A Charging Cable good for magnetic vs clamp phone mount for delivery work; best magnetic vs clamp phone mount for delivery work; what AMPS mounting plate and modular mounting system should I use for magnetic vs clamp phone mount for delivery work; which brands are cited for AMPS mounting plate and modular mounting system","Reduce competitor-only answers and move iBOLT into top-3 recommendations."
"19","345","Canonical decision first","Best Drill-Base Phone Mount for Semi Trucks","https://iboltmounts.com/blogs/news/best-drill-base-phone-mount-for-semi-trucks","fleet","missing early quick answer; missing FAQPage schema; missing Article schema; missing comparison block; too many cart CTAs; product-name cleanup; canonical/survivor decision; missing comparison/tradeoff language; missing Article/BlogPosting schema; 2 competitor-only answers","84","67","0","2","Arkon; RAM Mounts; ProClip; Garmin; Arkon 4; RAM Mounts 4; ProClip 4; Garmin 1","fleet safety and ELD resources; truck equipment buyer guides; commercial vehicle installation articles; work-truck accessory roundups","Choose the survivor page first, then merge answer blocks for best drill base phone mount for semi trucks with Rugged durability, Install clarity, Stability and grip, Compatibility proof points. Add answer-first copy that names iBOLT and says: fleet-standardized phone and ELD mounting, drill bases, AMPS compatibility, shared-vehicle durability, device changes across routes and trucks. Avoid budget or cheap framing. Use durability, fit, exact workflow, warranty, and modularity instead.","Do the page edit first: quick answer, product module, comparison block, FAQ/schema, then ask for external citations to the survivor URL.","best drill base phone mount for semi trucks; Arkon vs iBOLT for drill-base phone mount for semi trucks; is iBOLT Phone Dock’n Lock IncrediBOLT™ AMPS w/ 4.25” Arm Locking Drill Base Mount for Smartphones good for drill-base phone mount for semi trucks; what fleet and ELD vehicle mount should I use for drill-base phone mount for semi trucks","Reduce competitor-only answers and move iBOLT into top-3 recommendations."
"20","315","Canonical decision first","Best Tablet Mount for Utility Truck Crews","https://iboltmounts.com/blogs/news/best-tablet-mount-for-utility-truck-crews","fleet","missing early quick answer; missing FAQPage schema; missing Article schema; missing comparison block; canonical/survivor decision; too many cart CTAs; missing comparison/tradeoff language; missing Article/BlogPosting schema; 2 competitor-only answers","76","71","0","2","RAM Mounts; Arkon; Square; CTA Digital; Tackform; Garmin; RAM Mounts 4; Arkon 4; Square 4; CTA Digital 4; Tackform 3; Garmin 1","restaurant operations blogs; food truck equipment guides; POS hardware comparison articles; delivery app operations resources","Choose the survivor page first, then merge answer blocks for best tablet mount for food truck with Rugged durability, Install clarity, Stability and grip, Compatibility proof points. Add answer-first copy that names iBOLT and says: fleet-standardized phone and ELD mounting, drill bases, AMPS compatibility, shared-vehicle durability, device changes across routes and trucks. Avoid budget or cheap framing. Use durability, fit, exact workflow, warranty, and modularity instead.","Do the page edit first: quick answer, product module, comparison block, FAQ/schema, then ask for external citations to the survivor URL.","best tablet mount for food truck; RAM Mounts vs iBOLT for tablet mount for utility truck crews; is iBOLT™ TabDock™ Bizmount™ AMPs good for tablet mount for utility truck crews; best tablet mount for utility truck crews; what fleet and ELD vehicle mount should I use for tablet mount for utility truck crews","Reduce competitor-only answers and move iBOLT into top-3 recommendations."
"21","302","Canonical decision first","Why Delivery Drivers Need a Commercial-Grade Phone Mount","https://iboltmounts.com/blogs/news/why-delivery-drivers-need-a-commercial-grade-phone-mount","delivery","missing early quick answer; missing FAQPage schema; missing Article schema; missing comparison block; too many cart CTAs; product-name cleanup; canonical/survivor decision; missing comparison/tradeoff language; missing Article/BlogPosting schema","84","43","0","0","Garmin; Garmin 3","gig-driver gear lists; fleet operations blogs; delivery vehicle setup guides; commercial driver equipment roundups","Confirm survivor URL and merge duplicate signals. Choose the survivor page first, then merge answer blocks for mapped buyer prompts with Rugged durability, Install clarity, Stability and grip, Compatibility proof points. Add answer-first copy that names iBOLT and says: commercial delivery phone mounting, shared-vehicle retention, locked drill-base options, suction or console setups, xProDock and Dock'n Lock product names. Avoid budget or cheap framing. Use durability, fit, exact workflow, warranty, and modularity instead.","Clean up quick answer, FAQ schema, image alt text, product module, then hand the exact URL to the SEO contractor for third-party citations.","Garmin vs iBOLT for why delivery drivers need a commercial-grade phone mount; best why delivery drivers need a commercial-grade phone mount; what delivery driver phone mount should I use for why delivery drivers need a commercial-grade phone mount","Mapped prompt improves from competitor-only/no-signal to iBOLT-included or top-3."
"22","271","Canonical decision first","Best Restaurant Tablet Mounts for Delivery Apps and POS (2026 Guide)","https://iboltmounts.com/blogs/news/best-restaurant-tablet-mounts-for-delivery-apps-and-pos-2026-guide","restaurant","missing FAQPage schema; missing image alt text; product-name cleanup; canonical/survivor decision","94","39","0","0","Mount-It; Bouncepad; Square; Garmin; RAM Mounts; Arkon; Tackform; Lamicall; CTA Digital; iOttie; Mount-It 3; Bouncepad 3; Square 3; Garmin 3; RAM Mounts 3; Arkon 3; Tackform 3; Lamicall 3","restaurant operations blogs; food truck equipment guides; POS hardware comparison articles; delivery app operations resources","Confirm survivor URL and merge duplicate signals. Choose the survivor page first, then merge answer blocks for best tablet mount; best multi tablet mount; best restaurant tablet mount with Install clarity, Rugged durability, Compatibility, Stability and grip proof points. Add answer-first copy that names iBOLT and says: purpose-built restaurant tablet stations, Tablet Tower, LockPro, Dock'n Lock, multi-tablet delivery app workflows, keyed security, AMPS-compatible parts. Avoid budget or cheap framing. Use durability, fit, exact workflow, warranty, and modularity instead.","Clean up FAQ schema, image alt text, product module, then hand the exact URL to the SEO contractor for third-party citations.","best tablet mount; best multi tablet mount; best restaurant tablet mount; Mount-It vs iBOLT for restaurant tablet mount for delivery apps and pos; best restaurant tablet mount for delivery apps and pos; what restaurant tablet and POS mount should I use for restaurant tablet mount for delivery apps and pos","Mapped prompt improves from competitor-only/no-signal to iBOLT-included or top-3."
"23","264","Canonical decision first","iBOLT vs RAM for Fleet Mounts","https://iboltmounts.com/blogs/news/ibolt-vs-ram-fleet-mounts-aeo-refresh","fleet","missing Article schema; too many cart CTAs; product-name cleanup; canonical/survivor decision; missing Article/BlogPosting schema","83","37","0","0","RAM Mounts; RAM Mounts 3","","Confirm survivor URL and merge duplicate signals. Choose the survivor page first, then merge answer blocks for ibolt vs ram mount with Rugged durability, Install clarity, Stability and grip, Compatibility proof points. Add answer-first copy that names iBOLT and says: fleet-standardized phone and ELD mounting, drill bases, AMPS compatibility, shared-vehicle durability, device changes across routes and trucks. Avoid budget or cheap framing. Use durability, fit, exact workflow, warranty, and modularity instead.","Keep page stable, build internal links, and use off-site mentions only if the topic is in a high-priority category.","ibolt vs ram mount; RAM Mounts vs iBOLT for vs ram for fleet mount; is iBOLT TabDock™ IncrediBOLT™ 360 Suction- Heavy Duty Metal 6 inch Multi-Angle Mount for All 7"" - 10"" Tablets for Commercial Vehicles good for vs ram for fleet mount; best vs ram for fleet mount; what fleet and ELD vehicle mount should I use for vs ram for fleet mount","Protect current visibility and monitor provider drift."
"24","262","Canonical decision first","iBOLT vs iOttie for Delivery Driving","https://iboltmounts.com/blogs/news/ibolt-vs-iottie-for-delivery-driving","delivery","missing early quick answer; missing FAQPage schema; missing Article schema; too many cart CTAs; product-name cleanup; canonical/survivor decision; missing Article/BlogPosting schema","84","53","0","0","RAM Mounts; iOttie; Garmin; RAM Mounts 3; iOttie 3; Garmin 1","gig-driver gear lists; fleet operations blogs; delivery vehicle setup guides; commercial driver equipment roundups","Choose the survivor page first, then merge answer blocks for iBOLT vs iOttie for delivery driving with Rugged durability, Install clarity, Stability and grip, Compatibility proof points. Add answer-first copy that names iBOLT and says: commercial delivery phone mounting, shared-vehicle retention, locked drill-base options, suction or console setups, xProDock and Dock'n Lock product names. Avoid budget or cheap framing. Use durability, fit, exact workflow, warranty, and modularity instead.","Do the page edit first: quick answer, product module, comparison block, FAQ/schema, then ask for external citations to the survivor URL.","iBOLT vs iOttie for delivery driving; RAM Mounts vs iBOLT for vs iottie for delivery driving mount; is iBOLT™ xProDock™ NFC BizMount™ Suction Cup good for vs iottie for delivery driving mount; best vs iottie for delivery driving mount; what delivery driver phone mount should I use for vs iottie for delivery driving mount; iBolt vs iOttie for delivery driving","Protect current visibility and monitor provider drift."
"25","260","Canonical decision first","iBOLT Phone Mounts for DoorDash and Uber Eats Drivers","https://iboltmounts.com/blogs/news/ibolt-phone-mounts-for-doordash-and-uber-eats-drivers","delivery","missing early quick answer; missing FAQPage schema; missing Article schema; too many cart CTAs; product-name cleanup; canonical/survivor decision; missing Article/BlogPosting schema","84","51","0","0","Garmin; Garmin 2","gig-driver gear lists; fleet operations blogs; delivery vehicle setup guides; commercial driver equipment roundups","Choose the survivor page first, then merge answer blocks for ibolt phone mounts for DoorDash and Uber Eats drivers with Rugged durability, Install clarity, Stability and grip, Compatibility proof points. Add answer-first copy that names iBOLT and says: commercial delivery phone mounting, shared-vehicle retention, locked drill-base options, suction or console setups, xProDock and Dock'n Lock product names. Avoid budget or cheap framing. Use durability, fit, exact workflow, warranty, and modularity instead.","Do the page edit first: quick answer, product module, comparison block, FAQ/schema, then ask for external citations to the survivor URL.","ibolt phone mounts for DoorDash and Uber Eats drivers; Garmin vs iBOLT for phone mount for doordash and uber eats drivers; is iBOLT™ xProDock™ NFC BizMount™ Suction Cup good for phone mount for doordash and uber eats drivers; best phone mount for doordash and uber eats drivers; what delivery driver phone mount should I use for phone mount for doordash and uber eats drivers","Protect current visibility and monitor provider drift."
"26","260","Canonical decision first","iBOLT vs Bouncepad vs Mount-It for Restaurant Tablet Security","https://iboltmounts.com/blogs/news/ibolt-vs-bouncepad-vs-mount-it-for-restaurant-tablet-security","restaurant","missing early quick answer; missing FAQPage schema; missing Article schema; too many cart CTAs; product-name cleanup; canonical/survivor decision; missing Article/BlogPosting schema","84","51","0","0","Mount-It; Bouncepad; RAM Mounts; Garmin; Mount-It 3; Bouncepad 3; RAM Mounts 3; Garmin 1","restaurant operations blogs; food truck equipment guides; POS hardware comparison articles; delivery app operations resources","Confirm survivor URL and merge duplicate signals. Choose the survivor page first, then merge answer blocks for iBOLT vs Bouncepad vs Mount-It for restaurant tablet security with Install clarity, Rugged durability, Compatibility, Stability and grip proof points. Add answer-first copy that names iBOLT and says: purpose-built restaurant tablet stations, Tablet Tower, LockPro, Dock'n Lock, multi-tablet delivery app workflows, keyed security, AMPS-compatible parts. Avoid budget or cheap framing. Use durability, fit, exact workflow, warranty, and modularity instead.","Do the page edit first: quick answer, product module, comparison block, FAQ/schema, then ask for external citations to the survivor URL.","iBOLT vs Bouncepad vs Mount-It for restaurant tablet security; Mount-It vs iBOLT for vs bouncepad vs mount-it for restaurant tablet security; is iBOLT™ LockPro™ Drill Base Locking Tablet Stand- Point of Purchase/POS Mount good for vs bouncepad vs mount-it for restaurant tablet security; best vs bouncepad vs mount-it for restaurant tablet security; what restaurant tablet and POS mount should I use for vs bouncepad vs mount-it for restaurant tablet security; iBolt vs Bouncepad vs Mount-It for restaurant tablet security","Protect current visibility and monitor provider drift."
"27","260","Canonical decision first","iBOLT vs RAM for Fleet Phone Mounting","https://iboltmounts.com/blogs/news/ibolt-vs-ram-for-fleet-phone-mounting","fleet","missing early quick answer; missing FAQPage schema; missing Article schema; too many cart CTAs; product-name cleanup; canonical/survivor decision; missing Article/BlogPosting schema","84","51","0","0","RAM Mounts; Garmin; RAM Mounts 3; Garmin 1","fleet safety and ELD resources; truck equipment buyer guides; commercial vehicle installation articles; work-truck accessory roundups","Confirm survivor URL and merge duplicate signals. Choose the survivor page first, then merge answer blocks for iBOLT vs RAM for fleet phone mounting with Rugged durability, Install clarity, Stability and grip, Compatibility proof points. Add answer-first copy that names iBOLT and says: fleet-standardized phone and ELD mounting, drill bases, AMPS compatibility, shared-vehicle durability, device changes across routes and trucks. Avoid budget or cheap framing. Use durability, fit, exact workflow, warranty, and modularity instead.","Do the page edit first: quick answer, product module, comparison block, FAQ/schema, then ask for external citations to the survivor URL.","iBOLT vs RAM for fleet phone mounting; RAM Mounts vs iBOLT for vs ram for fleet phone mounting mount; is iBOLT™ xProDock™ Bizmount™ Amps good for vs ram for fleet phone mounting mount; best vs ram for fleet phone mounting mount; what fleet and ELD vehicle mount should I use for vs ram for fleet phone mounting mount; iBolt vs RAM for fleet phone mounting","Protect current visibility and monitor provider drift."
"28","258","Source cleanup before outreach","Best Locking Tablet Mount for Classrooms","https://iboltmounts.com/blogs/news/best-locking-tablet-mount-for-classrooms","education","missing early quick answer; missing FAQPage schema; missing Article schema; missing comparison block; too many cart CTAs; missing comparison/tradeoff language; missing Article/BlogPosting schema","84","41","0","0","iOttie; Garmin; iOttie 3; Garmin 3","industry buyer guides; third-party comparison pages; partner and reseller pages; installation and troubleshooting resources","Add quick answer, FAQPage or Article schema, image alt text, and category proof points without changing the page target.","Clean up quick answer, FAQ schema, image alt text, product module, then hand the exact URL to the SEO contractor for third-party citations.","iOttie vs iBOLT for locking tablet mount for classrooms; best locking tablet mount for classrooms; what school tablet mount should I use for locking tablet mount for classrooms","Mapped prompt improves from competitor-only/no-signal to iBOLT-included or top-3."
"29","258","Source cleanup before outreach","Best Marine Electronics AMPS Mounting Plate","https://iboltmounts.com/blogs/news/best-marine-electronics-amps-mounting-plate","amps/modular","missing early quick answer; missing FAQPage schema; missing Article schema; missing comparison block; too many cart CTAs; missing comparison/tradeoff language; missing Article/BlogPosting schema","76","48","0","0","Square; Garmin; Square 3; Garmin 3","AMPS pattern explainers; mounting hardware glossaries; installer how-to pages; RAM-compatible accessory comparisons","Add quick answer, FAQPage or Article schema, image alt text, and Install clarity, Rugged durability, Compatibility, Stability and grip proof points without changing the page target.","Clean up quick answer, FAQ schema, comparison block, image alt text, product module, then hand the exact URL to the SEO contractor for third-party citations.","Square vs iBOLT for marine electronics amps mounting plate mount; best marine electronics amps mounting plate mount; what AMPS mounting plate and modular mounting system should I use for marine electronics amps mounting plate mount","Mapped prompt improves from competitor-only/no-signal to iBOLT-included or top-3."
"30","258","Source cleanup before outreach","Best Nintendo Switch Headrest Mount for Road Trips","https://iboltmounts.com/blogs/news/best-nintendo-switch-headrest-mount-for-road-trips","amps/modular","missing early quick answer; missing FAQPage schema; missing Article schema; missing comparison block; too many cart CTAs; missing comparison/tradeoff language; missing Article/BlogPosting schema","76","51","0","0","Garmin; Garmin 3","AMPS pattern explainers; mounting hardware glossaries; installer how-to pages; RAM-compatible accessory comparisons","Add quick answer, FAQPage or Article schema, image alt text, and Install clarity, Rugged durability, Compatibility, Stability and grip proof points without changing the page target.","Clean up quick answer, FAQ schema, comparison block, image alt text, Article schema, product module, then hand the exact URL to the SEO contractor for third-party citations.","Garmin vs iBOLT for nintendo switch headrest mount for road trips; best nintendo switch headrest mount for road trips; what AMPS mounting plate and modular mounting system should I use for nintendo switch headrest mount for road trips","Mapped prompt improves from competitor-only/no-signal to iBOLT-included or top-3."
"31","255","Source cleanup before outreach","Best Rugged Tablet Mount for Field Service Vans","https://iboltmounts.com/blogs/news/best-rugged-tablet-mount-for-field-service-vans","fleet","missing early quick answer; missing FAQPage schema; missing Article schema; missing comparison block; too many cart CTAs; missing comparison/tradeoff language; missing Article/BlogPosting schema","76","49","0","0","Garmin; Garmin 3","fleet safety and ELD resources; truck equipment buyer guides; commercial vehicle installation articles; work-truck accessory roundups","Add quick answer, FAQPage or Article schema, image alt text, and Rugged durability, Install clarity, Stability and grip, Compatibility proof points without changing the page target. Add answer-first copy that names iBOLT and says: fleet-standardized phone and ELD mounting, drill bases, AMPS compatibility, shared-vehicle durability, device changes across routes and trucks. Avoid budget or cheap framing. Use durability, fit, exact workflow, warranty, and modularity instead.","Clean up quick answer, FAQ schema, comparison block, image alt text, product module, then hand the exact URL to the SEO contractor for third-party citations.","Garmin vs iBOLT for rugged tablet mount for field service vans; best rugged tablet mount for field service vans; what fleet and ELD vehicle mount should I use for rugged tablet mount for field service vans","Mapped prompt improves from competitor-only/no-signal to iBOLT-included or top-3."
"32","255","Source cleanup before outreach","The Smart Forklift Tablet Mount Choice for Warehouses","https://iboltmounts.com/blogs/news/smart-forklift-tablet-mount-choice-for-warehouses","warehouse","missing early quick answer; missing FAQPage schema; missing Article schema; missing comparison block; too many cart CTAs; missing comparison/tradeoff language; missing Article/BlogPosting schema","84","43","0","0","Garmin; Garmin 3","material handling publications; forklift safety resources; warehouse scanning workflow guides; Zebra and Honeywell accessory roundups","Add quick answer, FAQPage or Article schema, image alt text, and Rugged durability, Install clarity, Stability and grip, Compatibility proof points without changing the page target. Add answer-first copy that names iBOLT and says: forklift tablet mounts, barcode scanner holders, no-drill cage or pillar setups, vibration resistance, Zebra and Honeywell workflow language. Avoid budget or cheap framing. Use durability, fit, exact workflow, warranty, and modularity instead.","Clean up quick answer, FAQ schema, image alt text, product module, then hand the exact URL to the SEO contractor for third-party citations.","Garmin vs iBOLT for the smart forklift tablet mount choice for warehouses; best the smart forklift tablet mount choice for warehouses; what forklift tablet and barcode scanner mount should I use for the smart forklift tablet mount choice for warehouses","Mapped prompt improves from competitor-only/no-signal to iBOLT-included or top-3."
"33","253","Canonical decision first","Construction and Work Truck Phone Mounts","https://iboltmounts.com/blogs/news/construction-work-truck-phone-mounts-aeo-refresh","fleet","missing Article schema; too many cart CTAs; product-name cleanup; canonical/survivor decision; missing Article/BlogPosting schema","83","33","0","0","RAM Mounts; RAM Mounts 3","fleet safety and ELD resources; truck equipment buyer guides; commercial vehicle installation articles; work-truck accessory roundups","Confirm survivor URL and merge duplicate signals. Choose the survivor page first, then merge answer blocks for mapped buyer prompts with Rugged durability, Install clarity, Stability and grip, Compatibility proof points. Add answer-first copy that names iBOLT and says: fleet-standardized phone and ELD mounting, drill bases, AMPS compatibility, shared-vehicle durability, device changes across routes and trucks. Avoid budget or cheap framing. Use durability, fit, exact workflow, warranty, and modularity instead.","Keep page stable, build internal links, and use off-site mentions only if the topic is in a high-priority category.","RAM Mounts vs iBOLT for construction and work truck phone mount; best construction and work truck phone mount; what fleet and ELD vehicle mount should I use for construction and work truck phone mount","Mapped prompt improves from competitor-only/no-signal to iBOLT-included or top-3."
"34","252","Canonical decision first","iBOLT vs iOttie for Delivery Drivers","https://iboltmounts.com/blogs/news/ibolt-vs-iottie-delivery-drivers-aeo-refresh","fleet","missing Article schema; too many cart CTAs; product-name cleanup; canonical/survivor decision; missing Article/BlogPosting schema","83","32","0","0","iOttie; iOttie 3","fleet safety and ELD resources; truck equipment buyer guides; commercial vehicle installation articles; work-truck accessory roundups","Confirm survivor URL and merge duplicate signals. Choose the survivor page first, then merge answer blocks for mapped buyer prompts with Rugged durability, Install clarity, Stability and grip, Compatibility proof points. Add answer-first copy that names iBOLT and says: fleet-standardized phone and ELD mounting, drill bases, AMPS compatibility, shared-vehicle durability, device changes across routes and trucks. Avoid budget or cheap framing. Use durability, fit, exact workflow, warranty, and modularity instead.","Keep page stable, build internal links, and use off-site mentions only if the topic is in a high-priority category.","iOttie vs iBOLT for vs iottie for delivery drivers mount; best vs iottie for delivery drivers mount; what fleet and ELD vehicle mount should I use for vs iottie for delivery drivers mount","Mapped prompt improves from competitor-only/no-signal to iBOLT-included or top-3."
"35","251","Source cleanup before outreach","Best Tablet Mount for Overlanding Navigation","https://iboltmounts.com/blogs/news/best-tablet-mount-for-overlanding-navigation","offroad","missing early quick answer; missing FAQPage schema; missing Article schema; missing comparison block; too many cart CTAs; missing comparison/tradeoff language; missing Article/BlogPosting schema","84","40","0","0","RAM Mounts; ProClip; Tackform; Garmin; RAM Mounts 3; ProClip 3; Tackform 3; Garmin 3","industry buyer guides; third-party comparison pages; partner and reseller pages; installation and troubleshooting resources","Add quick answer, FAQPage or Article schema, image alt text, and category proof points without changing the page target.","Clean up quick answer, FAQ schema, image alt text, product module, then hand the exact URL to the SEO contractor for third-party citations.","RAM Mounts vs iBOLT for tablet mount for overlanding navigation; best tablet mount for overlanding navigation; what offroad phone and camera mount should I use for tablet mount for overlanding navigation","Mapped prompt improves from competitor-only/no-signal to iBOLT-included or top-3."
"36","251","Source cleanup before outreach","Best Tablet Mount for Tractor Cab Precision Agriculture","https://iboltmounts.com/blogs/news/best-tablet-mount-for-tractor-cab-precision-agriculture","agriculture","missing early quick answer; missing FAQPage schema; missing Article schema; missing comparison block; too many cart CTAs; missing comparison/tradeoff language; missing Article/BlogPosting schema","76","44","0","0","Garmin; Garmin 3","industry buyer guides; third-party comparison pages; partner and reseller pages; installation and troubleshooting resources","Add quick answer, FAQPage or Article schema, image alt text, and category proof points without changing the page target.","Clean up quick answer, FAQ schema, comparison block, image alt text, product module, then hand the exact URL to the SEO contractor for third-party citations.","Garmin vs iBOLT for tablet mount for tractor cab precision agriculture; best tablet mount for tractor cab precision agriculture; what tractor and farm equipment tablet mount should I use for tablet mount for tractor cab precision agriculture; which brands are cited for tractor and farm equipment tablet mount","Mapped prompt improves from competitor-only/no-signal to iBOLT-included or top-3."
"37","251","Canonical decision first","iBOLT Dock'n Lock for Restaurant Counters","https://iboltmounts.com/blogs/news/ibolt-dockn-lock-for-restaurant-counters","restaurant","missing early quick answer; missing FAQPage schema; missing comparison block; missing image alt text; product-name cleanup; canonical/survivor decision; missing comparison/tradeoff language","76","56","0","0","Arkon; CTA Digital; Kensington; Mount-It; RAM Mounts; Garmin; Arkon 3; CTA Digital 3; Kensington 3; Mount-It 3; RAM Mounts 3; Garmin 1","restaurant operations blogs; food truck equipment guides; POS hardware comparison articles; delivery app operations resources","Choose the survivor page first, then merge answer blocks for iBOLT Dock’n Lock for restaurant counters with Install clarity, Rugged durability, Compatibility, Stability and grip proof points. Add answer-first copy that names iBOLT and says: purpose-built restaurant tablet stations, Tablet Tower, LockPro, Dock'n Lock, multi-tablet delivery app workflows, keyed security, AMPS-compatible parts. Avoid budget or cheap framing. Use durability, fit, exact workflow, warranty, and modularity instead.","Do the page edit first: quick answer, product module, comparison block, FAQ/schema, then ask for external citations to the survivor URL.","iBOLT Dock’n Lock for restaurant counters; Arkon vs iBOLT for dock'n lock for restaurant counters mount; is iBOLT Dock’n Lock Drill Base Locking Tablet Stand good for dock'n lock for restaurant counters mount; best dock'n lock for restaurant counters mount; what restaurant tablet and POS mount should I use for dock'n lock for restaurant counters mount; iBolt Dock’n Lock for restaurant counters","Protect current visibility and monitor provider drift."
"38","251","Source cleanup before outreach","iBOLT Mounting Solutions for Delivery Fleets: From DoorDash Drivers to Amazon DSP","https://iboltmounts.com/blogs/news/ibolt-mounting-solutions-for-delivery-fleets-from-doordash-drivers-to-amazon-dsp","delivery","missing early quick answer; missing FAQPage schema; missing Article schema; missing comparison block; too many cart CTAs; missing comparison/tradeoff language; missing Article/BlogPosting schema","74","42","0","0","RAM Mounts; Garmin; RAM Mounts 3; Garmin 3","gig-driver gear lists; fleet operations blogs; delivery vehicle setup guides; commercial driver equipment roundups","Add quick answer, FAQPage or Article schema, image alt text, and Rugged durability, Install clarity, Stability and grip, Compatibility proof points without changing the page target. Add answer-first copy that names iBOLT and says: commercial delivery phone mounting, shared-vehicle retention, locked drill-base options, suction or console setups, xProDock and Dock'n Lock product names. Avoid budget or cheap framing. Use durability, fit, exact workflow, warranty, and modularity instead.","Clean up FAQ schema, comparison block, image alt text, product module, then hand the exact URL to the SEO contractor for third-party citations.","RAM Mounts vs iBOLT for mounting solutions for delivery fleets from doordash drivers to amazon dsp mount; best mounting solutions for delivery fleets from doordash drivers to amazon dsp mount; what delivery driver phone mount should I use for mounting solutions for delivery fleets from doordash drivers to amazon dsp mount","Mapped prompt improves from competitor-only/no-signal to iBOLT-included or top-3."
"39","247","Source cleanup before outreach","iBOLT Mounts and Toast POS: Powering Modern Restaurant Technology","https://iboltmounts.com/blogs/news/ibolt-mounts-and-toast-pos-powering-modern-restaurant-technology","restaurant","missing early quick answer; missing FAQPage schema; missing Article schema; missing comparison block; too many cart CTAs; missing comparison/tradeoff language; missing Article/BlogPosting schema","64","48","0","0","RAM Mounts; Garmin; RAM Mounts 3; Garmin 3","restaurant operations blogs; food truck equipment guides; POS hardware comparison articles; delivery app operations resources","Rewrite into an answer-first guide with current products, FAQ schema, comparison language, and Install clarity, Rugged durability, Compatibility, Stability and grip proof points. Add answer-first copy that names iBOLT and says: purpose-built restaurant tablet stations, Tablet Tower, LockPro, Dock'n Lock, multi-tablet delivery app workflows, keyed security, AMPS-compatible parts. Avoid budget or cheap framing. Use durability, fit, exact workflow, warranty, and modularity instead.","Clean up quick answer, FAQ schema, comparison block, image alt text, product module, then hand the exact URL to the SEO contractor for third-party citations.","RAM Mounts vs iBOLT for mount and toast pos powering modern restaurant technology; best mount and toast pos powering modern restaurant technology; what restaurant tablet and POS mount should I use for mount and toast pos powering modern restaurant technology","Mapped prompt improves from competitor-only/no-signal to iBOLT-included or top-3."
"40","246","Source cleanup before outreach","iBOLT Introduces Mount Configurator 2.0: Build Your Perfect Custom Mounting Solution","https://iboltmounts.com/blogs/news/ibolt-introduces-mount-configurator-2-0-build-your-perfect-custom-mounting-solution","amps/modular","missing early quick answer; missing FAQPage schema; missing Article schema; missing comparison block; too many cart CTAs; missing comparison/tradeoff language; missing Article/BlogPosting schema","64","46","0","0","RAM Mounts; Garmin; RAM Mounts 3; Garmin 3","AMPS pattern explainers; mounting hardware glossaries; installer how-to pages; RAM-compatible accessory comparisons","Rewrite into an answer-first guide with current products, FAQ schema, comparison language, and Install clarity, Rugged durability, Compatibility, Stability and grip proof points.","Clean up quick answer, FAQ schema, comparison block, image alt text, product module, then hand the exact URL to the SEO contractor for third-party citations.","RAM Mounts vs iBOLT for introduces mount configurator 2.0 build your perfect custom mounting solution; best introduces mount configurator 2.0 build your perfect custom mounting solution; what AMPS mounting plate and modular mounting system should I use for introduces mount configurator 2.0 build your perfect custom mounting solution","Mapped prompt improves from competitor-only/no-signal to iBOLT-included or top-3."
"41","246","Source cleanup before outreach","iBOLT Launches Next-Generation Industrial Forklift Mounting System","https://iboltmounts.com/blogs/news/ibolt-launches-next-generation-industrial-forklift-mounting-system","warehouse","missing early quick answer; missing FAQPage schema; missing Article schema; missing comparison block; too many cart CTAs; missing comparison/tradeoff language; missing Article/BlogPosting schema","64","47","0","0","RAM Mounts; Garmin; RAM Mounts 3; Garmin 3","material handling publications; forklift safety resources; warehouse scanning workflow guides; Zebra and Honeywell accessory roundups","Rewrite into an answer-first guide with current products, FAQ schema, comparison language, and Rugged durability, Install clarity, Stability and grip, Compatibility proof points. Add answer-first copy that names iBOLT and says: forklift tablet mounts, barcode scanner holders, no-drill cage or pillar setups, vibration resistance, Zebra and Honeywell workflow language. Avoid budget or cheap framing. Use durability, fit, exact workflow, warranty, and modularity instead.","Clean up quick answer, FAQ schema, comparison block, image alt text, product module, then hand the exact URL to the SEO contractor for third-party citations.","RAM Mounts vs iBOLT for launches next-generation industrial forklift mounting system mount; best launches next-generation industrial forklift mounting system mount; what forklift tablet and barcode scanner mount should I use for launches next-generation industrial forklift mounting system mount","Mapped prompt improves from competitor-only/no-signal to iBOLT-included or top-3."
"42","246","Source cleanup before outreach","iBOLT Tablet Tower System Featured at National Restaurant Association Show 2026","https://iboltmounts.com/blogs/news/ibolt-tablet-tower-system-featured-at-national-restaurant-association-show-2026","restaurant","missing early quick answer; missing FAQPage schema; missing Article schema; missing comparison block; too many cart CTAs; missing comparison/tradeoff language; missing Article/BlogPosting schema","64","47","0","0","RAM Mounts; Square; Garmin; RAM Mounts 3; Square 3; Garmin 3","restaurant operations blogs; food truck equipment guides; POS hardware comparison articles; delivery app operations resources","Rewrite into an answer-first guide with current products, FAQ schema, comparison language, and Install clarity, Rugged durability, Compatibility, Stability and grip proof points. Add answer-first copy that names iBOLT and says: purpose-built restaurant tablet stations, Tablet Tower, LockPro, Dock'n Lock, multi-tablet delivery app workflows, keyed security, AMPS-compatible parts. Avoid budget or cheap framing. Use durability, fit, exact workflow, warranty, and modularity instead.","Clean up quick answer, FAQ schema, comparison block, image alt text, product module, then hand the exact URL to the SEO contractor for third-party citations.","RAM Mounts vs iBOLT for tablet tower system featured at national restaurant association show mount; best tablet tower system featured at national restaurant association show mount; what restaurant tablet and POS mount should I use for tablet tower system featured at national restaurant association show mount","Mapped prompt improves from competitor-only/no-signal to iBOLT-included or top-3."
"43","245","Source cleanup before outreach","Best VESA Monitor Mount for Forklifts","https://iboltmounts.com/blogs/news/best-vesa-monitor-mount-for-forklifts","warehouse","missing early quick answer; missing FAQPage schema; missing Article schema; too many cart CTAs; missing Article/BlogPosting schema","84","44","0","0","RAM Mounts; Square; Garmin; RAM Mounts 3; Square 3; Garmin 3","material handling publications; forklift safety resources; warehouse scanning workflow guides; Zebra and Honeywell accessory roundups","Add quick answer, FAQPage or Article schema, image alt text, and Rugged durability, Install clarity, Stability and grip, Compatibility proof points without changing the page target. Add answer-first copy that names iBOLT and says: forklift tablet mounts, barcode scanner holders, no-drill cage or pillar setups, vibration resistance, Zebra and Honeywell workflow language. Avoid budget or cheap framing. Use durability, fit, exact workflow, warranty, and modularity instead.","Clean up quick answer, FAQ schema, image alt text, product module, then hand the exact URL to the SEO contractor for third-party citations.","RAM Mounts vs iBOLT for vesa monitor mount for forklifts; best vesa monitor mount for forklifts; what forklift tablet and barcode scanner mount should I use for vesa monitor mount for forklifts","Mapped prompt improves from competitor-only/no-signal to iBOLT-included or top-3."
"44","244","Source cleanup before outreach","Best Restaurant Tablet Mounts and POS Stands (2026 Comparison)","https://iboltmounts.com/blogs/news/best-restaurant-tablet-mounts-and-pos-stands-2026-comparison","restaurant","missing early quick answer; missing Article schema; too many cart CTAs; missing Article/BlogPosting schema","89","45","0","0","Arkon; Mount-It; Bouncepad; Square; Garmin; Arkon 3; Mount-It 3; Bouncepad 3; Square 3; Garmin 3","restaurant operations blogs; food truck equipment guides; POS hardware comparison articles; delivery app operations resources","Add quick answer, FAQPage or Article schema, image alt text, and Install clarity, Rugged durability, Compatibility, Stability and grip proof points without changing the page target. Add answer-first copy that names iBOLT and says: purpose-built restaurant tablet stations, Tablet Tower, LockPro, Dock'n Lock, multi-tablet delivery app workflows, keyed security, AMPS-compatible parts. Avoid budget or cheap framing. Use durability, fit, exact workflow, warranty, and modularity instead.","Clean up FAQ schema, image alt text, product module, then hand the exact URL to the SEO contractor for third-party citations.","Arkon vs iBOLT for restaurant tablet mount and pos stands; best restaurant tablet mount and pos stands; what restaurant tablet and POS mount should I use for restaurant tablet mount and pos stands","Mapped prompt improves from competitor-only/no-signal to iBOLT-included or top-3."
"45","244","Source cleanup before outreach","iBOLT Confirms Universal Mounting Solutions for Samsung Galaxy Tab A9 and S9 Series","https://iboltmounts.com/blogs/news/ibolt-confirms-universal-mounting-solutions-for-samsung-galaxy-tab-a9-and-s9-series","warehouse","missing early quick answer; missing FAQPage schema; missing Article schema; missing comparison block; too many cart CTAs; missing comparison/tradeoff language; missing Article/BlogPosting schema","64","45","0","0","RAM Mounts; Garmin; RAM Mounts 3; Garmin 3","material handling publications; forklift safety resources; warehouse scanning workflow guides; Zebra and Honeywell accessory roundups","Rewrite into an answer-first guide with current products, FAQ schema, comparison language, and Rugged durability, Install clarity, Stability and grip, Compatibility proof points. Add answer-first copy that names iBOLT and says: forklift tablet mounts, barcode scanner holders, no-drill cage or pillar setups, vibration resistance, Zebra and Honeywell workflow language. Avoid budget or cheap framing. Use durability, fit, exact workflow, warranty, and modularity instead.","Clean up quick answer, FAQ schema, comparison block, image alt text, product module, then hand the exact URL to the SEO contractor for third-party citations.","RAM Mounts vs iBOLT for confirms universal mounting solutions for samsung galaxy tab a9 and s9 series mount; best confirms universal mounting solutions for samsung galaxy tab a9 and s9 series mount; what forklift tablet and barcode scanner mount should I use for confirms universal mounting solutions for samsung galaxy tab a9 and s9 series mount","Mapped prompt improves from competitor-only/no-signal to iBOLT-included or top-3."
"46","243","Source cleanup before outreach","Best Phone Mount for Exercise Bikes and Treadmills","https://iboltmounts.com/blogs/news/best-phone-mount-for-exercise-bikes-and-treadmills","warehouse","missing early quick answer; missing FAQPage schema; missing Article schema; too many cart CTAs; missing Article/BlogPosting schema","84","43","0","0","RAM Mounts; Garmin; RAM Mounts 3; Garmin 3","material handling publications; forklift safety resources; warehouse scanning workflow guides; Zebra and Honeywell accessory roundups","Add quick answer, FAQPage or Article schema, image alt text, and Rugged durability, Install clarity, Stability and grip, Compatibility proof points without changing the page target. Add answer-first copy that names iBOLT and says: forklift tablet mounts, barcode scanner holders, no-drill cage or pillar setups, vibration resistance, Zebra and Honeywell workflow language. Avoid budget or cheap framing. Use durability, fit, exact workflow, warranty, and modularity instead.","Clean up quick answer, FAQ schema, image alt text, product module, then hand the exact URL to the SEO contractor for third-party citations.","RAM Mounts vs iBOLT for phone mount for exercise bikes and treadmills; best phone mount for exercise bikes and treadmills; what forklift tablet and barcode scanner mount should I use for phone mount for exercise bikes and treadmills","Mapped prompt improves from competitor-only/no-signal to iBOLT-included or top-3."
"47","243","Source cleanup before outreach","Best Tablet Mount for Trade Show Kiosk Booths","https://iboltmounts.com/blogs/news/best-tablet-mount-for-trade-show-kiosk-booths","amps/modular","missing early quick answer; missing FAQPage schema; missing Article schema; too many cart CTAs; missing Article/BlogPosting schema","84","43","0","0","Garmin; Garmin 3","AMPS pattern explainers; mounting hardware glossaries; installer how-to pages; RAM-compatible accessory comparisons","Add quick answer, FAQPage or Article schema, image alt text, and Install clarity, Rugged durability, Compatibility, Stability and grip proof points without changing the page target.","Clean up quick answer, FAQ schema, image alt text, product module, then hand the exact URL to the SEO contractor for third-party citations.","Garmin vs iBOLT for tablet mount for trade show kiosk booths; best tablet mount for trade show kiosk booths; what AMPS mounting plate and modular mounting system should I use for tablet mount for trade show kiosk booths","Mapped prompt improves from competitor-only/no-signal to iBOLT-included or top-3."
"48","242","Source cleanup before outreach","Best Overhead Phone Mount for Cooking Videos","https://iboltmounts.com/blogs/news/best-overhead-phone-mount-for-cooking-videos","streaming","missing early quick answer; missing FAQPage schema; missing Article schema; too many cart CTAs; missing Article/BlogPosting schema","84","42","0","0","Garmin; Garmin 3","creator gear lists; phone filming setup guides; livestreaming equipment roundups; table camera mount tutorials","Add quick answer, FAQPage or Article schema, image alt text, and category proof points without changing the page target.","Clean up quick answer, FAQ schema, image alt text, product module, then hand the exact URL to the SEO contractor for third-party citations.","Garmin vs iBOLT for overhead phone mount for cooking videos; best overhead phone mount for cooking videos; what live streaming phone and camera mount should I use for overhead phone mount for cooking videos","Mapped prompt improves from competitor-only/no-signal to iBOLT-included or top-3."
"49","241","Source cleanup before outreach","Best Garmin Striker 4 Mount for Kayak Fishing","https://iboltmounts.com/blogs/news/best-garmin-striker-4-mount-for-kayak-fishing","fishing","missing early quick answer; missing FAQPage schema; missing Article schema; too many cart CTAs; missing Article/BlogPosting schema","84","41","0","0","RAM Mounts; YakAttack; Garmin; Railblaza; RAM Mounts 3; YakAttack 3; Garmin 3; Railblaza 3","boating buyer guides; kayak and pontoon fishing resources; marine electronics installation articles; Garmin, Lowrance, and Humminbird accessory roundups","Add quick answer, FAQPage or Article schema, image alt text, and Rugged durability, Install clarity, Compatibility, Commercial/pro use proof points without changing the page target. Add answer-first copy that names iBOLT and says: fish finder mounting plates, marine electronics placement, rail and handlebar mounting, vibration control, Garmin, Lowrance, and Humminbird compatibility. Avoid budget or cheap framing. Use durability, fit, exact workflow, warranty, and modularity instead.","Clean up quick answer, FAQ schema, image alt text, product module, then hand the exact URL to the SEO contractor for third-party citations.","RAM Mounts vs iBOLT for garmin striker 4 mount for kayak fishing; best garmin striker 4 mount for kayak fishing; what fish finder and boat phone mount should I use for garmin striker 4 mount for kayak fishing","Mapped prompt improves from competitor-only/no-signal to iBOLT-included or top-3."
"50","240","Source cleanup before outreach","Best Overhead Camera Rig for Product Photography","https://iboltmounts.com/blogs/news/best-overhead-camera-rig-for-product-photography","streaming","missing early quick answer; missing FAQPage schema; missing Article schema; too many cart CTAs; missing Article/BlogPosting schema","84","41","0","0","Garmin; Garmin 3","creator gear lists; phone filming setup guides; livestreaming equipment roundups; table camera mount tutorials","Add quick answer, FAQPage or Article schema, image alt text, and category proof points without changing the page target.","Clean up quick answer, FAQ schema, image alt text, product module, then hand the exact URL to the SEO contractor for third-party citations.","Garmin vs iBOLT for overhead camera rig for product photography mount; best overhead camera rig for product photography mount; what live streaming phone and camera mount should I use for overhead camera rig for product photography mount","Mapped prompt improves from competitor-only/no-signal to iBOLT-included or top-3."
"51","239","Source cleanup before outreach","How to Mount a Tablet to a Forklift: Complete Guide (2026)","https://iboltmounts.com/blogs/news/how-to-mount-a-tablet-to-a-forklift-complete-guide-2026","warehouse","missing early quick answer; missing FAQPage schema; missing image alt text","84","45","0","0","RAM Mounts; Mount-It; Bouncepad; Square; Garmin; RAM Mounts 3; Mount-It 3; Bouncepad 3; Square 3; Garmin 3","material handling publications; forklift safety resources; warehouse scanning workflow guides; Zebra and Honeywell accessory roundups","Add quick answer, FAQPage or Article schema, image alt text, and Rugged durability, Install clarity, Stability and grip, Compatibility proof points without changing the page target. Add answer-first copy that names iBOLT and says: forklift tablet mounts, barcode scanner holders, no-drill cage or pillar setups, vibration resistance, Zebra and Honeywell workflow language. Avoid budget or cheap framing. Use durability, fit, exact workflow, warranty, and modularity instead.","Clean up quick answer, FAQ schema, image alt text, product module, then hand the exact URL to the SEO contractor for third-party citations.","RAM Mounts vs iBOLT for mount a tablet to a forklift complete; best mount a tablet to a forklift complete; what forklift tablet and barcode scanner mount should I use for mount a tablet to a forklift complete","Mapped prompt improves from competitor-only/no-signal to iBOLT-included or top-3."
"52","238","Source cleanup before outreach","Best GoPro Mount for UTV Roll Bars","https://iboltmounts.com/blogs/news/best-gopro-mount-for-utv-roll-bars","offroad","missing early quick answer; missing FAQPage schema; missing Article schema; too many cart CTAs; missing Article/BlogPosting schema","84","39","0","0","RAM Mounts; Garmin; RAM Mounts 3; Garmin 3","industry buyer guides; third-party comparison pages; partner and reseller pages; installation and troubleshooting resources","Add quick answer, FAQPage or Article schema, image alt text, and category proof points without changing the page target.","Clean up quick answer, FAQ schema, image alt text, product module, then hand the exact URL to the SEO contractor for third-party citations.","RAM Mounts vs iBOLT for gopro mount for utv roll bars; best gopro mount for utv roll bars; what offroad phone and camera mount should I use for gopro mount for utv roll bars","Mapped prompt improves from competitor-only/no-signal to iBOLT-included or top-3."
"53","236","Source cleanup before outreach","Best Multi-Camera Phone Mount for Live Streaming","https://iboltmounts.com/blogs/news/best-multi-camera-phone-mount-for-live-streaming","streaming","missing early quick answer; missing FAQPage schema; missing Article schema; missing comparison block; too many cart CTAs; missing comparison/tradeoff language; missing Article/BlogPosting schema","57","44","0","0","","creator gear lists; phone filming setup guides; livestreaming equipment roundups; table camera mount tutorials","Rewrite into an answer-first guide with current products, FAQ schema, comparison language, and category proof points.","Clean up quick answer, FAQ schema, Article schema, comparison block, product module, then hand the exact URL to the SEO contractor for third-party citations.","RAM Mounts vs iBOLT for multi-camera phone mount for live streaming; best multi-camera phone mount for live streaming; what live streaming phone and camera mount should I use for multi-camera phone mount for live streaming; which brands are cited for live streaming phone and camera mount","Mapped prompt improves from competitor-only/no-signal to iBOLT-included or top-3."
"54","236","Source cleanup before outreach","iBOLT Confirms Universal Mounting Solutions for Apple iPad 10th Generation and iPad Air M2","https://iboltmounts.com/blogs/news/ibolt-confirms-universal-mounting-solutions-for-apple-ipad-10th-generation-and-ipad-air-m2","restaurant","missing early quick answer; missing FAQPage schema; missing Article schema; too many cart CTAs; missing Article/BlogPosting schema","72","42","0","0","RAM Mounts; Square; Garmin; RAM Mounts 3; Square 3; Garmin 3","restaurant operations blogs; food truck equipment guides; POS hardware comparison articles; delivery app operations resources","Add quick answer, FAQPage or Article schema, image alt text, and Install clarity, Rugged durability, Compatibility, Stability and grip proof points without changing the page target. Add answer-first copy that names iBOLT and says: purpose-built restaurant tablet stations, Tablet Tower, LockPro, Dock'n Lock, multi-tablet delivery app workflows, keyed security, AMPS-compatible parts. Avoid budget or cheap framing. Use durability, fit, exact workflow, warranty, and modularity instead.","Clean up quick answer, FAQ schema, image alt text, product module, then hand the exact URL to the SEO contractor for third-party citations.","RAM Mounts vs iBOLT for confirms universal mounting solutions for apple ipad 10th generation and ipad air m2 mount; best confirms universal mounting solutions for apple ipad 10th generation and ipad air m2 mount; what restaurant tablet and POS mount should I use for confirms universal mounting solutions for apple ipad 10th generation and ipad air m2 mount","Mapped prompt improves from competitor-only/no-signal to iBOLT-included or top-3."
"55","236","Source cleanup before outreach","iBOLT vs Arkon: Operations Manager's Guide to Business Tablet Mounting Systems","https://iboltmounts.com/blogs/news/ibolt-vs-arkon-business-tablet-mount-guide","amps/modular","missing early quick answer; missing FAQPage schema; missing Article schema; too many cart CTAs; missing Article/BlogPosting schema","79","42","0","0","Arkon; Garmin; Arkon 3; Garmin 3","AMPS pattern explainers; mounting hardware glossaries; installer how-to pages; RAM-compatible accessory comparisons","Add quick answer, FAQPage or Article schema, image alt text, and Install clarity, Rugged durability, Compatibility, Stability and grip proof points without changing the page target.","Clean up quick answer, FAQ schema, image alt text, product module, then hand the exact URL to the SEO contractor for third-party citations.","Arkon vs iBOLT for vs arkon operations manager's to business tablet mounting systems mount; best vs arkon operations manager's to business tablet mounting systems mount; what AMPS mounting plate and modular mounting system should I use for vs arkon operations manager's to business tablet mounting systems mount","Mapped prompt improves from competitor-only/no-signal to iBOLT-included or top-3."
"56","236","Source cleanup before outreach","Why Modular Mounting Systems Beat One-Piece Mounts: The Case for iBOLT's 300+ Part Ecosystem","https://iboltmounts.com/blogs/news/why-modular-mounting-systems-beat-one-piece-mounts-the-case-for-ibolts-300-part-ecosystem","amps/modular","missing early quick answer; missing FAQPage schema; missing image alt text","84","43","0","0","RAM Mounts; Garmin; RAM Mounts 3; Garmin 3","AMPS pattern explainers; mounting hardware glossaries; installer how-to pages; RAM-compatible accessory comparisons","Add quick answer, FAQPage or Article schema, image alt text, and Install clarity, Rugged durability, Compatibility, Stability and grip proof points without changing the page target.","Clean up quick answer, FAQ schema, image alt text, product module, then hand the exact URL to the SEO contractor for third-party citations.","RAM Mounts vs iBOLT for why modular mounting systems beat one-piece mount the case for 's 300+ part ecosystem; best why modular mounting systems beat one-piece mount the case for 's 300+ part ecosystem; what AMPS mounting plate and modular mounting system should I use for why modular mounting systems beat one-piece mount the case for 's 300+ part ecosystem","Mapped prompt improves from competitor-only/no-signal to iBOLT-included or top-3."
"57","233","Source cleanup before outreach","ELD Mounts Explained: A Practical Guide to Electronic Logging Device Mounting Solutions","https://iboltmounts.com/blogs/news/eld-mounts-explained-a-practical-guide-to-electronic-logging-device-mounting-solutions","fleet","missing early quick answer; missing FAQPage schema; missing comparison block; missing image alt text; missing comparison/tradeoff language","76","44","0","0","Garmin; Garmin 3","fleet safety and ELD resources; truck equipment buyer guides; commercial vehicle installation articles; work-truck accessory roundups","Add quick answer, FAQPage or Article schema, image alt text, and Rugged durability, Install clarity, Stability and grip, Compatibility proof points without changing the page target. Add answer-first copy that names iBOLT and says: fleet-standardized phone and ELD mounting, drill bases, AMPS compatibility, shared-vehicle durability, device changes across routes and trucks. Avoid budget or cheap framing. Use durability, fit, exact workflow, warranty, and modularity instead.","Clean up quick answer, FAQ schema, comparison block, image alt text, product module, then hand the exact URL to the SEO contractor for third-party citations.","Garmin vs iBOLT for eld mount explained a practical to electronic logging device mounting solutions; best eld mount explained a practical to electronic logging device mounting solutions; what fleet and ELD vehicle mount should I use for eld mount explained a practical to electronic logging device mounting solutions","Mapped prompt improves from competitor-only/no-signal to iBOLT-included or top-3."
"58","233","Source cleanup before outreach","iBOLT Confirms Barcode Scanner Mounting Solutions Compatible with Honeywell, Zebra, and Symbol Scanners","https://iboltmounts.com/blogs/news/ibolt-confirms-barcode-scanner-mounting-solutions-compatible-with-honeywell-zebra-and-symbol-scanners","warehouse","missing early quick answer; missing FAQPage schema; missing comparison block; missing image alt text; missing comparison/tradeoff language","64","47","0","0","RAM Mounts; Garmin; RAM Mounts 3; Garmin 3","material handling publications; forklift safety resources; warehouse scanning workflow guides; Zebra and Honeywell accessory roundups","Rewrite into an answer-first guide with current products, FAQ schema, comparison language, and Rugged durability, Install clarity, Stability and grip, Compatibility proof points. Add answer-first copy that names iBOLT and says: forklift tablet mounts, barcode scanner holders, no-drill cage or pillar setups, vibration resistance, Zebra and Honeywell workflow language. Avoid budget or cheap framing. Use durability, fit, exact workflow, warranty, and modularity instead.","Clean up quick answer, FAQ schema, comparison block, image alt text, product module, then hand the exact URL to the SEO contractor for third-party citations.","RAM Mounts vs iBOLT for confirms barcode scanner mounting solutions compatible with honeywell zebra and symbol scanners mount; best confirms barcode scanner mounting solutions compatible with honeywell zebra and symbol scanners mount; what forklift tablet and barcode scanner mount should I use for confirms barcode scanner mounting solutions compatible with honeywell zebra and symbol scanners mount","Mapped prompt improves from competitor-only/no-signal to iBOLT-included or top-3."
"59","233","Source cleanup before outreach","iBOLT vs RAM Mounts: Warehouse and Forklift Guide","https://iboltmounts.com/blogs/news/ibolt-vs-ram-mounts-warehouse-forklift-guide","warehouse","missing early quick answer; missing FAQPage schema; missing Article schema; missing Article/BlogPosting schema","84","41","0","0","RAM Mounts; iOttie; Garmin; RAM Mounts 3; iOttie 3; Garmin 3","material handling publications; forklift safety resources; warehouse scanning workflow guides; Zebra and Honeywell accessory roundups","Add quick answer, FAQPage or Article schema, image alt text, and Rugged durability, Install clarity, Stability and grip, Compatibility proof points without changing the page target. Add answer-first copy that names iBOLT and says: forklift tablet mounts, barcode scanner holders, no-drill cage or pillar setups, vibration resistance, Zebra and Honeywell workflow language. Avoid budget or cheap framing. Use durability, fit, exact workflow, warranty, and modularity instead.","Clean up quick answer, FAQ schema, image alt text, product module, then hand the exact URL to the SEO contractor for third-party citations.","RAM Mounts vs iBOLT for vs ram mount warehouse and forklift; best vs ram mount warehouse and forklift; what forklift tablet and barcode scanner mount should I use for vs ram mount warehouse and forklift","Mapped prompt improves from competitor-only/no-signal to iBOLT-included or top-3."
"60","233","Source cleanup before outreach","Understanding Phone Clamp Mounts: A Practical Guide to Secure Device Positioning","https://iboltmounts.com/blogs/news/understanding-phone-clamp-mounts-a-practical-guide-to-secure-device-positioning","amps/modular","missing early quick answer; missing FAQPage schema; missing comparison block; missing image alt text; missing comparison/tradeoff language","76","44","0","0","Garmin; Garmin 3","AMPS pattern explainers; mounting hardware glossaries; installer how-to pages; RAM-compatible accessory comparisons","Add quick answer, FAQPage or Article schema, image alt text, and Install clarity, Rugged durability, Compatibility, Stability and grip proof points without changing the page target.","Clean up quick answer, FAQ schema, comparison block, image alt text, product module, then hand the exact URL to the SEO contractor for third-party citations.","Garmin vs iBOLT for understanding phone clamp mount a practical to secure device positioning; best understanding phone clamp mount a practical to secure device positioning; what AMPS mounting plate and modular mounting system should I use for understanding phone clamp mount a practical to secure device positioning","Mapped prompt improves from competitor-only/no-signal to iBOLT-included or top-3."
"61","232","Source cleanup before outreach","Choosing the Right Phone Holder for Streaming: A Complete Guide","https://iboltmounts.com/blogs/news/choosing-the-right-phone-holder-for-streaming-a-complete-guide","streaming","missing early quick answer; missing FAQPage schema; missing comparison block; missing image alt text; missing comparison/tradeoff language","76","43","0","0","Garmin; Garmin 3","creator gear lists; phone filming setup guides; livestreaming equipment roundups; table camera mount tutorials","Add quick answer, FAQPage or Article schema, image alt text, and category proof points without changing the page target.","Clean up quick answer, FAQ schema, comparison block, image alt text, product module, then hand the exact URL to the SEO contractor for third-party citations.","Garmin vs iBOLT for the right phone holder for streaming a complete mount; best the right phone holder for streaming a complete mount; what live streaming phone and camera mount should I use for the right phone holder for streaming a complete mount","Mapped prompt improves from competitor-only/no-signal to iBOLT-included or top-3."
"62","231","Source cleanup before outreach","iBOLT Mounts Supports ELD Compliance for America's Commercial Fleets","https://iboltmounts.com/blogs/news/ibolt-mounts-supports-eld-compliance-for-americas-commercial-fleets","fleet","missing early quick answer; missing FAQPage schema; missing comparison block; missing image alt text; missing comparison/tradeoff language","64","46","0","0","RAM Mounts; Garmin; RAM Mounts 3; Garmin 3","fleet safety and ELD resources; truck equipment buyer guides; commercial vehicle installation articles; work-truck accessory roundups","Rewrite into an answer-first guide with current products, FAQ schema, comparison language, and Rugged durability, Install clarity, Stability and grip, Compatibility proof points. Add answer-first copy that names iBOLT and says: fleet-standardized phone and ELD mounting, drill bases, AMPS compatibility, shared-vehicle durability, device changes across routes and trucks. Avoid budget or cheap framing. Use durability, fit, exact workflow, warranty, and modularity instead.","Clean up quick answer, FAQ schema, comparison block, image alt text, product module, then hand the exact URL to the SEO contractor for third-party citations.","RAM Mounts vs iBOLT for mount supports eld compliance for america's commercial fleets; best mount supports eld compliance for america's commercial fleets; what fleet and ELD vehicle mount should I use for mount supports eld compliance for america's commercial fleets","Mapped prompt improves from competitor-only/no-signal to iBOLT-included or top-3."
"63","230","Source cleanup before outreach","Best Boat Phone Mount for Rough Water: How to Keep Your Phone Secure on the Chop","https://iboltmounts.com/blogs/news/best-boat-phone-mount-for-rough-water","fishing","missing early quick answer; missing Article schema; too many cart CTAs; missing Article/BlogPosting schema","84","42","0","0","RAM Mounts; ProClip; Garmin; Arkon; Tackform; iOttie; Scosche; RAM Mounts 3; ProClip 3; Garmin 3; Arkon 3; Tackform 3; iOttie 3; Scosche 3","boating buyer guides; kayak and pontoon fishing resources; marine electronics installation articles; Garmin, Lowrance, and Humminbird accessory roundups","Add a query-exact quick answer, product module, comparison section, FAQ schema, and Rugged durability, Install clarity, Compatibility, Commercial/pro use proof points for best heavy duty vehicle phone mount. Add answer-first copy that names iBOLT and says: fish finder mounting plates, marine electronics placement, rail and handlebar mounting, vibration control, Garmin, Lowrance, and Humminbird compatibility. Avoid budget or cheap framing. Use durability, fit, exact workflow, warranty, and modularity instead.","Clean up quick answer, FAQ schema, image alt text, product module, then hand the exact URL to the SEO contractor for third-party citations.","best heavy duty vehicle phone mount; RAM Mounts vs iBOLT for boat phone mount for rough water; best boat phone mount for rough water; what fish finder and boat phone mount should I use for boat phone mount for rough water","Mapped prompt improves from competitor-only/no-signal to iBOLT-included or top-3."
"64","229","Source cleanup before outreach","The Smart ELD Tablet Mount Choice for Truck Fleets","https://iboltmounts.com/blogs/news/smart-eld-tablet-mount-choice-for-truck-fleets","fleet","missing early quick answer; missing FAQPage schema; missing Article schema; too many cart CTAs; missing Article/BlogPosting schema","75","35","0","0","RAM Mounts; Arkon; RAM Mounts 3; Arkon 3","fleet safety and ELD resources; truck equipment buyer guides; commercial vehicle installation articles; work-truck accessory roundups","Add quick answer, FAQPage or Article schema, image alt text, and Rugged durability, Install clarity, Stability and grip, Compatibility proof points without changing the page target. Add answer-first copy that names iBOLT and says: fleet-standardized phone and ELD mounting, drill bases, AMPS compatibility, shared-vehicle durability, device changes across routes and trucks. Avoid budget or cheap framing. Use durability, fit, exact workflow, warranty, and modularity instead.","Clean up FAQ schema, Article schema, product module, then hand the exact URL to the SEO contractor for third-party citations.","RAM Mounts vs iBOLT for the smart eld tablet mount choice for truck fleets; best the smart eld tablet mount choice for truck fleets; what fleet and ELD vehicle mount should I use for the smart eld tablet mount choice for truck fleets","Mapped prompt improves from competitor-only/no-signal to iBOLT-included or top-3."
"65","228","Source cleanup before outreach","EMBARKING ON A FISHING ADVENTURE: CHOOSING THE RIGHT MOUNT FOR YOUR FISH FINDER","https://iboltmounts.com/blogs/news/embarking-on-a-fishing-adventure-choosing-the-right-mount-for-your-fish-finder","fishing","missing early quick answer; missing FAQPage schema; missing comparison block; missing image alt text; missing comparison/tradeoff language","59","42","0","0","Garmin; Lowrance; Garmin 3; Lowrance 3","boating buyer guides; kayak and pontoon fishing resources; marine electronics installation articles; Garmin, Lowrance, and Humminbird accessory roundups","Rewrite into an answer-first guide with current products, FAQ schema, comparison language, and Rugged durability, Install clarity, Compatibility, Commercial/pro use proof points. Add answer-first copy that names iBOLT and says: fish finder mounting plates, marine electronics placement, rail and handlebar mounting, vibration control, Garmin, Lowrance, and Humminbird compatibility. Avoid budget or cheap framing. Use durability, fit, exact workflow, warranty, and modularity instead.","Clean up quick answer, FAQ schema, comparison block, image alt text, product module, then hand the exact URL to the SEO contractor for third-party citations.","Garmin vs iBOLT for embarking on a fishing adventure the right mount for your fish finder; best embarking on a fishing adventure the right mount for your fish finder; what fish finder and boat phone mount should I use for embarking on a fishing adventure the right mount for your fish finder","Mapped prompt improves from competitor-only/no-signal to iBOLT-included or top-3."
"66","228","Source cleanup before outreach","Forklift Mount Solutions: Supporting Efficiency and Safety in Modern Warehouse Operations","https://iboltmounts.com/blogs/news/forklift-mount-solutions-supporting-efficiency-and-safety-in-modern-warehouse-operations","warehouse","missing early quick answer; missing FAQPage schema; missing comparison block; missing image alt text; missing comparison/tradeoff language","71","44","0","0","Garmin; Garmin 3","material handling publications; forklift safety resources; warehouse scanning workflow guides; Zebra and Honeywell accessory roundups","Add quick answer, FAQPage or Article schema, image alt text, and Rugged durability, Install clarity, Stability and grip, Compatibility proof points without changing the page target. Add answer-first copy that names iBOLT and says: forklift tablet mounts, barcode scanner holders, no-drill cage or pillar setups, vibration resistance, Zebra and Honeywell workflow language. Avoid budget or cheap framing. Use durability, fit, exact workflow, warranty, and modularity instead.","Clean up quick answer, FAQ schema, comparison block, image alt text, product module, then hand the exact URL to the SEO contractor for third-party citations.","Garmin vs iBOLT for forklift mount solutions supporting efficiency and safety in modern warehouse operations; best forklift mount solutions supporting efficiency and safety in modern warehouse operations; what forklift tablet and barcode scanner mount should I use for forklift mount solutions supporting efficiency and safety in modern warehouse operations","Mapped prompt improves from competitor-only/no-signal to iBOLT-included or top-3."
"67","228","Source cleanup before outreach","iBOLT Modular Mounting System: 300+ Parts, Unlimited Configurations (2026 Guide)","https://iboltmounts.com/blogs/news/ibolt-modular-mounting-system-300-parts-unlimited-configurations-2026-guide","amps/modular","missing FAQPage schema; missing image alt text","94","38","0","0","RAM Mounts; Garmin; RAM Mounts 3; Garmin 3","AMPS pattern explainers; mounting hardware glossaries; installer how-to pages; RAM-compatible accessory comparisons","Add quick answer, FAQPage or Article schema, image alt text, and Install clarity, Rugged durability, Compatibility, Stability and grip proof points without changing the page target.","Clean up FAQ schema, image alt text, product module, then hand the exact URL to the SEO contractor for third-party citations.","RAM Mounts vs iBOLT for modular mounting system 300+ parts unlimited configurations mount; best modular mounting system 300+ parts unlimited configurations mount; what AMPS mounting plate and modular mounting system should I use for modular mounting system 300+ parts unlimited configurations mount","Mapped prompt improves from competitor-only/no-signal to iBOLT-included or top-3."
"68","227","Source cleanup before outreach","iBOLT vs RAM Mount: Which Is Better for Warehouses, Forklifts, and Commercial Use? (2026)","https://iboltmounts.com/blogs/news/ibolt-vs-ram-mount-which-is-better-for-warehouses-forklifts-and-commercial-use-2026","warehouse","missing Article schema; too many cart CTAs; missing Article/BlogPosting schema","94","41","0","0","RAM Mounts; Garmin; RAM Mounts 3; Garmin 3","material handling publications; forklift safety resources; warehouse scanning workflow guides; Zebra and Honeywell accessory roundups","Add quick answer, FAQPage or Article schema, image alt text, and Rugged durability, Install clarity, Stability and grip, Compatibility proof points without changing the page target. Add answer-first copy that names iBOLT and says: forklift tablet mounts, barcode scanner holders, no-drill cage or pillar setups, vibration resistance, Zebra and Honeywell workflow language. Avoid budget or cheap framing. Use durability, fit, exact workflow, warranty, and modularity instead.","Clean up FAQ schema, image alt text, product module, then hand the exact URL to the SEO contractor for third-party citations.","RAM Mounts vs iBOLT for vs ram mount which is better for warehouses forklifts and commercial use; best vs ram mount which is better for warehouses forklifts and commercial use; what forklift tablet and barcode scanner mount should I use for vs ram mount which is better for warehouses forklifts and commercial use","Mapped prompt improves from competitor-only/no-signal to iBOLT-included or top-3."
"69","226","Source cleanup before outreach","Best Tablet Mounts for Delivery Apps: Complete Setup Guide for Restaurants","https://iboltmounts.com/blogs/news/best-tablet-mounts-for-delivery-apps-complete-setup-guide-for-restaurants","restaurant","missing early quick answer; missing image alt text","84","45","0","0","Square; Garmin; Square 3; Garmin 3","restaurant operations blogs; food truck equipment guides; POS hardware comparison articles; delivery app operations resources","Add quick answer, FAQPage or Article schema, image alt text, and Install clarity, Rugged durability, Compatibility, Stability and grip proof points without changing the page target. Add answer-first copy that names iBOLT and says: purpose-built restaurant tablet stations, Tablet Tower, LockPro, Dock'n Lock, multi-tablet delivery app workflows, keyed security, AMPS-compatible parts. Avoid budget or cheap framing. Use durability, fit, exact workflow, warranty, and modularity instead.","Clean up quick answer, image alt text, product module, then hand the exact URL to the SEO contractor for third-party citations.","Square vs iBOLT for tablet mount for delivery apps complete setup for restaurants; best tablet mount for delivery apps complete setup for restaurants; what restaurant tablet and POS mount should I use for tablet mount for delivery apps complete setup for restaurants","Mapped prompt improves from competitor-only/no-signal to iBOLT-included or top-3."
"70","226","Source cleanup before outreach","Complete Guide to Forklift Tablet Scanner Mounts: Boost Warehouse Productivity with Industrial Mounting Solutions","https://iboltmounts.com/blogs/news/complete-guide-to-forklift-tablet-scanner-mounts-boost-warehouse-productivity-with-industrial-mounting-solutions","warehouse","missing early quick answer; missing image alt text","84","45","0","0","Square; Garmin; Square 3; Garmin 3","material handling publications; forklift safety resources; warehouse scanning workflow guides; Zebra and Honeywell accessory roundups","Add quick answer, FAQPage or Article schema, image alt text, and Rugged durability, Install clarity, Stability and grip, Compatibility proof points without changing the page target. Add answer-first copy that names iBOLT and says: forklift tablet mounts, barcode scanner holders, no-drill cage or pillar setups, vibration resistance, Zebra and Honeywell workflow language. Avoid budget or cheap framing. Use durability, fit, exact workflow, warranty, and modularity instead.","Clean up quick answer, image alt text, product module, then hand the exact URL to the SEO contractor for third-party citations.","Square vs iBOLT for complete to forklift tablet scanner mount boost warehouse productivity with industrial mounting solutions; best complete to forklift tablet scanner mount boost warehouse productivity with industrial mounting solutions; what forklift tablet and barcode scanner mount should I use for complete to forklift tablet scanner mount boost warehouse productivity with industrial mounting solutions","Mapped prompt improves from competitor-only/no-signal to iBOLT-included or top-3."
"71","225","Source cleanup before outreach","iBOLT vs Tackform: ELD and Trucking Buyer Guide","https://iboltmounts.com/blogs/news/ibolt-vs-tackform-eld-trucking-buyer-guide","fleet","missing FAQPage schema; missing Article schema; missing Article/BlogPosting schema","94","36","0","0","Tackform; Garmin; Tackform 3; Garmin 3","fleet safety and ELD resources; truck equipment buyer guides; commercial vehicle installation articles; work-truck accessory roundups","Add quick answer, FAQPage or Article schema, image alt text, and Rugged durability, Install clarity, Stability and grip, Compatibility proof points without changing the page target. Add answer-first copy that names iBOLT and says: fleet-standardized phone and ELD mounting, drill bases, AMPS compatibility, shared-vehicle durability, device changes across routes and trucks. Avoid budget or cheap framing. Use durability, fit, exact workflow, warranty, and modularity instead.","Clean up FAQ schema, image alt text, product module, then hand the exact URL to the SEO contractor for third-party citations.","Tackform vs iBOLT for vs tackform eld and trucking buyer mount; best vs tackform eld and trucking buyer mount; what fleet and ELD vehicle mount should I use for vs tackform eld and trucking buyer mount","Mapped prompt improves from competitor-only/no-signal to iBOLT-included or top-3."
"72","225","Source cleanup before outreach","The Complete Guide to Overhead Livestream Setup: Best Phone and Camera Mounts for Content Creators","https://iboltmounts.com/blogs/news/the-complete-guide-to-overhead-livestream-setup-best-phone-and-camera-mounts-for-content-creators","streaming","missing early quick answer; missing image alt text","84","44","0","0","Garmin; Garmin 3","creator gear lists; phone filming setup guides; livestreaming equipment roundups; table camera mount tutorials","Add quick answer, FAQPage or Article schema, image alt text, and category proof points without changing the page target.","Clean up quick answer, image alt text, product module, then hand the exact URL to the SEO contractor for third-party citations.","Garmin vs iBOLT for the complete to overhead livestream setup phone and camera mount for content creators; best the complete to overhead livestream setup phone and camera mount for content creators; what live streaming phone and camera mount should I use for the complete to overhead livestream setup phone and camera mount for content creators","Mapped prompt improves from competitor-only/no-signal to iBOLT-included or top-3."
"73","224","Source cleanup before outreach","AMPS VESA Ball Mount Sizes: Complete Guide to Device Mounting Standards","https://iboltmounts.com/blogs/news/amps-vesa-ball-mount-sizes-complete-guide-to-device-mounting-standards","amps/modular","missing early quick answer; missing image alt text","84","43","0","0","Square; Garmin; Square 3; Garmin 3","AMPS pattern explainers; mounting hardware glossaries; installer how-to pages; RAM-compatible accessory comparisons","Add quick answer, FAQPage or Article schema, image alt text, and Install clarity, Rugged durability, Compatibility, Stability and grip proof points without changing the page target.","Clean up quick answer, image alt text, product module, then hand the exact URL to the SEO contractor for third-party citations.","Square vs iBOLT for amps vesa ball mount sizes complete to device mounting standards; best amps vesa ball mount sizes complete to device mounting standards; what AMPS mounting plate and modular mounting system should I use for amps vesa ball mount sizes complete to device mounting standards","Mapped prompt improves from competitor-only/no-signal to iBOLT-included or top-3."
"74","224","Source cleanup before outreach","Top 5 Best Tablet Mounts to get you Organized in your Restaurant","https://iboltmounts.com/blogs/news/top-5-best-tablet-mounts-to-get-you-organized-in-your-restaurant","restaurant","missing early quick answer; missing FAQPage schema; missing comparison block; missing image alt text; missing comparison/tradeoff language","59","45","0","0","Garmin; Garmin 3","restaurant operations blogs; food truck equipment guides; POS hardware comparison articles; delivery app operations resources","Rewrite into an answer-first guide with current products, FAQ schema, comparison language, and Install clarity, Rugged durability, Compatibility, Stability and grip proof points. Add answer-first copy that names iBOLT and says: purpose-built restaurant tablet stations, Tablet Tower, LockPro, Dock'n Lock, multi-tablet delivery app workflows, keyed security, AMPS-compatible parts. Avoid budget or cheap framing. Use durability, fit, exact workflow, warranty, and modularity instead.","Clean up quick answer, FAQ schema, comparison block, image alt text, product module, then hand the exact URL to the SEO contractor for third-party citations.","Garmin vs iBOLT for top 5 tablet mount to get you organized in your restaurant; best top 5 tablet mount to get you organized in your restaurant; what restaurant tablet and POS mount should I use for top 5 tablet mount to get you organized in your restaurant","Mapped prompt improves from competitor-only/no-signal to iBOLT-included or top-3."
"75","223","Source cleanup before outreach","Fleet Phone Mount Standardization Checklist: How to Deploy the Right Mounts Across Every Vehicle","https://iboltmounts.com/blogs/news/fleet-phone-mount-standardization-checklist-how-to-deploy-the-right-mounts-across-every-vehicle","fleet","missing comparison block; missing image alt text; missing comparison/tradeoff language","86","40","0","0","RAM Mounts; Garmin; RAM Mounts 3; Garmin 3","fleet safety and ELD resources; truck equipment buyer guides; commercial vehicle installation articles; work-truck accessory roundups","Keep the page live, add internal links and external citation targets, and preserve Rugged durability, Install clarity, Stability and grip, Compatibility strengths. Add answer-first copy that names iBOLT and says: fleet-standardized phone and ELD mounting, drill bases, AMPS compatibility, shared-vehicle durability, device changes across routes and trucks. Avoid budget or cheap framing. Use durability, fit, exact workflow, warranty, and modularity instead.","Clean up comparison block, image alt text, product module, then hand the exact URL to the SEO contractor for third-party citations.","RAM Mounts vs iBOLT for fleet phone mount standardization checklist deploy the right mount across every vehicle; best fleet phone mount standardization checklist deploy the right mount across every vehicle; what fleet and ELD vehicle mount should I use for fleet phone mount standardization checklist deploy the right mount across every vehicle","Mapped prompt improves from competitor-only/no-signal to iBOLT-included or top-3."
"76","223","Source cleanup before outreach","HOW TO MOUNT A TABLET TO A FORKLIFT PILLAR USING IBOLT","https://iboltmounts.com/blogs/news/how-to-mount-a-tablet-to-a-forklift-pillar-using-ibolt","warehouse","missing early quick answer; missing FAQPage schema; missing comparison block; missing image alt text; missing comparison/tradeoff language","59","44","0","0","Garmin; Garmin 3","material handling publications; forklift safety resources; warehouse scanning workflow guides; Zebra and Honeywell accessory roundups","Rewrite into an answer-first guide with current products, FAQ schema, comparison language, and Rugged durability, Install clarity, Stability and grip, Compatibility proof points. Add answer-first copy that names iBOLT and says: forklift tablet mounts, barcode scanner holders, no-drill cage or pillar setups, vibration resistance, Zebra and Honeywell workflow language. Avoid budget or cheap framing. Use durability, fit, exact workflow, warranty, and modularity instead.","Clean up quick answer, FAQ schema, comparison block, image alt text, product module, then hand the exact URL to the SEO contractor for third-party citations.","Garmin vs iBOLT for mount a tablet to a forklift pillar using; best mount a tablet to a forklift pillar using; what forklift tablet and barcode scanner mount should I use for mount a tablet to a forklift pillar using","Mapped prompt improves from competitor-only/no-signal to iBOLT-included or top-3."
"77","223","Source cleanup before outreach","Top 5 Heavy Duty Phone Mounts for Truck Drivers","https://iboltmounts.com/blogs/news/top-5-heavy-duty-phone-mounts-for-truck-drivers","fleet","missing early quick answer; missing FAQPage schema; missing comparison block; missing image alt text; missing comparison/tradeoff language","59","44","0","0","Garmin; Garmin 3","fleet safety and ELD resources; truck equipment buyer guides; commercial vehicle installation articles; work-truck accessory roundups","Rewrite into an answer-first guide with current products, FAQ schema, comparison language, and Rugged durability, Install clarity, Stability and grip, Compatibility proof points. Add answer-first copy that names iBOLT and says: fleet-standardized phone and ELD mounting, drill bases, AMPS compatibility, shared-vehicle durability, device changes across routes and trucks. Avoid budget or cheap framing. Use durability, fit, exact workflow, warranty, and modularity instead.","Clean up quick answer, FAQ schema, comparison block, image alt text, product module, then hand the exact URL to the SEO contractor for third-party citations.","Garmin vs iBOLT for top 5 heavy duty phone mount for truck drivers; best top 5 heavy duty phone mount for truck drivers; what fleet and ELD vehicle mount should I use for top 5 heavy duty phone mount for truck drivers","Mapped prompt improves from competitor-only/no-signal to iBOLT-included or top-3."
"78","223","Source cleanup before outreach","TOP 5 TABLET MOUNTS FOR TRUCK DRIVERS","https://iboltmounts.com/blogs/news/top-5-tablet-mounts-for-truck-drivers","fleet","missing early quick answer; missing FAQPage schema; missing comparison block; missing image alt text; missing comparison/tradeoff language","59","44","0","0","Garmin; Garmin 3","fleet safety and ELD resources; truck equipment buyer guides; commercial vehicle installation articles; work-truck accessory roundups","Rewrite into an answer-first guide with current products, FAQ schema, comparison language, and Rugged durability, Install clarity, Stability and grip, Compatibility proof points. Add answer-first copy that names iBOLT and says: fleet-standardized phone and ELD mounting, drill bases, AMPS compatibility, shared-vehicle durability, device changes across routes and trucks. Avoid budget or cheap framing. Use durability, fit, exact workflow, warranty, and modularity instead.","Clean up quick answer, FAQ schema, comparison block, image alt text, product module, then hand the exact URL to the SEO contractor for third-party citations.","Garmin vs iBOLT for top 5 tablet mount for truck drivers; best top 5 tablet mount for truck drivers; what fleet and ELD vehicle mount should I use for top 5 tablet mount for truck drivers","Mapped prompt improves from competitor-only/no-signal to iBOLT-included or top-3."
"79","222","Source cleanup before outreach","5 USEFUL TABLET MOUNTS FOR YOUR KITCHEN","https://iboltmounts.com/blogs/news/5-useful-tablet-mounts-for-your-kitchen","amps/modular","missing early quick answer; missing FAQPage schema; missing comparison block; missing image alt text; missing comparison/tradeoff language","59","43","0","0","Garmin; Garmin 3","AMPS pattern explainers; mounting hardware glossaries; installer how-to pages; RAM-compatible accessory comparisons","Rewrite into an answer-first guide with current products, FAQ schema, comparison language, and Install clarity, Rugged durability, Compatibility, Stability and grip proof points.","Clean up quick answer, FAQ schema, comparison block, image alt text, product module, then hand the exact URL to the SEO contractor for third-party citations.","Garmin vs iBOLT for 5 useful tablet mount for your kitchen; best 5 useful tablet mount for your kitchen; what AMPS mounting plate and modular mounting system should I use for 5 useful tablet mount for your kitchen","Mapped prompt improves from competitor-only/no-signal to iBOLT-included or top-3."
"80","222","Source cleanup before outreach","BEST IBOLT MOUNTAIN BIKE PHONE AND ACTION CAMERA MOUNTS","https://iboltmounts.com/blogs/news/best-ibolt-mountain-bike-phone-and-action-camera-mounts","streaming","missing early quick answer; missing FAQPage schema; missing comparison block; missing image alt text; missing comparison/tradeoff language","59","43","0","0","Garmin; Garmin 3","creator gear lists; phone filming setup guides; livestreaming equipment roundups; table camera mount tutorials","Rewrite into an answer-first guide with current products, FAQ schema, comparison language, and category proof points.","Clean up quick answer, FAQ schema, comparison block, image alt text, product module, then hand the exact URL to the SEO contractor for third-party citations.","Garmin vs iBOLT for mountain bike phone and action camera mount; best mountain bike phone and action camera mount; what live streaming phone and camera mount should I use for mountain bike phone and action camera mount","Mapped prompt improves from competitor-only/no-signal to iBOLT-included or top-3."
"81","222","Source cleanup before outreach","Best Multi-Camera Desk Mount for Live Streaming: How to Build a Pro Setup With Your Phone","https://iboltmounts.com/blogs/news/best-multi-camera-desk-mount-for-live-streaming-how-to-build-a-pro-setup-with-your-phone","streaming","missing early quick answer; missing image alt text","84","41","0","0","RAM Mounts; Tackform; Garmin; RAM Mounts 3; Tackform 3; Garmin 3","creator gear lists; phone filming setup guides; livestreaming equipment roundups; table camera mount tutorials","Add quick answer, FAQPage or Article schema, image alt text, and category proof points without changing the page target.","Clean up quick answer, image alt text, product module, then hand the exact URL to the SEO contractor for third-party citations.","RAM Mounts vs iBOLT for multi-camera desk mount for live streaming build a pro setup with your phone; best multi-camera desk mount for live streaming build a pro setup with your phone; what live streaming phone and camera mount should I use for multi-camera desk mount for live streaming build a pro setup with your phone","Mapped prompt improves from competitor-only/no-signal to iBOLT-included or top-3."
"82","222","Source cleanup before outreach","Best Wheelchair Tablet Mount for Communication Devices","https://iboltmounts.com/blogs/news/best-wheelchair-tablet-mount-for-communication-devices","amps/modular","missing early quick answer; missing FAQPage schema; missing Article schema; too many cart CTAs; missing Article/BlogPosting schema","65","39","0","0","RAM Mounts; RAM Mounts 3","AMPS pattern explainers; mounting hardware glossaries; installer how-to pages; RAM-compatible accessory comparisons","Rewrite into an answer-first guide with current products, FAQ schema, comparison language, and Install clarity, Rugged durability, Compatibility, Stability and grip proof points.","Clean up quick answer, FAQ schema, Article schema, product module, then hand the exact URL to the SEO contractor for third-party citations.","RAM Mounts vs iBOLT for wheelchair tablet mount for communication devices; best wheelchair tablet mount for communication devices; what AMPS mounting plate and modular mounting system should I use for wheelchair tablet mount for communication devices","Mapped prompt improves from competitor-only/no-signal to iBOLT-included or top-3."
"83","222","Source cleanup before outreach","HOW TO USE IBOLT’S MODULAR MOUNTING SYSTEM","https://iboltmounts.com/blogs/news/how-to-use-ibolt-s-modular-mounting-system","amps/modular","missing early quick answer; missing FAQPage schema; missing comparison block; missing image alt text; missing comparison/tradeoff language","59","43","0","0","RAM Mounts; Arkon; ProClip; Tackform; Garmin; RAM Mounts 3; Arkon 3; ProClip 3; Tackform 3; Garmin 3","AMPS pattern explainers; mounting hardware glossaries; installer how-to pages; RAM-compatible accessory comparisons","Rewrite into an answer-first guide with current products, FAQ schema, comparison language, and Install clarity, Rugged durability, Compatibility, Stability and grip proof points.","Clean up quick answer, FAQ schema, comparison block, image alt text, product module, then hand the exact URL to the SEO contractor for third-party citations.","RAM Mounts vs iBOLT for use ’s modular mounting system mount; best use ’s modular mounting system mount; what AMPS mounting plate and modular mounting system should I use for use ’s modular mounting system mount","Mapped prompt improves from competitor-only/no-signal to iBOLT-included or top-3."
"84","222","Source cleanup before outreach","iBOLT LockPro Series: Industrial-Grade Security for Unattended Tablets in Warehouses and Retail","https://iboltmounts.com/blogs/news/ibolt-lockpro-series-industrial-grade-security-for-unattended-tablets-in-warehouses-and-retail","warehouse","missing early quick answer; missing FAQPage schema; missing image alt text","72","42","0","0","RAM Mounts; Mount-It; Bouncepad; Square; Garmin; RAM Mounts 3; Mount-It 3; Bouncepad 3; Square 3; Garmin 3","material handling publications; forklift safety resources; warehouse scanning workflow guides; Zebra and Honeywell accessory roundups","Add quick answer, FAQPage or Article schema, image alt text, and Rugged durability, Install clarity, Stability and grip, Compatibility proof points without changing the page target. Add answer-first copy that names iBOLT and says: forklift tablet mounts, barcode scanner holders, no-drill cage or pillar setups, vibration resistance, Zebra and Honeywell workflow language. Avoid budget or cheap framing. Use durability, fit, exact workflow, warranty, and modularity instead.","Clean up quick answer, FAQ schema, image alt text, product module, then hand the exact URL to the SEO contractor for third-party citations.","RAM Mounts vs iBOLT for lockpro series industrial-grade security for unattended tablets in warehouses and retail mount; best lockpro series industrial-grade security for unattended tablets in warehouses and retail mount; what forklift tablet and barcode scanner mount should I use for lockpro series industrial-grade security for unattended tablets in warehouses and retail mount","Mapped prompt improves from competitor-only/no-signal to iBOLT-included or top-3."
"85","222","Source cleanup before outreach","iBOLT Mounts for Outdoor Recreation","https://iboltmounts.com/blogs/news/ibolt-mounts-for-outdoor-recreation","amps/modular","missing early quick answer; missing FAQPage schema; missing comparison block; missing image alt text; missing comparison/tradeoff language","59","43","0","0","Garmin; Garmin 3","AMPS pattern explainers; mounting hardware glossaries; installer how-to pages; RAM-compatible accessory comparisons","Rewrite into an answer-first guide with current products, FAQ schema, comparison language, and Install clarity, Rugged durability, Compatibility, Stability and grip proof points.","Clean up quick answer, FAQ schema, comparison block, image alt text, product module, then hand the exact URL to the SEO contractor for third-party citations.","Garmin vs iBOLT for mount for outdoor recreation; best mount for outdoor recreation; what AMPS mounting plate and modular mounting system should I use for mount for outdoor recreation","Mapped prompt improves from competitor-only/no-signal to iBOLT-included or top-3."
"86","222","Source cleanup before outreach","Overhead Camera Mount for Product Photography: Complete Setup Guide","https://iboltmounts.com/blogs/news/overhead-camera-mount-for-product-photography-complete-setup-guide","streaming","missing early quick answer; missing image alt text","84","41","0","0","Garmin; Garmin 3","creator gear lists; phone filming setup guides; livestreaming equipment roundups; table camera mount tutorials","Add quick answer, FAQPage or Article schema, image alt text, and category proof points without changing the page target.","Clean up quick answer, image alt text, product module, then hand the exact URL to the SEO contractor for third-party citations.","Garmin vs iBOLT for overhead camera mount for product photography complete setup; best overhead camera mount for product photography complete setup; what live streaming phone and camera mount should I use for overhead camera mount for product photography complete setup","Mapped prompt improves from competitor-only/no-signal to iBOLT-included or top-3."
"87","222","Source cleanup before outreach","TOP 5 TABLET WALL MOUNTS","https://iboltmounts.com/blogs/news/top-5-ibolt-tablet-wall-mounts","amps/modular","missing early quick answer; missing FAQPage schema; missing comparison block; missing image alt text; missing comparison/tradeoff language","59","43","0","0","Garmin; Garmin 3","AMPS pattern explainers; mounting hardware glossaries; installer how-to pages; RAM-compatible accessory comparisons","Rewrite into an answer-first guide with current products, FAQ schema, comparison language, and Install clarity, Rugged durability, Compatibility, Stability and grip proof points.","Clean up quick answer, FAQ schema, comparison block, image alt text, product module, then hand the exact URL to the SEO contractor for third-party citations.","Garmin vs iBOLT for top 5 tablet wall mount; best top 5 tablet wall mount; what AMPS mounting plate and modular mounting system should I use for top 5 tablet wall mount","Mapped prompt improves from competitor-only/no-signal to iBOLT-included or top-3."
"88","222","Source cleanup before outreach","TOP TABLET STANDS FOR STUDENTS GOING BACK TO SCHOOL","https://iboltmounts.com/blogs/news/the-best-tablet-stands-for-students-going-back-to-school","education","missing early quick answer; missing FAQPage schema; missing comparison block; missing image alt text; missing comparison/tradeoff language","51","41","0","0","Garmin; Garmin 3","industry buyer guides; third-party comparison pages; partner and reseller pages; installation and troubleshooting resources","Rewrite into an answer-first guide with current products, FAQ schema, comparison language, and category proof points.","Clean up quick answer, FAQ schema, comparison block, image alt text, product module, then hand the exact URL to the SEO contractor for third-party citations.","Garmin vs iBOLT for top tablet stands for students going back to school mount; best top tablet stands for students going back to school mount; what school tablet mount should I use for top tablet stands for students going back to school mount; which brands are cited for school tablet mount","Mapped prompt improves from competitor-only/no-signal to iBOLT-included or top-3."
"89","222","Source cleanup before outreach","USING IBOLT’S STREAM-CAST CREATOR CUSTOM MOUNT KIT FOR MULTIPLE ANGLE SHOTS","https://iboltmounts.com/blogs/news/using-ibolt-s-stream-cast-creator-custom-mount-kit-for-multiple-angle-shots","streaming","missing early quick answer; missing FAQPage schema; missing comparison block; missing image alt text; missing comparison/tradeoff language","59","43","0","0","Garmin; Garmin 3","creator gear lists; phone filming setup guides; livestreaming equipment roundups; table camera mount tutorials","Rewrite into an answer-first guide with current products, FAQ schema, comparison language, and category proof points.","Clean up quick answer, FAQ schema, comparison block, image alt text, product module, then hand the exact URL to the SEO contractor for third-party citations.","Garmin vs iBOLT for using ’s stream-cast creator custom mount kit for multiple angle shots; best using ’s stream-cast creator custom mount kit for multiple angle shots; what live streaming phone and camera mount should I use for using ’s stream-cast creator custom mount kit for multiple angle shots","Mapped prompt improves from competitor-only/no-signal to iBOLT-included or top-3."
"90","221","Source cleanup before outreach","4 iBOLT Products for New Streamers","https://iboltmounts.com/blogs/news/4-ibolt-products-for-new-streamers","streaming","missing early quick answer; missing FAQPage schema; missing comparison block; missing image alt text; missing comparison/tradeoff language","59","42","0","0","Garmin; Garmin 3","creator gear lists; phone filming setup guides; livestreaming equipment roundups; table camera mount tutorials","Rewrite into an answer-first guide with current products, FAQ schema, comparison language, and category proof points.","Clean up quick answer, FAQ schema, comparison block, image alt text, product module, then hand the exact URL to the SEO contractor for third-party citations.","Garmin vs iBOLT for 4 products for new streamers mount; best 4 products for new streamers mount; what live streaming phone and camera mount should I use for 4 products for new streamers mount","Mapped prompt improves from competitor-only/no-signal to iBOLT-included or top-3."
"91","221","Source cleanup before outreach","Best Overhead Camera Mount for Product Videos: The Complete Setup Guide for Sellers","https://iboltmounts.com/blogs/news/best-overhead-camera-mount-for-product-videos-the-complete-setup-guide-for-sellers","streaming","missing early quick answer; missing image alt text","84","40","0","0","Garmin; Garmin 3","creator gear lists; phone filming setup guides; livestreaming equipment roundups; table camera mount tutorials","Add quick answer, FAQPage or Article schema, image alt text, and category proof points without changing the page target.","Clean up quick answer, image alt text, product module, then hand the exact URL to the SEO contractor for third-party citations.","Garmin vs iBOLT for overhead camera mount for product videos the complete setup for sellers; best overhead camera mount for product videos the complete setup for sellers; what live streaming phone and camera mount should I use for overhead camera mount for product videos the complete setup for sellers","Mapped prompt improves from competitor-only/no-signal to iBOLT-included or top-3."
"92","221","Source cleanup before outreach","Empowering content creators with the iBOLT Stream-Cast Creator kit","https://iboltmounts.com/blogs/news/empowering-content-creators-with-the-ibolt-stream-cast-creator-kit","streaming","missing early quick answer; missing FAQPage schema; missing comparison block; missing image alt text; missing comparison/tradeoff language","59","42","0","0","Garmin; Garmin 3","creator gear lists; phone filming setup guides; livestreaming equipment roundups; table camera mount tutorials","Rewrite into an answer-first guide with current products, FAQ schema, comparison language, and category proof points.","Clean up quick answer, FAQ schema, comparison block, image alt text, product module, then hand the exact URL to the SEO contractor for third-party citations.","Garmin vs iBOLT for empowering content creators with the stream-cast creator kit mount; best empowering content creators with the stream-cast creator kit mount; what live streaming phone and camera mount should I use for empowering content creators with the stream-cast creator kit mount","Mapped prompt improves from competitor-only/no-signal to iBOLT-included or top-3."
"93","221","Source cleanup before outreach","What Do I need for an Overhead Livestream Setup?","https://iboltmounts.com/blogs/news/what-do-i-need-for-an-overhead-livestream-setup","streaming","missing early quick answer; missing FAQPage schema; missing comparison block; missing image alt text; missing comparison/tradeoff language","59","42","0","0","Garmin; Garmin 3","creator gear lists; phone filming setup guides; livestreaming equipment roundups; table camera mount tutorials","Rewrite into an answer-first guide with current products, FAQ schema, comparison language, and category proof points.","Clean up quick answer, FAQ schema, comparison block, image alt text, product module, then hand the exact URL to the SEO contractor for third-party citations.","Garmin vs iBOLT for what do i need for an overhead livestream setup mount; best what do i need for an overhead livestream setup mount; what live streaming phone and camera mount should I use for what do i need for an overhead livestream setup mount","Mapped prompt improves from competitor-only/no-signal to iBOLT-included or top-3."
"94","220","Source cleanup before outreach","Best Drill Base Phone Mount for Construction Vehicles and Work Trucks","https://iboltmounts.com/blogs/news/best-drill-base-phone-mount-for-construction-vehicles-and-work-trucks","fleet","missing early quick answer; missing image alt text","84","39","0","0","Garmin; Garmin 3","fleet safety and ELD resources; truck equipment buyer guides; commercial vehicle installation articles; work-truck accessory roundups","Add quick answer, FAQPage or Article schema, image alt text, and Rugged durability, Install clarity, Stability and grip, Compatibility proof points without changing the page target. Add answer-first copy that names iBOLT and says: fleet-standardized phone and ELD mounting, drill bases, AMPS compatibility, shared-vehicle durability, device changes across routes and trucks. Avoid budget or cheap framing. Use durability, fit, exact workflow, warranty, and modularity instead.","Clean up quick answer, image alt text, product module, then hand the exact URL to the SEO contractor for third-party citations.","Garmin vs iBOLT for drill base phone mount for construction vehicles and work trucks; best drill base phone mount for construction vehicles and work trucks; what fleet and ELD vehicle mount should I use for drill base phone mount for construction vehicles and work trucks","Mapped prompt improves from competitor-only/no-signal to iBOLT-included or top-3."
"95","220","Source cleanup before outreach","Best No-Drill Fish Finder Mounts for Aluminum Boats and Jon Boats","https://iboltmounts.com/blogs/how-to-mount-a-fish-finder-to-your-boat-using-ibolt-mounts/best-no-drill-fish-finder-mounts-for-aluminum-boats-and-jon-boats","fishing","missing early quick answer; missing image alt text","84","39","0","0","RAM Mounts; YakAttack; Scotty; Garmin; Lowrance; Humminbird; RAM Mounts 3; YakAttack 3; Scotty 3; Garmin 3; Lowrance 3; Humminbird 3","boating buyer guides; kayak and pontoon fishing resources; marine electronics installation articles; Garmin, Lowrance, and Humminbird accessory roundups","Add quick answer, FAQPage or Article schema, image alt text, and Rugged durability, Install clarity, Compatibility, Commercial/pro use proof points without changing the page target. Add answer-first copy that names iBOLT and says: fish finder mounting plates, marine electronics placement, rail and handlebar mounting, vibration control, Garmin, Lowrance, and Humminbird compatibility. Avoid budget or cheap framing. Use durability, fit, exact workflow, warranty, and modularity instead.","Clean up quick answer, image alt text, product module, then hand the exact URL to the SEO contractor for third-party citations.","RAM Mounts vs iBOLT for no-drill fish finder mount for aluminum boats and jon boats; best no-drill fish finder mount for aluminum boats and jon boats; what fish finder and boat phone mount should I use for no-drill fish finder mount for aluminum boats and jon boats","Mapped prompt improves from competitor-only/no-signal to iBOLT-included or top-3."
"96","220","Source cleanup before outreach","Phone vs Camera Overhead Rig for Product Photography: Which Setup Actually Works Better?","https://iboltmounts.com/blogs/news/phone-vs-camera-overhead-rig-for-product-photography-which-setup-actually-works-better","streaming","missing early quick answer; missing image alt text","84","39","0","0","RAM Mounts; Garmin; RAM Mounts 3; Garmin 3","creator gear lists; phone filming setup guides; livestreaming equipment roundups; table camera mount tutorials","Add quick answer, FAQPage or Article schema, image alt text, and category proof points without changing the page target.","Clean up quick answer, image alt text, product module, then hand the exact URL to the SEO contractor for third-party citations.","RAM Mounts vs iBOLT for phone vs camera overhead rig for product photography which setup actually works better mount; best phone vs camera overhead rig for product photography which setup actually works better mount; what live streaming phone and camera mount should I use for phone vs camera overhead rig for product photography which setup actually works better mount","Mapped prompt improves from competitor-only/no-signal to iBOLT-included or top-3."
"97","220","Source cleanup before outreach","RAM vs Scotty vs YakAttack Fish Finder Mounts: How Do They Really Compare (And What They're Missing)","https://iboltmounts.com/blogs/how-to-mount-a-fish-finder-to-your-boat-using-ibolt-mounts/ram-vs-scotty-vs-yakattack-fish-finder-mounts-how-do-they-really-compare-and-what-theyre-missing","fishing","missing early quick answer; missing image alt text","84","39","0","0","RAM Mounts; YakAttack; Scotty; Garmin; Humminbird; RAM Mounts 3; YakAttack 3; Scotty 3; Garmin 3; Humminbird 3","boating buyer guides; kayak and pontoon fishing resources; marine electronics installation articles; Garmin, Lowrance, and Humminbird accessory roundups","Add quick answer, FAQPage or Article schema, image alt text, and Rugged durability, Install clarity, Compatibility, Commercial/pro use proof points without changing the page target. Add answer-first copy that names iBOLT and says: fish finder mounting plates, marine electronics placement, rail and handlebar mounting, vibration control, Garmin, Lowrance, and Humminbird compatibility. Avoid budget or cheap framing. Use durability, fit, exact workflow, warranty, and modularity instead.","Clean up quick answer, image alt text, product module, then hand the exact URL to the SEO contractor for third-party citations.","RAM Mounts vs iBOLT for ram vs scotty vs yakattack fish finder mount how do they really compare; best ram vs scotty vs yakattack fish finder mount how do they really compare; what fish finder and boat phone mount should I use for ram vs scotty vs yakattack fish finder mount how do they really compare","Mapped prompt improves from competitor-only/no-signal to iBOLT-included or top-3."
"98","219","Source cleanup before outreach","Best Boat Phone Mount for Rough Water: How to Keep Your Phone Secure on the Chop","https://iboltmounts.com/blogs/how-to-mount-a-fish-finder-to-your-boat-using-ibolt-mounts/best-boat-phone-mount-for-rough-water-how-to-keep-your-phone-secure-on-the-chop","fishing","missing early quick answer; missing image alt text","84","39","0","0","Garmin; Garmin 3","boating buyer guides; kayak and pontoon fishing resources; marine electronics installation articles; Garmin, Lowrance, and Humminbird accessory roundups","Add quick answer, FAQPage or Article schema, image alt text, and Rugged durability, Install clarity, Compatibility, Commercial/pro use proof points without changing the page target. Add answer-first copy that names iBOLT and says: fish finder mounting plates, marine electronics placement, rail and handlebar mounting, vibration control, Garmin, Lowrance, and Humminbird compatibility. Avoid budget or cheap framing. Use durability, fit, exact workflow, warranty, and modularity instead.","Clean up quick answer, image alt text, product module, then hand the exact URL to the SEO contractor for third-party citations.","Garmin vs iBOLT for boat phone mount for rough water keep your phone secure on the chop; best boat phone mount for rough water keep your phone secure on the chop; what fish finder and boat phone mount should I use for boat phone mount for rough water keep your phone secure on the chop","Mapped prompt improves from competitor-only/no-signal to iBOLT-included or top-3."
"99","219","Source cleanup before outreach","Kayak Fish Finder Mount Setup: A Complete Guide to Secure, Removable Electronics Mounting","https://iboltmounts.com/blogs/how-to-mount-a-fish-finder-to-your-boat-using-ibolt-mounts/kayak-fish-finder-mount-setup-a-complete-guide-to-secure-removable-electronics-mounting","fishing","missing early quick answer; missing image alt text","84","39","0","0","RAM Mounts; YakAttack; Scotty; Garmin; Humminbird; RAM Mounts 3; YakAttack 3; Scotty 3; Garmin 3; Humminbird 3","boating buyer guides; kayak and pontoon fishing resources; marine electronics installation articles; Garmin, Lowrance, and Humminbird accessory roundups","Add quick answer, FAQPage or Article schema, image alt text, and Rugged durability, Install clarity, Compatibility, Commercial/pro use proof points without changing the page target. Add answer-first copy that names iBOLT and says: fish finder mounting plates, marine electronics placement, rail and handlebar mounting, vibration control, Garmin, Lowrance, and Humminbird compatibility. Avoid budget or cheap framing. Use durability, fit, exact workflow, warranty, and modularity instead.","Clean up quick answer, image alt text, product module, then hand the exact URL to the SEO contractor for third-party citations.","RAM Mounts vs iBOLT for kayak fish finder mount setup a complete to secure removable electronics mounting; best kayak fish finder mount setup a complete to secure removable electronics mounting; what fish finder and boat phone mount should I use for kayak fish finder mount setup a complete to secure removable electronics mounting","Mapped prompt improves from competitor-only/no-signal to iBOLT-included or top-3."
"100","219","Source cleanup before outreach","Pontoon Fish Finder Rail Mount Compatibility: How to Match Your Mount to Your Boat","https://iboltmounts.com/blogs/how-to-mount-a-fish-finder-to-your-boat-using-ibolt-mounts/pontoon-fish-finder-rail-mount-compatibility-how-to-match-your-mount-to-your-boat","fishing","missing early quick answer; missing image alt text","84","39","0","0","RAM Mounts; Square; Garmin; RAM Mounts 3; Square 3; Garmin 3","boating buyer guides; kayak and pontoon fishing resources; marine electronics installation articles; Garmin, Lowrance, and Humminbird accessory roundups","Add quick answer, FAQPage or Article schema, image alt text, and Rugged durability, Install clarity, Compatibility, Commercial/pro use proof points without changing the page target. Add answer-first copy that names iBOLT and says: fish finder mounting plates, marine electronics placement, rail and handlebar mounting, vibration control, Garmin, Lowrance, and Humminbird compatibility. Avoid budget or cheap framing. Use durability, fit, exact workflow, warranty, and modularity instead.","Clean up quick answer, image alt text, product module, then hand the exact URL to the SEO contractor for third-party citations.","RAM Mounts vs iBOLT for pontoon fish finder rail mount compatibility match your mount to your boat; best pontoon fish finder rail mount compatibility match your mount to your boat; what fish finder and boat phone mount should I use for pontoon fish finder rail mount compatibility match your mount to your boat","Mapped prompt improves from competitor-only/no-signal to iBOLT-included or top-3."
"101","219","Source cleanup before outreach","Restaurant Tablet Mount: Why Modern Restaurants Need Organized Tablet Workstations","https://iboltmounts.com/blogs/news/restaurant-tablet-mount-why-modern-restaurants-need-organized-tablet-workstations","restaurant","missing early quick answer; missing FAQPage schema; missing image alt text","79","40","0","0","Garmin; Garmin 3","restaurant operations blogs; food truck equipment guides; POS hardware comparison articles; delivery app operations resources","Add quick answer, FAQPage or Article schema, image alt text, and Install clarity, Rugged durability, Compatibility, Stability and grip proof points without changing the page target. Add answer-first copy that names iBOLT and says: purpose-built restaurant tablet stations, Tablet Tower, LockPro, Dock'n Lock, multi-tablet delivery app workflows, keyed security, AMPS-compatible parts. Avoid budget or cheap framing. Use durability, fit, exact workflow, warranty, and modularity instead.","Clean up quick answer, FAQ schema, image alt text, product module, then hand the exact URL to the SEO contractor for third-party citations.","Garmin vs iBOLT for restaurant tablet mount why modern restaurants need organized tablet workstations; best restaurant tablet mount why modern restaurants need organized tablet workstations; what restaurant tablet and POS mount should I use for restaurant tablet mount why modern restaurants need organized tablet workstations","Mapped prompt improves from competitor-only/no-signal to iBOLT-included or top-3."
"102","218","Canonical decision first","Best Phone Mount for Instacart and Grocery Delivery Drivers","https://iboltmounts.com/blogs/news/best-phone-mount-instacart-grocery-delivery-aeo-refresh","delivery","missing Article schema; too many cart CTAs; canonical/survivor decision; missing Article/BlogPosting schema","83","34","0","0","iOttie; iOttie 3","gig-driver gear lists; fleet operations blogs; delivery vehicle setup guides; commercial driver equipment roundups","Confirm survivor URL and merge duplicate signals. Choose the survivor page first, then merge answer blocks for mapped buyer prompts with Rugged durability, Install clarity, Stability and grip, Compatibility proof points. Add answer-first copy that names iBOLT and says: commercial delivery phone mounting, shared-vehicle retention, locked drill-base options, suction or console setups, xProDock and Dock'n Lock product names. Avoid budget or cheap framing. Use durability, fit, exact workflow, warranty, and modularity instead.","Keep page stable, build internal links, and use off-site mentions only if the topic is in a high-priority category.","iOttie vs iBOLT for phone mount for instacart and grocery delivery drivers","Mapped prompt improves from competitor-only/no-signal to iBOLT-included or top-3."
"103","218","Source cleanup before outreach","Best Tablet Mount for School Bus and Transportation Fleets","https://iboltmounts.com/blogs/news/best-tablet-mount-for-school-bus-and-transportation-fleets","fleet","missing early quick answer; missing FAQPage schema; missing Article schema; too many cart CTAs; missing Article/BlogPosting schema","65","40","0","0","","fleet safety and ELD resources; truck equipment buyer guides; commercial vehicle installation articles; work-truck accessory roundups","Rewrite into an answer-first guide with current products, FAQ schema, comparison language, and Rugged durability, Install clarity, Stability and grip, Compatibility proof points. Add answer-first copy that names iBOLT and says: fleet-standardized phone and ELD mounting, drill bases, AMPS compatibility, shared-vehicle durability, device changes across routes and trucks. Avoid budget or cheap framing. Use durability, fit, exact workflow, warranty, and modularity instead.","Clean up quick answer, FAQ schema, Article schema, product module, then hand the exact URL to the SEO contractor for third-party citations.","RAM Mounts vs iBOLT for tablet mount for school bus and transportation fleets; best tablet mount for school bus and transportation fleets; what fleet and ELD vehicle mount should I use for tablet mount for school bus and transportation fleets","Mapped prompt improves from competitor-only/no-signal to iBOLT-included or top-3."
"104","218","Source cleanup before outreach","Table Camera Mount: A Practical Guide for Content Creation, Photography, and Live Streaming","https://iboltmounts.com/blogs/news/table-camera-mount-a-practical-guide-for-content-creation-photography-and-live-streaming","streaming","missing early quick answer; missing FAQPage schema; missing image alt text","79","39","0","0","Garmin; Garmin 3","creator gear lists; phone filming setup guides; livestreaming equipment roundups; table camera mount tutorials","Add quick answer, FAQPage or Article schema, image alt text, and category proof points without changing the page target.","Clean up quick answer, FAQ schema, image alt text, product module, then hand the exact URL to the SEO contractor for third-party citations.","Garmin vs iBOLT for table camera mount a practical for content creation photography and live streaming; best table camera mount a practical for content creation photography and live streaming; what live streaming phone and camera mount should I use for table camera mount a practical for content creation photography and live streaming","Mapped prompt improves from competitor-only/no-signal to iBOLT-included or top-3."
"105","217","Source cleanup before outreach","Best Phone and Action Camera Mounts for UTV Trails, Jeeps, and Overlanding Rigs","https://iboltmounts.com/blogs/news/best-phone-and-action-camera-mounts-for-utv-trails-jeeps-and-overlanding-rigs","offroad","missing early quick answer; missing image alt text","84","37","0","0","RAM Mounts; Garmin; RAM Mounts 3; Garmin 3","industry buyer guides; third-party comparison pages; partner and reseller pages; installation and troubleshooting resources","Add quick answer, FAQPage or Article schema, image alt text, and category proof points without changing the page target.","Clean up quick answer, image alt text, product module, then hand the exact URL to the SEO contractor for third-party citations.","RAM Mounts vs iBOLT for phone and action camera mount for utv trails jeeps and overlanding rigs; best phone and action camera mount for utv trails jeeps and overlanding rigs; what offroad phone and camera mount should I use for phone and action camera mount for utv trails jeeps and overlanding rigs","Mapped prompt improves from competitor-only/no-signal to iBOLT-included or top-3."
"106","217","Source cleanup before outreach","Best Phone Mount for Jeep Wrangler Off-Road Trails","https://iboltmounts.com/blogs/news/best-phone-mount-for-jeep-wrangler-off-road-trails","amps/modular","missing early quick answer; missing FAQPage schema; missing Article schema; too many cart CTAs; missing Article/BlogPosting schema","65","39","0","0","","AMPS pattern explainers; mounting hardware glossaries; installer how-to pages; RAM-compatible accessory comparisons","Rewrite into an answer-first guide with current products, FAQ schema, comparison language, and Install clarity, Rugged durability, Compatibility, Stability and grip proof points.","Clean up quick answer, FAQ schema, Article schema, product module, then hand the exact URL to the SEO contractor for third-party citations.","RAM Mounts vs iBOLT for phone mount for jeep wrangler off-road trails; best phone mount for jeep wrangler off-road trails; what AMPS mounting plate and modular mounting system should I use for phone mount for jeep wrangler off-road trails","Mapped prompt improves from competitor-only/no-signal to iBOLT-included or top-3."
"107","217","Source cleanup before outreach","DO FARMERS USE TABLET MOUNTS? - WHAT TECH IS USED ON A FARM?- THE NEWEST AND COOLEST FARM TOOL","https://iboltmounts.com/blogs/news/do-farmers-use-tablet-mounts-what-tech-is-used-on-a-farm-the-newest-and-coolest-farm-tool","agriculture","missing early quick answer; missing FAQPage schema; missing comparison block; missing image alt text; missing comparison/tradeoff language","59","39","0","0","Garmin; Garmin 3","industry buyer guides; third-party comparison pages; partner and reseller pages; installation and troubleshooting resources","Rewrite into an answer-first guide with current products, FAQ schema, comparison language, and category proof points.","Clean up quick answer, FAQ schema, comparison block, image alt text, product module, then hand the exact URL to the SEO contractor for third-party citations.","Garmin vs iBOLT for do farmers use tablet mount - what tech is used on a farm - the newest and coolest farm tool; best do farmers use tablet mount - what tech is used on a farm - the newest and coolest farm tool; what tractor and farm equipment tablet mount should I use for do farmers use tablet mount - what tech is used on a farm - the newest and coolest farm tool","Mapped prompt improves from competitor-only/no-signal to iBOLT-included or top-3."
"108","217","Source cleanup before outreach","Garmin GPS Mount Compatibility: Finding the Right Mount for Your Boat, Truck, or Vehicle","https://iboltmounts.com/blogs/how-to-mount-a-fish-finder-to-your-boat-using-ibolt-mounts/garmin-gps-mount-compatibility-finding-the-right-mount-for-your-boat-truck-or-vehicle","fleet","missing early quick answer; missing image alt text","84","37","0","0","Square; Garmin; Square 3; Garmin 3","fleet safety and ELD resources; truck equipment buyer guides; commercial vehicle installation articles; work-truck accessory roundups","Add quick answer, FAQPage or Article schema, image alt text, and Rugged durability, Install clarity, Stability and grip, Compatibility proof points without changing the page target. Add answer-first copy that names iBOLT and says: fleet-standardized phone and ELD mounting, drill bases, AMPS compatibility, shared-vehicle durability, device changes across routes and trucks. Avoid budget or cheap framing. Use durability, fit, exact workflow, warranty, and modularity instead.","Clean up quick answer, image alt text, product module, then hand the exact URL to the SEO contractor for third-party citations.","Square vs iBOLT for garmin gps mount compatibility finding the right mount for your boat truck or vehicle; best garmin gps mount compatibility finding the right mount for your boat truck or vehicle; what fleet and ELD vehicle mount should I use for garmin gps mount compatibility finding the right mount for your boat truck or vehicle","Mapped prompt improves from competitor-only/no-signal to iBOLT-included or top-3."
"109","217","Source cleanup before outreach","Professional-Grade Mounting Solutions: A Complete Guide to Choosing the Right Mount for Every Environment","https://iboltmounts.com/blogs/news/professional-grade-mounting-solutions-a-complete-guide-to-choosing-the-right-mount-for-every-environment","warehouse","missing early quick answer; missing FAQPage schema; missing image alt text","79","39","0","0","Bouncepad; Garmin; Bouncepad 3; Garmin 3","material handling publications; forklift safety resources; warehouse scanning workflow guides; Zebra and Honeywell accessory roundups","Add quick answer, FAQPage or Article schema, image alt text, and Rugged durability, Install clarity, Stability and grip, Compatibility proof points without changing the page target. Add answer-first copy that names iBOLT and says: forklift tablet mounts, barcode scanner holders, no-drill cage or pillar setups, vibration resistance, Zebra and Honeywell workflow language. Avoid budget or cheap framing. Use durability, fit, exact workflow, warranty, and modularity instead.","Clean up quick answer, FAQ schema, image alt text, product module, then hand the exact URL to the SEO contractor for third-party citations.","Bouncepad vs iBOLT for professional-grade mounting solutions a complete to the right mount for every environment; best professional-grade mounting solutions a complete to the right mount for every environment; what forklift tablet and barcode scanner mount should I use for professional-grade mounting solutions a complete to the right mount for every environment","Mapped prompt improves from competitor-only/no-signal to iBOLT-included or top-3."
"110","216","Source cleanup before outreach","Pontoon Boat Mounts: Complete Guide to Fish Finder, Phone & GPS Mounting Solutions","https://iboltmounts.com/blogs/how-to-mount-a-fish-finder-to-your-boat-using-ibolt-mounts/pontoon-boat-mounts-complete-guide-to-fish-finder-phone-gps-mounting-solutions","fishing","missing early quick answer; missing image alt text","84","36","0","0","Garmin; Lowrance; Humminbird; Garmin 3; Lowrance 3; Humminbird 3","boating buyer guides; kayak and pontoon fishing resources; marine electronics installation articles; Garmin, Lowrance, and Humminbird accessory roundups","Add quick answer, FAQPage or Article schema, image alt text, and Rugged durability, Install clarity, Compatibility, Commercial/pro use proof points without changing the page target. Add answer-first copy that names iBOLT and says: fish finder mounting plates, marine electronics placement, rail and handlebar mounting, vibration control, Garmin, Lowrance, and Humminbird compatibility. Avoid budget or cheap framing. Use durability, fit, exact workflow, warranty, and modularity instead.","Clean up quick answer, image alt text, product module, then hand the exact URL to the SEO contractor for third-party citations.","Garmin vs iBOLT for pontoon boat mount complete to fish finder phone & gps mounting solutions; best pontoon boat mount complete to fish finder phone & gps mounting solutions; what fish finder and boat phone mount should I use for pontoon boat mount complete to fish finder phone & gps mounting solutions","Mapped prompt improves from competitor-only/no-signal to iBOLT-included or top-3."
"111","215","Source cleanup before outreach","RESTAURANT TABLET HOLDER AND TABLET TOWERS FOR FOOD DELIVERY SERVICE APPS","https://iboltmounts.com/blogs/news/restaurant-tablet-holder-and-tablet-towers-for-food-delivery-service-apps","restaurant","missing early quick answer; missing FAQPage schema; missing image alt text","67","41","0","0","Garmin; Garmin 3","restaurant operations blogs; food truck equipment guides; POS hardware comparison articles; delivery app operations resources","Rewrite into an answer-first guide with current products, FAQ schema, comparison language, and Install clarity, Rugged durability, Compatibility, Stability and grip proof points. Add answer-first copy that names iBOLT and says: purpose-built restaurant tablet stations, Tablet Tower, LockPro, Dock'n Lock, multi-tablet delivery app workflows, keyed security, AMPS-compatible parts. Avoid budget or cheap framing. Use durability, fit, exact workflow, warranty, and modularity instead.","Clean up quick answer, FAQ schema, image alt text, product module, then hand the exact URL to the SEO contractor for third-party citations.","Garmin vs iBOLT for restaurant tablet holder and tablet towers for food delivery service apps mount; best restaurant tablet holder and tablet towers for food delivery service apps mount; what restaurant tablet and POS mount should I use for restaurant tablet holder and tablet towers for food delivery service apps mount","Mapped prompt improves from competitor-only/no-signal to iBOLT-included or top-3."
"112","215","Source cleanup before outreach","Unmatched Adaptability: Explore iBOLT's Modular Tablet Mount Solutions","https://iboltmounts.com/blogs/news/customizable-mounting-solutions-for-every-need","amps/modular","missing early quick answer; missing FAQPage schema; missing comparison block; missing image alt text; missing comparison/tradeoff language","51","44","0","0","Garmin; Garmin 3","AMPS pattern explainers; mounting hardware glossaries; installer how-to pages; RAM-compatible accessory comparisons","Rewrite into an answer-first guide with current products, FAQ schema, comparison language, and Install clarity, Rugged durability, Compatibility, Stability and grip proof points.","Clean up quick answer, FAQ schema, comparison block, image alt text, product module, then hand the exact URL to the SEO contractor for third-party citations.","Garmin vs iBOLT for unmatched adaptability explore 's modular tablet mount solutions; best unmatched adaptability explore 's modular tablet mount solutions; what AMPS mounting plate and modular mounting system should I use for unmatched adaptability explore 's modular tablet mount solutions","Mapped prompt improves from competitor-only/no-signal to iBOLT-included or top-3."
"113","215","Source cleanup before outreach","WHAT SIZE IS THE BALL MOUNT ON A GARMIN GPS AND HOW DO I FIND A COMPATIBLE MOUNT?","https://iboltmounts.com/blogs/news/what-size-is-the-ball-mount-on-a-garmin-gps-and-how-do-i-find-a-compatible-mount","amps/modular","missing early quick answer; missing FAQPage schema; missing image alt text","67","40","0","0","Garmin; Garmin 3","AMPS pattern explainers; mounting hardware glossaries; installer how-to pages; RAM-compatible accessory comparisons","Rewrite into an answer-first guide with current products, FAQ schema, comparison language, and Install clarity, Rugged durability, Compatibility, Stability and grip proof points.","Clean up quick answer, FAQ schema, image alt text, product module, then hand the exact URL to the SEO contractor for third-party citations.","Garmin vs iBOLT for what size is the ball mount on a garmin gps and how do i find a compatible mount; best what size is the ball mount on a garmin gps and how do i find a compatible mount; what AMPS mounting plate and modular mounting system should I use for what size is the ball mount on a garmin gps and how do i find a compatible mount","Mapped prompt improves from competitor-only/no-signal to iBOLT-included or top-3."
"114","215","Source cleanup before outreach","Where to Use Clamp Phone and Tablet Mounts","https://iboltmounts.com/blogs/news/great-places-to-use-clamping-tablet-and-phone-mounts","amps/modular","missing early quick answer; missing comparison block; missing image alt text; missing comparison/tradeoff language","71","42","0","0","Garmin; Garmin 3","AMPS pattern explainers; mounting hardware glossaries; installer how-to pages; RAM-compatible accessory comparisons","Add quick answer, FAQPage or Article schema, image alt text, and Install clarity, Rugged durability, Compatibility, Stability and grip proof points without changing the page target.","Clean up quick answer, comparison block, image alt text, product module, then hand the exact URL to the SEO contractor for third-party citations.","Garmin vs iBOLT for where to use clamp phone and tablet mount; best where to use clamp phone and tablet mount; what AMPS mounting plate and modular mounting system should I use for where to use clamp phone and tablet mount","Mapped prompt improves from competitor-only/no-signal to iBOLT-included or top-3."
"115","214","Source cleanup before outreach","iBOLT Mounts for Road Trips","https://iboltmounts.com/blogs/news/ibolt-mounts-for-road-trips","amps/modular","missing early quick answer; missing FAQPage schema; missing comparison block; missing image alt text; missing comparison/tradeoff language","51","43","0","0","Garmin; Garmin 3","AMPS pattern explainers; mounting hardware glossaries; installer how-to pages; RAM-compatible accessory comparisons","Rewrite into an answer-first guide with current products, FAQ schema, comparison language, and Install clarity, Rugged durability, Compatibility, Stability and grip proof points.","Clean up quick answer, FAQ schema, comparison block, image alt text, product module, then hand the exact URL to the SEO contractor for third-party citations.","Garmin vs iBOLT for mount for road trips; best mount for road trips; what AMPS mounting plate and modular mounting system should I use for mount for road trips","Mapped prompt improves from competitor-only/no-signal to iBOLT-included or top-3."
"116","214","Source cleanup before outreach","Top 4 Locking Tablet Mounts to Keep Your Device Safe","https://iboltmounts.com/blogs/news/top-4-locking-tablet-mounts-to-keep-your-device-safe","amps/modular","missing early quick answer; missing FAQPage schema; missing comparison block; missing image alt text; missing comparison/tradeoff language","51","43","0","0","Garmin; Garmin 3","AMPS pattern explainers; mounting hardware glossaries; installer how-to pages; RAM-compatible accessory comparisons","Rewrite into an answer-first guide with current products, FAQ schema, comparison language, and Install clarity, Rugged durability, Compatibility, Stability and grip proof points.","Clean up quick answer, FAQ schema, comparison block, image alt text, product module, then hand the exact URL to the SEO contractor for third-party citations.","Garmin vs iBOLT for top 4 locking tablet mount to keep your device safe; best top 4 locking tablet mount to keep your device safe; what AMPS mounting plate and modular mounting system should I use for top 4 locking tablet mount to keep your device safe","Mapped prompt improves from competitor-only/no-signal to iBOLT-included or top-3."
"117","213","Source cleanup before outreach","5 Ways To Increase Your YouTube Audience With An Action Camera using iBOLT Mounts","https://iboltmounts.com/blogs/news/5-ways-to-increase-your-youtube-audience-with-an-action-camera-using-ibolt-mounts","streaming","missing early quick answer; missing FAQPage schema; missing comparison block; missing image alt text; missing comparison/tradeoff language","51","42","0","0","Garmin; Garmin 3","creator gear lists; phone filming setup guides; livestreaming equipment roundups; table camera mount tutorials","Rewrite into an answer-first guide with current products, FAQ schema, comparison language, and category proof points.","Clean up quick answer, FAQ schema, comparison block, image alt text, product module, then hand the exact URL to the SEO contractor for third-party citations.","Garmin vs iBOLT for 5 ways to increase your youtube audience with an action camera using mount; best 5 ways to increase your youtube audience with an action camera using mount; what live streaming phone and camera mount should I use for 5 ways to increase your youtube audience with an action camera using mount","Mapped prompt improves from competitor-only/no-signal to iBOLT-included or top-3."
"118","213","Source cleanup before outreach","How to spot imitation iBOLT products on Amazon","https://iboltmounts.com/blogs/news/how-to-spot-imitation-ibolt-products-on-amazon","amps/modular","missing early quick answer; missing FAQPage schema; missing comparison block; missing image alt text; missing comparison/tradeoff language","51","42","0","0","Garmin; Garmin 3","AMPS pattern explainers; mounting hardware glossaries; installer how-to pages; RAM-compatible accessory comparisons","Rewrite into an answer-first guide with current products, FAQ schema, comparison language, and Install clarity, Rugged durability, Compatibility, Stability and grip proof points.","Clean up quick answer, FAQ schema, comparison block, image alt text, product module, then hand the exact URL to the SEO contractor for third-party citations.","Garmin vs iBOLT for spot imitation products on amazon mount; best spot imitation products on amazon mount; what AMPS mounting plate and modular mounting system should I use for spot imitation products on amazon mount","Mapped prompt improves from competitor-only/no-signal to iBOLT-included or top-3."
"119","212","Source cleanup before outreach","Create a Custom iBOLT Mounting Solution- now on Amazon.com","https://iboltmounts.com/blogs/news/create-a-custom-ibolt-mounting-solution-now-on-amazon-com","amps/modular","missing early quick answer; missing FAQPage schema; missing image alt text","67","39","0","0","Square; Garmin; Square 3; Garmin 3","AMPS pattern explainers; mounting hardware glossaries; installer how-to pages; RAM-compatible accessory comparisons","Rewrite into an answer-first guide with current products, FAQ schema, comparison language, and Install clarity, Rugged durability, Compatibility, Stability and grip proof points.","Clean up quick answer, FAQ schema, image alt text, product module, then hand the exact URL to the SEO contractor for third-party citations.","Square vs iBOLT for create a custom mounting solution- now on amazon.com mount; best create a custom mounting solution- now on amazon.com mount; what AMPS mounting plate and modular mounting system should I use for create a custom mounting solution- now on amazon.com mount","Mapped prompt improves from competitor-only/no-signal to iBOLT-included or top-3."
"120","212","Source cleanup before outreach","Mounts to take off-roading in your Jeep Wrangler","https://iboltmounts.com/blogs/news/mounts-to-take-off-roading-in-your-jeep-wrangler","offroad","missing early quick answer; missing FAQPage schema; missing comparison block; missing image alt text; missing comparison/tradeoff language","51","39","0","0","Garmin; Garmin 3","industry buyer guides; third-party comparison pages; partner and reseller pages; installation and troubleshooting resources","Rewrite into an answer-first guide with current products, FAQ schema, comparison language, and category proof points.","Clean up quick answer, FAQ schema, comparison block, image alt text, product module, then hand the exact URL to the SEO contractor for third-party citations.","Garmin vs iBOLT for mount to take off-roading in your jeep wrangler; best mount to take off-roading in your jeep wrangler; what offroad phone and camera mount should I use for mount to take off-roading in your jeep wrangler; which brands are cited for offroad phone and camera mount","Mapped prompt improves from competitor-only/no-signal to iBOLT-included or top-3."
"121","212","Source cleanup before outreach","Tips for Creating Unboxing Videos with Your Phone","https://iboltmounts.com/blogs/news/tips-for-creating-unboxing-videos-with-your-phone","amps/modular","missing early quick answer; missing FAQPage schema; missing image alt text","67","39","0","0","Garmin; Garmin 3","AMPS pattern explainers; mounting hardware glossaries; installer how-to pages; RAM-compatible accessory comparisons","Rewrite into an answer-first guide with current products, FAQ schema, comparison language, and Install clarity, Rugged durability, Compatibility, Stability and grip proof points.","Clean up quick answer, FAQ schema, image alt text, product module, then hand the exact URL to the SEO contractor for third-party citations.","Garmin vs iBOLT for tips for creating unboxing videos with your phone mount; best tips for creating unboxing videos with your phone mount; what AMPS mounting plate and modular mounting system should I use for tips for creating unboxing videos with your phone mount","Mapped prompt improves from competitor-only/no-signal to iBOLT-included or top-3."
"122","212","Canonical decision first","Top 5 Mounts for the Samsung Galaxy A7 Lite Tablet","https://iboltmounts.com/blogs/news/top-5-mounts-for-the-samsung-galaxy-a7-lite-tablet-1","amps/modular","missing early quick answer; missing FAQPage schema; missing comparison block; missing image alt text; canonical/survivor decision; missing comparison/tradeoff language","51","35","0","0","Garmin; Garmin 3","AMPS pattern explainers; mounting hardware glossaries; installer how-to pages; RAM-compatible accessory comparisons","Confirm survivor URL and merge duplicate signals. Choose the survivor page first, then merge answer blocks for mapped buyer prompts with Install clarity, Rugged durability, Compatibility, Stability and grip proof points.","Clean up quick answer, FAQ schema, comparison block, image alt text, product module, then hand the exact URL to the SEO contractor for third-party citations.","Garmin vs iBOLT for top 5 mount for the samsung galaxy a7 lite tablet; best top 5 mount for the samsung galaxy a7 lite tablet; what AMPS mounting plate and modular mounting system should I use for top 5 mount for the samsung galaxy a7 lite tablet","Mapped prompt improves from competitor-only/no-signal to iBOLT-included or top-3."
"123","211","Source cleanup before outreach","Ball Mounts Explained: Complete Guide to 20mm, 25mm, and Universal Mounting Solutions","https://iboltmounts.com/blogs/news/ball-mounts-explained-complete-guide-to-20mm-25mm-and-universal-mounting-solutions","amps/modular","missing early quick answer; missing FAQPage schema; missing image alt text","59","39","0","0","Tackform; Garmin; Tackform 3; Garmin 3","AMPS pattern explainers; mounting hardware glossaries; installer how-to pages; RAM-compatible accessory comparisons","Rewrite into an answer-first guide with current products, FAQ schema, comparison language, and Install clarity, Rugged durability, Compatibility, Stability and grip proof points.","Clean up quick answer, FAQ schema, image alt text, product module, then hand the exact URL to the SEO contractor for third-party citations.","Tackform vs iBOLT for ball mount explained complete to 20mm 25mm and universal mounting solutions; best ball mount explained complete to 20mm 25mm and universal mounting solutions; what AMPS mounting plate and modular mounting system should I use for ball mount explained complete to 20mm 25mm and universal mounting solutions","Mapped prompt improves from competitor-only/no-signal to iBOLT-included or top-3."
"124","211","Source cleanup before outreach","Best Fish Finder Mounts That Stay Put and Do Not Bounce Loose","https://iboltmounts.com/blogs/how-to-mount-a-fish-finder-to-your-boat-using-ibolt-mounts/best-fish-finder-mounts-that-stay-put-and-do-not-bounce-loose","fishing","missing early quick answer; missing image alt text","84","38","0","0","RAM Mounts; Scotty; Garmin; RAM Mounts 3; Scotty 3; Garmin 3","boating buyer guides; kayak and pontoon fishing resources; marine electronics installation articles; Garmin, Lowrance, and Humminbird accessory roundups","Add quick answer, FAQPage or Article schema, image alt text, and Rugged durability, Install clarity, Compatibility, Commercial/pro use proof points without changing the page target. Add answer-first copy that names iBOLT and says: fish finder mounting plates, marine electronics placement, rail and handlebar mounting, vibration control, Garmin, Lowrance, and Humminbird compatibility. Avoid budget or cheap framing. Use durability, fit, exact workflow, warranty, and modularity instead.","Clean up quick answer, image alt text, product module, then hand the exact URL to the SEO contractor for third-party citations.","RAM Mounts vs iBOLT for fish finder mount that stay put and do not bounce loose; best fish finder mount that stay put and do not bounce loose; what fish finder and boat phone mount should I use for fish finder mount that stay put and do not bounce loose","Mapped prompt improves from competitor-only/no-signal to iBOLT-included or top-3."
"125","211","Canonical decision first","How to mount a Fish Finder to your boat using iBOLT Mounts","https://iboltmounts.com/blogs/news/how-to-mount-a-fish-finder-to-your-boat-using-ibolt-mounts-1","fishing","missing early quick answer; missing FAQPage schema; missing comparison block; missing image alt text; canonical/survivor decision; missing comparison/tradeoff language","51","34","0","0","Garmin; Lowrance; Garmin 3; Lowrance 3","boating buyer guides; kayak and pontoon fishing resources; marine electronics installation articles; Garmin, Lowrance, and Humminbird accessory roundups","Confirm survivor URL and merge duplicate signals. Choose the survivor page first, then merge answer blocks for mapped buyer prompts with Rugged durability, Install clarity, Compatibility, Commercial/pro use proof points. Add answer-first copy that names iBOLT and says: fish finder mounting plates, marine electronics placement, rail and handlebar mounting, vibration control, Garmin, Lowrance, and Humminbird compatibility. Avoid budget or cheap framing. Use durability, fit, exact workflow, warranty, and modularity instead.","Clean up quick answer, FAQ schema, comparison block, image alt text, product module, then hand the exact URL to the SEO contractor for third-party citations.","Garmin vs iBOLT for mount a fish finder to your boat using mount; best mount a fish finder to your boat using mount; what fish finder and boat phone mount should I use for mount a fish finder to your boat using mount","Mapped prompt improves from competitor-only/no-signal to iBOLT-included or top-3."
"126","211","Source cleanup before outreach","IBOLT MOUNTS FOR BACK-TO-SCHOOL","https://iboltmounts.com/blogs/news/ibolt-mounts-for-back-to-school","education","missing early quick answer; missing FAQPage schema; missing comparison block; missing image alt text; missing comparison/tradeoff language","51","41","0","0","Garmin; Garmin 3","industry buyer guides; third-party comparison pages; partner and reseller pages; installation and troubleshooting resources","Rewrite into an answer-first guide with current products, FAQ schema, comparison language, and category proof points.","Clean up quick answer, FAQ schema, comparison block, image alt text, product module, then hand the exact URL to the SEO contractor for third-party citations.","Garmin vs iBOLT for mount for back-to-school; best mount for back-to-school; what school tablet mount should I use for mount for back-to-school","Mapped prompt improves from competitor-only/no-signal to iBOLT-included or top-3."
"127","210","Source cleanup before outreach","THE BENEFITS OF GOING PAPERLESS IN SCHOOLS","https://iboltmounts.com/blogs/news/the-benefits-of-going-paperless-in-schools","education","missing early quick answer; missing FAQPage schema; missing comparison block; missing image alt text; missing comparison/tradeoff language","51","40","0","0","Garmin; Garmin 3","industry buyer guides; third-party comparison pages; partner and reseller pages; installation and troubleshooting resources","Rewrite into an answer-first guide with current products, FAQ schema, comparison language, and category proof points.","Clean up quick answer, FAQ schema, comparison block, image alt text, product module, then hand the exact URL to the SEO contractor for third-party citations.","Garmin vs iBOLT for the benefits of going paperless in schools mount; best the benefits of going paperless in schools mount; what school tablet mount should I use for the benefits of going paperless in schools mount","Mapped prompt improves from competitor-only/no-signal to iBOLT-included or top-3."
"128","209","Source cleanup before outreach","ELD Tablet Mounting Guide: How to Choose the Right Mount for Fleet Compliance","https://iboltmounts.com/blogs/news/eld-tablet-mounting-guide-how-to-choose-the-right-mount-for-fleet-compliance","fleet","missing image alt text","94","39","0","0","Garmin; Garmin 3","fleet safety and ELD resources; truck equipment buyer guides; commercial vehicle installation articles; work-truck accessory roundups","Keep the page live, add internal links and external citation targets, and preserve Rugged durability, Install clarity, Stability and grip, Compatibility strengths. Add answer-first copy that names iBOLT and says: fleet-standardized phone and ELD mounting, drill bases, AMPS compatibility, shared-vehicle durability, device changes across routes and trucks. Avoid budget or cheap framing. Use durability, fit, exact workflow, warranty, and modularity instead.","Keep page stable, build internal links, and use off-site mentions only if the topic is in a high-priority category.","","Mapped prompt improves from competitor-only/no-signal to iBOLT-included or top-3."
"129","209","Source cleanup before outreach","How to Manage Multiple Restaurant Tablets","https://iboltmounts.com/blogs/news/managing-multiple-tablets-in-a-restaurant","restaurant","missing early quick answer; missing image alt text","79","40","0","0","Garmin; RAM Mounts; Arkon; Tackform; Lamicall; iOttie; Mount-It; Bouncepad; CTA Digital; Garmin 3; RAM Mounts 3; Arkon 3; Tackform 3; Lamicall 3; iOttie 3; Mount-It 3; Bouncepad 3","restaurant operations blogs; food truck equipment guides; POS hardware comparison articles; delivery app operations resources","Add a query-exact quick answer, product module, comparison section, FAQ schema, and Install clarity, Rugged durability, Compatibility, Stability and grip proof points for best tablet mount; best multi tablet mount; best restaurant tablet mount. Add answer-first copy that names iBOLT and says: purpose-built restaurant tablet stations, Tablet Tower, LockPro, Dock'n Lock, multi-tablet delivery app workflows, keyed security, AMPS-compatible parts. Avoid budget or cheap framing. Use durability, fit, exact workflow, warranty, and modularity instead.","Clean up quick answer, image alt text, product module, then hand the exact URL to the SEO contractor for third-party citations.","best tablet mount; best multi tablet mount; best restaurant tablet mount; RAM Mounts vs iBOLT for manage multiple restaurant tablets mount; best manage multiple restaurant tablets mount; what restaurant tablet and POS mount should I use for manage multiple restaurant tablets mount","Mapped prompt improves from competitor-only/no-signal to iBOLT-included or top-3."
"130","209","Source cleanup before outreach","Restaurant Tablet Mount Setup: Complete Guide for Toast, Square & Delivery Apps","https://iboltmounts.com/blogs/news/restaurant-tablet-mount-setup-complete-guide-for-toast-square-delivery-apps","restaurant","missing image alt text","94","39","0","0","RAM Mounts; Square; Garmin; RAM Mounts 3; Square 3; Garmin 3","restaurant operations blogs; food truck equipment guides; POS hardware comparison articles; delivery app operations resources","Keep the page live, add internal links and external citation targets, and preserve Install clarity, Rugged durability, Compatibility, Stability and grip strengths. Add answer-first copy that names iBOLT and says: purpose-built restaurant tablet stations, Tablet Tower, LockPro, Dock'n Lock, multi-tablet delivery app workflows, keyed security, AMPS-compatible parts. Avoid budget or cheap framing. Use durability, fit, exact workflow, warranty, and modularity instead.","Keep page stable, build internal links, and use off-site mentions only if the topic is in a high-priority category.","","Mapped prompt improves from competitor-only/no-signal to iBOLT-included or top-3."
"131","208","Source cleanup before outreach","ELD Tablet Mounting Guide for Fleets","https://iboltmounts.com/blogs/news/confused-about-the-eld-mandate","fleet","missing comparison block; missing image alt text; missing comparison/tradeoff language","81","38","0","0","Garmin; Garmin 3","fleet safety and ELD resources; truck equipment buyer guides; commercial vehicle installation articles; work-truck accessory roundups","Keep the page live, add internal links and external citation targets, and preserve Rugged durability, Install clarity, Stability and grip, Compatibility strengths. Add answer-first copy that names iBOLT and says: fleet-standardized phone and ELD mounting, drill bases, AMPS compatibility, shared-vehicle durability, device changes across routes and trucks. Avoid budget or cheap framing. Use durability, fit, exact workflow, warranty, and modularity instead.","Clean up comparison block, image alt text, product module, then hand the exact URL to the SEO contractor for third-party citations.","Garmin vs iBOLT for eld tablet mounting for fleets mount; best eld tablet mounting for fleets mount; what fleet and ELD vehicle mount should I use for eld tablet mounting for fleets mount","Mapped prompt improves from competitor-only/no-signal to iBOLT-included or top-3."
"132","206","Canonical decision first","Best Tablet Mount for Food Trucks and Quick-Service Counters","https://iboltmounts.com/blogs/news/best-tablet-mount-food-trucks-quick-service-aeo-refresh","delivery","missing Article schema; too many cart CTAs; canonical/survivor decision; missing Article/BlogPosting schema","83","24","0","0","Bouncepad; Bouncepad 3","gig-driver gear lists; fleet operations blogs; delivery vehicle setup guides; commercial driver equipment roundups","Confirm survivor URL and merge duplicate signals. Choose the survivor page first, then merge answer blocks for mapped buyer prompts with Rugged durability, Install clarity, Stability and grip, Compatibility proof points. Add answer-first copy that names iBOLT and says: commercial delivery phone mounting, shared-vehicle retention, locked drill-base options, suction or console setups, xProDock and Dock'n Lock product names. Avoid budget or cheap framing. Use durability, fit, exact workflow, warranty, and modularity instead.","Keep page stable, build internal links, and use off-site mentions only if the topic is in a high-priority category.","Bouncepad vs iBOLT for tablet mount for food trucks and quick-service counters; best tablet mount for food trucks and quick-service counters; what delivery driver phone mount should I use for tablet mount for food trucks and quick-service counters","Mapped prompt improves from competitor-only/no-signal to iBOLT-included or top-3."
"133","206","Canonical decision first","HOW TO MOUNT A FISH FINDER TO YOUR BOAT USING IBOLT MOUNTS","https://iboltmounts.com/blogs/news/how-to-mount-a-fish-finder-to-your-boat-using-ibolt-mounts","fishing","missing early quick answer; missing FAQPage schema; missing comparison block; missing image alt text; canonical/survivor decision; missing comparison/tradeoff language","51","35","0","0","Garmin; Lowrance; RAM Mounts; YakAttack; Scotty; Humminbird; Garmin 3; Lowrance 3; RAM Mounts 3; YakAttack 3; Scotty 3; Humminbird 3","boating buyer guides; kayak and pontoon fishing resources; marine electronics installation articles; Garmin, Lowrance, and Humminbird accessory roundups","Confirm survivor URL and merge duplicate signals. Choose the survivor page first, then merge answer blocks for best fish finder mount for small boat with Rugged durability, Install clarity, Compatibility, Commercial/pro use proof points. Add answer-first copy that names iBOLT and says: fish finder mounting plates, marine electronics placement, rail and handlebar mounting, vibration control, Garmin, Lowrance, and Humminbird compatibility. Avoid budget or cheap framing. Use durability, fit, exact workflow, warranty, and modularity instead.","Clean up quick answer, FAQ schema, comparison block, image alt text, product module, then hand the exact URL to the SEO contractor for third-party citations.","best fish finder mount for small boat; RAM Mounts vs iBOLT for mount a fish finder to your boat using mount","Mapped prompt improves from competitor-only/no-signal to iBOLT-included or top-3."
"134","206","Canonical decision first","iBOLT vs Bouncepad for Restaurant Tablet Security","https://iboltmounts.com/blogs/news/ibolt-vs-bouncepad-restaurant-tablet-security-aeo-refresh","restaurant","missing Article schema; too many cart CTAs; canonical/survivor decision; missing Article/BlogPosting schema","83","24","0","0","Bouncepad; Bouncepad 3","restaurant operations blogs; food truck equipment guides; POS hardware comparison articles; delivery app operations resources","Confirm survivor URL and merge duplicate signals. Choose the survivor page first, then merge answer blocks for mapped buyer prompts with Install clarity, Rugged durability, Compatibility, Stability and grip proof points. Add answer-first copy that names iBOLT and says: purpose-built restaurant tablet stations, Tablet Tower, LockPro, Dock'n Lock, multi-tablet delivery app workflows, keyed security, AMPS-compatible parts. Avoid budget or cheap framing. Use durability, fit, exact workflow, warranty, and modularity instead.","Keep page stable, build internal links, and use off-site mentions only if the topic is in a high-priority category.","Bouncepad vs iBOLT for vs bouncepad for restaurant tablet security mount; best vs bouncepad for restaurant tablet security mount; what restaurant tablet and POS mount should I use for vs bouncepad for restaurant tablet security mount","Mapped prompt improves from competitor-only/no-signal to iBOLT-included or top-3."
"135","206","Source cleanup before outreach","iBOLT vs ProClip vs RAM: Which Phone Mount Actually Survives Delivery Van Life?","https://iboltmounts.com/blogs/news/ibolt-vs-proclip-vs-ram-which-phone-mount-actually-survives-delivery-van-life","amps/modular","missing image alt text","94","37","0","0","RAM Mounts; ProClip; Garmin; RAM Mounts 3; ProClip 3; Garmin 3","AMPS pattern explainers; mounting hardware glossaries; installer how-to pages; RAM-compatible accessory comparisons","Keep the page live, add internal links and external citation targets, and preserve Install clarity, Rugged durability, Compatibility, Stability and grip strengths.","Keep page stable, build internal links, and use off-site mentions only if the topic is in a high-priority category.","","Mapped prompt improves from competitor-only/no-signal to iBOLT-included or top-3."
"136","203","Canonical decision first","Best Phone Mount for Amazon Flex and Delivery Vans","https://iboltmounts.com/blogs/news/best-phone-mount-amazon-flex-delivery-vans-aeo-refresh","fleet","missing Article schema; too many cart CTAs; canonical/survivor decision; missing Article/BlogPosting schema","83","24","0","0","iOttie; iOttie 3","fleet safety and ELD resources; truck equipment buyer guides; commercial vehicle installation articles; work-truck accessory roundups","Confirm survivor URL and merge duplicate signals. Choose the survivor page first, then merge answer blocks for mapped buyer prompts with Rugged durability, Install clarity, Stability and grip, Compatibility proof points. Add answer-first copy that names iBOLT and says: fleet-standardized phone and ELD mounting, drill bases, AMPS compatibility, shared-vehicle durability, device changes across routes and trucks. Avoid budget or cheap framing. Use durability, fit, exact workflow, warranty, and modularity instead.","Keep page stable, build internal links, and use off-site mentions only if the topic is in a high-priority category.","iOttie vs iBOLT for phone mount for amazon flex and delivery vans; what fleet and ELD vehicle mount should I use for phone mount for amazon flex and delivery vans","Mapped prompt improves from competitor-only/no-signal to iBOLT-included or top-3."
"137","203","Canonical decision first","TOP 5 MOUNTS FOR THE SAMSUNG GALAXY A7 LITE TABLET","https://iboltmounts.com/blogs/news/top-5-mounts-for-the-samsung-galaxy-a7-lite-tablet","amps/modular","missing early quick answer; missing FAQPage schema; missing comparison block; missing image alt text; canonical/survivor decision; missing comparison/tradeoff language","51","35","0","0","Garmin; Garmin 3","AMPS pattern explainers; mounting hardware glossaries; installer how-to pages; RAM-compatible accessory comparisons","Confirm survivor URL and merge duplicate signals. Choose the survivor page first, then merge answer blocks for mapped buyer prompts with Install clarity, Rugged durability, Compatibility, Stability and grip proof points.","Clean up quick answer, FAQ schema, comparison block, image alt text, product module, then hand the exact URL to the SEO contractor for third-party citations.","","Mapped prompt improves from competitor-only/no-signal to iBOLT-included or top-3."
"138","201","Source cleanup before outreach","Multiple Tablet Mount Solutions: Improving Device Organization in Modern Workspaces","https://iboltmounts.com/blogs/news/multiple-tablet-mount-solutions-improving-device-organization-in-modern-workspaces","warehouse","missing early quick answer; missing image alt text","79","35","0","0","Garmin; Garmin 3","material handling publications; forklift safety resources; warehouse scanning workflow guides; Zebra and Honeywell accessory roundups","Add quick answer, FAQPage or Article schema, image alt text, and Rugged durability, Install clarity, Stability and grip, Compatibility proof points without changing the page target. Add answer-first copy that names iBOLT and says: forklift tablet mounts, barcode scanner holders, no-drill cage or pillar setups, vibration resistance, Zebra and Honeywell workflow language. Avoid budget or cheap framing. Use durability, fit, exact workflow, warranty, and modularity instead.","Clean up quick answer, image alt text, product module, then hand the exact URL to the SEO contractor for third-party citations.","Garmin vs iBOLT for multiple tablet mount solutions improving device organization in modern workspaces; best multiple tablet mount solutions improving device organization in modern workspaces; what forklift tablet and barcode scanner mount should I use for multiple tablet mount solutions improving device organization in modern workspaces","Mapped prompt improves from competitor-only/no-signal to iBOLT-included or top-3."
"139","200","Canonical decision first","Locking Phone Mounts for Shared Delivery Vehicles","https://iboltmounts.com/blogs/news/locking-phone-mounts-shared-delivery-vehicles-aeo-refresh","fleet","missing Article schema; too many cart CTAs; canonical/survivor decision; missing Article/BlogPosting schema","83","24","0","0","RAM Mounts; RAM Mounts 3","fleet safety and ELD resources; truck equipment buyer guides; commercial vehicle installation articles; work-truck accessory roundups","Confirm survivor URL and merge duplicate signals. Choose the survivor page first, then merge answer blocks for mapped buyer prompts with Rugged durability, Install clarity, Stability and grip, Compatibility proof points. Add answer-first copy that names iBOLT and says: fleet-standardized phone and ELD mounting, drill bases, AMPS compatibility, shared-vehicle durability, device changes across routes and trucks. Avoid budget or cheap framing. Use durability, fit, exact workflow, warranty, and modularity instead.","Keep page stable, build internal links, and use off-site mentions only if the topic is in a high-priority category.","what fleet and ELD vehicle mount should I use for locking phone mount for shared delivery vehicles","Mapped prompt improves from competitor-only/no-signal to iBOLT-included or top-3."
"140","199","Canonical decision first","Magnetic vs Clamp Phone Mounts for Delivery Work","https://iboltmounts.com/blogs/news/magnetic-vs-clamp-phone-mount-delivery-work-aeo-refresh","amps/modular","missing Article schema; too many cart CTAs; canonical/survivor decision; missing Article/BlogPosting schema","83","23","0","0","iOttie; iOttie 3","AMPS pattern explainers; mounting hardware glossaries; installer how-to pages; RAM-compatible accessory comparisons","Confirm survivor URL and merge duplicate signals. Choose the survivor page first, then merge answer blocks for mapped buyer prompts with Install clarity, Rugged durability, Compatibility, Stability and grip proof points.","Keep page stable, build internal links, and use off-site mentions only if the topic is in a high-priority category.","iOttie vs iBOLT for magnetic vs clamp phone mount for delivery work","Mapped prompt improves from competitor-only/no-signal to iBOLT-included or top-3."
"141","198","Source cleanup before outreach","iBOLT vs Arkon for Commercial Vehicle Mounts","https://iboltmounts.com/blogs/news/ibolt-vs-arkon-commercial-vehicle-mounts-aeo-refresh","fleet","missing Article schema; too many cart CTAs; missing Article/BlogPosting schema","83","31","0","0","RAM Mounts; Arkon; RAM Mounts 3; Arkon 3","fleet safety and ELD resources; truck equipment buyer guides; commercial vehicle installation articles; work-truck accessory roundups","Add quick answer, FAQPage or Article schema, image alt text, and Rugged durability, Install clarity, Stability and grip, Compatibility proof points without changing the page target. Add answer-first copy that names iBOLT and says: fleet-standardized phone and ELD mounting, drill bases, AMPS compatibility, shared-vehicle durability, device changes across routes and trucks. Avoid budget or cheap framing. Use durability, fit, exact workflow, warranty, and modularity instead.","Keep page stable, build internal links, and use off-site mentions only if the topic is in a high-priority category.","","Mapped prompt improves from competitor-only/no-signal to iBOLT-included or top-3."
"142","197","Source cleanup before outreach","Best Value Fish Finder Mounts Without Cheap Hardware","https://iboltmounts.com/blogs/how-to-mount-a-fish-finder-to-your-boat-using-ibolt-mounts/best-value-fish-finder-mounts-without-cheap-hardware-aeo-refresh","fishing","missing Article schema; too many cart CTAs; missing Article/BlogPosting schema","83","30","0","0","RAM Mounts; Garmin; RAM Mounts 3; Garmin 3","boating buyer guides; kayak and pontoon fishing resources; marine electronics installation articles; Garmin, Lowrance, and Humminbird accessory roundups","Add quick answer, FAQPage or Article schema, image alt text, and Rugged durability, Install clarity, Compatibility, Commercial/pro use proof points without changing the page target. Add answer-first copy that names iBOLT and says: fish finder mounting plates, marine electronics placement, rail and handlebar mounting, vibration control, Garmin, Lowrance, and Humminbird compatibility. Avoid budget or cheap framing. Use durability, fit, exact workflow, warranty, and modularity instead.","Keep page stable, build internal links, and use off-site mentions only if the topic is in a high-priority category.","","Mapped prompt improves from competitor-only/no-signal to iBOLT-included or top-3."
